ACTACUADRA,BLANCOS,CNTIMPUGNA,CNTINSCRITOS,CNTPAPELETAS,DEP,IMGSRC,IMGSTATUS,INVALIDOS,MUN,NDEP,NMUN,NROMESA,NTE,NULOS,STACTA,STESCAN,STFISIC,STTRANS,TIPOELECCION,TOTALACTA,TOTALVOTOS,VOTOSVALIDOS,VOTOSVALIDOSACTA,voto_BIEN,voto_CREO,voto_FCN-NACION,voto_MLP,voto_PHG,voto_PODEMOS,voto_SEMILLA,voto_TODOS,voto_UCN,voto_UNE,voto_UNIDOS,voto_UNIONISTA,voto_URNG_MAIZ,voto_VALOR,voto_VAMOS,voto_WINAQ
1,37,0,400,400,15,https://resultados2019.blob.core.windows.net/201901/158603.jpg,OK,0,3,BAJA VERAPAZ,RABINAL,15860,DIPUTADOS DISTRITALES,38,2,2,0,1,3,255,255,180,180,11,11,5,16,19,11,4,11,0,41,4,1,8,5,31,2
1,27,0,400,400,15,https://resultados2019.blob.core.windows.net/201901/158023.jpg,OK,0,2,BAJA VERAPAZ,SAN MIGUEL CHICAJ,15802,DIPUTADOS DISTRITALES,11,2,2,0,1,3,282,282,244,244,6,4,10,16,18,5,10,12,1,32,1,0,36,8,10,75
1,27,0,380,381,15,https://resultados2019.blob.core.windows.net/201901/159493.jpg,OK,1,4,BAJA VERAPAZ,CUBULCO,15949,DIPUTADOS DISTRITALES,30,2,2,0,1,3,277,277,220,220,10,0,2,27,9,2,1,94,0,36,1,2,2,1,27,6
1,17,0,400,400,15,https://resultados2019.blob.core.windows.net/201901/158423.jpg,OK,0,3,BAJA VERAPAZ,RABINAL,15842,DIPUTADOS DISTRITALES,22,2,2,0,1,3,265,265,226,226,10,22,6,22,20,25,12,32,0,13,3,1,11,13,26,10
1,21,0,400,400,15,https://resultados2019.blob.core.windows.net/201901/157293.jpg,OK,0,1,BAJA VERAPAZ,SALAMÁ,15729,DIPUTADOS DISTRITALES,12,2,2,0,1,3,226,226,193,193,22,3,15,4,1,21,23,12,2,39,1,1,14,9,24,2
1,63,0,400,400,15,https://resultados2019.blob.core.windows.net/201901/160003.jpg,OK,0,6,BAJA VERAPAZ,EL CHOL,16000,DIPUTADOS DISTRITALES,18,2,2,0,1,3,320,320,239,239,8,0,7,1,49,8,4,76,2,52,3,2,2,1,24,0
1,34,0,247,247,15,https://resultados2019.blob.core.windows.net/201901/158183.jpg,OK,0,2,BAJA VERAPAZ,SAN MIGUEL CHICAJ,15818,DIPUTADOS DISTRITALES,5,2,2,0,1,3,166,166,127,127,2,0,3,8,3,0,1,13,0,6,0,0,88,0,1,2
1,9,0,248,248,15,https://resultados2019.blob.core.windows.net/201901/159653.jpg,OK,0,4,BAJA VERAPAZ,CUBULCO,15965,DIPUTADOS DISTRITALES,5,2,2,0,1,3,130,130,116,116,17,0,1,4,6,1,0,29,0,16,0,1,0,1,39,1
1,13,0,255,255,15,https://resultados2019.blob.core.windows.net/201901/157783.jpg,OK,0,1,BAJA VERAPAZ,SALAMÁ,15778,DIPUTADOS DISTRITALES,25,2,2,0,1,3,153,153,115,115,2,1,34,7,2,1,7,7,1,39,1,0,2,3,7,1
1,17,0,400,400,15,https://resultados2019.blob.core.windows.net/201901/158043.jpg,OK,0,2,BAJA VERAPAZ,SAN MIGUEL CHICAJ,15804,DIPUTADOS DISTRITALES,5,2,2,0,1,3,293,293,271,271,8,13,8,9,28,7,12,13,2,26,2,0,25,3,6,109
1,10,0,400,400,15,https://resultados2019.blob.core.windows.net/201901/158623.jpg,OK,0,3,BAJA VERAPAZ,RABINAL,15862,DIPUTADOS DISTRITALES,13,2,2,0,1,3,178,178,155,155,4,13,3,12,15,15,5,17,1,26,2,0,10,2,26,4
1,30,0,299,299,15,https://resultados2019.blob.core.windows.net/201901/157463.jpg,OK,0,1,BAJA VERAPAZ,SALAMÁ,15746,DIPUTADOS DISTRITALES,16,2,2,0,1,3,196,196,150,150,15,1,10,22,1,4,5,34,1,34,0,1,2,6,12,2
1,3,0,348,348,15,https://resultados2019.blob.core.windows.net/201901/157893.jpg,OK,0,1,BAJA VERAPAZ,SALAMÁ,15789,DIPUTADOS DISTRITALES,2,1,2,0,1,3,39,39,34,34,4,0,6,0,0,1,5,5,0,3,0,1,4,2,3,0
1,22,0,223,223,15,https://resultados2019.blob.core.windows.net/201901/160053.jpg,OK,0,6,BAJA VERAPAZ,EL CHOL,16005,DIPUTADOS DISTRITALES,5,2,2,0,1,3,172,172,145,145,5,1,4,0,54,2,3,37,0,18,2,0,0,3,14,2
1,30,0,380,380,15,https://resultados2019.blob.core.windows.net/201901/160843.jpg,OK,0,8,BAJA VERAPAZ,PURULHÁ,16084,DIPUTADOS DISTRITALES,14,2,2,0,1,3,267,267,223,223,5,1,8,4,14,32,1,5,1,115,0,1,0,2,31,3
1,40,0,368,368,15,https://resultados2019.blob.core.windows.net/201901/160353.jpg,OK,0,7,BAJA VERAPAZ,SAN JERÓNIMO,16035,DIPUTADOS DISTRITALES,15,2,2,0,1,3,232,232,177,177,27,2,9,4,6,3,25,33,1,24,0,1,5,9,26,2
1,15,0,325,325,15,https://resultados2019.blob.core.windows.net/201901/159623.jpg,OK,0,4,BAJA VERAPAZ,CUBULCO,15962,DIPUTADOS DISTRITALES,6,2,2,0,1,3,166,166,145,145,7,0,0,15,10,3,0,39,1,20,0,1,1,0,47,1
1,140,0,380,380,15,https://resultados2019.blob.core.windows.net/201901/158113.jpg,OK,0,2,BAJA VERAPAZ,SAN MIGUEL CHICAJ,15811,DIPUTADOS DISTRITALES,7,2,2,0,1,3,300,300,153,153,6,2,4,14,3,3,3,8,4,3,1,0,94,0,6,2
1,50,0,380,380,15,https://resultados2019.blob.core.windows.net/201901/160393.jpg,OK,1,7,BAJA VERAPAZ,SAN JERÓNIMO,16039,DIPUTADOS DISTRITALES,20,2,2,0,1,3,269,269,199,199,37,0,23,3,21,2,11,37,3,25,1,1,3,17,15,0
1,20,0,302,302,15,https://resultados2019.blob.core.windows.net/201901/160863.jpg,OK,0,8,BAJA VERAPAZ,PURULHÁ,16086,DIPUTADOS DISTRITALES,25,2,2,0,1,3,236,236,191,191,4,0,5,1,8,28,8,4,0,82,1,0,0,3,43,4
1,27,0,337,337,15,https://resultados2019.blob.core.windows.net/201901/158323.jpg,OK,0,2,BAJA VERAPAZ,SAN MIGUEL CHICAJ,15832,DIPUTADOS DISTRITALES,8,2,2,0,1,3,111,111,76,76,3,0,1,1,3,1,2,2,6,12,0,0,26,2,3,14
1,16,0,400,400,15,https://resultados2019.blob.core.windows.net/201901/158993.jpg,OK,0,4,BAJA VERAPAZ,CUBULCO,15899,DIPUTADOS DISTRITALES,3,2,2,0,1,3,224,224,205,205,18,0,8,4,9,7,2,91,1,37,0,0,0,5,22,1
1,15,0,253,253,15,https://resultados2019.blob.core.windows.net/201901/160943.jpg,OK,0,8,BAJA VERAPAZ,PURULHÁ,16094,DIPUTADOS DISTRITALES,22,2,2,0,1,3,188,188,151,151,0,1,8,2,16,20,2,4,1,70,0,0,2,0,14,11
1,11,0,252,252,15,https://resultados2019.blob.core.windows.net/201901/160953.jpg,OK,0,8,BAJA VERAPAZ,PURULHÁ,16095,DIPUTADOS DISTRITALES,20,2,2,0,1,3,195,195,164,164,1,0,10,7,23,29,4,4,1,58,1,0,2,1,11,12
1,31,0,380,380,15,https://resultados2019.blob.core.windows.net/201901/157503.jpg,OK,0,1,BAJA VERAPAZ,SALAMÁ,15750,DIPUTADOS DISTRITALES,42,2,2,0,1,3,255,255,182,182,20,0,48,17,4,4,5,19,2,33,3,0,5,4,17,1
1,14,0,314,314,15,https://resultados2019.blob.core.windows.net/201901/157533.jpg,OK,0,1,BAJA VERAPAZ,SALAMÁ,15753,DIPUTADOS DISTRITALES,13,2,2,0,1,3,163,163,136,136,20,0,38,9,2,7,3,16,1,18,1,0,3,4,14,0
1,33,0,400,400,15,https://resultados2019.blob.core.windows.net/201901/159743.jpg,OK,0,5,BAJA VERAPAZ,GRANADOS,15974,DIPUTADOS DISTRITALES,8,2,2,0,1,3,319,319,278,278,5,0,3,0,41,0,1,76,0,19,127,1,0,4,0,1
1,10,0,263,263,15,https://resultados2019.blob.core.windows.net/201901/158773.jpg,OK,0,3,BAJA VERAPAZ,RABINAL,15877,DIPUTADOS DISTRITALES,8,2,2,0,1,3,126,126,108,108,4,9,5,7,4,10,3,17,0,13,0,0,6,3,27,0
1,15,0,400,400,15,https://resultados2019.blob.core.windows.net/201901/160193.jpg,OK,0,7,BAJA VERAPAZ,SAN JERÓNIMO,16019,DIPUTADOS DISTRITALES,12,2,2,0,1,3,246,246,219,219,22,1,13,5,12,21,6,40,1,20,0,3,2,40,30,3
1,32,0,400,400,15,https://resultados2019.blob.core.windows.net/201901/158383.jpg,OK,0,3,BAJA VERAPAZ,RABINAL,15838,DIPUTADOS DISTRITALES,22,2,2,0,1,3,259,259,205,205,15,25,3,7,12,17,9,35,0,20,7,0,9,8,31,7
1,9,0,308,308,15,https://resultados2019.blob.core.windows.net/201901/161083.jpg,OK,0,8,BAJA VERAPAZ,PURULHÁ,16108,DIPUTADOS DISTRITALES,6,2,2,0,1,3,68,68,53,53,3,0,2,4,5,5,5,3,1,15,0,0,2,1,7,0
1,33,0,400,400,15,https://resultados2019.blob.core.windows.net/201901/160253.jpg,OK,0,7,BAJA VERAPAZ,SAN JERÓNIMO,16025,DIPUTADOS DISTRITALES,25,2,2,0,1,3,296,296,238,238,41,0,11,15,15,8,14,48,3,35,5,3,5,14,20,1
1,26,0,380,380,15,https://resultados2019.blob.core.windows.net/201901/157623.jpg,OK,0,1,BAJA VERAPAZ,SALAMÁ,15762,DIPUTADOS DISTRITALES,34,2,2,0,1,3,216,216,156,156,17,1,6,32,3,1,11,28,3,38,1,0,8,2,4,1
1,29,0,380,380,15,https://resultados2019.blob.core.windows.net/201901/157773.jpg,OK,0,1,BAJA VERAPAZ,SALAMÁ,15777,DIPUTADOS DISTRITALES,32,2,2,0,1,3,261,261,200,200,16,0,54,14,4,3,7,24,2,43,1,0,13,3,13,3
1,57,0,380,380,15,https://resultados2019.blob.core.windows.net/201901/158143.jpg,OK,0,2,BAJA VERAPAZ,SAN MIGUEL CHICAJ,15814,DIPUTADOS DISTRITALES,10,2,2,0,1,3,272,272,205,205,7,1,3,11,3,1,7,16,0,13,0,0,131,5,3,4
1,20,0,380,380,15,https://resultados2019.blob.core.windows.net/201901/159913.jpg,OK,0,5,BAJA VERAPAZ,GRANADOS,15991,DIPUTADOS DISTRITALES,18,2,2,0,1,3,270,270,232,232,0,0,0,0,87,0,0,61,0,15,61,1,1,2,2,2
1,23,0,400,400,15,https://resultados2019.blob.core.windows.net/201901/160453.jpg,OK,0,8,BAJA VERAPAZ,PURULHÁ,16045,DIPUTADOS DISTRITALES,25,2,2,0,1,3,274,274,226,226,4,5,13,3,16,24,25,20,1,57,1,2,8,8,30,9
1,22,0,380,380,15,https://resultados2019.blob.core.windows.net/201901/157643.jpg,OK,0,1,BAJA VERAPAZ,SALAMÁ,15764,DIPUTADOS DISTRITALES,11,2,2,0,1,3,185,185,152,152,12,1,9,18,6,5,7,55,1,12,1,2,6,4,11,2
1,22,0,360,360,15,https://resultados2019.blob.core.windows.net/201901/159503.jpg,OK,0,4,BAJA VERAPAZ,CUBULCO,15950,DIPUTADOS DISTRITALES,21,2,2,0,1,3,222,222,179,179,15,0,1,13,7,3,2,84,0,30,0,2,1,3,18,0
1,41,0,380,380,15,https://resultados2019.blob.core.windows.net/201901/160663.jpg,OK,0,8,BAJA VERAPAZ,PURULHÁ,16066,DIPUTADOS DISTRITALES,11,2,2,0,1,3,291,291,239,239,1,2,7,3,14,15,5,4,0,152,0,1,0,1,31,3
1,30,0,380,380,15,https://resultados2019.blob.core.windows.net/201901/160673.jpg,OK,0,8,BAJA VERAPAZ,PURULHÁ,16067,DIPUTADOS DISTRITALES,21,2,2,0,1,3,311,311,260,260,2,2,3,2,15,21,6,3,2,162,0,1,1,3,34,3
1,29,0,400,400,15,https://resultados2019.blob.core.windows.net/201901/159093.jpg,OK,0,4,BAJA VERAPAZ,CUBULCO,15909,DIPUTADOS DISTRITALES,30,2,2,0,1,3,258,258,199,199,17,0,5,6,3,4,0,68,1,23,2,1,3,3,62,1
1,18,0,291,291,15,https://resultados2019.blob.core.windows.net/201901/160573.jpg,OK,0,8,BAJA VERAPAZ,PURULHÁ,16057,DIPUTADOS DISTRITALES,16,2,2,0,1,3,208,208,174,174,2,1,7,11,19,18,20,12,1,44,0,0,1,7,27,4
1,36,0,400,400,15,https://resultados2019.blob.core.windows.net/201901/160173.jpg,OK,0,7,BAJA VERAPAZ,SAN JERÓNIMO,16017,DIPUTADOS DISTRITALES,19,2,2,0,1,3,271,271,216,216,24,1,10,3,6,4,4,65,1,22,0,8,2,35,29,2
1,33,0,400,398,15,https://resultados2019.blob.core.windows.net/201901/160033.jpg,OK,0,6,BAJA VERAPAZ,EL CHOL,16003,DIPUTADOS DISTRITALES,14,2,2,0,1,3,267,267,220,220,5,6,4,1,59,4,1,71,1,39,4,1,0,4,19,1
1,46,0,400,400,15,https://resultados2019.blob.core.windows.net/201901/158273.jpg,OK,0,2,BAJA VERAPAZ,SAN MIGUEL CHICAJ,15827,DIPUTADOS DISTRITALES,10,2,2,0,1,3,309,309,253,253,5,1,14,9,2,10,0,3,2,25,0,0,173,1,5,3
1,14,0,400,400,15,https://resultados2019.blob.core.windows.net/201901/158483.jpg,OK,0,3,BAJA VERAPAZ,RABINAL,15848,DIPUTADOS DISTRITALES,20,2,2,0,1,3,244,244,210,210,8,31,3,13,15,19,9,32,2,20,1,2,8,8,31,8
1,13,1,544,544,15,https://resultados2019.blob.core.windows.net/201901/159943.jpg,OK,0,5,BAJA VERAPAZ,GRANADOS,15994,DIPUTADOS DISTRITALES,7,2,2,0,1,3,131,131,111,111,3,0,1,0,30,1,0,30,0,10,30,0,1,2,2,1
1,53,0,380,380,15,https://resultados2019.blob.core.windows.net/201901/158743.jpg,OK,0,3,BAJA VERAPAZ,RABINAL,15874,DIPUTADOS DISTRITALES,29,2,2,0,1,3,272,272,190,190,8,9,23,12,6,9,7,27,3,41,2,3,7,5,22,6
1,23,0,359,359,15,https://resultados2019.blob.core.windows.net/201901/157703.jpg,OK,0,1,BAJA VERAPAZ,SALAMÁ,15770,DIPUTADOS DISTRITALES,14,2,2,0,1,3,219,219,182,182,25,2,9,2,5,14,8,32,1,55,1,3,7,9,9,0
1,62,0,380,380,15,https://resultados2019.blob.core.windows.net/201901/158133.jpg,OK,0,2,BAJA VERAPAZ,SAN MIGUEL CHICAJ,15813,DIPUTADOS DISTRITALES,13,2,2,0,1,3,270,270,195,195,5,2,5,6,3,2,8,16,2,21,0,0,112,3,3,7
1,41,0,380,380,15,https://resultados2019.blob.core.windows.net/201901/157443.jpg,OK,0,1,BAJA VERAPAZ,SALAMÁ,15744,DIPUTADOS DISTRITALES,24,2,2,0,1,3,303,303,238,238,32,2,37,21,2,2,6,69,2,45,1,1,2,3,12,1
1,8,0,197,197,15,https://resultados2019.blob.core.windows.net/201901/157753.jpg,OK,0,1,BAJA VERAPAZ,SALAMÁ,15775,DIPUTADOS DISTRITALES,5,2,2,0,1,3,86,86,73,73,8,0,10,8,1,1,0,18,1,16,0,0,6,3,1,0
1,8,0,265,265,15,https://resultados2019.blob.core.windows.net/201901/159803.jpg,OK,0,5,BAJA VERAPAZ,GRANADOS,15980,DIPUTADOS DISTRITALES,4,2,2,0,1,3,212,212,200,200,1,0,1,2,44,1,0,51,0,6,92,0,0,1,1,0
1,93,0,380,380,15,https://resultados2019.blob.core.windows.net/201901/158123.jpg,OK,0,2,BAJA VERAPAZ,SAN MIGUEL CHICAJ,15812,DIPUTADOS DISTRITALES,10,2,2,0,1,3,271,271,168,168,7,4,3,8,2,0,4,23,1,15,0,1,88,4,6,2
1,40,0,380,380,15,https://resultados2019.blob.core.windows.net/201901/157433.jpg,OK,0,1,BAJA VERAPAZ,SALAMÁ,15743,DIPUTADOS DISTRITALES,22,2,2,0,1,3,285,285,223,223,29,1,21,21,1,1,2,81,1,47,1,2,3,6,5,1
1,14,0,308,308,15,https://resultados2019.blob.core.windows.net/201901/161073.jpg,OK,0,8,BAJA VERAPAZ,PURULHÁ,16107,DIPUTADOS DISTRITALES,14,2,2,0,1,3,101,101,73,73,3,0,2,10,4,3,7,3,0,35,0,0,0,0,6,0
1,46,0,380,400,15,https://resultados2019.blob.core.windows.net/201901/160323.jpg,OK,0,7,BAJA VERAPAZ,SAN JERÓNIMO,16032,DIPUTADOS DISTRITALES,15,2,2,0,1,3,288,288,227,227,52,1,12,6,9,2,22,38,0,25,6,0,3,15,33,3
1,30,0,400,400,15,https://resultados2019.blob.core.windows.net/201901/159783.jpg,OK,0,5,BAJA VERAPAZ,GRANADOS,15978,DIPUTADOS DISTRITALES,12,2,2,0,1,3,254,254,212,212,4,1,1,0,44,1,0,47,1,16,85,0,0,7,3,2
1,29,0,380,380,15,https://resultados2019.blob.core.windows.net/201901/160403.jpg,OK,0,7,BAJA VERAPAZ,SAN JERÓNIMO,16040,DIPUTADOS DISTRITALES,17,2,2,0,1,3,225,225,179,179,35,2,13,1,18,6,7,27,0,22,0,1,2,19,25,1
1,64,0,400,400,15,https://resultados2019.blob.core.windows.net/201901/158263.jpg,OK,0,2,BAJA VERAPAZ,SAN MIGUEL CHICAJ,15826,DIPUTADOS DISTRITALES,12,2,2,0,1,3,300,300,224,224,6,2,5,11,5,12,3,3,1,15,0,3,149,1,3,5
1,16,0,380,380,15,https://resultados2019.blob.core.windows.net/201901/157633.jpg,OK,0,1,BAJA VERAPAZ,SALAMÁ,15763,DIPUTADOS DISTRITALES,31,2,2,0,1,3,228,228,181,181,17,1,13,23,6,2,5,47,6,33,11,1,3,3,8,2
1,23,0,380,380,15,https://resultados2019.blob.core.windows.net/201901/157573.jpg,OK,0,1,BAJA VERAPAZ,SALAMÁ,15757,DIPUTADOS DISTRITALES,15,2,1,0,1,3,160,160,122,122,12,3,7,4,7,1,34,13,3,22,2,1,2,5,6,0
1,29,0,400,400,15,https://resultados2019.blob.core.windows.net/201901/158633.jpg,OK,0,3,BAJA VERAPAZ,RABINAL,15863,DIPUTADOS DISTRITALES,20,1,2,0,1,3,224,224,175,175,5,14,4,16,10,16,12,16,0,33,2,0,11,6,26,4
0,13,0,301,301,15,https://resultados2019.blob.core.windows.net/201901/157583.jpg,OK,0,1,BAJA VERAPAZ,SALAMÁ,15758,DIPUTADOS DISTRITALES,11,1,1,0,1,3,119,122,98,95,1,18,3,3,8,1,16,4,1,1,3,0,8,1,27,3
1,12,0,252,252,15,https://resultados2019.blob.core.windows.net/201901/159853.jpg,OK,0,5,BAJA VERAPAZ,GRANADOS,15985,DIPUTADOS DISTRITALES,4,2,2,0,1,3,177,177,161,161,0,1,1,0,12,0,0,44,1,18,84,0,0,0,0,0
1,17,0,400,400,15,https://resultados2019.blob.core.windows.net/201901/157043.jpg,OK,0,1,BAJA VERAPAZ,SALAMÁ,15704,DIPUTADOS DISTRITALES,27,2,1,0,1,3,280,280,236,236,31,4,15,17,3,16,13,24,2,40,0,2,3,29,29,8
0,7,0,349,349,15,https://resultados2019.blob.core.windows.net/201901/157883.jpg,OK,0,1,BAJA VERAPAZ,SALAMÁ,15788,DIPUTADOS DISTRITALES,11,2,2,0,1,3,86,86,68,58,9,1,6,0,2,3,4,6,1,11,1,2,2,8,12,0
1,38,0,400,400,15,https://resultados2019.blob.core.windows.net/201901/160633.jpg,OK,0,8,BAJA VERAPAZ,PURULHÁ,16063,DIPUTADOS DISTRITALES,10,2,2,0,1,3,267,267,219,219,6,3,7,5,12,15,5,24,6,99,0,0,0,3,19,15
1,19,0,316,316,15,https://resultados2019.blob.core.windows.net/201901/158863.jpg,OK,0,3,BAJA VERAPAZ,RABINAL,15886,DIPUTADOS DISTRITALES,15,1,2,0,1,3,144,144,110,110,7,2,3,7,8,2,6,11,0,33,2,2,5,2,19,1
1,15,0,300,300,15,https://resultados2019.blob.core.windows.net/201901/157593.jpg,OK,0,1,BAJA VERAPAZ,SALAMÁ,15759,DIPUTADOS DISTRITALES,1,2,1,0,1,3,103,103,87,87,7,0,2,6,2,2,12,27,2,14,0,0,1,7,5,0
1,28,0,380,378,15,https://resultados2019.blob.core.windows.net/201901/157733.jpg,OK,0,1,BAJA VERAPAZ,SALAMÁ,15773,DIPUTADOS DISTRITALES,26,2,2,0,1,3,193,193,139,139,7,0,53,18,3,1,3,19,1,11,1,0,14,2,6,0
1,24,0,380,380,15,https://resultados2019.blob.core.windows.net/201901/159883.jpg,OK,0,5,BAJA VERAPAZ,GRANADOS,15988,DIPUTADOS DISTRITALES,20,2,2,0,1,3,284,284,240,240,2,1,1,1,75,1,2,63,3,19,67,0,2,1,1,1
1,4,0,291,291,15,https://resultados2019.blob.core.windows.net/201901/158513.jpg,OK,0,3,BAJA VERAPAZ,RABINAL,15851,DIPUTADOS DISTRITALES,18,2,2,0,1,3,170,170,148,148,6,23,3,6,17,14,6,17,2,15,2,0,2,6,20,9
1,29,0,400,400,15,https://resultados2019.blob.core.windows.net/201901/158373.jpg,OK,0,3,BAJA VERAPAZ,RABINAL,15837,DIPUTADOS DISTRITALES,21,2,2,0,1,3,252,252,202,202,12,12,3,12,20,7,5,37,4,21,2,2,11,7,43,4
1,24,0,359,359,15,https://resultados2019.blob.core.windows.net/201901/159513.jpg,OK,2,4,BAJA VERAPAZ,CUBULCO,15951,DIPUTADOS DISTRITALES,11,2,2,0,1,3,210,210,175,175,5,0,1,19,8,1,1,84,4,25,0,2,2,1,20,2
1,12,0,215,215,15,https://resultados2019.blob.core.windows.net/201901/158723.jpg,OK,0,3,BAJA VERAPAZ,RABINAL,15872,DIPUTADOS DISTRITALES,4,1,2,0,1,3,86,86,70,70,2,4,2,7,2,27,0,5,0,11,0,0,2,0,5,3
1,50,0,380,381,15,https://resultados2019.blob.core.windows.net/201901/158683.jpg,OK,0,3,BAJA VERAPAZ,RABINAL,15868,DIPUTADOS DISTRITALES,32,1,2,0,1,3,234,234,152,152,9,23,14,5,7,32,1,10,1,26,4,0,7,1,8,4
1,34,0,400,400,15,https://resultados2019.blob.core.windows.net/201901/158353.jpg,OK,0,3,BAJA VERAPAZ,RABINAL,15835,DIPUTADOS DISTRITALES,22,2,2,0,1,3,254,254,198,198,14,29,3,24,12,15,5,19,0,14,2,1,8,7,36,9
1,35,0,400,400,15,https://resultados2019.blob.core.windows.net/201901/160023.jpg,OK,0,6,BAJA VERAPAZ,EL CHOL,16002,DIPUTADOS DISTRITALES,2,2,2,0,1,3,244,244,207,207,13,2,4,4,48,1,4,66,3,35,2,1,2,4,17,1
1,28,1,380,380,15,https://resultados2019.blob.core.windows.net/201901/157693.jpg,OK,0,1,BAJA VERAPAZ,SALAMÁ,15769,DIPUTADOS DISTRITALES,26,2,2,0,1,3,249,249,195,195,24,1,20,2,7,9,6,39,2,62,2,4,3,5,9,0
1,20,0,516,516,15,https://resultados2019.blob.core.windows.net/201901/158903.jpg,OK,0,3,BAJA VERAPAZ,RABINAL,15890,DIPUTADOS DISTRITALES,12,2,2,0,1,3,123,123,91,91,1,11,2,8,9,13,9,7,0,7,0,0,8,4,8,4
1,22,0,400,400,15,https://resultados2019.blob.core.windows.net/201901/159143.jpg,OK,0,4,BAJA VERAPAZ,CUBULCO,15914,DIPUTADOS DISTRITALES,16,2,2,0,1,3,224,224,186,186,11,2,2,9,6,6,1,72,2,20,0,2,3,3,41,6
1,5,0,399,399,15,https://resultados2019.blob.core.windows.net/201901/160223.jpg,OK,0,7,BAJA VERAPAZ,SAN JERÓNIMO,16022,DIPUTADOS DISTRITALES,18,2,2,0,1,3,248,248,225,225,28,3,9,2,14,15,6,28,3,19,2,4,0,55,35,2
1,14,0,517,517,15,https://resultados2019.blob.core.windows.net/201901/158893.jpg,OK,0,3,BAJA VERAPAZ,RABINAL,15889,DIPUTADOS DISTRITALES,12,2,2,0,1,3,140,140,114,114,5,13,7,11,11,9,6,8,1,10,4,1,6,8,10,4
1,25,0,400,400,15,https://resultados2019.blob.core.windows.net/201901/160233.jpg,OK,0,7,BAJA VERAPAZ,SAN JERÓNIMO,16023,DIPUTADOS DISTRITALES,19,2,2,0,1,3,264,264,220,220,40,2,7,16,8,12,12,49,1,25,0,2,1,26,17,2
1,24,0,404,404,15,https://resultados2019.blob.core.windows.net/201901/160123.jpg,OK,0,6,BAJA VERAPAZ,EL CHOL,16012,DIPUTADOS DISTRITALES,9,2,2,0,1,3,108,108,75,75,6,0,1,0,14,3,2,18,1,16,1,1,2,0,9,1
1,21,0,400,400,15,https://resultados2019.blob.core.windows.net/201901/159043.jpg,OK,0,4,BAJA VERAPAZ,CUBULCO,15904,DIPUTADOS DISTRITALES,11,2,2,0,1,3,230,230,198,198,19,3,7,10,9,3,1,78,0,22,3,0,4,2,37,0
1,18,0,400,400,15,https://resultados2019.blob.core.windows.net/201901/159793.jpg,OK,22,5,BAJA VERAPAZ,GRANADOS,15979,DIPUTADOS DISTRITALES,4,2,2,0,1,3,290,290,268,268,7,0,2,0,45,3,0,69,0,19,116,1,0,2,3,1
1,20,0,400,400,15,https://resultados2019.blob.core.windows.net/201901/159083.jpg,OK,0,4,BAJA VERAPAZ,CUBULCO,15908,DIPUTADOS DISTRITALES,31,2,2,0,1,3,263,263,212,212,22,0,3,9,6,9,2,78,2,23,1,2,2,1,51,1
1,18,0,380,380,15,https://resultados2019.blob.core.windows.net/201901/159403.jpg,OK,0,4,BAJA VERAPAZ,CUBULCO,15940,DIPUTADOS DISTRITALES,20,2,2,0,1,3,218,218,180,180,30,2,1,7,14,4,0,64,0,13,2,2,1,0,40,0
1,45,0,400,400,15,https://resultados2019.blob.core.windows.net/201901/159953.jpg,OK,0,6,BAJA VERAPAZ,EL CHOL,15995,DIPUTADOS DISTRITALES,8,2,2,0,1,3,277,277,224,224,8,3,3,2,57,5,2,59,0,48,2,5,2,7,17,4
1,16,0,244,245,15,https://resultados2019.blob.core.windows.net/201901/158813.jpg,OK,0,3,BAJA VERAPAZ,RABINAL,15881,DIPUTADOS DISTRITALES,18,1,2,0,1,3,133,133,99,99,7,2,8,5,3,3,1,8,0,23,6,1,6,4,22,0
1,40,0,232,232,15,https://resultados2019.blob.core.windows.net/201901/158193.jpg,OK,0,2,BAJA VERAPAZ,SAN MIGUEL CHICAJ,15819,DIPUTADOS DISTRITALES,21,2,2,0,1,3,174,174,113,113,2,3,7,0,6,2,3,20,0,46,1,0,13,1,5,4
1,7,0,400,400,15,https://resultados2019.blob.core.windows.net/201901/158493.jpg,OK,0,3,BAJA VERAPAZ,RABINAL,15849,DIPUTADOS DISTRITALES,15,2,2,0,1,3,248,248,226,226,4,29,8,21,12,24,6,27,3,21,2,0,10,10,39,10
1,26,0,380,380,15,https://resultados2019.blob.core.windows.net/201901/160933.jpg,OK,0,8,BAJA VERAPAZ,PURULHÁ,16093,DIPUTADOS DISTRITALES,16,2,2,0,1,3,291,291,249,249,1,1,6,3,48,34,2,2,1,121,0,0,3,3,13,11
1,19,0,380,380,15,https://resultados2019.blob.core.windows.net/201901/159873.jpg,OK,0,5,BAJA VERAPAZ,GRANADOS,15987,DIPUTADOS DISTRITALES,14,2,2,0,1,3,270,270,237,237,2,0,2,0,88,0,0,62,2,10,66,1,1,1,1,1
0,8,0,204,204,15,https://resultados2019.blob.core.windows.net/201901/157353.jpg,OK,0,1,BAJA VERAPAZ,SALAMÁ,15735,DIPUTADOS DISTRITALES,6,2,2,0,1,3,108,109,95,94,12,2,9,1,6,12,5,11,1,13,1,2,2,9,8,1
1,21,0,400,400,15,https://resultados2019.blob.core.windows.net/201901/160183.jpg,OK,0,7,BAJA VERAPAZ,SAN JERÓNIMO,16018,DIPUTADOS DISTRITALES,11,2,2,0,1,3,269,269,237,237,29,1,12,5,7,13,7,57,2,29,1,1,2,30,40,1
1,5,0,400,400,15,https://resultados2019.blob.core.windows.net/201901/157243.jpg,OK,0,1,BAJA VERAPAZ,SALAMÁ,15724,DIPUTADOS DISTRITALES,12,2,1,0,1,3,215,215,198,198,27,2,9,9,9,21,11,19,5,28,2,1,4,30,17,4
1,20,0,380,380,15,https://resultados2019.blob.core.windows.net/201901/159893.jpg,OK,1,5,BAJA VERAPAZ,GRANADOS,15989,DIPUTADOS DISTRITALES,13,2,2,0,1,3,290,290,257,257,4,0,0,0,91,2,1,88,1,17,50,1,0,0,1,1
1,25,0,380,380,15,https://resultados2019.blob.core.windows.net/201901/157673.jpg,OK,0,1,BAJA VERAPAZ,SALAMÁ,15767,DIPUTADOS DISTRITALES,28,1,2,0,1,3,266,266,213,213,41,1,18,3,6,5,4,33,3,63,2,0,13,7,13,1
1,31,0,281,278,15,https://resultados2019.blob.core.windows.net/201901/160743.jpg,OK,0,8,BAJA VERAPAZ,PURULHÁ,16074,DIPUTADOS DISTRITALES,11,2,2,0,1,3,173,173,131,131,0,1,2,26,1,8,3,1,0,65,0,0,4,3,14,3
1,69,0,380,380,15,https://resultados2019.blob.core.windows.net/201901/158093.jpg,OK,0,2,BAJA VERAPAZ,SAN MIGUEL CHICAJ,15809,DIPUTADOS DISTRITALES,13,2,2,0,1,3,294,294,212,212,7,1,2,11,4,3,4,7,1,16,1,1,147,1,1,5
1,13,0,197,197,15,https://resultados2019.blob.core.windows.net/201901/157743.jpg,OK,0,1,BAJA VERAPAZ,SALAMÁ,15774,DIPUTADOS DISTRITALES,11,2,2,0,1,3,96,96,72,72,16,1,7,9,2,1,0,14,2,14,0,0,1,2,3,0
1,24,0,290,290,15,https://resultados2019.blob.core.windows.net/201901/160583.jpg,OK,0,8,BAJA VERAPAZ,PURULHÁ,16058,DIPUTADOS DISTRITALES,18,2,2,0,1,3,188,188,146,146,4,0,4,14,8,13,12,16,0,49,0,0,0,3,18,5
0,8,0,400,400,15,https://resultados2019.blob.core.windows.net/201901/157113.jpg,OK,0,1,BAJA VERAPAZ,SALAMÁ,15711,DIPUTADOS DISTRITALES,20,2,1,0,1,3,240,239,211,212,35,0,14,2,5,16,13,20,3,26,2,0,5,43,23,4
1,13,0,364,364,15,https://resultados2019.blob.core.windows.net/201901/157663.jpg,OK,0,1,BAJA VERAPAZ,SALAMÁ,15766,DIPUTADOS DISTRITALES,6,1,2,0,1,3,175,175,156,156,13,0,4,28,6,5,8,63,1,13,0,2,5,4,4,0
1,23,0,347,247,15,https://resultados2019.blob.core.windows.net/201901/159563.jpg,OK,0,4,BAJA VERAPAZ,CUBULCO,15956,DIPUTADOS DISTRITALES,13,2,2,0,1,3,130,130,94,94,36,0,0,1,2,0,0,21,0,6,0,0,0,0,28,0
1,43,0,380,380,15,https://resultados2019.blob.core.windows.net/201901/160683.jpg,OK,0,8,BAJA VERAPAZ,PURULHÁ,16068,DIPUTADOS DISTRITALES,11,2,2,0,1,3,291,291,237,237,0,4,7,4,16,21,3,1,0,128,0,1,4,3,40,5
1,54,0,380,378,15,https://resultados2019.blob.core.windows.net/201901/160723.jpg,OK,0,8,BAJA VERAPAZ,PURULHÁ,16072,DIPUTADOS DISTRITALES,19,2,2,0,1,3,298,298,225,225,2,2,4,35,8,7,1,7,0,130,0,5,4,2,15,3
1,14,0,400,400,15,https://resultados2019.blob.core.windows.net/201901/158443.jpg,OK,0,3,BAJA VERAPAZ,RABINAL,15844,DIPUTADOS DISTRITALES,18,2,2,0,1,3,275,275,243,243,16,37,4,11,26,22,10,30,1,19,5,1,14,15,25,7
1,12,0,400,400,15,https://resultados2019.blob.core.windows.net/201901/159183.jpg,OK,0,4,BAJA VERAPAZ,CUBULCO,15918,DIPUTADOS DISTRITALES,8,2,2,0,1,3,200,200,180,180,13,2,6,0,7,6,1,63,1,24,1,2,4,9,41,0
1,6,0,400,400,15,https://resultados2019.blob.core.windows.net/201901/157333.jpg,OK,0,1,BAJA VERAPAZ,SALAMÁ,15733,DIPUTADOS DISTRITALES,25,2,2,0,1,3,247,247,216,216,24,1,28,6,10,15,12,23,2,33,0,2,13,24,20,3
1,60,0,400,400,15,https://resultados2019.blob.core.windows.net/201901/157913.jpg,OK,0,2,BAJA VERAPAZ,SAN MIGUEL CHICAJ,15791,DIPUTADOS DISTRITALES,16,2,2,0,1,3,292,292,216,216,9,3,5,12,17,7,7,11,1,50,1,2,22,3,10,56
1,7,0,237,237,15,https://resultados2019.blob.core.windows.net/201901/159273.jpg,OK,0,4,BAJA VERAPAZ,CUBULCO,15927,DIPUTADOS DISTRITALES,4,2,2,0,1,3,81,81,70,70,8,1,0,0,7,1,0,28,0,5,0,1,0,1,18,0
1,26,0,239,239,15,https://resultados2019.blob.core.windows.net/201901/158233.jpg,OK,0,2,BAJA VERAPAZ,SAN MIGUEL CHICAJ,15823,DIPUTADOS DISTRITALES,9,2,2,0,1,3,131,131,96,96,2,2,3,6,12,3,2,12,2,23,0,0,10,0,0,19
1,20,0,380,380,15,https://resultados2019.blob.core.windows.net/201901/160773.jpg,OK,0,8,BAJA VERAPAZ,PURULHÁ,16077,DIPUTADOS DISTRITALES,21,2,2,0,1,3,280,280,239,239,2,0,1,21,0,48,2,2,2,110,0,17,18,1,3,12
1,10,0,216,216,15,https://resultados2019.blob.core.windows.net/201901/158713.jpg,OK,0,3,BAJA VERAPAZ,RABINAL,15871,DIPUTADOS DISTRITALES,5,2,2,0,1,3,80,80,65,65,3,8,5,3,5,16,1,2,0,11,1,0,3,0,5,2
1,58,0,239,239,15,https://resultados2019.blob.core.windows.net/201901/158223.jpg,OK,0,2,BAJA VERAPAZ,SAN MIGUEL CHICAJ,15822,DIPUTADOS DISTRITALES,18,2,2,0,1,3,180,180,104,104,2,4,1,6,12,2,0,17,2,30,2,1,8,1,2,14
1,11,0,380,380,15,https://resultados2019.blob.core.windows.net/201901/160973.jpg,OK,0,8,BAJA VERAPAZ,PURULHÁ,16097,DIPUTADOS DISTRITALES,32,2,2,0,1,3,233,233,190,190,2,1,3,5,2,3,3,0,1,111,1,1,34,0,3,20
1,31,0,380,380,15,https://resultados2019.blob.core.windows.net/201901/157493.jpg,OK,0,1,BAJA VERAPAZ,SALAMÁ,15749,DIPUTADOS DISTRITALES,25,2,2,0,1,3,214,214,158,158,13,1,37,3,4,11,8,12,4,43,0,0,4,5,12,1
1,74,0,400,380,15,https://resultados2019.blob.core.windows.net/201901/159963.jpg,OK,0,6,BAJA VERAPAZ,EL CHOL,15996,DIPUTADOS DISTRITALES,19,2,2,0,1,3,305,305,212,212,15,2,9,3,35,4,4,54,1,53,3,3,2,2,21,1
1,13,0,329,329,15,https://resultados2019.blob.core.windows.net/201901/157403.jpg,OK,0,1,BAJA VERAPAZ,SALAMÁ,15740,DIPUTADOS DISTRITALES,17,2,2,0,1,3,190,190,160,160,10,1,21,3,4,17,13,13,1,30,1,0,4,19,18,5
1,18,0,255,255,15,https://resultados2019.blob.core.windows.net/201901/157793.jpg,OK,0,1,BAJA VERAPAZ,SALAMÁ,15779,DIPUTADOS DISTRITALES,8,2,2,0,1,3,125,125,99,99,6,1,9,11,7,2,5,12,1,20,1,0,3,4,15,2
1,47,0,380,380,15,https://resultados2019.blob.core.windows.net/201901/158733.jpg,OK,0,3,BAJA VERAPAZ,RABINAL,15873,DIPUTADOS DISTRITALES,24,2,2,0,1,3,209,209,138,138,8,5,17,12,5,10,4,19,0,20,1,0,12,4,18,3
1,25,0,301,300,15,https://resultados2019.blob.core.windows.net/201901/160653.jpg,OK,0,8,BAJA VERAPAZ,PURULHÁ,16065,DIPUTADOS DISTRITALES,14,2,2,0,1,3,215,215,176,176,2,1,7,11,11,17,9,9,0,83,1,2,3,1,15,4
1,17,0,380,380,15,https://resultados2019.blob.core.windows.net/201901/160783.jpg,OK,0,8,BAJA VERAPAZ,PURULHÁ,16078,DIPUTADOS DISTRITALES,16,2,2,0,1,3,231,231,198,198,2,1,7,18,15,18,5,2,2,94,0,2,12,1,4,15
1,6,0,400,400,15,https://resultados2019.blob.core.windows.net/201901/157253.jpg,OK,0,1,BAJA VERAPAZ,SALAMÁ,15725,DIPUTADOS DISTRITALES,15,2,2,0,1,3,256,256,235,235,25,1,19,1,19,19,9,21,0,41,0,0,5,36,33,6
1,33,0,380,377,15,https://resultados2019.blob.core.windows.net/201901/157513.jpg,OK,0,1,BAJA VERAPAZ,SALAMÁ,15751,DIPUTADOS DISTRITALES,31,2,2,0,1,3,280,280,216,216,26,1,76,10,7,1,1,26,3,42,0,0,3,3,16,1
1,15,0,359,359,15,https://resultados2019.blob.core.windows.net/201901/157713.jpg,OK,0,1,BAJA VERAPAZ,SALAMÁ,15771,DIPUTADOS DISTRITALES,15,2,2,0,1,3,182,182,152,152,23,1,18,4,7,7,6,28,3,40,1,1,3,6,4,0
1,28,0,400,400,15,https://resultados2019.blob.core.windows.net/201901/159703.jpg,OK,0,5,BAJA VERAPAZ,GRANADOS,15970,DIPUTADOS DISTRITALES,14,2,2,0,1,3,307,307,265,265,7,1,1,1,39,0,0,86,1,13,110,0,0,3,3,0
1,15,0,400,400,15,https://resultados2019.blob.core.windows.net/201901/157073.jpg,OK,0,1,BAJA VERAPAZ,SALAMÁ,15707,DIPUTADOS DISTRITALES,16,2,1,0,1,3,268,268,237,237,29,2,13,6,8,11,15,19,4,32,1,2,12,43,30,10
1,65,0,400,400,15,https://resultados2019.blob.core.windows.net/201901/160013.jpg,OK,0,6,BAJA VERAPAZ,EL CHOL,16001,DIPUTADOS DISTRITALES,12,2,2,0,1,3,292,292,215,215,14,0,4,1,48,6,7,60,2,42,1,0,1,5,23,1
1,13,0,313,313,15,https://resultados2019.blob.core.windows.net/201901/157543.jpg,OK,0,1,BAJA VERAPAZ,SALAMÁ,15754,DIPUTADOS DISTRITALES,10,1,2,0,1,3,156,156,133,133,13,0,45,6,2,2,1,16,0,27,0,1,4,4,12,0
1,69,0,380,380,15,https://resultados2019.blob.core.windows.net/201901/158163.jpg,OK,0,2,BAJA VERAPAZ,SAN MIGUEL CHICAJ,15816,DIPUTADOS DISTRITALES,10,2,2,0,1,3,249,249,170,170,6,0,1,14,3,3,5,12,0,15,0,1,100,2,6,2
1,9,0,400,400,15,https://resultados2019.blob.core.windows.net/201901/159163.jpg,OK,0,4,BAJA VERAPAZ,CUBULCO,15916,DIPUTADOS DISTRITALES,20,2,2,0,1,3,210,210,181,181,16,1,2,6,3,6,1,80,0,22,0,1,2,4,34,3
1,7,0,400,400,15,https://resultados2019.blob.core.windows.net/201901/158983.jpg,OK,0,4,BAJA VERAPAZ,CUBULCO,15898,DIPUTADOS DISTRITALES,8,2,2,0,1,3,197,197,182,182,15,1,5,7,6,6,0,84,1,14,1,2,2,10,26,2
1,23,0,380,380,15,https://resultados2019.blob.core.windows.net/201901/160823.jpg,OK,0,8,BAJA VERAPAZ,PURULHÁ,16082,DIPUTADOS DISTRITALES,29,2,2,0,1,3,271,271,219,219,5,0,6,2,14,22,5,6,0,114,0,1,0,0,40,4
1,25,0,332,332,15,https://resultados2019.blob.core.windows.net/201901/159473.jpg,OK,0,4,BAJA VERAPAZ,CUBULCO,15947,DIPUTADOS DISTRITALES,9,2,2,0,1,3,176,176,142,142,43,0,3,8,3,4,0,32,0,13,0,1,2,3,29,1
1,56,0,400,400,15,https://resultados2019.blob.core.windows.net/201901/158543.jpg,OK,0,3,BAJA VERAPAZ,RABINAL,15854,DIPUTADOS DISTRITALES,15,2,2,0,1,3,262,262,191,191,5,17,19,12,12,22,4,10,3,29,3,2,15,2,30,6
0,37,0,380,380,15,https://resultados2019.blob.core.windows.net/201901/159373.jpg,OK,0,4,BAJA VERAPAZ,CUBULCO,15937,DIPUTADOS DISTRITALES,24,2,2,0,1,3,251,236,175,190,22,0,4,5,0,0,1,72,1,26,0,0,0,3,40,1
1,61,0,400,397,15,https://resultados2019.blob.core.windows.net/201901/157963.jpg,OK,0,2,BAJA VERAPAZ,SAN MIGUEL CHICAJ,15796,DIPUTADOS DISTRITALES,16,2,2,0,1,3,336,336,259,259,5,8,9,17,33,5,15,8,2,49,3,0,35,5,8,57
1,50,0,400,400,15,https://resultados2019.blob.core.windows.net/201901/157973.jpg,OK,0,2,BAJA VERAPAZ,SAN MIGUEL CHICAJ,15797,DIPUTADOS DISTRITALES,19,2,2,0,1,3,320,320,251,251,4,3,9,16,31,12,11,8,1,49,1,0,27,10,8,61
1,18,0,400,400,15,https://resultados2019.blob.core.windows.net/201901/158413.jpg,OK,0,3,BAJA VERAPAZ,RABINAL,15841,DIPUTADOS DISTRITALES,25,2,2,0,1,3,245,245,202,202,13,27,6,18,16,12,9,22,1,14,7,3,12,10,24,8
1,27,0,380,380,15,https://resultados2019.blob.core.windows.net/201901/157563.jpg,OK,0,1,BAJA VERAPAZ,SALAMÁ,15756,DIPUTADOS DISTRITALES,10,2,1,0,1,3,156,156,119,119,8,0,6,5,7,3,14,30,1,24,0,0,7,5,8,1
1,43,0,400,400,15,https://resultados2019.blob.core.windows.net/201901/160503.jpg,OK,0,8,BAJA VERAPAZ,PURULHÁ,16050,DIPUTADOS DISTRITALES,20,2,2,0,1,3,314,314,251,251,7,2,5,9,16,27,9,20,3,94,2,0,4,6,40,7
1,77,0,400,400,15,https://resultados2019.blob.core.windows.net/201901/159993.jpg,OK,1,6,BAJA VERAPAZ,EL CHOL,15999,DIPUTADOS DISTRITALES,21,2,2,0,1,3,313,313,215,215,10,4,5,2,44,2,2,61,3,42,3,4,1,2,25,5
1,20,0,380,380,15,https://resultados2019.blob.core.windows.net/201901/160833.jpg,OK,0,8,BAJA VERAPAZ,PURULHÁ,16083,DIPUTADOS DISTRITALES,38,2,2,0,1,3,293,293,235,235,10,1,7,1,15,25,3,2,1,84,0,1,1,5,69,10
1,26,0,400,400,15,https://resultados2019.blob.core.windows.net/201901/158933.jpg,OK,0,4,BAJA VERAPAZ,CUBULCO,15893,DIPUTADOS DISTRITALES,24,2,2,0,1,3,249,249,199,199,16,0,3,13,11,8,5,82,2,18,0,1,2,3,33,2
1,15,0,253,253,15,https://resultados2019.blob.core.windows.net/201901/159843.jpg,OK,0,5,BAJA VERAPAZ,GRANADOS,15984,DIPUTADOS DISTRITALES,13,2,2,0,1,3,165,165,137,137,0,0,2,0,18,1,0,30,0,22,63,0,1,0,0,0
1,21,0,400,396,15,https://resultados2019.blob.core.windows.net/201901/159123.jpg,OK,0,4,BAJA VERAPAZ,CUBULCO,15912,DIPUTADOS DISTRITALES,18,2,2,0,1,3,239,239,200,200,13,1,10,5,8,8,0,73,0,21,0,0,0,3,54,4
1,84,0,380,380,15,https://resultados2019.blob.core.windows.net/201901/158083.jpg,OK,0,2,BAJA VERAPAZ,SAN MIGUEL CHICAJ,15808,DIPUTADOS DISTRITALES,5,2,2,0,1,3,272,272,183,183,4,2,3,5,4,1,6,4,0,23,0,1,122,2,3,3
1,28,0,380,400,15,https://resultados2019.blob.core.windows.net/201901/161023.jpg,OK,0,8,BAJA VERAPAZ,PURULHÁ,16102,DIPUTADOS DISTRITALES,33,2,2,0,1,3,314,314,253,253,5,4,9,20,11,34,9,8,3,118,1,3,11,1,11,5
1,31,0,400,400,15,https://resultados2019.blob.core.windows.net/201901/159723.jpg,OK,0,5,BAJA VERAPAZ,GRANADOS,15972,DIPUTADOS DISTRITALES,10,2,2,0,1,3,300,300,259,259,4,0,0,0,33,2,0,76,3,16,117,1,1,5,1,0
1,32,0,400,400,15,https://resultados2019.blob.core.windows.net/201901/158333.jpg,OK,0,3,BAJA VERAPAZ,RABINAL,15833,DIPUTADOS DISTRITALES,22,2,2,0,1,3,271,271,217,217,4,32,8,18,13,10,14,27,0,19,5,1,11,9,35,11
1,26,0,270,270,15,https://resultados2019.blob.core.windows.net/201901/160113.jpg,OK,0,6,BAJA VERAPAZ,EL CHOL,16011,DIPUTADOS DISTRITALES,3,2,1,0,1,3,205,205,176,176,10,1,4,0,60,1,0,32,1,51,4,0,0,1,11,0
1,24,0,380,380,15,https://resultados2019.blob.core.windows.net/201901/160763.jpg,OK,0,8,BAJA VERAPAZ,PURULHÁ,16076,DIPUTADOS DISTRITALES,31,2,2,0,1,3,259,259,204,204,1,1,4,9,14,26,2,2,2,116,0,0,7,1,4,15
1,21,0,400,400,15,https://resultados2019.blob.core.windows.net/201901/160563.jpg,OK,0,8,BAJA VERAPAZ,PURULHÁ,16056,DIPUTADOS DISTRITALES,13,2,2,0,1,3,266,266,232,232,4,1,7,11,20,19,24,30,1,73,1,0,1,4,28,8
1,32,0,380,380,15,https://resultados2019.blob.core.windows.net/201901/160373.jpg,OK,0,7,BAJA VERAPAZ,SAN JERÓNIMO,16037,DIPUTADOS DISTRITALES,26,2,2,0,1,3,249,249,191,191,34,0,28,2,17,9,6,38,1,14,0,1,3,18,18,2
1,6,0,228,228,15,https://resultados2019.blob.core.windows.net/201901/158053.jpg,OK,0,2,BAJA VERAPAZ,SAN MIGUEL CHICAJ,15805,DIPUTADOS DISTRITALES,4,2,2,0,1,3,166,166,156,156,3,6,4,4,21,5,7,6,0,14,0,2,19,6,6,53
1,8,0,400,400,15,https://resultados2019.blob.core.windows.net/201901/157143.jpg,OK,0,1,BAJA VERAPAZ,SALAMÁ,15714,DIPUTADOS DISTRITALES,24,2,1,0,1,3,242,242,210,210,25,4,12,4,8,19,20,19,3,21,1,1,8,33,24,8
1,70,0,380,380,15,https://resultados2019.blob.core.windows.net/201901/160073.jpg,OK,0,6,BAJA VERAPAZ,EL CHOL,16007,DIPUTADOS DISTRITALES,10,2,2,0,1,3,250,250,170,170,10,3,2,0,36,1,1,47,2,54,0,0,2,0,12,0
0,17,0,400,400,15,https://resultados2019.blob.core.windows.net/201901/158953.jpg,OK,0,4,BAJA VERAPAZ,CUBULCO,15895,DIPUTADOS DISTRITALES,15,2,2,0,1,3,228,225,193,196,17,2,5,3,0,9,1,69,1,25,0,9,0,9,42,1
1,49,0,380,380,15,https://resultados2019.blob.core.windows.net/201901/161013.jpg,OK,0,8,BAJA VERAPAZ,PURULHÁ,16101,DIPUTADOS DISTRITALES,24,2,2,0,1,3,310,310,237,237,7,4,11,38,20,23,4,7,3,76,0,3,10,3,23,5
1,76,0,380,380,15,https://resultados2019.blob.core.windows.net/201901/158103.jpg,OK,0,2,BAJA VERAPAZ,SAN MIGUEL CHICAJ,15810,DIPUTADOS DISTRITALES,3,2,2,0,1,3,311,311,232,232,3,2,3,10,6,3,3,10,1,23,0,0,163,2,1,2
1,37,0,380,380,15,https://resultados2019.blob.core.windows.net/201901/159483.jpg,OK,0,4,BAJA VERAPAZ,CUBULCO,15948,DIPUTADOS DISTRITALES,20,2,2,0,1,3,243,243,186,186,8,3,0,18,7,1,0,78,0,45,1,0,1,1,22,1
1,19,0,400,400,15,https://resultados2019.blob.core.windows.net/201901/157313.jpg,OK,0,1,BAJA VERAPAZ,SALAMÁ,15731,DIPUTADOS DISTRITALES,34,2,2,0,1,3,284,284,231,231,15,1,23,7,6,13,18,27,4,57,0,3,19,21,16,1
1,31,0,380,380,15,https://resultados2019.blob.core.windows.net/201901/159523.jpg,OK,0,4,BAJA VERAPAZ,CUBULCO,15952,DIPUTADOS DISTRITALES,11,2,2,0,1,3,157,157,115,115,42,0,1,1,1,1,2,25,1,9,0,2,3,2,25,0
1,43,0,380,380,15,https://resultados2019.blob.core.windows.net/201901/161033.jpg,OK,0,8,BAJA VERAPAZ,PURULHÁ,16103,DIPUTADOS DISTRITALES,20,2,2,0,1,3,329,329,266,266,6,2,11,29,15,42,5,5,1,112,0,2,8,2,22,4
1,3,0,400,400,15,https://resultados2019.blob.core.windows.net/201901/157123.jpg,OK,0,1,BAJA VERAPAZ,SALAMÁ,15712,DIPUTADOS DISTRITALES,19,2,1,0,1,3,212,212,190,190,26,1,20,10,7,9,16,13,1,23,0,0,4,36,19,5
1,23,0,380,380,15,https://resultados2019.blob.core.windows.net/201901/159243.jpg,OK,0,4,BAJA VERAPAZ,CUBULCO,15924,DIPUTADOS DISTRITALES,7,2,2,0,1,3,163,163,133,133,17,0,1,1,12,2,0,36,1,22,0,1,1,2,37,0
1,41,0,400,400,15,https://resultados2019.blob.core.windows.net/201901/158583.jpg,OK,0,3,BAJA VERAPAZ,RABINAL,15858,DIPUTADOS DISTRITALES,31,2,2,0,1,3,268,268,196,196,14,20,10,18,14,11,1,11,0,38,9,4,6,3,36,1
1,18,0,380,380,15,https://resultados2019.blob.core.windows.net/201901/157723.jpg,OK,0,1,BAJA VERAPAZ,SALAMÁ,15772,DIPUTADOS DISTRITALES,39,2,2,0,1,3,226,226,169,169,18,1,35,25,1,0,2,37,2,21,0,3,14,1,7,2
1,31,0,400,400,15,https://resultados2019.blob.core.windows.net/201901/158613.jpg,OK,0,3,BAJA VERAPAZ,RABINAL,15861,DIPUTADOS DISTRITALES,23,2,2,0,1,3,241,241,187,187,10,17,8,11,24,10,4,10,1,34,2,0,13,3,35,5
1,22,0,400,400,15,https://resultados2019.blob.core.windows.net/201901/157373.jpg,OK,0,1,BAJA VERAPAZ,SALAMÁ,15737,DIPUTADOS DISTRITALES,23,2,2,0,1,3,215,215,170,170,10,1,23,5,4,16,13,16,4,28,2,0,9,17,20,2
1,24,0,223,224,15,https://resultados2019.blob.core.windows.net/201901/161053.jpg,OK,4,8,BAJA VERAPAZ,PURULHÁ,16105,DIPUTADOS DISTRITALES,10,2,2,0,1,3,184,184,150,150,5,1,8,16,2,14,4,7,4,58,1,1,2,2,23,2
1,13,0,400,400,15,https://resultados2019.blob.core.windows.net/201901/157003.jpg,OK,0,1,BAJA VERAPAZ,SALAMÁ,15700,DIPUTADOS DISTRITALES,23,2,1,0,1,3,250,250,214,214,26,0,19,10,7,18,14,23,0,33,1,1,7,21,28,6
1,13,0,323,323,15,https://resultados2019.blob.core.windows.net/201901/160313.jpg,OK,0,7,BAJA VERAPAZ,SAN JERÓNIMO,16031,DIPUTADOS DISTRITALES,7,2,2,0,1,3,215,215,195,195,34,1,4,9,15,16,11,27,2,12,0,2,3,31,26,2
1,46,0,400,400,15,https://resultados2019.blob.core.windows.net/201901/158533.jpg,OK,0,3,BAJA VERAPAZ,RABINAL,15853,DIPUTADOS DISTRITALES,18,2,2,0,1,3,242,242,178,178,10,8,6,20,11,8,10,13,0,34,4,1,18,1,31,3
1,4,0,400,400,15,https://resultados2019.blob.core.windows.net/201901/157163.jpg,OK,0,1,BAJA VERAPAZ,SALAMÁ,15716,DIPUTADOS DISTRITALES,19,2,1,0,1,3,248,248,225,225,16,5,11,9,9,20,17,18,3,33,5,0,5,34,29,11
1,48,0,380,380,15,https://resultados2019.blob.core.windows.net/201901/158673.jpg,OK,0,3,BAJA VERAPAZ,RABINAL,15867,DIPUTADOS DISTRITALES,26,1,2,0,1,3,226,226,152,152,5,11,19,9,8,33,4,9,0,23,3,0,4,3,17,4
1,10,0,600,600,15,https://resultados2019.blob.core.windows.net/201901/157853.jpg,OK,0,1,BAJA VERAPAZ,SALAMÁ,15785,DIPUTADOS DISTRITALES,13,2,2,0,1,3,137,137,114,114,9,1,15,3,1,1,4,12,3,21,1,0,14,12,14,3
1,30,0,248,248,15,https://resultados2019.blob.core.windows.net/201901/158173.jpg,OK,0,2,BAJA VERAPAZ,SAN MIGUEL CHICAJ,15817,DIPUTADOS DISTRITALES,4,2,2,0,1,3,159,159,125,125,0,2,2,8,3,0,3,11,0,4,0,0,86,1,2,3
1,25,0,400,400,15,https://resultados2019.blob.core.windows.net/201901/159113.jpg,OK,0,4,BAJA VERAPAZ,CUBULCO,15911,DIPUTADOS DISTRITALES,17,2,2,0,1,3,263,263,221,221,8,1,5,5,5,10,0,93,1,37,0,1,2,0,51,2
1,1,0,202,202,15,https://resultados2019.blob.core.windows.net/201901/159933.jpg,OK,0,5,BAJA VERAPAZ,GRANADOS,15993,DIPUTADOS DISTRITALES,6,2,2,0,1,3,152,152,145,145,2,0,1,0,54,0,1,29,0,11,43,0,2,2,0,0
1,38,0,400,400,15,https://resultados2019.blob.core.windows.net/201901/160593.jpg,OK,0,8,BAJA VERAPAZ,PURULHÁ,16059,DIPUTADOS DISTRITALES,30,2,2,0,1,3,310,310,242,242,6,2,12,10,17,19,10,24,2,111,1,1,2,4,17,4
1,35,0,380,380,15,https://resultados2019.blob.core.windows.net/201901/158793.jpg,OK,0,3,BAJA VERAPAZ,RABINAL,15879,DIPUTADOS DISTRITALES,24,1,2,0,1,3,224,224,165,165,8,6,10,9,9,8,1,11,0,31,9,0,14,2,44,3
1,26,0,380,380,15,https://resultados2019.blob.core.windows.net/201901/159823.jpg,OK,0,5,BAJA VERAPAZ,GRANADOS,15982,DIPUTADOS DISTRITALES,11,2,2,0,1,3,292,292,255,255,4,0,1,0,16,3,0,68,1,28,133,0,0,0,1,0
1,19,0,222,222,15,https://resultados2019.blob.core.windows.net/201901/160063.jpg,OK,0,6,BAJA VERAPAZ,EL CHOL,16006,DIPUTADOS DISTRITALES,3,2,2,0,1,3,159,159,137,137,8,1,3,1,48,4,3,34,1,23,1,1,0,1,8,0
1,31,0,380,380,15,https://resultados2019.blob.core.windows.net/201901/157683.jpg,OK,0,1,BAJA VERAPAZ,SALAMÁ,15768,DIPUTADOS DISTRITALES,30,1,2,0,1,3,266,266,205,205,37,6,21,5,3,5,6,36,5,58,2,0,5,8,8,0
1,20,0,380,380,15,https://resultados2019.blob.core.windows.net/201901/159603.jpg,OK,0,4,BAJA VERAPAZ,CUBULCO,15960,DIPUTADOS DISTRITALES,17,2,2,0,1,3,219,219,182,182,26,3,2,9,5,1,1,48,0,32,0,2,4,1,47,1
1,13,0,400,400,15,https://resultados2019.blob.core.windows.net/201901/160203.jpg,OK,0,7,BAJA VERAPAZ,SAN JERÓNIMO,16020,DIPUTADOS DISTRITALES,28,2,2,0,1,3,260,260,219,219,16,1,10,6,15,12,12,36,2,25,1,6,5,43,27,2
1,29,0,380,380,15,https://resultados2019.blob.core.windows.net/201901/159863.jpg,OK,0,5,BAJA VERAPAZ,GRANADOS,15986,DIPUTADOS DISTRITALES,19,2,2,0,1,3,282,282,234,234,2,0,2,1,71,1,1,70,0,18,60,0,2,1,5,0
1,30,0,400,400,15,https://resultados2019.blob.core.windows.net/201901/159773.jpg,OK,0,5,BAJA VERAPAZ,GRANADOS,15977,DIPUTADOS DISTRITALES,7,2,2,0,1,3,273,273,236,236,1,0,2,0,36,0,1,67,4,15,102,1,0,6,0,1
1,16,1,380,380,15,https://resultados2019.blob.core.windows.net/201901/157803.jpg,OK,0,1,BAJA VERAPAZ,SALAMÁ,15780,DIPUTADOS DISTRITALES,32,2,2,0,1,3,257,257,209,209,17,2,27,9,2,4,3,15,0,24,0,5,92,3,5,1
1,24,0,302,302,15,https://resultados2019.blob.core.windows.net/201901/160853.jpg,OK,0,8,BAJA VERAPAZ,PURULHÁ,16085,DIPUTADOS DISTRITALES,22,2,2,0,1,3,218,218,172,172,5,0,6,4,9,25,1,4,2,86,1,2,0,2,23,2
1,41,0,380,380,15,https://resultados2019.blob.core.windows.net/201901/160913.jpg,OK,0,8,BAJA VERAPAZ,PURULHÁ,16091,DIPUTADOS DISTRITALES,25,2,2,0,1,3,325,325,259,259,4,1,4,4,23,49,2,8,1,112,0,0,0,3,11,37
1,11,0,400,400,15,https://resultados2019.blob.core.windows.net/201901/157053.jpg,OK,0,1,BAJA VERAPAZ,SALAMÁ,15705,DIPUTADOS DISTRITALES,38,2,1,0,1,3,295,295,246,246,25,2,21,10,9,17,18,20,3,41,1,0,4,41,28,6
1,25,0,380,380,15,https://resultados2019.blob.core.windows.net/201901/159543.jpg,OK,0,4,BAJA VERAPAZ,CUBULCO,15954,DIPUTADOS DISTRITALES,19,2,2,0,1,3,160,160,116,116,36,0,0,2,5,2,1,19,0,14,0,0,1,1,35,0
1,16,0,380,380,15,https://resultados2019.blob.core.windows.net/201901/157813.jpg,OK,0,1,BAJA VERAPAZ,SALAMÁ,15781,DIPUTADOS DISTRITALES,40,2,2,0,1,3,276,276,220,220,24,0,48,13,0,4,12,4,0,21,1,0,85,3,3,2
1,49,0,400,400,15,https://resultados2019.blob.core.windows.net/201901/160603.jpg,OK,0,8,BAJA VERAPAZ,PURULHÁ,16060,DIPUTADOS DISTRITALES,18,2,2,0,1,3,318,318,251,251,5,7,8,8,21,29,6,18,4,112,0,2,2,0,21,8
1,9,0,400,400,15,https://resultados2019.blob.core.windows.net/201901/159213.jpg,OK,0,4,BAJA VERAPAZ,CUBULCO,15921,DIPUTADOS DISTRITALES,10,2,2,0,1,3,227,227,208,208,20,2,6,3,7,2,2,83,0,30,0,2,1,4,45,1
1,12,0,400,400,15,https://resultados2019.blob.core.windows.net/201901/157203.jpg,OK,0,1,BAJA VERAPAZ,SALAMÁ,15720,DIPUTADOS DISTRITALES,17,2,1,0,1,3,244,244,215,215,41,3,17,7,6,9,14,16,0,32,0,2,7,21,33,7
1,8,0,292,292,15,https://resultados2019.blob.core.windows.net/201901/158503.jpg,OK,0,3,BAJA VERAPAZ,RABINAL,15850,DIPUTADOS DISTRITALES,15,2,2,0,1,3,196,196,173,173,9,22,7,12,18,12,12,21,1,8,2,0,4,11,26,8
1,10,0,400,400,15,https://resultados2019.blob.core.windows.net/201901/157033.jpg,OK,0,1,BAJA VERAPAZ,SALAMÁ,15703,DIPUTADOS DISTRITALES,19,2,1,0,1,3,259,259,230,230,15,2,20,10,6,21,15,22,4,39,2,0,7,27,32,8
1,21,0,400,400,15,https://resultados2019.blob.core.windows.net/201901/159693.jpg,OK,1,5,BAJA VERAPAZ,GRANADOS,15969,DIPUTADOS DISTRITALES,14,2,2,0,1,3,287,287,252,252,4,1,0,1,42,1,1,85,1,19,90,0,0,3,2,2
1,21,0,338,338,15,https://resultados2019.blob.core.windows.net/201901/159343.jpg,OK,0,4,BAJA VERAPAZ,CUBULCO,15934,DIPUTADOS DISTRITALES,23,2,2,0,1,3,207,207,163,163,39,1,1,0,2,10,1,36,0,25,0,0,4,1,43,0
1,13,0,353,353,15,https://resultados2019.blob.core.windows.net/201901/158653.jpg,OK,0,3,BAJA VERAPAZ,RABINAL,15865,DIPUTADOS DISTRITALES,13,2,2,0,1,3,180,180,154,154,8,14,1,20,13,12,4,18,2,14,2,1,16,6,22,1
1,54,0,380,380,15,https://resultados2019.blob.core.windows.net/201901/158753.jpg,OK,0,3,BAJA VERAPAZ,RABINAL,15875,DIPUTADOS DISTRITALES,19,2,2,0,1,3,279,279,206,206,16,10,9,13,4,7,2,36,2,35,5,2,8,3,53,1
1,26,0,282,282,15,https://resultados2019.blob.core.windows.net/201901/160733.jpg,OK,0,8,BAJA VERAPAZ,PURULHÁ,16073,DIPUTADOS DISTRITALES,5,2,2,0,1,3,169,169,138,138,0,3,3,20,6,9,1,2,0,71,0,0,7,0,14,2
1,13,0,369,369,15,https://resultados2019.blob.core.windows.net/201901/160423.jpg,OK,0,7,BAJA VERAPAZ,SAN JERÓNIMO,16042,DIPUTADOS DISTRITALES,7,2,2,0,1,3,206,206,186,186,43,0,17,3,19,12,9,32,2,15,2,2,0,14,15,1
1,22,0,380,380,15,https://resultados2019.blob.core.windows.net/201901/159333.jpg,OK,0,4,BAJA VERAPAZ,CUBULCO,15933,DIPUTADOS DISTRITALES,17,2,2,0,1,3,205,205,166,166,37,1,0,0,0,9,0,47,1,22,0,0,0,3,46,0
1,10,0,380,380,15,https://resultados2019.blob.core.windows.net/201901/157823.jpg,OK,0,1,BAJA VERAPAZ,SALAMÁ,15782,DIPUTADOS DISTRITALES,28,2,2,0,1,3,284,284,246,246,32,0,44,13,2,5,12,6,1,23,1,2,95,1,6,3
1,13,0,400,400,15,https://resultados2019.blob.core.windows.net/201901/159153.jpg,OK,1,4,BAJA VERAPAZ,CUBULCO,15915,DIPUTADOS DISTRITALES,24,2,2,0,1,3,257,257,220,220,22,3,8,14,3,0,1,58,0,40,0,3,4,5,57,2
1,15,0,316,316,15,https://resultados2019.blob.core.windows.net/201901/158873.jpg,OK,0,3,BAJA VERAPAZ,RABINAL,15887,DIPUTADOS DISTRITALES,8,1,2,0,1,3,123,123,100,100,2,2,3,12,9,2,4,11,0,17,1,0,6,2,29,0
1,82,0,380,380,15,https://resultados2019.blob.core.windows.net/201901/158073.jpg,OK,0,2,BAJA VERAPAZ,SAN MIGUEL CHICAJ,15807,DIPUTADOS DISTRITALES,12,2,2,0,1,3,259,259,165,165,4,2,2,5,3,3,5,11,2,11,0,0,110,2,5,0
1,43,0,400,400,15,https://resultados2019.blob.core.windows.net/201901/160553.jpg,OK,0,8,BAJA VERAPAZ,PURULHÁ,16055,DIPUTADOS DISTRITALES,20,2,2,0,1,3,275,275,212,212,6,3,9,8,16,13,28,17,2,78,0,1,5,5,17,4
1,80,0,380,380,15,https://resultados2019.blob.core.windows.net/201901/160093.jpg,OK,0,6,BAJA VERAPAZ,EL CHOL,16009,DIPUTADOS DISTRITALES,7,2,1,0,1,3,250,250,163,163,6,3,3,0,32,2,1,43,2,49,0,1,0,3,18,0
1,43,0,400,400,15,https://resultados2019.blob.core.windows.net/201901/160533.jpg,OK,0,8,BAJA VERAPAZ,PURULHÁ,16053,DIPUTADOS DISTRITALES,23,2,2,0,1,3,274,274,208,208,3,2,11,13,16,19,17,15,2,68,0,1,3,9,22,7
1,7,0,400,400,15,https://resultados2019.blob.core.windows.net/201901/157153.jpg,OK,0,1,BAJA VERAPAZ,SALAMÁ,15715,DIPUTADOS DISTRITALES,20,2,1,0,1,3,241,241,214,214,38,2,16,5,15,18,6,18,2,21,1,4,12,29,23,4
1,7,0,263,263,15,https://resultados2019.blob.core.windows.net/201901/158783.jpg,OK,0,3,BAJA VERAPAZ,RABINAL,15878,DIPUTADOS DISTRITALES,4,2,2,0,1,3,130,130,119,119,5,4,5,11,4,10,3,17,0,22,1,2,8,3,24,0
1,38,0,380,380,15,https://resultados2019.blob.core.windows.net/201901/159583.jpg,OK,0,4,BAJA VERAPAZ,CUBULCO,15958,DIPUTADOS DISTRITALES,22,2,2,0,1,3,263,263,203,203,6,1,3,17,17,1,1,60,1,19,2,2,6,2,60,5
1,5,0,203,203,15,https://resultados2019.blob.core.windows.net/201901/157363.jpg,OK,0,1,BAJA VERAPAZ,SALAMÁ,15736,DIPUTADOS DISTRITALES,4,2,2,0,1,3,97,97,88,88,8,1,10,2,1,3,7,9,1,17,1,2,4,8,13,1
1,20,0,347,347,15,https://resultados2019.blob.core.windows.net/201901/159553.jpg,OK,12,4,BAJA VERAPAZ,CUBULCO,15955,DIPUTADOS DISTRITALES,3,2,2,0,1,3,103,103,80,80,35,0,0,1,1,0,0,15,1,5,0,1,3,1,17,0
1,22,0,369,369,15,https://resultados2019.blob.core.windows.net/201901/160413.jpg,OK,0,7,BAJA VERAPAZ,SAN JERÓNIMO,16041,DIPUTADOS DISTRITALES,10,2,2,0,1,3,217,217,185,185,36,2,16,6,17,4,5,40,1,16,1,1,4,17,19,0
1,46,0,400,400,15,https://resultados2019.blob.core.windows.net/201901/160483.jpg,OK,0,8,BAJA VERAPAZ,PURULHÁ,16048,DIPUTADOS DISTRITALES,26,2,2,0,1,3,328,328,256,256,6,3,11,8,29,22,10,27,5,95,5,0,4,3,19,9
1,4,0,203,203,15,https://resultados2019.blob.core.windows.net/201901/159923.jpg,OK,0,5,BAJA VERAPAZ,GRANADOS,15992,DIPUTADOS DISTRITALES,3,2,2,0,1,3,157,157,150,150,0,0,1,0,68,0,0,32,1,7,38,0,0,1,1,1
1,47,0,400,400,15,https://resultados2019.blob.core.windows.net/201901/157903.jpg,OK,0,2,BAJA VERAPAZ,SAN MIGUEL CHICAJ,15790,DIPUTADOS DISTRITALES,9,2,2,0,1,3,257,257,201,201,7,7,8,16,20,3,11,9,1,29,0,2,21,8,9,50
1,35,0,380,380,15,https://resultados2019.blob.core.windows.net/201901/159573.jpg,OK,0,4,BAJA VERAPAZ,CUBULCO,15957,DIPUTADOS DISTRITALES,16,2,2,0,1,3,217,217,166,166,13,2,3,15,10,2,0,41,0,23,0,0,2,1,53,1
1,40,0,380,380,15,https://resultados2019.blob.core.windows.net/201901/160383.jpg,OK,0,7,BAJA VERAPAZ,SAN JERÓNIMO,16038,DIPUTADOS DISTRITALES,27,2,2,0,1,3,272,272,205,205,35,2,28,1,20,5,6,57,1,21,1,3,0,7,14,4
1,7,0,571,571,15,https://resultados2019.blob.core.windows.net/201901/159673.jpg,OK,0,4,BAJA VERAPAZ,CUBULCO,15967,DIPUTADOS DISTRITALES,6,2,2,0,1,3,75,75,62,62,10,0,2,0,2,1,0,21,1,11,1,0,0,2,11,0
1,5,0,264,264,15,https://resultados2019.blob.core.windows.net/201901/159423.jpg,OK,0,4,BAJA VERAPAZ,CUBULCO,15942,DIPUTADOS DISTRITALES,6,2,2,0,1,3,141,141,130,130,16,0,0,8,16,1,1,54,0,7,2,0,0,2,22,1
1,4,0,313,313,15,https://resultados2019.blob.core.windows.net/201901/159233.jpg,OK,0,4,BAJA VERAPAZ,CUBULCO,15923,DIPUTADOS DISTRITALES,11,2,2,0,1,3,145,145,130,130,11,1,7,5,5,4,0,48,0,19,0,0,0,4,25,1
1,5,0,265,265,15,https://resultados2019.blob.core.windows.net/201901/160993.jpg,OK,0,8,BAJA VERAPAZ,PURULHÁ,16099,DIPUTADOS DISTRITALES,17,2,2,0,1,3,152,152,130,130,0,0,1,6,6,2,2,0,0,82,0,0,20,1,8,2
1,46,0,400,400,15,https://resultados2019.blob.core.windows.net/201901/157953.jpg,OK,0,2,BAJA VERAPAZ,SAN MIGUEL CHICAJ,15795,DIPUTADOS DISTRITALES,17,2,2,0,1,3,310,310,247,247,8,12,8,20,20,2,6,9,1,47,3,1,44,2,13,51
1,7,0,400,400,15,https://resultados2019.blob.core.windows.net/201901/157183.jpg,OK,0,1,BAJA VERAPAZ,SALAMÁ,15718,DIPUTADOS DISTRITALES,16,2,1,0,1,3,258,258,235,235,17,4,22,7,5,20,14,18,3,30,1,0,4,52,30,8
1,13,0,400,400,15,https://resultados2019.blob.core.windows.net/201901/157023.jpg,OK,0,1,BAJA VERAPAZ,SALAMÁ,15702,DIPUTADOS DISTRITALES,22,2,1,0,1,3,265,265,230,230,24,2,21,11,7,12,14,19,2,26,0,0,10,47,27,8
1,18,0,400,400,15,https://resultados2019.blob.core.windows.net/201901/159193.jpg,OK,2,4,BAJA VERAPAZ,CUBULCO,15919,DIPUTADOS DISTRITALES,12,2,2,0,1,3,202,202,172,172,21,1,9,6,4,8,1,76,1,15,0,1,3,1,25,0
1,22,0,400,400,15,https://resultados2019.blob.core.windows.net/201901/157303.jpg,OK,9,1,BAJA VERAPAZ,SALAMÁ,15730,DIPUTADOS DISTRITALES,12,2,2,0,1,3,234,234,200,200,16,2,14,4,5,12,16,22,2,61,0,3,9,13,21,0
1,13,0,400,400,15,https://resultados2019.blob.core.windows.net/201901/157223.jpg,OK,0,1,BAJA VERAPAZ,SALAMÁ,15722,DIPUTADOS DISTRITALES,32,2,1,0,1,3,250,250,205,205,19,2,24,10,3,11,7,20,2,31,3,0,3,36,27,7
1,60,0,380,380,15,https://resultados2019.blob.core.windows.net/201901/158803.jpg,OK,0,3,BAJA VERAPAZ,RABINAL,15880,DIPUTADOS DISTRITALES,30,1,2,0,1,3,248,248,158,158,8,5,15,10,9,7,3,10,0,39,6,1,9,3,31,2
1,54,0,400,397,15,https://resultados2019.blob.core.windows.net/201901/160473.jpg,OK,0,8,BAJA VERAPAZ,PURULHÁ,16047,DIPUTADOS DISTRITALES,33,2,2,0,1,3,313,313,226,226,8,4,13,7,33,8,13,10,1,71,0,2,5,5,31,15
1,31,0,400,400,15,https://resultados2019.blob.core.windows.net/201901/159103.jpg,OK,0,4,BAJA VERAPAZ,CUBULCO,15910,DIPUTADOS DISTRITALES,15,2,2,0,1,3,257,257,211,211,28,1,5,10,9,4,1,83,2,25,0,0,1,1,39,2
1,33,0,400,400,15,https://resultados2019.blob.core.windows.net/201901/158523.jpg,OK,0,3,BAJA VERAPAZ,RABINAL,15852,DIPUTADOS DISTRITALES,16,2,2,0,1,3,235,235,186,186,7,16,6,17,12,16,2,11,2,33,3,0,13,2,38,8
1,12,0,400,400,15,https://resultados2019.blob.core.windows.net/201901/157393.jpg,OK,0,1,BAJA VERAPAZ,SALAMÁ,15739,DIPUTADOS DISTRITALES,20,2,2,0,1,3,217,217,185,185,18,1,24,3,1,14,19,19,0,34,1,0,8,15,24,4
1,9,0,380,380,15,https://resultados2019.blob.core.windows.net/201901/159903.jpg,OK,0,5,BAJA VERAPAZ,GRANADOS,15990,DIPUTADOS DISTRITALES,11,2,2,0,1,3,249,249,229,229,3,2,2,0,80,1,0,71,1,12,52,2,0,0,2,1
1,39,0,400,400,15,https://resultados2019.blob.core.windows.net/201901/158283.jpg,OK,1,2,BAJA VERAPAZ,SAN MIGUEL CHICAJ,15828,DIPUTADOS DISTRITALES,5,2,2,0,1,3,267,267,223,223,3,6,3,8,1,11,1,4,1,13,0,1,164,0,2,5
1,34,0,380,380,15,https://resultados2019.blob.core.windows.net/201901/161043.jpg,OK,0,8,BAJA VERAPAZ,PURULHÁ,16104,DIPUTADOS DISTRITALES,20,2,2,0,1,3,282,282,228,228,6,1,9,36,13,34,8,7,5,66,1,1,6,1,33,1
1,6,0,400,400,15,https://resultados2019.blob.core.windows.net/201901/157133.jpg,OK,0,1,BAJA VERAPAZ,SALAMÁ,15713,DIPUTADOS DISTRITALES,24,2,1,0,1,3,248,248,218,218,32,2,16,7,10,17,15,23,1,30,2,0,6,29,21,7
1,26,0,222,222,15,https://resultados2019.blob.core.windows.net/201901/161063.jpg,OK,0,8,BAJA VERAPAZ,PURULHÁ,16106,DIPUTADOS DISTRITALES,8,2,2,0,1,3,162,162,128,128,2,1,6,17,9,23,1,1,0,49,0,0,3,1,13,2
1,21,0,466,466,15,https://resultados2019.blob.core.windows.net/201901/160443.jpg,OK,0,7,BAJA VERAPAZ,SAN JERÓNIMO,16044,DIPUTADOS DISTRITALES,12,2,2,0,1,3,150,150,117,117,13,0,4,5,4,2,2,22,0,16,2,1,2,20,23,1
1,22,0,380,380,15,https://resultados2019.blob.core.windows.net/201901/157603.jpg,OK,0,1,BAJA VERAPAZ,SALAMÁ,15760,DIPUTADOS DISTRITALES,14,2,1,0,1,3,163,163,127,127,4,4,8,23,5,6,8,32,1,17,4,0,5,3,6,1
1,36,0,380,380,15,https://resultados2019.blob.core.windows.net/201901/159363.jpg,OK,0,4,BAJA VERAPAZ,CUBULCO,15936,DIPUTADOS DISTRITALES,25,2,2,0,1,3,270,270,209,209,26,0,4,8,15,5,1,87,0,30,0,0,2,3,28,0
1,50,0,400,400,15,https://resultados2019.blob.core.windows.net/201901/157943.jpg,OK,0,2,BAJA VERAPAZ,SAN MIGUEL CHICAJ,15794,DIPUTADOS DISTRITALES,9,2,2,0,1,3,291,291,232,232,13,6,8,7,20,3,8,17,4,38,1,2,21,5,7,72
1,46,0,380,380,15,https://resultados2019.blob.core.windows.net/201901/158703.jpg,OK,0,3,BAJA VERAPAZ,RABINAL,15870,DIPUTADOS DISTRITALES,31,1,2,0,1,3,235,235,158,158,7,5,20,1,10,46,6,5,0,27,1,0,2,3,22,3
1,16,0,323,323,15,https://resultados2019.blob.core.windows.net/201901/160303.jpg,OK,0,7,BAJA VERAPAZ,SAN JERÓNIMO,16030,DIPUTADOS DISTRITALES,8,2,2,0,1,3,181,181,157,157,27,1,13,11,6,9,4,26,1,7,0,2,5,26,16,3
1,13,0,400,400,15,https://resultados2019.blob.core.windows.net/201901/158393.jpg,OK,0,3,BAJA VERAPAZ,RABINAL,15839,DIPUTADOS DISTRITALES,26,2,2,0,1,3,252,252,213,213,17,24,6,18,21,18,8,21,2,16,5,1,5,6,36,9
1,19,0,380,380,15,https://resultados2019.blob.core.windows.net/201901/159253.jpg,OK,0,4,BAJA VERAPAZ,CUBULCO,15925,DIPUTADOS DISTRITALES,15,2,2,0,1,3,179,179,145,145,18,0,3,2,16,2,0,48,1,21,0,4,1,0,29,0
1,42,0,400,400,15,https://resultados2019.blob.core.windows.net/201901/160623.jpg,OK,0,8,BAJA VERAPAZ,PURULHÁ,16062,DIPUTADOS DISTRITALES,21,2,2,0,1,3,314,314,251,251,6,4,5,12,30,17,3,11,2,133,1,2,2,0,20,3
1,9,0,264,264,15,https://resultados2019.blob.core.windows.net/201901/159413.jpg,OK,0,4,BAJA VERAPAZ,CUBULCO,15941,DIPUTADOS DISTRITALES,14,2,2,0,1,3,156,156,133,133,24,1,0,1,9,5,1,50,0,17,0,0,3,2,20,0
1,19,0,400,400,15,https://resultados2019.blob.core.windows.net/201901/160283.jpg,OK,0,7,BAJA VERAPAZ,SAN JERÓNIMO,16028,DIPUTADOS DISTRITALES,12,2,2,0,1,3,234,234,203,203,36,1,2,14,7,12,11,44,1,29,0,2,2,28,12,2
1,23,0,400,399,15,https://resultados2019.blob.core.windows.net/201901/160133.jpg,OK,40,7,BAJA VERAPAZ,SAN JERÓNIMO,16013,DIPUTADOS DISTRITALES,17,2,2,0,1,3,244,244,204,204,19,1,12,2,16,5,12,50,5,19,1,4,3,26,27,2
1,9,0,380,380,15,https://resultados2019.blob.core.windows.net/201901/160963.jpg,OK,0,8,BAJA VERAPAZ,PURULHÁ,16096,DIPUTADOS DISTRITALES,29,2,2,0,1,3,251,251,213,213,1,0,1,3,4,6,2,1,1,137,0,2,29,1,9,16
1,42,0,400,400,15,https://resultados2019.blob.core.windows.net/201901/160273.jpg,OK,0,7,BAJA VERAPAZ,SAN JERÓNIMO,16027,DIPUTADOS DISTRITALES,19,2,2,0,1,3,293,293,232,232,59,1,9,6,8,9,6,51,2,21,2,3,6,26,21,2
1,5,0,400,400,15,https://resultados2019.blob.core.windows.net/201901/156993.jpg,OK,0,1,BAJA VERAPAZ,SALAMÁ,15699,DIPUTADOS DISTRITALES,18,2,1,0,1,3,273,273,250,250,34,2,19,11,9,19,14,22,2,36,2,5,3,36,31,5
1,15,0,400,400,15,https://resultados2019.blob.core.windows.net/201901/160213.jpg,OK,0,7,BAJA VERAPAZ,SAN JERÓNIMO,16021,DIPUTADOS DISTRITALES,9,2,2,0,1,3,239,239,215,215,19,2,8,1,7,11,2,40,1,33,1,5,2,45,30,8
1,8,0,400,400,15,https://resultados2019.blob.core.windows.net/201901/157063.jpg,OK,0,1,BAJA VERAPAZ,SALAMÁ,15706,DIPUTADOS DISTRITALES,26,2,1,0,1,3,283,283,249,249,25,3,18,10,11,22,14,22,0,46,0,3,8,28,33,6
1,29,0,600,600,15,https://resultados2019.blob.core.windows.net/201901/158883.jpg,OK,0,3,BAJA VERAPAZ,RABINAL,15888,DIPUTADOS DISTRITALES,18,2,2,0,1,3,156,156,109,109,5,4,5,8,14,9,4,10,0,17,3,0,5,3,20,2
1,33,0,380,380,15,https://resultados2019.blob.core.windows.net/201901/160333.jpg,OK,0,7,BAJA VERAPAZ,SAN JERÓNIMO,16033,DIPUTADOS DISTRITALES,31,2,2,0,1,3,285,285,221,221,44,0,12,11,14,3,31,32,1,27,0,4,2,11,28,1
1,11,0,380,380,15,https://resultados2019.blob.core.windows.net/201901/159263.jpg,OK,0,4,BAJA VERAPAZ,CUBULCO,15926,DIPUTADOS DISTRITALES,18,2,2,0,1,3,159,159,130,130,14,0,8,0,10,1,0,17,0,34,0,1,0,2,42,1
1,10,0,400,400,15,https://resultados2019.blob.core.windows.net/201901/158403.jpg,OK,0,3,BAJA VERAPAZ,RABINAL,15840,DIPUTADOS DISTRITALES,18,2,2,0,1,3,236,236,208,208,12,29,2,11,25,13,14,35,1,13,0,1,12,8,22,10
1,59,0,400,400,15,https://resultados2019.blob.core.windows.net/201901/157983.jpg,OK,0,2,BAJA VERAPAZ,SAN MIGUEL CHICAJ,15798,DIPUTADOS DISTRITALES,15,2,2,0,1,3,327,327,253,253,12,2,6,15,28,8,5,16,0,46,0,0,32,8,9,66
1,14,0,380,380,15,https://resultados2019.blob.core.windows.net/201901/160983.jpg,OK,0,8,BAJA VERAPAZ,PURULHÁ,16098,DIPUTADOS DISTRITALES,20,2,2,0,1,3,217,217,183,183,0,0,7,5,2,4,1,3,2,114,1,0,25,0,4,15
1,32,0,400,400,15,https://resultados2019.blob.core.windows.net/201901/159733.jpg,OK,0,5,BAJA VERAPAZ,GRANADOS,15973,DIPUTADOS DISTRITALES,13,2,2,0,1,3,319,319,274,274,5,1,4,0,48,0,0,71,2,26,113,0,1,2,0,1
1,28,0,380,380,15,https://resultados2019.blob.core.windows.net/201901/160713.jpg,OK,0,8,BAJA VERAPAZ,PURULHÁ,16071,DIPUTADOS DISTRITALES,33,2,2,0,1,3,268,268,207,207,3,2,6,38,12,17,0,3,1,97,0,2,3,3,12,8
1,16,0,400,400,15,https://resultados2019.blob.core.windows.net/201901/160163.jpg,OK,0,7,BAJA VERAPAZ,SAN JERÓNIMO,16016,DIPUTADOS DISTRITALES,24,2,2,0,1,3,266,266,226,226,26,0,17,7,10,8,5,62,2,16,1,7,3,37,21,4
1,9,0,571,571,15,https://resultados2019.blob.core.windows.net/201901/159683.jpg,OK,0,4,BAJA VERAPAZ,CUBULCO,15968,DIPUTADOS DISTRITALES,3,2,2,0,1,3,71,71,59,59,5,0,0,5,1,0,0,22,0,13,0,0,0,2,11,0
1,18,0,466,466,15,https://resultados2019.blob.core.windows.net/201901/160433.jpg,OK,0,7,BAJA VERAPAZ,SAN JERÓNIMO,16043,DIPUTADOS DISTRITALES,20,2,2,0,1,3,159,159,121,121,13,1,14,5,3,8,7,25,2,9,1,2,0,15,13,3
1,28,0,380,380,15,https://resultados2019.blob.core.windows.net/201901/159303.jpg,OK,0,4,BAJA VERAPAZ,CUBULCO,15930,DIPUTADOS DISTRITALES,16,2,2,0,1,3,278,278,234,234,57,1,1,1,1,11,2,68,0,40,0,2,4,1,44,1
1,14,0,400,400,15,https://resultados2019.blob.core.windows.net/201901/159003.jpg,OK,0,4,BAJA VERAPAZ,CUBULCO,15900,DIPUTADOS DISTRITALES,12,2,2,0,1,3,237,237,211,211,25,1,3,3,5,9,1,84,1,35,0,1,5,10,28,0
1,30,0,400,400,15,https://resultados2019.blob.core.windows.net/201901/160243.jpg,OK,0,7,BAJA VERAPAZ,SAN JERÓNIMO,16024,DIPUTADOS DISTRITALES,21,2,2,0,1,3,272,272,221,221,45,0,10,19,6,8,8,46,0,28,1,1,3,19,25,2
1,17,0,400,400,15,https://resultados2019.blob.core.windows.net/201901/157383.jpg,OK,0,1,BAJA VERAPAZ,SALAMÁ,15738,DIPUTADOS DISTRITALES,32,2,2,0,1,3,240,240,191,191,12,3,15,2,3,10,24,11,4,50,1,1,10,13,28,4
1,18,0,243,243,15,https://resultados2019.blob.core.windows.net/201901/158823.jpg,OK,0,3,BAJA VERAPAZ,RABINAL,15882,DIPUTADOS DISTRITALES,10,1,2,0,1,3,115,115,87,87,7,7,8,6,9,6,1,9,0,16,3,0,0,2,12,1
0,37,0,400,400,15,https://resultados2019.blob.core.windows.net/201901/158033.jpg,OK,0,2,BAJA VERAPAZ,SAN MIGUEL CHICAJ,15803,DIPUTADOS DISTRITALES,10,2,2,0,1,3,266,266,219,249,8,3,5,11,23,3,8,6,1,37,1,1,27,7,12,66
1,49,0,400,400,15,https://resultados2019.blob.core.windows.net/201901/157933.jpg,OK,0,2,BAJA VERAPAZ,SAN MIGUEL CHICAJ,15793,DIPUTADOS DISTRITALES,11,2,2,0,1,3,338,338,278,278,12,5,7,7,28,6,5,10,2,54,4,0,23,11,14,90
1,20,0,196,196,15,https://resultados2019.blob.core.windows.net/201901/160693.jpg,OK,0,8,BAJA VERAPAZ,PURULHÁ,16069,DIPUTADOS DISTRITALES,7,2,2,0,1,3,134,134,107,107,4,2,1,1,7,8,3,3,0,53,0,3,1,1,17,3
1,7,0,352,352,15,https://resultados2019.blob.core.windows.net/201901/158663.jpg,OK,0,3,BAJA VERAPAZ,RABINAL,15866,DIPUTADOS DISTRITALES,7,2,2,0,1,3,183,183,169,169,7,15,5,15,17,17,5,14,0,23,0,0,14,3,29,5
1,10,0,400,400,15,https://resultados2019.blob.core.windows.net/201901/157103.jpg,OK,0,1,BAJA VERAPAZ,SALAMÁ,15710,DIPUTADOS DISTRITALES,20,2,1,0,1,3,268,268,238,238,26,2,16,7,7,15,16,26,0,40,2,1,9,32,33,6
1,59,0,400,400,15,https://resultados2019.blob.core.windows.net/201901/160613.jpg,OK,0,8,BAJA VERAPAZ,PURULHÁ,16061,DIPUTADOS DISTRITALES,14,2,2,0,1,3,359,359,286,286,6,4,13,12,14,17,6,22,0,148,1,2,2,1,31,7
1,29,0,400,400,15,https://resultados2019.blob.core.windows.net/201901/160143.jpg,OK,0,7,BAJA VERAPAZ,SAN JERÓNIMO,16014,DIPUTADOS DISTRITALES,18,2,2,0,1,3,271,271,224,224,21,2,13,2,11,4,12,41,5,21,2,8,4,43,31,4
1,30,0,380,380,15,https://resultados2019.blob.core.windows.net/201901/160923.jpg,OK,0,8,BAJA VERAPAZ,PURULHÁ,16092,DIPUTADOS DISTRITALES,26,2,2,0,1,3,302,302,246,246,3,1,13,3,36,47,2,3,1,87,0,1,4,0,20,25
1,29,0,400,400,15,https://resultados2019.blob.core.windows.net/201901/159753.jpg,OK,0,5,BAJA VERAPAZ,GRANADOS,15975,DIPUTADOS DISTRITALES,29,2,2,0,1,3,314,314,256,256,2,0,3,0,52,0,0,77,2,14,95,1,0,6,3,1
1,41,0,400,400,15,https://resultados2019.blob.core.windows.net/201901/158573.jpg,OK,0,3,BAJA VERAPAZ,RABINAL,15857,DIPUTADOS DISTRITALES,19,2,2,0,1,3,254,254,194,194,13,18,6,7,16,15,3,17,0,40,4,1,17,3,29,5
1,20,0,400,400,15,https://resultados2019.blob.core.windows.net/201901/158923.jpg,OK,0,4,BAJA VERAPAZ,CUBULCO,15892,DIPUTADOS DISTRITALES,22,2,2,0,1,3,245,245,203,203,20,0,5,17,5,4,0,73,1,40,0,1,0,6,27,4
1,28,0,270,270,15,https://resultados2019.blob.core.windows.net/201901/160103.jpg,OK,0,6,BAJA VERAPAZ,EL CHOL,16010,DIPUTADOS DISTRITALES,5,2,1,0,1,3,177,177,144,144,4,1,5,0,45,4,1,30,3,34,1,2,0,4,8,2
1,26,0,363,363,15,https://resultados2019.blob.core.windows.net/201901/160903.jpg,OK,0,8,BAJA VERAPAZ,PURULHÁ,16090,DIPUTADOS DISTRITALES,18,2,2,0,1,3,268,268,224,224,5,1,11,15,9,24,4,1,0,106,1,0,4,3,25,15
1,15,0,400,400,15,https://resultados2019.blob.core.windows.net/201901/157193.jpg,OK,0,1,BAJA VERAPAZ,SALAMÁ,15719,DIPUTADOS DISTRITALES,20,2,1,0,1,3,256,256,221,221,29,0,10,12,2,12,14,19,0,34,0,1,9,39,32,8
1,25,0,380,380,15,https://resultados2019.blob.core.windows.net/201901/159643.jpg,OK,0,4,BAJA VERAPAZ,CUBULCO,15964,DIPUTADOS DISTRITALES,23,2,2,0,1,3,214,214,166,166,10,0,0,2,8,4,1,35,0,16,0,0,0,1,88,1
1,23,0,365,365,15,https://resultados2019.blob.core.windows.net/201901/157653.jpg,OK,0,1,BAJA VERAPAZ,SALAMÁ,15765,DIPUTADOS DISTRITALES,11,2,2,0,1,3,185,185,151,151,7,0,7,34,4,4,5,52,3,19,1,0,5,4,6,0
1,18,0,400,400,15,https://resultados2019.blob.core.windows.net/201901/157213.jpg,OK,0,1,BAJA VERAPAZ,SALAMÁ,15721,DIPUTADOS DISTRITALES,14,2,1,0,1,3,265,265,233,233,28,3,14,8,3,22,13,29,1,36,1,1,6,35,31,2
1,22,0,400,400,15,https://resultados2019.blob.core.windows.net/201901/158643.jpg,OK,0,3,BAJA VERAPAZ,RABINAL,15864,DIPUTADOS DISTRITALES,14,2,2,0,1,3,216,216,180,180,3,19,4,7,12,16,1,20,1,28,1,2,20,6,33,7
1,27,0,400,400,15,https://resultados2019.blob.core.windows.net/201901/157323.jpg,OK,0,1,BAJA VERAPAZ,SALAMÁ,15732,DIPUTADOS DISTRITALES,25,2,2,0,1,3,267,267,215,215,22,0,35,5,3,10,7,37,0,46,0,1,18,13,18,0
1,21,0,400,400,15,https://resultados2019.blob.core.windows.net/201901/159133.jpg,OK,6,4,BAJA VERAPAZ,CUBULCO,15913,DIPUTADOS DISTRITALES,17,2,2,0,1,3,233,233,195,195,18,0,2,7,5,14,1,52,0,30,1,3,3,4,52,3
1,27,0,380,380,15,https://resultados2019.blob.core.windows.net/201901/159593.jpg,OK,0,4,BAJA VERAPAZ,CUBULCO,15959,DIPUTADOS DISTRITALES,24,2,2,0,1,3,231,231,180,180,9,0,1,15,14,2,0,43,2,34,0,1,4,2,52,1
1,27,0,400,400,15,https://resultados2019.blob.core.windows.net/201901/158013.jpg,OK,5,2,BAJA VERAPAZ,SAN MIGUEL CHICAJ,15801,DIPUTADOS DISTRITALES,13,2,2,0,1,3,271,271,231,231,6,6,8,12,14,4,11,12,2,42,2,0,31,11,9,61
1,42,0,400,400,15,https://resultados2019.blob.core.windows.net/201901/160513.jpg,OK,0,8,BAJA VERAPAZ,PURULHÁ,16051,DIPUTADOS DISTRITALES,28,2,2,0,1,3,281,281,211,211,6,3,5,10,16,18,17,12,4,73,1,2,2,5,32,5
1,31,0,380,0,15,https://resultados2019.blob.core.windows.net/201901/159533.jpg,OK,0,4,BAJA VERAPAZ,CUBULCO,15953,DIPUTADOS DISTRITALES,18,2,2,0,1,3,198,198,149,149,58,0,5,1,1,5,0,20,0,12,2,0,1,1,40,3
1,28,0,400,400,15,https://resultados2019.blob.core.windows.net/201901/158473.jpg,OK,0,3,BAJA VERAPAZ,RABINAL,15847,DIPUTADOS DISTRITALES,14,2,2,0,1,3,246,246,204,204,10,37,2,18,9,9,13,33,2,18,1,0,5,13,25,9
1,53,0,400,400,15,https://resultados2019.blob.core.windows.net/201901/158243.jpg,OK,0,2,BAJA VERAPAZ,SAN MIGUEL CHICAJ,15824,DIPUTADOS DISTRITALES,27,2,2,0,1,3,295,295,215,215,1,2,1,9,2,11,3,4,2,8,1,2,162,0,4,3
1,12,0,380,380,15,https://resultados2019.blob.core.windows.net/201901/159383.jpg,OK,0,4,BAJA VERAPAZ,CUBULCO,15938,DIPUTADOS DISTRITALES,30,2,2,0,1,3,236,236,194,194,27,1,1,6,37,1,1,48,0,41,2,0,2,5,22,0
1,21,0,400,400,15,https://resultados2019.blob.core.windows.net/201901/159203.jpg,OK,0,4,BAJA VERAPAZ,CUBULCO,15920,DIPUTADOS DISTRITALES,13,2,2,0,1,3,197,197,163,163,18,2,8,9,7,6,1,64,1,14,1,1,2,8,20,1
1,24,0,326,326,15,https://resultados2019.blob.core.windows.net/201901/159613.jpg,OK,0,4,BAJA VERAPAZ,CUBULCO,15961,DIPUTADOS DISTRITALES,16,2,2,0,1,3,175,175,135,135,8,1,0,13,6,1,0,31,0,26,0,1,4,0,43,1
1,11,0,400,400,15,https://resultados2019.blob.core.windows.net/201901/157233.jpg,OK,0,1,BAJA VERAPAZ,SALAMÁ,15723,DIPUTADOS DISTRITALES,19,2,1,0,1,3,236,236,206,206,18,1,20,14,5,14,10,21,0,31,0,3,5,32,27,5
1,62,0,380,380,15,https://resultados2019.blob.core.windows.net/201901/158153.jpg,OK,0,2,BAJA VERAPAZ,SAN MIGUEL CHICAJ,15815,DIPUTADOS DISTRITALES,3,2,2,0,1,3,226,226,161,161,1,1,1,8,2,2,6,14,2,16,1,0,99,1,1,6
1,27,0,337,337,15,https://resultados2019.blob.core.windows.net/201901/158313.jpg,OK,0,2,BAJA VERAPAZ,SAN MIGUEL CHICAJ,15831,DIPUTADOS DISTRITALES,19,2,2,0,1,3,140,140,94,94,1,1,5,6,5,3,2,6,0,14,0,0,28,1,6,16
1,14,0,400,400,15,https://resultados2019.blob.core.windows.net/201901/157083.jpg,OK,0,1,BAJA VERAPAZ,SALAMÁ,15708,DIPUTADOS DISTRITALES,15,2,1,0,1,3,279,279,250,250,23,2,18,12,5,17,19,27,2,36,2,2,15,32,35,3
1,25,0,400,400,15,https://resultados2019.blob.core.windows.net/201901/158003.jpg,OK,0,2,BAJA VERAPAZ,SAN MIGUEL CHICAJ,15800,DIPUTADOS DISTRITALES,4,2,2,0,1,3,267,267,238,238,10,6,5,14,20,4,10,6,0,30,0,0,26,3,12,92
1,14,0,228,228,15,https://resultados2019.blob.core.windows.net/201901/158063.jpg,OK,0,2,BAJA VERAPAZ,SAN MIGUEL CHICAJ,15806,DIPUTADOS DISTRITALES,2,2,2,0,1,3,159,159,143,143,6,6,8,9,17,1,10,5,1,14,1,1,21,4,4,35
1,36,0,369,369,15,https://resultados2019.blob.core.windows.net/201901/160343.jpg,OK,0,7,BAJA VERAPAZ,SAN JERÓNIMO,16034,DIPUTADOS DISTRITALES,19,2,2,0,1,3,258,258,203,203,38,3,12,2,14,6,17,47,3,19,0,0,7,18,16,1
1,27,0,400,400,15,https://resultados2019.blob.core.windows.net/201901/160153.jpg,OK,0,7,BAJA VERAPAZ,SAN JERÓNIMO,16015,DIPUTADOS DISTRITALES,19,2,2,0,1,3,260,260,214,214,25,0,15,3,9,8,10,54,6,19,2,2,0,34,26,1
1,41,0,380,380,15,https://resultados2019.blob.core.windows.net/201901/157763.jpg,OK,0,1,BAJA VERAPAZ,SALAMÁ,15776,DIPUTADOS DISTRITALES,41,2,2,0,1,3,274,274,192,192,6,2,40,26,0,0,12,16,0,46,0,3,14,5,19,3
1,12,0,380,382,15,https://resultados2019.blob.core.windows.net/201901/160753.jpg,OK,0,8,BAJA VERAPAZ,PURULHÁ,16075,DIPUTADOS DISTRITALES,27,2,2,0,1,3,242,242,203,203,0,0,9,13,13,17,5,0,1,109,1,0,7,1,5,22
1,2,0,279,279,15,https://resultados2019.blob.core.windows.net/201901/157273.jpg,OK,0,1,BAJA VERAPAZ,SALAMÁ,15727,DIPUTADOS DISTRITALES,13,2,1,0,1,3,151,151,136,136,14,0,13,2,9,12,14,12,1,21,1,0,2,16,16,3
1,29,0,400,400,15,https://resultados2019.blob.core.windows.net/201901/158433.jpg,OK,0,3,BAJA VERAPAZ,RABINAL,15843,DIPUTADOS DISTRITALES,30,2,2,0,1,3,266,266,207,207,4,26,4,16,18,24,7,31,0,21,2,0,8,12,27,7
0,13,0,600,600,15,https://resultados2019.blob.core.windows.net/201901/157873.jpg,OK,0,1,BAJA VERAPAZ,SALAMÁ,15787,DIPUTADOS DISTRITALES,21,2,2,0,1,3,0,169,135,135,14,3,14,5,2,8,14,11,2,9,0,0,8,21,18,6
1,17,0,363,263,15,https://resultados2019.blob.core.windows.net/201901/160893.jpg,OK,0,8,BAJA VERAPAZ,PURULHÁ,16089,DIPUTADOS DISTRITALES,14,2,2,0,1,3,260,260,229,229,5,2,10,8,9,19,3,3,3,118,1,1,0,1,29,17
1,16,0,264,264,15,https://resultados2019.blob.core.windows.net/201901/159813.jpg,OK,0,5,BAJA VERAPAZ,GRANADOS,15981,DIPUTADOS DISTRITALES,6,2,2,0,1,3,171,171,149,149,2,0,1,0,27,1,0,41,0,9,61,1,0,4,2,0
1,24,0,380,380,15,https://resultados2019.blob.core.windows.net/201901/159833.jpg,OK,0,5,BAJA VERAPAZ,GRANADOS,15983,DIPUTADOS DISTRITALES,11,2,2,0,1,3,283,283,248,248,2,0,0,1,19,1,0,97,0,27,101,0,0,0,0,0
1,21,0,380,380,15,https://resultados2019.blob.core.windows.net/201901/157483.jpg,OK,0,1,BAJA VERAPAZ,SALAMÁ,15748,DIPUTADOS DISTRITALES,30,2,2,0,1,3,208,208,157,157,13,1,40,10,1,3,3,25,1,39,0,0,3,3,15,0
1,33,0,380,380,15,https://resultados2019.blob.core.windows.net/201901/160873.jpg,OK,0,8,BAJA VERAPAZ,PURULHÁ,16087,DIPUTADOS DISTRITALES,22,2,2,0,1,3,297,297,242,242,1,3,8,7,24,26,3,2,2,97,1,0,6,1,27,34
1,41,0,400,400,15,https://resultados2019.blob.core.windows.net/201901/158593.jpg,OK,0,3,BAJA VERAPAZ,RABINAL,15859,DIPUTADOS DISTRITALES,18,2,2,0,1,3,254,254,195,195,8,17,11,15,10,15,9,10,2,32,3,3,10,0,47,3
1,39,0,400,400,15,https://resultados2019.blob.core.windows.net/201901/160043.jpg,OK,0,6,BAJA VERAPAZ,EL CHOL,16004,DIPUTADOS DISTRITALES,14,2,2,0,1,3,306,306,253,253,12,1,5,3,60,6,4,81,4,55,2,2,2,3,12,1
1,17,0,380,380,15,https://resultados2019.blob.core.windows.net/201901/159293.jpg,OK,0,4,BAJA VERAPAZ,CUBULCO,15929,DIPUTADOS DISTRITALES,29,2,2,0,1,3,220,220,174,174,36,1,1,3,7,5,0,57,0,24,0,0,3,0,37,0
1,38,0,380,380,15,https://resultados2019.blob.core.windows.net/201901/159313.jpg,OK,0,4,BAJA VERAPAZ,CUBULCO,15931,DIPUTADOS DISTRITALES,25,2,2,0,1,3,256,256,193,193,56,0,1,1,2,1,1,59,0,28,0,0,0,0,41,3
1,55,0,400,400,15,https://resultados2019.blob.core.windows.net/201901/160463.jpg,OK,0,8,BAJA VERAPAZ,PURULHÁ,16046,DIPUTADOS DISTRITALES,26,2,2,0,1,3,299,299,218,218,8,3,8,4,18,20,20,25,7,53,3,3,1,12,25,8
1,4,1,352,352,15,https://resultados2019.blob.core.windows.net/201901/157833.jpg,OK,0,1,BAJA VERAPAZ,SALAMÁ,15783,DIPUTADOS DISTRITALES,21,2,2,0,1,3,214,214,189,189,22,0,26,11,1,8,7,12,2,23,0,0,70,2,2,3
1,42,0,380,380,15,https://resultados2019.blob.core.windows.net/201901/158853.jpg,OK,0,3,BAJA VERAPAZ,RABINAL,15885,DIPUTADOS DISTRITALES,39,1,2,0,1,3,259,259,178,178,17,8,5,4,13,6,6,8,5,54,3,2,8,3,36,0
1,8,0,400,400,15,https://resultados2019.blob.core.windows.net/201901/157263.jpg,OK,0,1,BAJA VERAPAZ,SALAMÁ,15726,DIPUTADOS DISTRITALES,12,2,1,0,1,3,252,252,232,232,24,0,24,6,12,16,24,23,0,35,0,0,8,33,18,9
1,19,0,400,400,15,https://resultados2019.blob.core.windows.net/201901/158973.jpg,OK,2,4,BAJA VERAPAZ,CUBULCO,15897,DIPUTADOS DISTRITALES,19,2,2,0,1,3,232,232,194,194,23,2,8,13,4,4,0,62,1,39,0,1,1,4,32,0
1,14,0,400,400,15,https://resultados2019.blob.core.windows.net/201901/157343.jpg,OK,0,1,BAJA VERAPAZ,SALAMÁ,15734,DIPUTADOS DISTRITALES,24,2,2,0,1,3,221,221,183,183,18,2,10,6,3,16,16,16,3,43,2,2,7,20,18,1
1,21,0,380,380,15,https://resultados2019.blob.core.windows.net/201901/159433.jpg,OK,0,4,BAJA VERAPAZ,CUBULCO,15943,DIPUTADOS DISTRITALES,19,2,2,0,1,3,181,181,141,141,46,0,1,11,5,3,0,42,0,7,0,0,0,2,23,1
1,19,0,400,400,15,https://resultados2019.blob.core.windows.net/201901/158453.jpg,OK,0,3,BAJA VERAPAZ,RABINAL,15845,DIPUTADOS DISTRITALES,15,2,2,0,1,3,294,294,260,260,8,33,3,21,16,9,8,43,0,26,3,0,22,14,37,17
1,12,0,237,237,15,https://resultados2019.blob.core.windows.net/201901/159283.jpg,OK,0,4,BAJA VERAPAZ,CUBULCO,15928,DIPUTADOS DISTRITALES,3,2,2,0,1,3,101,101,86,86,9,0,0,1,5,3,1,32,0,12,0,2,0,1,20,0
1,45,0,400,400,15,https://resultados2019.blob.core.windows.net/201901/157993.jpg,OK,0,2,BAJA VERAPAZ,SAN MIGUEL CHICAJ,15799,DIPUTADOS DISTRITALES,12,2,2,0,1,3,306,306,249,249,6,11,10,8,25,14,3,9,5,62,1,2,32,3,10,48
1,73,0,380,380,15,https://resultados2019.blob.core.windows.net/201901/158213.jpg,OK,0,2,BAJA VERAPAZ,SAN MIGUEL CHICAJ,15821,DIPUTADOS DISTRITALES,19,2,2,0,1,3,252,252,160,160,3,2,3,9,9,2,14,23,1,39,1,0,23,0,8,23
1,17,0,380,380,15,https://resultados2019.blob.core.windows.net/201901/160883.jpg,OK,0,8,BAJA VERAPAZ,PURULHÁ,16088,DIPUTADOS DISTRITALES,36,2,2,0,1,3,298,298,245,245,5,0,13,9,9,17,2,1,1,127,1,0,1,3,41,15
1,77,0,380,380,15,https://resultados2019.blob.core.windows.net/201901/160083.jpg,OK,0,6,BAJA VERAPAZ,EL CHOL,16008,DIPUTADOS DISTRITALES,15,2,1,0,1,3,290,290,198,198,7,4,3,0,48,4,2,30,1,78,0,0,0,2,19,0
1,25,0,380,380,15,https://resultados2019.blob.core.windows.net/201901/157613.jpg,OK,0,1,BAJA VERAPAZ,SALAMÁ,15761,DIPUTADOS DISTRITALES,16,2,1,0,1,3,197,197,156,156,10,3,12,29,3,3,9,37,3,19,4,1,7,4,12,0
1,6,0,279,278,15,https://resultados2019.blob.core.windows.net/201901/157283.jpg,OK,0,1,BAJA VERAPAZ,SALAMÁ,15728,DIPUTADOS DISTRITALES,10,2,1,0,1,3,129,129,113,113,10,2,4,4,6,8,4,14,2,23,0,0,1,16,15,4
1,7,0,248,248,15,https://resultados2019.blob.core.windows.net/201901/159663.jpg,OK,0,4,BAJA VERAPAZ,CUBULCO,15966,DIPUTADOS DISTRITALES,6,2,2,0,1,3,113,113,100,100,9,0,1,0,4,0,0,36,0,11,0,0,0,0,39,0
0,23,0,400,400,15,https://resultados2019.blob.core.windows.net/201901/158943.jpg,OK,0,4,BAJA VERAPAZ,CUBULCO,15894,DIPUTADOS DISTRITALES,24,2,2,0,1,3,239,245,198,192,18,4,6,10,13,7,0,61,3,25,1,1,3,4,41,1
1,43,0,380,380,15,https://resultados2019.blob.core.windows.net/201901/157553.jpg,OK,0,1,BAJA VERAPAZ,SALAMÁ,15755,DIPUTADOS DISTRITALES,15,2,1,0,1,3,156,156,98,98,5,1,4,2,9,3,13,26,1,17,1,1,5,5,3,2
1,8,0,313,313,15,https://resultados2019.blob.core.windows.net/201901/159223.jpg,OK,0,4,BAJA VERAPAZ,CUBULCO,15922,DIPUTADOS DISTRITALES,2,2,2,0,1,3,188,188,178,178,18,1,5,8,3,7,2,71,1,17,0,0,1,2,40,2
1,2,0,316,315,15,https://resultados2019.blob.core.windows.net/201901/159033.jpg,OK,4,4,BAJA VERAPAZ,CUBULCO,15903,DIPUTADOS DISTRITALES,10,2,2,0,1,3,180,180,168,168,15,1,6,3,6,3,3,64,0,32,0,0,1,4,29,1
1,33,0,400,400,15,https://resultados2019.blob.core.windows.net/201901/160543.jpg,OK,0,8,BAJA VERAPAZ,PURULHÁ,16054,DIPUTADOS DISTRITALES,23,2,2,0,1,3,274,274,218,218,6,4,11,10,22,17,20,13,1,63,0,2,3,8,32,6
0,20,0,400,400,15,https://resultados2019.blob.core.windows.net/201901/160293.jpg,OK,159,7,BAJA VERAPAZ,SAN JERÓNIMO,16029,DIPUTADOS DISTRITALES,14,2,2,0,1,3,241,243,209,207,35,0,3,19,12,10,8,39,2,24,0,4,5,29,14,5
1,41,0,400,400,15,https://resultados2019.blob.core.windows.net/201901/160523.jpg,OK,1,8,BAJA VERAPAZ,PURULHÁ,16052,DIPUTADOS DISTRITALES,18,2,2,0,1,3,247,247,188,188,5,4,15,8,18,12,16,16,1,58,0,1,0,5,27,2
1,37,0,380,380,15,https://resultados2019.blob.core.windows.net/201901/158693.jpg,OK,0,3,BAJA VERAPAZ,RABINAL,15869,DIPUTADOS DISTRITALES,42,1,2,0,1,3,251,251,172,172,7,5,15,4,8,44,6,7,1,41,2,0,7,0,21,4
1,46,0,380,380,15,https://resultados2019.blob.core.windows.net/201901/157423.jpg,OK,0,1,BAJA VERAPAZ,SALAMÁ,15742,DIPUTADOS DISTRITALES,28,2,2,0,1,3,277,277,203,203,27,1,29,26,2,6,4,51,0,36,1,1,1,3,14,1
1,7,0,400,400,15,https://resultados2019.blob.core.windows.net/201901/157173.jpg,OK,0,1,BAJA VERAPAZ,SALAMÁ,15717,DIPUTADOS DISTRITALES,14,2,1,0,1,3,246,246,225,225,25,0,20,7,10,15,17,20,0,36,2,1,8,32,25,7
1,14,0,400,400,15,https://resultados2019.blob.core.windows.net/201901/158913.jpg,OK,0,4,BAJA VERAPAZ,CUBULCO,15891,DIPUTADOS DISTRITALES,15,2,2,0,1,3,213,213,184,184,16,2,5,3,4,4,3,72,0,31,0,2,0,7,31,4
1,70,0,400,400,15,https://resultados2019.blob.core.windows.net/201901/158253.jpg,OK,0,2,BAJA VERAPAZ,SAN MIGUEL CHICAJ,15825,DIPUTADOS DISTRITALES,12,2,2,0,1,3,322,322,240,240,5,1,2,9,1,4,2,4,3,24,0,1,177,1,2,4
1,17,0,400,400,15,https://resultados2019.blob.core.windows.net/201901/159763.jpg,OK,0,5,BAJA VERAPAZ,GRANADOS,15976,DIPUTADOS DISTRITALES,20,2,2,0,1,3,262,262,225,225,5,1,1,0,36,0,1,81,1,14,79,0,0,3,2,1
1,7,0,263,263,15,https://resultados2019.blob.core.windows.net/201901/160803.jpg,OK,0,8,BAJA VERAPAZ,PURULHÁ,16080,DIPUTADOS DISTRITALES,6,2,2,0,1,3,140,140,127,127,0,2,3,8,12,28,5,1,0,46,0,0,10,0,4,8
1,43,0,380,380,15,https://resultados2019.blob.core.windows.net/201901/157453.jpg,OK,0,1,BAJA VERAPAZ,SALAMÁ,15745,DIPUTADOS DISTRITALES,13,2,2,0,1,3,266,266,210,210,29,2,32,27,3,3,6,53,1,29,0,0,2,8,9,6
1,12,0,400,400,15,https://resultados2019.blob.core.windows.net/201901/159173.jpg,OK,0,4,BAJA VERAPAZ,CUBULCO,15917,DIPUTADOS DISTRITALES,13,2,2,0,1,3,190,190,165,165,16,1,4,4,2,3,0,74,1,26,0,1,2,4,27,0
1,12,0,263,260,15,https://resultados2019.blob.core.windows.net/201901/160793.jpg,OK,0,8,BAJA VERAPAZ,PURULHÁ,16079,DIPUTADOS DISTRITALES,14,2,2,0,1,3,150,150,124,124,2,0,4,2,6,21,7,3,2,58,0,0,4,1,3,11
1,14,0,196,196,15,https://resultados2019.blob.core.windows.net/201901/160703.jpg,OK,0,8,BAJA VERAPAZ,PURULHÁ,16070,DIPUTADOS DISTRITALES,5,2,2,0,1,3,138,138,119,119,1,1,4,0,10,7,0,2,2,72,0,1,0,1,17,1
1,20,0,400,400,15,https://resultados2019.blob.core.windows.net/201901/159063.jpg,OK,0,4,BAJA VERAPAZ,CUBULCO,15906,DIPUTADOS DISTRITALES,24,2,2,0,1,3,246,246,202,202,12,1,3,6,5,7,3,103,0,26,0,0,1,0,35,0
1,36,0,380,380,15,https://resultados2019.blob.core.windows.net/201901/159393.jpg,OK,0,4,BAJA VERAPAZ,CUBULCO,15939,DIPUTADOS DISTRITALES,18,2,2,0,1,3,217,217,163,163,27,1,1,8,13,3,0,43,1,11,1,2,1,1,49,1
1,39,0,380,380,15,https://resultados2019.blob.core.windows.net/201901/158763.jpg,OK,0,3,BAJA VERAPAZ,RABINAL,15876,DIPUTADOS DISTRITALES,22,2,2,0,1,3,247,247,186,186,16,8,15,7,7,13,6,18,3,28,1,1,15,1,43,4
1,16,0,337,337,15,https://resultados2019.blob.core.windows.net/201901/159353.jpg,OK,1,4,BAJA VERAPAZ,CUBULCO,15935,DIPUTADOS DISTRITALES,7,2,2,0,1,3,223,223,200,200,55,0,3,0,2,10,0,63,0,20,0,1,1,0,45,0
1,6,0,317,317,15,https://resultados2019.blob.core.windows.net/201901/159023.jpg,OK,0,4,BAJA VERAPAZ,CUBULCO,15902,DIPUTADOS DISTRITALES,8,2,2,0,1,3,167,167,153,153,16,3,3,6,5,7,2,60,0,18,0,0,1,6,25,1
1,28,0,400,400,15,https://resultados2019.blob.core.windows.net/201901/159713.jpg,OK,0,5,BAJA VERAPAZ,GRANADOS,15971,DIPUTADOS DISTRITALES,13,2,2,0,1,3,297,297,256,256,2,1,5,0,32,1,0,85,1,25,97,0,0,5,2,0
1,25,0,400,400,15,https://resultados2019.blob.core.windows.net/201901/159073.jpg,OK,0,4,BAJA VERAPAZ,CUBULCO,15907,DIPUTADOS DISTRITALES,22,2,2,0,1,3,270,270,223,223,22,0,5,8,2,8,1,110,0,16,0,1,1,3,46,0
1,36,0,380,380,15,https://resultados2019.blob.core.windows.net/201901/159323.jpg,OK,0,4,BAJA VERAPAZ,CUBULCO,15932,DIPUTADOS DISTRITALES,20,2,2,0,1,3,222,222,166,166,20,0,3,2,11,4,0,58,0,19,0,1,1,1,46,0
1,11,0,600,601,15,https://resultados2019.blob.core.windows.net/201901/157863.jpg,OK,0,1,BAJA VERAPAZ,SALAMÁ,15786,DIPUTADOS DISTRITALES,18,2,1,0,1,3,153,153,124,124,13,1,19,5,5,3,6,10,3,25,1,0,11,10,8,4
1,42,0,400,400,15,https://resultados2019.blob.core.windows.net/201901/158553.jpg,OK,0,3,BAJA VERAPAZ,RABINAL,15855,DIPUTADOS DISTRITALES,29,2,2,0,1,3,278,278,207,207,13,11,8,28,15,23,8,9,0,32,2,2,23,2,23,8
1,27,0,400,400,15,https://resultados2019.blob.core.windows.net/201901/160263.jpg,OK,1,7,BAJA VERAPAZ,SAN JERÓNIMO,16026,DIPUTADOS DISTRITALES,26,2,2,0,1,3,289,289,236,236,36,2,12,19,8,10,11,54,1,31,1,1,3,24,22,1
1,12,0,400,400,15,https://resultados2019.blob.core.windows.net/201901/159013.jpg,OK,1,4,BAJA VERAPAZ,CUBULCO,15901,DIPUTADOS DISTRITALES,9,2,2,0,1,3,215,215,194,194,19,3,0,8,12,11,3,66,0,30,0,1,0,5,35,1
1,33,0,380,380,15,https://resultados2019.blob.core.windows.net/201901/160363.jpg,OK,0,7,BAJA VERAPAZ,SAN JERÓNIMO,16036,DIPUTADOS DISTRITALES,24,2,2,0,1,3,253,253,196,196,43,1,21,3,14,9,6,39,3,24,2,4,1,14,9,3
1,17,0,302,302,15,https://resultados2019.blob.core.windows.net/201901/160643.jpg,OK,0,8,BAJA VERAPAZ,PURULHÁ,16064,DIPUTADOS DISTRITALES,23,2,2,0,1,3,211,211,171,171,3,0,9,7,14,8,12,12,3,68,0,0,2,1,23,9
1,4,0,351,351,15,https://resultados2019.blob.core.windows.net/201901/157843.jpg,OK,12,1,BAJA VERAPAZ,SALAMÁ,15784,DIPUTADOS DISTRITALES,8,2,2,0,1,3,194,194,182,182,14,0,19,7,1,6,7,6,0,26,0,1,80,4,6,5
1,22,0,380,380,15,https://resultados2019.blob.core.windows.net/201901/159633.jpg,OK,0,4,BAJA VERAPAZ,CUBULCO,15963,DIPUTADOS DISTRITALES,21,2,2,0,1,3,230,230,187,187,8,0,2,2,15,4,3,41,0,29,1,1,2,2,76,1
1,22,0,400,400,15,https://resultados2019.blob.core.windows.net/201901/158343.jpg,OK,0,3,BAJA VERAPAZ,RABINAL,15834,DIPUTADOS DISTRITALES,23,2,2,0,1,3,276,276,231,231,12,35,6,19,11,18,11,23,2,25,2,0,13,6,38,10
1,78,0,400,400,15,https://resultados2019.blob.core.windows.net/201901/157923.jpg,OK,0,2,BAJA VERAPAZ,SAN MIGUEL CHICAJ,15792,DIPUTADOS DISTRITALES,11,2,2,0,1,3,331,331,242,242,13,11,7,14,34,3,2,7,4,55,0,1,27,2,18,44
1,17,0,333,333,15,https://resultados2019.blob.core.windows.net/201901/159463.jpg,OK,2,4,BAJA VERAPAZ,CUBULCO,15946,DIPUTADOS DISTRITALES,8,2,2,0,1,3,142,142,117,117,23,0,1,14,8,1,0,31,0,7,2,1,4,0,24,1
1,10,0,227,227,15,https://resultados2019.blob.core.windows.net/201901/158303.jpg,OK,0,2,BAJA VERAPAZ,SAN MIGUEL CHICAJ,15830,DIPUTADOS DISTRITALES,3,2,2,0,1,3,142,142,129,129,1,2,2,3,5,6,1,3,0,6,0,1,98,0,0,1
1,73,0,400,400,15,https://resultados2019.blob.core.windows.net/201901/159973.jpg,OK,0,6,BAJA VERAPAZ,EL CHOL,15997,DIPUTADOS DISTRITALES,15,2,2,0,1,3,324,324,236,236,11,2,8,1,32,1,1,55,5,73,1,3,2,3,38,0
1,21,0,380,380,15,https://resultados2019.blob.core.windows.net/201901/159443.jpg,OK,0,4,BAJA VERAPAZ,CUBULCO,15944,DIPUTADOS DISTRITALES,23,2,2,0,1,3,190,190,146,146,33,2,3,3,2,2,0,31,0,16,0,1,2,3,46,2
1,5,0,299,299,15,https://resultados2019.blob.core.windows.net/201901/157473.jpg,OK,0,1,BAJA VERAPAZ,SALAMÁ,15747,DIPUTADOS DISTRITALES,2,2,2,0,1,3,190,190,183,183,23,1,8,20,5,1,9,64,0,36,0,0,2,5,7,2
1,19,0,400,400,15,https://resultados2019.blob.core.windows.net/201901/159053.jpg,OK,0,4,BAJA VERAPAZ,CUBULCO,15905,DIPUTADOS DISTRITALES,20,2,2,0,1,3,224,224,185,185,26,2,5,6,9,7,1,64,0,22,1,1,1,4,35,1
1,20,0,400,400,15,https://resultados2019.blob.core.windows.net/201901/158463.jpg,OK,0,3,BAJA VERAPAZ,RABINAL,15846,DIPUTADOS DISTRITALES,17,2,2,0,1,3,249,249,212,212,7,24,5,14,18,14,5,30,2,20,2,1,13,4,43,10
1,12,0,264,264,15,https://resultados2019.blob.core.windows.net/201901/161003.jpg,OK,0,8,BAJA VERAPAZ,PURULHÁ,16100,DIPUTADOS DISTRITALES,9,2,2,0,1,3,140,140,119,119,2,1,2,3,2,4,4,1,0,75,0,0,20,0,2,3
1,73,0,400,400,15,https://resultados2019.blob.core.windows.net/201901/158563.jpg,OK,0,3,BAJA VERAPAZ,RABINAL,15856,DIPUTADOS DISTRITALES,29,2,2,0,1,3,259,259,157,157,4,14,8,10,9,21,4,11,2,24,2,0,14,6,22,6
1,27,0,380,380,15,https://resultados2019.blob.core.windows.net/201901/158833.jpg,OK,0,3,BAJA VERAPAZ,RABINAL,15883,DIPUTADOS DISTRITALES,25,1,2,0,1,3,211,211,159,159,3,7,5,13,10,4,4,11,2,46,4,0,15,3,29,3
1,21,0,400,400,15,https://resultados2019.blob.core.windows.net/201901/157013.jpg,OK,0,1,BAJA VERAPAZ,SALAMÁ,15701,DIPUTADOS DISTRITALES,24,2,1,0,1,3,264,264,219,219,19,4,20,5,4,11,15,35,2,39,0,0,13,27,19,6
1,19,0,400,400,15,https://resultados2019.blob.core.windows.net/201901/158963.jpg,OK,0,4,BAJA VERAPAZ,CUBULCO,15896,DIPUTADOS DISTRITALES,24,2,2,0,1,3,260,260,217,217,24,1,4,6,11,6,3,78,0,33,0,1,1,5,40,4
1,56,0,400,400,15,https://resultados2019.blob.core.windows.net/201901/160493.jpg,OK,0,8,BAJA VERAPAZ,PURULHÁ,16049,DIPUTADOS DISTRITALES,24,2,2,0,1,3,334,334,254,254,5,3,7,13,18,19,25,25,2,106,0,2,2,5,19,3
1,78,0,400,400,15,https://resultados2019.blob.core.windows.net/201901/159983.jpg,OK,0,6,BAJA VERAPAZ,EL CHOL,15998,DIPUTADOS DISTRITALES,10,2,2,0,1,3,309,309,221,221,15,3,6,1,40,1,9,45,2,73,1,1,0,4,17,3
1,31,0,228,228,15,https://resultados2019.blob.core.windows.net/201901/158293.jpg,OK,0,2,BAJA VERAPAZ,SAN MIGUEL CHICAJ,15829,DIPUTADOS DISTRITALES,2,2,2,0,1,3,142,142,109,109,1,1,2,2,3,4,1,1,1,6,0,0,82,1,0,4
1,36,0,380,380,15,https://resultados2019.blob.core.windows.net/201901/159453.jpg,OK,0,4,BAJA VERAPAZ,CUBULCO,15945,DIPUTADOS DISTRITALES,17,2,2,0,1,3,205,205,152,152,35,6,3,5,4,2,1,24,2,16,0,1,2,3,47,1
1,53,0,231,231,15,https://resultados2019.blob.core.windows.net/201901/158203.jpg,OK,0,2,BAJA VERAPAZ,SAN MIGUEL CHICAJ,15820,DIPUTADOS DISTRITALES,25,2,2,0,1,3,189,189,111,111,1,3,2,2,2,3,5,8,1,51,0,2,24,1,4,2
1,35,0,380,380,15,https://resultados2019.blob.core.windows.net/201901/158843.jpg,OK,0,3,BAJA VERAPAZ,RABINAL,15884,DIPUTADOS DISTRITALES,34,1,2,0,1,3,242,242,173,173,11,3,1,4,13,4,4,13,3,53,1,1,10,3,48,1
1,25,0,400,400,15,https://resultados2019.blob.core.windows.net/201901/158363.jpg,OK,0,3,BAJA VERAPAZ,RABINAL,15836,DIPUTADOS DISTRITALES,23,2,2,0,1,3,280,280,232,232,25,26,7,20,18,10,4,25,0,32,7,0,7,8,33,10
1,19,0,380,380,15,https://resultados2019.blob.core.windows.net/201901/160813.jpg,OK,0,8,BAJA VERAPAZ,PURULHÁ,16081,DIPUTADOS DISTRITALES,23,2,2,0,1,3,281,281,239,239,9,2,13,4,10,35,2,7,1,119,1,1,0,0,32,3
1,8,0,328,328,15,https://resultados2019.blob.core.windows.net/201901/157413.jpg,OK,0,1,BAJA VERAPAZ,SALAMÁ,15741,DIPUTADOS DISTRITALES,9,2,2,0,1,3,178,178,161,161,13,2,22,2,6,13,12,11,0,25,2,2,3,15,29,4
1,21,0,380,380,15,https://resultados2019.blob.core.windows.net/201901/157523.jpg,OK,0,1,BAJA VERAPAZ,SALAMÁ,15752,DIPUTADOS DISTRITALES,26,2,2,0,1,3,212,212,165,165,22,1,52,7,3,5,1,17,3,34,0,0,1,6,11,2
1,13,0,400,400,15,https://resultados2019.blob.core.windows.net/201901/157093.jpg,OK,0,1,BAJA VERAPAZ,SALAMÁ,15709,DIPUTADOS DISTRITALES,26,2,1,0,1,3,278,278,239,239,32,2,14,8,8,16,19,21,4,31,2,1,15,27,35,4
