ACTACUADRA,BLANCOS,CNTIMPUGNA,CNTINSCRITOS,CNTPAPELETAS,DEP,IMGSRC,IMGSTATUS,INVALIDOS,MUN,NDEP,NMUN,NROMESA,NTE,NULOS,STACTA,STESCAN,STFISIC,STTRANS,TIPOELECCION,TOTALACTA,TOTALVOTOS,VOTOSVALIDOS,VOTOSVALIDOSACTA,voto_AVANZA,voto_BIEN,voto_CONVERGENCIA,voto_LIBRE,voto_MLP,voto_PAN,voto_PC,voto_PHG,voto_PPT,voto_TODOS,voto_UCN,voto_UNE,voto_UNIDOS,voto_VALOR,voto_VAMOS,voto_VICTORIA,voto_WINAQ
1,23,0,380,380,19,https://resultados2019.blob.core.windows.net/201901/190013.jpg,OK,0,4,ZACAPA,GUALÁN,19001,DIPUTADOS DISTRITALES,13,2,2,0,1,3,252,252,216,216,0,26,0,0,4,10,1,7,1,11,67,73,0,8,6,1,1
1,28,0,377,377,19,https://resultados2019.blob.core.windows.net/201901/189413.jpg,OK,0,3,ZACAPA,RÍO HONDO,18941,DIPUTADOS DISTRITALES,26,2,2,0,1,3,310,310,256,256,2,20,2,0,8,10,0,17,6,22,74,31,0,9,48,3,4
1,7,0,301,301,19,https://resultados2019.blob.core.windows.net/201901/189493.jpg,OK,0,3,ZACAPA,RÍO HONDO,18949,DIPUTADOS DISTRITALES,2,2,2,0,1,3,29,29,20,20,0,0,0,1,0,2,0,0,0,2,6,1,0,5,1,1,1
1,17,0,400,400,19,https://resultados2019.blob.core.windows.net/201901/190563.jpg,OK,0,6,ZACAPA,USUMATLÁN,19056,DIPUTADOS DISTRITALES,25,2,2,0,1,3,323,323,281,281,3,27,1,1,10,7,0,14,1,19,77,38,1,24,58,0,0
1,10,0,332,332,19,https://resultados2019.blob.core.windows.net/201901/190433.jpg,OK,0,5,ZACAPA,TECULUTÁN,19043,DIPUTADOS DISTRITALES,13,2,2,0,1,3,248,248,225,225,1,33,0,1,6,2,4,16,0,5,11,12,0,16,115,1,2
1,39,0,400,400,19,https://resultados2019.blob.core.windows.net/201901/190543.jpg,OK,0,6,ZACAPA,USUMATLÁN,19054,DIPUTADOS DISTRITALES,20,2,2,0,1,3,300,300,241,241,0,18,1,1,10,3,1,11,1,17,71,39,1,21,40,3,3
1,27,0,380,380,19,https://resultados2019.blob.core.windows.net/201901/190123.jpg,OK,0,4,ZACAPA,GUALÁN,19012,DIPUTADOS DISTRITALES,28,2,2,0,1,3,298,298,243,243,1,10,1,1,3,2,1,8,2,18,88,98,0,1,3,3,3
1,116,0,394,394,19,https://resultados2019.blob.core.windows.net/201901/188583.jpg,OK,0,1,ZACAPA,ZACAPA,18858,DIPUTADOS DISTRITALES,25,2,2,0,1,3,394,394,253,253,0,22,2,0,4,12,1,41,7,55,20,15,0,21,20,12,21
0,17,0,400,400,19,https://resultados2019.blob.core.windows.net/201901/188233.jpg,OK,1,1,ZACAPA,ZACAPA,18823,DIPUTADOS DISTRITALES,23,2,2,0,1,3,279,239,199,239,0,24,2,1,1,22,1,28,3,4,22,31,1,11,12,3,33
1,10,0,285,285,19,https://resultados2019.blob.core.windows.net/201901/190503.jpg,OK,0,5,ZACAPA,TECULUTÁN,19050,DIPUTADOS DISTRITALES,18,2,2,0,1,3,214,214,186,186,3,44,0,0,11,0,0,2,31,2,43,22,0,1,25,2,0
1,32,1,400,400,19,https://resultados2019.blob.core.windows.net/201901/191163.jpg,OK,0,9,ZACAPA,LA UNIÓN,19116,DIPUTADOS DISTRITALES,21,2,2,0,1,3,319,319,266,266,4,20,0,0,1,2,0,39,0,14,68,55,5,3,54,0,1
1,48,0,400,400,19,https://resultados2019.blob.core.windows.net/201901/191283.jpg,OK,0,9,ZACAPA,LA UNIÓN,19128,DIPUTADOS DISTRITALES,33,2,2,0,1,3,313,313,232,232,0,19,0,1,3,1,1,27,0,14,48,50,7,1,53,0,7
1,21,0,393,390,19,https://resultados2019.blob.core.windows.net/201901/190483.jpg,OK,0,5,ZACAPA,TECULUTÁN,19048,DIPUTADOS DISTRITALES,22,2,2,0,1,3,291,291,248,248,2,82,0,0,4,5,2,1,1,7,37,18,0,7,76,4,2
1,18,0,400,400,19,https://resultados2019.blob.core.windows.net/201901/188943.jpg,OK,0,2,ZACAPA,ESTANZUELA,18894,DIPUTADOS DISTRITALES,27,2,2,0,1,3,340,340,295,295,1,94,0,0,5,9,1,10,2,10,115,12,0,14,14,4,4
1,18,0,400,400,19,https://resultados2019.blob.core.windows.net/201901/188123.jpg,OK,3,1,ZACAPA,ZACAPA,18812,DIPUTADOS DISTRITALES,16,2,2,0,1,3,220,220,186,186,2,23,0,0,4,9,0,26,0,35,26,22,1,12,14,4,8
1,21,0,322,322,19,https://resultados2019.blob.core.windows.net/201901/190653.jpg,OK,0,6,ZACAPA,USUMATLÁN,19065,DIPUTADOS DISTRITALES,15,2,2,0,1,3,208,208,172,172,2,29,0,0,2,9,1,7,1,17,45,19,2,7,27,2,2
1,20,0,380,380,19,https://resultados2019.blob.core.windows.net/201901/190913.jpg,OK,0,7,ZACAPA,CABAÑAS,19091,DIPUTADOS DISTRITALES,12,2,2,0,1,3,280,280,248,248,2,64,0,0,0,1,0,10,1,19,67,77,2,1,2,2,0
1,22,0,400,400,19,https://resultados2019.blob.core.windows.net/201901/188913.jpg,OK,2,2,ZACAPA,ESTANZUELA,18891,DIPUTADOS DISTRITALES,36,2,2,0,1,3,309,309,251,251,1,85,0,1,6,8,2,5,2,20,73,15,2,12,12,2,5
1,21,0,301,301,19,https://resultados2019.blob.core.windows.net/201901/189443.jpg,OK,0,3,ZACAPA,RÍO HONDO,18944,DIPUTADOS DISTRITALES,16,2,2,0,1,3,203,203,166,166,2,12,1,0,2,10,0,3,4,25,33,30,0,26,15,2,1
1,28,0,348,348,19,https://resultados2019.blob.core.windows.net/201901/188743.jpg,OK,1,1,ZACAPA,ZACAPA,18874,DIPUTADOS DISTRITALES,16,2,2,0,1,3,227,227,183,183,1,12,2,1,2,15,0,26,0,54,11,34,0,6,3,7,9
0,0,0,239,0,19,https://resultados2019.blob.core.windows.net/201901/191913.jpg,OK,0,11,ZACAPA,SAN JORGE,19191,DIPUTADOS DISTRITALES,0,0,0,0,0,3,0,0,0,0,0,0,0,0,0,0,0,0,0,0,0,0,0,0,0,0,0
1,29,0,400,400,19,https://resultados2019.blob.core.windows.net/201901/189143.jpg,OK,0,3,ZACAPA,RÍO HONDO,18914,DIPUTADOS DISTRITALES,21,2,2,0,1,3,271,271,221,221,14,9,0,2,2,10,1,8,1,20,63,43,1,29,12,4,2
1,58,2,386,386,19,https://resultados2019.blob.core.windows.net/201901/191103.jpg,OK,0,8,ZACAPA,SAN DIEGO,19110,DIPUTADOS DISTRITALES,15,2,2,0,1,3,280,280,207,207,2,107,0,6,1,8,1,15,0,15,6,31,1,5,7,1,1
1,24,0,308,308,19,https://resultados2019.blob.core.windows.net/201901/189943.jpg,OK,0,4,ZACAPA,GUALÁN,18994,DIPUTADOS DISTRITALES,23,2,2,0,1,3,229,229,182,182,1,9,0,0,0,3,0,3,0,4,59,92,0,2,8,1,0
0,0,0,400,0,19,https://resultados2019.blob.core.windows.net/201901/191773.jpg,OK,0,11,ZACAPA,SAN JORGE,19177,DIPUTADOS DISTRITALES,0,0,0,0,0,3,0,0,0,0,0,0,0,0,0,0,0,0,0,0,0,0,0,0,0,0,0
1,30,0,400,400,19,https://resultados2019.blob.core.windows.net/201901/189233.jpg,OK,0,3,ZACAPA,RÍO HONDO,18923,DIPUTADOS DISTRITALES,14,2,2,0,1,3,252,252,208,208,7,10,2,0,0,14,0,23,2,12,45,28,1,37,21,3,3
0,41,0,400,400,19,https://resultados2019.blob.core.windows.net/201901/188073.jpg,OK,0,1,ZACAPA,ZACAPA,18807,DIPUTADOS DISTRITALES,24,2,2,0,1,3,246,257,192,181,0,19,2,1,11,11,0,24,5,27,29,28,0,16,5,8,6
1,1,0,460,460,19,https://resultados2019.blob.core.windows.net/201901/190243.jpg,OK,0,4,ZACAPA,GUALÁN,19024,DIPUTADOS DISTRITALES,2,2,2,0,1,3,20,20,17,17,0,5,0,0,0,0,1,0,0,0,6,3,0,0,2,0,0
1,15,0,400,400,19,https://resultados2019.blob.core.windows.net/201901/190793.jpg,OK,0,7,ZACAPA,CABAÑAS,19079,DIPUTADOS DISTRITALES,22,2,2,0,1,3,302,302,265,265,0,122,0,1,0,2,1,5,1,11,63,43,0,8,7,0,1
1,33,0,400,400,19,https://resultados2019.blob.core.windows.net/201901/189013.jpg,OK,0,2,ZACAPA,ESTANZUELA,18901,DIPUTADOS DISTRITALES,26,2,2,0,1,3,305,305,246,246,2,66,2,1,2,9,1,5,1,12,91,15,2,19,10,1,7
1,24,0,600,597,19,https://resultados2019.blob.core.windows.net/201901/189473.jpg,OK,0,3,ZACAPA,RÍO HONDO,18947,DIPUTADOS DISTRITALES,21,2,2,0,1,3,250,250,205,205,5,15,0,0,0,13,0,4,3,23,36,26,1,22,52,3,2
1,19,0,400,400,19,https://resultados2019.blob.core.windows.net/201901/189203.jpg,OK,0,3,ZACAPA,RÍO HONDO,18920,DIPUTADOS DISTRITALES,17,2,2,0,1,3,265,265,229,229,13,11,1,1,1,20,1,17,2,25,56,20,0,38,14,5,4
1,30,0,400,400,19,https://resultados2019.blob.core.windows.net/201901/189183.jpg,OK,0,3,ZACAPA,RÍO HONDO,18918,DIPUTADOS DISTRITALES,26,2,2,0,1,3,271,271,215,215,11,15,1,0,1,14,1,6,1,17,63,35,0,32,15,2,1
1,15,0,400,400,19,https://resultados2019.blob.core.windows.net/201901/189503.jpg,OK,2,4,ZACAPA,GUALÁN,18950,DIPUTADOS DISTRITALES,19,2,2,0,1,3,277,277,243,243,1,30,0,0,3,5,0,5,0,21,83,79,0,8,7,1,0
1,0,0,355,352,19,https://resultados2019.blob.core.windows.net/201901/188343.jpg,OK,0,1,ZACAPA,ZACAPA,18834,DIPUTADOS DISTRITALES,28,2,2,0,1,3,237,237,209,209,3,12,6,1,2,11,0,28,0,34,17,31,0,12,23,5,24
0,0,0,400,0,19,https://resultados2019.blob.core.windows.net/201901/191843.jpg,OK,0,11,ZACAPA,SAN JORGE,19184,DIPUTADOS DISTRITALES,0,0,0,0,0,3,0,0,0,0,0,0,0,0,0,0,0,0,0,0,0,0,0,0,0,0,0
1,19,0,400,400,19,https://resultados2019.blob.core.windows.net/201901/188453.jpg,OK,0,1,ZACAPA,ZACAPA,18845,DIPUTADOS DISTRITALES,18,2,2,0,1,3,273,273,236,236,1,21,2,2,2,28,1,20,4,59,18,14,0,18,15,6,25
1,7,0,305,305,19,https://resultados2019.blob.core.windows.net/201901/190933.jpg,OK,0,7,ZACAPA,CABAÑAS,19093,DIPUTADOS DISTRITALES,13,2,2,0,1,3,244,244,224,224,0,37,0,0,0,3,0,10,1,27,73,67,0,1,3,0,2
1,8,0,400,400,19,https://resultados2019.blob.core.windows.net/201901/188033.jpg,OK,0,1,ZACAPA,ZACAPA,18803,DIPUTADOS DISTRITALES,17,2,2,0,1,3,268,268,243,243,0,17,6,3,2,29,0,19,6,57,8,16,0,46,14,8,12
1,26,0,400,400,19,https://resultados2019.blob.core.windows.net/201901/190773.jpg,OK,0,7,ZACAPA,CABAÑAS,19077,DIPUTADOS DISTRITALES,16,2,2,0,1,3,296,296,254,254,1,87,0,0,2,6,1,6,1,6,71,52,0,10,11,0,0
1,18,0,400,400,19,https://resultados2019.blob.core.windows.net/201901/188603.jpg,OK,132,1,ZACAPA,ZACAPA,18860,DIPUTADOS DISTRITALES,11,2,2,0,1,3,268,268,239,239,1,28,2,2,3,19,4,22,10,57,13,23,2,26,13,3,11
1,16,0,400,400,19,https://resultados2019.blob.core.windows.net/201901/190373.jpg,OK,1,5,ZACAPA,TECULUTÁN,19037,DIPUTADOS DISTRITALES,22,2,2,0,1,3,272,272,234,234,1,56,0,1,3,9,2,12,2,4,20,9,0,11,100,2,2
1,10,0,400,400,19,https://resultados2019.blob.core.windows.net/201901/189563.jpg,OK,0,4,ZACAPA,GUALÁN,18956,DIPUTADOS DISTRITALES,10,2,2,0,1,3,278,278,258,258,0,38,2,1,0,5,0,15,0,25,88,64,0,7,9,1,3
1,25,0,400,400,19,https://resultados2019.blob.core.windows.net/201901/189803.jpg,OK,0,4,ZACAPA,GUALÁN,18980,DIPUTADOS DISTRITALES,37,2,2,0,1,3,287,287,225,225,0,26,1,1,0,3,0,4,0,15,84,73,0,5,10,2,1
0,0,0,400,0,19,https://resultados2019.blob.core.windows.net/201901/191733.jpg,OK,0,11,ZACAPA,SAN JORGE,19173,DIPUTADOS DISTRITALES,0,0,0,0,0,3,0,0,0,0,0,0,0,0,0,0,0,0,0,0,0,0,0,0,0,0,0
1,19,0,400,400,19,https://resultados2019.blob.core.windows.net/201901/188393.jpg,OK,0,1,ZACAPA,ZACAPA,18839,DIPUTADOS DISTRITALES,23,2,2,0,1,3,292,292,250,250,0,17,2,0,2,17,2,34,2,49,12,43,2,25,14,3,26
1,123,0,355,355,19,https://resultados2019.blob.core.windows.net/201901/188353.jpg,OK,0,1,ZACAPA,ZACAPA,18835,DIPUTADOS DISTRITALES,35,2,2,0,1,3,355,355,197,197,2,3,0,0,3,17,0,24,2,46,14,22,3,20,13,7,21
1,23,0,400,400,19,https://resultados2019.blob.core.windows.net/201901/188443.jpg,OK,0,1,ZACAPA,ZACAPA,18844,DIPUTADOS DISTRITALES,18,2,2,0,1,3,290,290,249,249,6,17,2,1,4,22,1,23,5,48,20,24,1,26,20,7,22
1,16,0,600,600,19,https://resultados2019.blob.core.windows.net/201901/188833.jpg,OK,2,1,ZACAPA,ZACAPA,18883,DIPUTADOS DISTRITALES,20,2,2,0,1,3,171,171,135,135,0,11,7,0,2,12,0,5,4,28,7,25,0,11,10,5,8
1,16,0,400,400,19,https://resultados2019.blob.core.windows.net/201901/191183.jpg,OK,0,9,ZACAPA,LA UNIÓN,19118,DIPUTADOS DISTRITALES,15,2,2,0,1,3,269,269,238,238,0,18,0,1,0,2,0,59,0,19,38,43,5,7,43,1,2
1,28,0,380,380,19,https://resultados2019.blob.core.windows.net/201901/190883.jpg,OK,0,7,ZACAPA,CABAÑAS,19088,DIPUTADOS DISTRITALES,7,2,2,0,1,3,324,324,289,289,1,66,0,0,0,0,0,18,1,8,148,40,0,4,0,0,3
1,11,0,400,400,19,https://resultados2019.blob.core.windows.net/201901/189883.jpg,OK,0,4,ZACAPA,GUALÁN,18988,DIPUTADOS DISTRITALES,8,2,2,0,1,3,306,306,287,287,0,32,0,0,3,7,0,9,0,18,130,73,1,3,9,2,0
1,15,0,378,378,19,https://resultados2019.blob.core.windows.net/201901/191343.jpg,OK,0,9,ZACAPA,LA UNIÓN,19134,DIPUTADOS DISTRITALES,5,2,2,0,1,3,280,280,260,260,1,26,0,0,0,3,0,44,1,37,25,38,6,6,72,1,0
1,26,0,400,400,19,https://resultados2019.blob.core.windows.net/201901/190353.jpg,OK,0,5,ZACAPA,TECULUTÁN,19035,DIPUTADOS DISTRITALES,16,2,2,0,1,3,291,291,249,249,1,75,2,2,3,6,8,11,2,8,27,21,0,9,71,1,2
1,20,0,400,400,19,https://resultados2019.blob.core.windows.net/201901/190783.jpg,OK,0,7,ZACAPA,CABAÑAS,19078,DIPUTADOS DISTRITALES,19,2,2,0,1,3,319,319,280,280,0,116,0,1,2,2,2,12,1,7,65,59,0,3,8,1,1
1,21,0,380,380,19,https://resultados2019.blob.core.windows.net/201901/189363.jpg,OK,0,3,ZACAPA,RÍO HONDO,18936,DIPUTADOS DISTRITALES,25,2,2,0,1,3,299,299,253,253,2,18,0,1,10,8,1,14,9,30,58,27,0,11,55,4,5
1,0,0,400,400,19,https://resultados2019.blob.core.windows.net/201901/188623.jpg,OK,0,1,ZACAPA,ZACAPA,18862,DIPUTADOS DISTRITALES,43,2,2,0,1,3,273,273,230,230,3,21,2,0,4,21,0,21,7,55,18,23,2,22,14,4,13
1,14,0,331,331,19,https://resultados2019.blob.core.windows.net/201901/190443.jpg,OK,0,5,ZACAPA,TECULUTÁN,19044,DIPUTADOS DISTRITALES,19,2,2,0,1,3,257,257,224,224,0,46,2,1,0,2,3,10,0,4,15,6,0,12,120,1,2
1,16,0,296,296,19,https://resultados2019.blob.core.windows.net/201901/189973.jpg,OK,0,4,ZACAPA,GUALÁN,18997,DIPUTADOS DISTRITALES,10,2,2,0,1,3,187,187,161,161,0,20,0,0,0,1,1,6,0,8,63,54,1,3,4,0,0
1,28,0,400,399,19,https://resultados2019.blob.core.windows.net/201901/189633.jpg,OK,0,4,ZACAPA,GUALÁN,18963,DIPUTADOS DISTRITALES,18,2,2,0,1,3,274,274,228,228,0,34,0,1,1,3,0,6,2,21,92,52,0,8,6,1,1
1,12,0,252,252,19,https://resultados2019.blob.core.windows.net/201901/190023.jpg,OK,0,4,ZACAPA,GUALÁN,19002,DIPUTADOS DISTRITALES,10,2,2,0,1,3,168,168,146,146,1,20,0,0,3,2,0,8,0,16,43,40,1,7,4,1,0
1,27,0,400,400,19,https://resultados2019.blob.core.windows.net/201901/188243.jpg,OK,0,1,ZACAPA,ZACAPA,18824,DIPUTADOS DISTRITALES,19,2,2,0,1,3,276,276,230,230,0,22,1,1,3,16,0,27,3,47,15,26,1,25,23,4,16
1,10,0,331,331,19,https://resultados2019.blob.core.windows.net/201901/189093.jpg,OK,0,2,ZACAPA,ESTANZUELA,18909,DIPUTADOS DISTRITALES,13,2,2,0,1,3,296,296,273,273,0,91,0,0,4,4,3,14,1,11,90,15,0,22,13,2,3
1,4,0,398,398,19,https://resultados2019.blob.core.windows.net/201901/189123.jpg,OK,0,2,ZACAPA,ESTANZUELA,18912,DIPUTADOS DISTRITALES,13,2,2,0,1,3,103,103,86,86,0,33,0,0,1,2,0,3,1,7,21,3,0,6,4,0,5
1,15,0,400,400,19,https://resultados2019.blob.core.windows.net/201901/190323.jpg,OK,1,5,ZACAPA,TECULUTÁN,19032,DIPUTADOS DISTRITALES,25,2,2,0,1,3,301,301,261,261,3,76,1,2,5,7,1,5,2,6,18,14,0,15,102,1,3
1,25,0,400,400,19,https://resultados2019.blob.core.windows.net/201901/189223.jpg,OK,0,3,ZACAPA,RÍO HONDO,18922,DIPUTADOS DISTRITALES,20,2,2,0,1,3,265,265,220,220,8,9,0,1,0,19,0,14,1,12,57,29,2,40,23,2,3
0,0,0,400,0,19,https://resultados2019.blob.core.windows.net/201901/191743.jpg,OK,0,11,ZACAPA,SAN JORGE,19174,DIPUTADOS DISTRITALES,0,0,0,0,0,3,0,0,0,0,0,0,0,0,0,0,0,0,0,0,0,0,0,0,0,0,0
1,10,0,600,600,19,https://resultados2019.blob.core.windows.net/201901/188883.jpg,OK,0,1,ZACAPA,ZACAPA,18888,DIPUTADOS DISTRITALES,15,2,2,0,1,3,143,143,118,118,1,10,1,0,2,12,1,9,3,25,12,10,0,8,9,4,11
1,33,0,400,400,19,https://resultados2019.blob.core.windows.net/201901/188213.jpg,OK,2,1,ZACAPA,ZACAPA,18821,DIPUTADOS DISTRITALES,38,2,2,0,1,3,286,286,215,215,2,15,2,2,0,21,3,22,1,40,16,41,2,13,10,2,23
0,9,0,390,390,19,https://resultados2019.blob.core.windows.net/201901/188053.jpg,OK,0,1,ZACAPA,ZACAPA,18805,DIPUTADOS DISTRITALES,14,2,2,0,1,3,264,253,230,230,1,14,2,2,2,22,1,38,7,50,11,17,0,27,15,1,20
1,22,0,380,380,19,https://resultados2019.blob.core.windows.net/201901/190493.jpg,OK,12,5,ZACAPA,TECULUTÁN,19049,DIPUTADOS DISTRITALES,6,2,2,0,1,3,306,306,278,278,2,53,1,0,15,4,0,0,53,6,60,27,3,7,42,4,1
1,12,0,415,415,19,https://resultados2019.blob.core.windows.net/201901/191723.jpg,OK,0,10,ZACAPA,HUITÉ,19172,DIPUTADOS DISTRITALES,7,2,2,0,1,3,74,74,55,55,0,19,0,0,3,3,0,0,1,2,3,19,0,1,2,1,1
1,11,1,441,441,19,https://resultados2019.blob.core.windows.net/201901/190743.jpg,OK,0,6,ZACAPA,USUMATLÁN,19074,DIPUTADOS DISTRITALES,13,2,2,0,1,3,99,99,75,75,1,9,0,0,6,2,1,5,0,4,13,5,2,13,11,1,2
0,34,0,400,400,19,https://resultados2019.blob.core.windows.net/201901/188263.jpg,OK,1,1,ZACAPA,ZACAPA,18826,DIPUTADOS DISTRITALES,10,2,2,0,1,3,229,228,184,184,3,16,4,0,2,22,0,14,0,36,11,28,1,11,13,6,17
1,36,0,309,309,19,https://resultados2019.blob.core.windows.net/201901/189933.jpg,OK,0,4,ZACAPA,GUALÁN,18993,DIPUTADOS DISTRITALES,15,2,2,0,1,3,227,227,176,176,0,13,0,0,0,2,0,3,0,1,47,101,1,0,6,2,0
1,35,0,380,380,19,https://resultados2019.blob.core.windows.net/201901/189433.jpg,OK,0,3,ZACAPA,RÍO HONDO,18943,DIPUTADOS DISTRITALES,20,2,2,0,1,3,227,227,172,172,3,26,1,1,2,19,0,3,0,26,19,32,2,23,11,3,1
1,20,0,566,563,19,https://resultados2019.blob.core.windows.net/201901/190533.jpg,OK,0,5,ZACAPA,TECULUTÁN,19053,DIPUTADOS DISTRITALES,28,2,2,0,1,3,254,254,206,206,2,50,0,1,5,9,4,5,3,3,21,16,0,18,66,2,1
1,34,0,400,400,19,https://resultados2019.blob.core.windows.net/201901/189173.jpg,OK,0,3,ZACAPA,RÍO HONDO,18917,DIPUTADOS DISTRITALES,29,2,2,0,1,3,300,300,237,237,16,13,3,0,4,12,2,20,3,18,62,21,1,33,21,6,2
1,32,0,380,380,19,https://resultados2019.blob.core.windows.net/201901/188723.jpg,OK,0,1,ZACAPA,ZACAPA,18872,DIPUTADOS DISTRITALES,16,2,2,0,1,3,260,260,212,212,4,8,4,0,1,18,0,24,1,84,5,24,3,9,13,9,5
1,17,0,400,400,19,https://resultados2019.blob.core.windows.net/201901/189033.jpg,OK,0,2,ZACAPA,ESTANZUELA,18903,DIPUTADOS DISTRITALES,14,2,2,0,1,3,297,297,266,266,0,79,0,0,4,5,2,13,3,20,93,14,1,18,11,0,3
1,31,0,400,400,19,https://resultados2019.blob.core.windows.net/201901/188373.jpg,OK,0,1,ZACAPA,ZACAPA,18837,DIPUTADOS DISTRITALES,17,2,2,0,1,3,260,260,212,212,1,16,0,0,2,19,1,31,3,44,11,41,0,13,11,3,16
1,23,0,400,400,19,https://resultados2019.blob.core.windows.net/201901/189713.jpg,OK,0,4,ZACAPA,GUALÁN,18971,DIPUTADOS DISTRITALES,39,2,2,0,1,3,302,302,240,240,0,21,1,1,0,3,0,6,0,8,108,78,2,0,10,2,0
1,19,0,400,400,19,https://resultados2019.blob.core.windows.net/201901/189023.jpg,OK,0,2,ZACAPA,ESTANZUELA,18902,DIPUTADOS DISTRITALES,21,2,2,0,1,3,286,286,246,246,0,77,0,2,1,7,0,10,3,20,81,16,2,12,9,3,3
1,27,0,331,331,19,https://resultados2019.blob.core.windows.net/201901/190943.jpg,OK,0,7,ZACAPA,CABAÑAS,19094,DIPUTADOS DISTRITALES,21,2,1,0,1,3,257,257,209,209,0,53,0,0,0,2,0,1,0,11,72,57,2,7,3,1,0
1,24,0,400,402,19,https://resultados2019.blob.core.windows.net/201901/188633.jpg,OK,0,1,ZACAPA,ZACAPA,18863,DIPUTADOS DISTRITALES,20,2,2,0,1,3,287,287,243,243,1,19,1,0,0,14,1,21,7,65,19,27,1,22,18,7,20
1,13,0,400,400,19,https://resultados2019.blob.core.windows.net/201901/188673.jpg,OK,0,1,ZACAPA,ZACAPA,18867,DIPUTADOS DISTRITALES,19,2,2,0,1,3,258,258,226,226,9,19,1,0,3,19,0,26,10,42,16,20,0,29,16,10,6
0,0,0,400,0,19,https://resultados2019.blob.core.windows.net/201901/191823.jpg,OK,0,11,ZACAPA,SAN JORGE,19182,DIPUTADOS DISTRITALES,0,0,0,0,0,3,0,0,0,0,0,0,0,0,0,0,0,0,0,0,0,0,0,0,0,0,0
1,13,0,262,263,19,https://resultados2019.blob.core.windows.net/201901/190183.jpg,OK,0,4,ZACAPA,GUALÁN,19018,DIPUTADOS DISTRITALES,5,2,2,0,1,3,188,188,170,170,0,17,0,0,1,0,0,6,0,7,66,66,0,1,5,1,0
1,19,0,400,400,19,https://resultados2019.blob.core.windows.net/201901/190823.jpg,OK,0,7,ZACAPA,CABAÑAS,19082,DIPUTADOS DISTRITALES,13,2,2,0,1,3,268,268,236,236,0,108,0,1,2,1,0,8,3,3,59,34,0,12,2,1,2
1,16,0,331,331,19,https://resultados2019.blob.core.windows.net/201901/190953.jpg,OK,0,7,ZACAPA,CABAÑAS,19095,DIPUTADOS DISTRITALES,11,2,1,0,1,3,234,234,207,207,0,43,1,1,0,0,1,4,0,1,74,71,1,5,4,0,1
0,0,0,240,0,19,https://resultados2019.blob.core.windows.net/201901/191903.jpg,OK,0,11,ZACAPA,SAN JORGE,19190,DIPUTADOS DISTRITALES,0,0,0,0,0,3,0,0,0,0,0,0,0,0,0,0,0,0,0,0,0,0,0,0,0,0,0
1,29,0,380,380,19,https://resultados2019.blob.core.windows.net/201901/189383.jpg,OK,0,3,ZACAPA,RÍO HONDO,18938,DIPUTADOS DISTRITALES,21,2,2,0,1,3,309,309,259,259,3,14,0,1,13,13,1,16,8,25,65,30,1,11,49,7,2
0,0,0,280,0,19,https://resultados2019.blob.core.windows.net/201901/191813.jpg,OK,0,11,ZACAPA,SAN JORGE,19181,DIPUTADOS DISTRITALES,0,0,0,0,0,3,0,0,0,0,0,0,0,0,0,0,0,0,0,0,0,0,0,0,0,0,0
1,15,0,400,400,19,https://resultados2019.blob.core.windows.net/201901/188323.jpg,OK,0,1,ZACAPA,ZACAPA,18832,DIPUTADOS DISTRITALES,14,2,2,0,1,3,204,204,175,175,2,8,1,0,4,22,2,23,0,31,16,25,0,10,4,5,22
1,20,0,400,400,19,https://resultados2019.blob.core.windows.net/201901/189793.jpg,OK,1,4,ZACAPA,GUALÁN,18979,DIPUTADOS DISTRITALES,17,2,2,0,1,3,279,279,242,242,0,32,0,1,1,2,0,6,1,16,106,61,0,5,11,0,0
1,12,0,400,400,19,https://resultados2019.blob.core.windows.net/201901/190363.jpg,OK,0,5,ZACAPA,TECULUTÁN,19036,DIPUTADOS DISTRITALES,23,2,2,0,1,3,269,269,234,234,2,49,1,1,7,6,4,12,1,8,18,17,0,16,86,3,3
1,13,0,400,400,19,https://resultados2019.blob.core.windows.net/201901/190383.jpg,OK,0,5,ZACAPA,TECULUTÁN,19038,DIPUTADOS DISTRITALES,18,2,2,0,1,3,280,280,249,249,0,69,0,1,3,7,4,12,1,1,21,10,0,13,104,2,1
0,0,0,400,0,19,https://resultados2019.blob.core.windows.net/201901/191873.jpg,OK,0,11,ZACAPA,SAN JORGE,19187,DIPUTADOS DISTRITALES,0,0,0,0,0,3,0,0,0,0,0,0,0,0,0,0,0,0,0,0,0,0,0,0,0,0,0
1,43,0,380,380,19,https://resultados2019.blob.core.windows.net/201901/191363.jpg,OK,0,9,ZACAPA,LA UNIÓN,19136,DIPUTADOS DISTRITALES,28,2,2,0,1,3,267,267,196,196,2,9,1,0,1,2,6,24,3,15,31,49,1,3,47,1,1
1,24,0,400,400,19,https://resultados2019.blob.core.windows.net/201901/189613.jpg,OK,0,4,ZACAPA,GUALÁN,18961,DIPUTADOS DISTRITALES,15,2,2,0,1,3,291,291,252,252,0,44,2,0,0,6,0,0,0,34,75,76,1,4,9,1,0
1,22,0,400,400,19,https://resultados2019.blob.core.windows.net/201901/188683.jpg,OK,0,1,ZACAPA,ZACAPA,18868,DIPUTADOS DISTRITALES,14,2,2,0,1,3,258,258,222,222,0,14,2,0,4,13,0,24,4,55,9,34,1,20,21,8,13
1,30,0,400,400,19,https://resultados2019.blob.core.windows.net/201901/191143.jpg,OK,0,9,ZACAPA,LA UNIÓN,19114,DIPUTADOS DISTRITALES,27,2,2,0,1,3,288,288,231,231,1,18,1,0,1,1,0,52,1,9,32,51,8,7,48,1,0
1,22,0,380,374,19,https://resultados2019.blob.core.windows.net/201901/188733.jpg,OK,0,1,ZACAPA,ZACAPA,18873,DIPUTADOS DISTRITALES,25,2,2,0,1,3,237,237,190,190,0,10,0,0,0,14,1,30,2,64,6,30,1,8,11,6,7
1,23,0,400,400,19,https://resultados2019.blob.core.windows.net/201901/190253.jpg,OK,0,5,ZACAPA,TECULUTÁN,19025,DIPUTADOS DISTRITALES,18,2,2,0,1,3,278,278,237,237,3,73,2,2,4,6,4,6,0,0,23,12,2,14,80,1,5
1,66,0,400,400,19,https://resultados2019.blob.core.windows.net/201901/191083.jpg,OK,0,8,ZACAPA,SAN DIEGO,19108,DIPUTADOS DISTRITALES,13,2,2,0,1,3,279,279,200,200,1,102,1,8,0,5,1,14,0,13,5,28,0,11,6,2,3
1,30,0,400,400,19,https://resultados2019.blob.core.windows.net/201901/190763.jpg,OK,0,7,ZACAPA,CABAÑAS,19076,DIPUTADOS DISTRITALES,17,2,2,0,1,3,304,304,257,257,1,93,1,3,2,2,0,7,1,2,56,71,0,4,10,2,2
1,22,0,400,400,19,https://resultados2019.blob.core.windows.net/201901/190293.jpg,OK,0,5,ZACAPA,TECULUTÁN,19029,DIPUTADOS DISTRITALES,22,2,2,0,1,3,304,304,260,260,0,73,0,0,6,4,5,11,4,5,30,18,1,15,84,1,3
1,32,0,400,400,19,https://resultados2019.blob.core.windows.net/201901/190593.jpg,OK,0,6,ZACAPA,USUMATLÁN,19059,DIPUTADOS DISTRITALES,25,2,2,0,1,3,287,287,230,230,6,25,1,1,11,5,0,8,1,21,63,34,0,10,39,3,2
1,30,0,331,331,19,https://resultados2019.blob.core.windows.net/201901/188773.jpg,OK,0,1,ZACAPA,ZACAPA,18877,DIPUTADOS DISTRITALES,13,2,2,0,1,3,189,189,146,146,1,13,1,0,3,11,14,16,0,10,8,25,0,10,12,4,18
1,56,0,380,380,19,https://resultados2019.blob.core.windows.net/201901/191503.jpg,OK,0,9,ZACAPA,LA UNIÓN,19150,DIPUTADOS DISTRITALES,14,2,2,0,1,3,274,274,204,204,0,16,0,0,1,1,3,18,0,9,60,39,6,3,46,2,0
1,29,0,400,400,19,https://resultados2019.blob.core.windows.net/201901/189053.jpg,OK,0,2,ZACAPA,ESTANZUELA,18905,DIPUTADOS DISTRITALES,25,2,2,0,1,3,309,309,255,255,0,75,0,0,4,9,0,3,3,15,84,20,2,20,15,4,1
1,72,0,400,400,19,https://resultados2019.blob.core.windows.net/201901/191073.jpg,OK,1,8,ZACAPA,SAN DIEGO,19107,DIPUTADOS DISTRITALES,14,2,2,0,1,3,280,280,194,194,1,94,0,5,1,5,1,11,2,13,8,30,3,7,8,2,3
1,30,0,400,400,19,https://resultados2019.blob.core.windows.net/201901/189003.jpg,OK,0,2,ZACAPA,ESTANZUELA,18900,DIPUTADOS DISTRITALES,30,2,2,0,1,3,317,317,257,257,1,85,1,1,2,12,1,10,2,11,81,17,1,14,13,2,3
1,20,0,400,399,19,https://resultados2019.blob.core.windows.net/201901/188103.jpg,OK,0,1,ZACAPA,ZACAPA,18810,DIPUTADOS DISTRITALES,26,2,2,0,1,3,258,258,212,212,1,27,3,1,5,17,2,25,1,44,30,19,1,13,10,4,9
1,16,0,400,400,19,https://resultados2019.blob.core.windows.net/201901/189813.jpg,OK,0,4,ZACAPA,GUALÁN,18981,DIPUTADOS DISTRITALES,25,2,2,0,1,3,276,276,235,235,1,26,0,1,1,4,1,7,0,13,92,73,0,7,7,2,0
0,99,2,400,400,19,https://resultados2019.blob.core.windows.net/201901/191023.jpg,OK,0,8,ZACAPA,SAN DIEGO,19102,DIPUTADOS DISTRITALES,19,2,2,0,1,3,327,323,205,207,0,98,0,5,2,5,0,7,0,11,5,46,2,6,15,3,0
1,7,0,526,526,19,https://resultados2019.blob.core.windows.net/201901/188893.jpg,OK,18,1,ZACAPA,ZACAPA,18889,DIPUTADOS DISTRITALES,11,2,2,0,1,3,87,87,69,69,0,3,1,0,1,11,0,6,1,14,7,5,0,7,2,3,8
1,14,0,310,310,19,https://resultados2019.blob.core.windows.net/201901/189253.jpg,OK,0,3,ZACAPA,RÍO HONDO,18925,DIPUTADOS DISTRITALES,5,2,2,0,1,3,227,227,208,208,7,5,2,2,3,13,0,16,1,14,59,26,1,46,9,2,2
1,38,0,400,400,19,https://resultados2019.blob.core.windows.net/201901/188183.jpg,OK,2,1,ZACAPA,ZACAPA,18818,DIPUTADOS DISTRITALES,17,2,2,0,1,3,272,272,217,217,2,20,3,1,0,23,2,23,3,33,23,40,1,13,12,6,12
0,0,0,400,0,19,https://resultados2019.blob.core.windows.net/201901/191883.jpg,OK,0,11,ZACAPA,SAN JORGE,19188,DIPUTADOS DISTRITALES,0,0,0,0,0,3,0,0,0,0,0,0,0,0,0,0,0,0,0,0,0,0,0,0,0,0,0
1,20,0,380,380,19,https://resultados2019.blob.core.windows.net/201901/189953.jpg,OK,0,4,ZACAPA,GUALÁN,18995,DIPUTADOS DISTRITALES,7,2,2,0,1,3,259,259,232,232,1,19,0,0,0,4,1,2,1,6,102,76,0,7,11,2,0
1,27,0,380,380,19,https://resultados2019.blob.core.windows.net/201901/190113.jpg,OK,0,4,ZACAPA,GUALÁN,19011,DIPUTADOS DISTRITALES,26,2,2,0,1,3,271,271,218,218,2,30,0,0,3,2,1,5,0,6,67,83,3,4,11,1,0
1,8,0,296,296,19,https://resultados2019.blob.core.windows.net/201901/189983.jpg,OK,0,4,ZACAPA,GUALÁN,18998,DIPUTADOS DISTRITALES,15,2,2,0,1,3,204,204,181,181,1,16,0,0,0,3,0,9,0,10,61,69,0,5,7,0,0
1,14,0,400,400,19,https://resultados2019.blob.core.windows.net/201901/189853.jpg,OK,0,4,ZACAPA,GUALÁN,18985,DIPUTADOS DISTRITALES,36,2,2,0,1,3,276,276,226,226,0,29,0,1,0,0,0,10,0,10,100,57,2,6,7,1,3
1,23,0,325,325,19,https://resultados2019.blob.core.windows.net/201901/190623.jpg,OK,0,6,ZACAPA,USUMATLÁN,19062,DIPUTADOS DISTRITALES,6,2,2,0,1,3,257,257,228,228,4,22,0,0,5,6,1,12,0,16,70,19,1,14,53,3,2
1,33,0,400,400,19,https://resultados2019.blob.core.windows.net/201901/191243.jpg,OK,108,9,ZACAPA,LA UNIÓN,19124,DIPUTADOS DISTRITALES,17,2,2,0,1,3,292,292,242,242,0,13,0,0,1,4,0,50,1,31,31,41,9,4,56,1,0
1,25,0,400,397,19,https://resultados2019.blob.core.windows.net/201901/189543.jpg,OK,0,4,ZACAPA,GUALÁN,18954,DIPUTADOS DISTRITALES,23,2,2,0,1,3,290,290,242,242,1,29,0,0,1,1,1,8,0,16,100,61,1,12,11,0,0
1,15,0,400,400,19,https://resultados2019.blob.core.windows.net/201901/189743.jpg,OK,0,4,ZACAPA,GUALÁN,18974,DIPUTADOS DISTRITALES,29,2,2,0,1,3,296,296,252,252,1,41,1,0,0,9,2,8,2,16,92,55,1,8,13,2,1
1,32,0,380,380,19,https://resultados2019.blob.core.windows.net/201901/188793.jpg,OK,0,1,ZACAPA,ZACAPA,18879,DIPUTADOS DISTRITALES,29,2,2,0,1,3,221,221,160,160,1,3,0,0,1,3,0,10,3,19,45,63,0,6,1,4,1
1,32,0,400,400,19,https://resultados2019.blob.core.windows.net/201901/191253.jpg,OK,0,9,ZACAPA,LA UNIÓN,19125,DIPUTADOS DISTRITALES,19,2,2,0,1,3,289,289,238,238,0,14,0,1,4,1,0,67,0,11,28,33,4,5,68,1,1
1,28,0,400,400,19,https://resultados2019.blob.core.windows.net/201901/188983.jpg,OK,0,2,ZACAPA,ESTANZUELA,18898,DIPUTADOS DISTRITALES,31,2,2,0,1,3,337,337,278,278,3,95,0,1,2,8,3,4,3,10,100,19,0,12,13,2,3
1,94,0,400,400,19,https://resultados2019.blob.core.windows.net/201901/187993.jpg,OK,0,1,ZACAPA,ZACAPA,18799,DIPUTADOS DISTRITALES,28,2,2,0,1,3,269,269,147,147,0,14,2,2,27,14,0,0,0,26,13,19,0,19,2,2,7
1,15,0,342,342,19,https://resultados2019.blob.core.windows.net/201901/191213.jpg,OK,0,9,ZACAPA,LA UNIÓN,19121,DIPUTADOS DISTRITALES,8,2,2,0,1,3,236,236,213,213,0,17,0,0,1,2,0,52,1,9,48,30,3,7,43,0,0
1,32,0,269,269,19,https://resultados2019.blob.core.windows.net/201901/189293.jpg,OK,0,3,ZACAPA,RÍO HONDO,18929,DIPUTADOS DISTRITALES,17,2,2,0,1,3,187,187,138,138,0,11,0,1,0,3,2,5,0,11,33,43,1,15,12,0,1
1,22,1,380,380,19,https://resultados2019.blob.core.windows.net/201901/190153.jpg,OK,0,4,ZACAPA,GUALÁN,19015,DIPUTADOS DISTRITALES,20,2,2,0,1,3,247,247,205,205,0,19,0,1,4,3,1,2,0,13,64,88,1,3,4,1,1
1,27,0,355,352,19,https://resultados2019.blob.core.windows.net/201901/188813.jpg,OK,0,1,ZACAPA,ZACAPA,18881,DIPUTADOS DISTRITALES,16,2,2,0,1,3,184,184,141,141,3,2,2,0,1,4,0,6,3,3,55,50,0,2,1,5,4
1,7,0,273,273,19,https://resultados2019.blob.core.windows.net/201901/188693.jpg,OK,0,1,ZACAPA,ZACAPA,18869,DIPUTADOS DISTRITALES,17,2,2,0,1,3,175,175,151,151,1,12,0,1,2,6,2,30,4,34,9,11,0,14,12,5,8
1,33,0,400,400,19,https://resultados2019.blob.core.windows.net/201901/188953.jpg,OK,0,2,ZACAPA,ESTANZUELA,18895,DIPUTADOS DISTRITALES,37,2,2,0,1,3,317,317,247,247,2,66,1,0,1,11,1,6,3,14,94,15,0,12,8,5,8
1,21,0,380,380,19,https://resultados2019.blob.core.windows.net/201901/190003.jpg,OK,0,4,ZACAPA,GUALÁN,19000,DIPUTADOS DISTRITALES,19,2,2,0,1,3,260,260,220,220,2,24,0,1,4,6,3,13,1,8,67,70,2,7,11,1,0
1,5,0,337,337,19,https://resultados2019.blob.core.windows.net/201901/190973.jpg,OK,0,7,ZACAPA,CABAÑAS,19097,DIPUTADOS DISTRITALES,8,2,2,0,1,3,74,74,61,61,1,21,0,0,0,1,0,3,0,1,18,10,0,2,4,0,0
1,15,1,400,400,19,https://resultados2019.blob.core.windows.net/201901/190333.jpg,OK,0,5,ZACAPA,TECULUTÁN,19033,DIPUTADOS DISTRITALES,21,2,2,0,1,3,291,291,255,255,0,73,1,1,4,9,8,14,0,4,25,10,3,13,88,1,1
1,23,0,400,400,19,https://resultados2019.blob.core.windows.net/201901/188433.jpg,OK,5,1,ZACAPA,ZACAPA,18843,DIPUTADOS DISTRITALES,21,2,2,0,1,3,281,281,237,237,0,29,4,0,4,23,0,24,2,56,12,22,1,17,20,7,16
1,15,0,285,285,19,https://resultados2019.blob.core.windows.net/201901/190513.jpg,OK,0,5,ZACAPA,TECULUTÁN,19051,DIPUTADOS DISTRITALES,11,2,1,0,1,3,239,239,213,213,1,59,0,0,8,2,3,2,45,4,42,12,2,5,28,0,0
1,15,0,400,400,19,https://resultados2019.blob.core.windows.net/201901/191613.jpg,OK,0,10,ZACAPA,HUITÉ,19161,DIPUTADOS DISTRITALES,16,2,2,0,1,3,294,294,263,263,1,88,1,2,2,6,2,5,10,6,29,101,1,2,6,1,0
1,33,0,321,318,19,https://resultados2019.blob.core.windows.net/201901/190663.jpg,OK,0,6,ZACAPA,USUMATLÁN,19066,DIPUTADOS DISTRITALES,9,2,2,0,1,3,225,225,183,183,0,45,0,0,5,4,0,14,0,17,54,14,0,6,23,0,1
1,33,0,400,400,19,https://resultados2019.blob.core.windows.net/201901/191553.jpg,OK,0,10,ZACAPA,HUITÉ,19155,DIPUTADOS DISTRITALES,21,2,2,0,1,3,302,302,248,248,0,106,0,0,3,4,2,3,13,3,15,86,1,2,7,1,2
1,48,0,400,400,19,https://resultados2019.blob.core.windows.net/201901/191293.jpg,OK,0,9,ZACAPA,LA UNIÓN,19129,DIPUTADOS DISTRITALES,25,2,2,0,1,3,332,332,259,259,1,20,1,0,4,4,0,19,0,49,39,49,0,4,66,1,2
1,15,0,396,396,19,https://resultados2019.blob.core.windows.net/201901/188153.jpg,OK,0,1,ZACAPA,ZACAPA,18815,DIPUTADOS DISTRITALES,17,2,2,0,1,3,211,211,179,179,1,21,0,0,0,14,1,24,3,41,22,18,0,8,10,6,10
1,29,0,400,400,19,https://resultados2019.blob.core.windows.net/201901/191123.jpg,OK,2,9,ZACAPA,LA UNIÓN,19112,DIPUTADOS DISTRITALES,26,2,2,0,1,3,300,300,245,245,2,19,1,0,4,0,3,58,1,24,38,36,1,9,47,0,2
1,15,0,377,377,19,https://resultados2019.blob.core.windows.net/201901/189423.jpg,OK,0,3,ZACAPA,RÍO HONDO,18942,DIPUTADOS DISTRITALES,14,2,2,0,1,3,298,298,269,269,0,28,0,1,2,13,0,13,4,26,76,35,0,10,56,3,2
1,8,0,317,317,19,https://resultados2019.blob.core.windows.net/201901/191533.jpg,OK,0,9,ZACAPA,LA UNIÓN,19153,DIPUTADOS DISTRITALES,10,2,2,0,1,3,111,111,93,93,0,15,0,0,1,1,0,11,0,12,12,15,4,0,22,0,0
1,17,0,400,400,19,https://resultados2019.blob.core.windows.net/201901/190393.jpg,OK,0,5,ZACAPA,TECULUTÁN,19039,DIPUTADOS DISTRITALES,15,2,2,0,1,3,295,295,263,263,1,60,0,2,0,3,4,12,3,5,20,11,1,19,116,4,2
1,15,0,390,390,19,https://resultados2019.blob.core.windows.net/201901/188043.jpg,OK,0,1,ZACAPA,ZACAPA,18804,DIPUTADOS DISTRITALES,21,2,2,0,1,3,253,253,217,217,3,14,4,0,2,31,1,18,4,55,11,18,0,25,9,6,16
1,19,0,326,326,19,https://resultados2019.blob.core.windows.net/201901/190613.jpg,OK,0,6,ZACAPA,USUMATLÁN,19061,DIPUTADOS DISTRITALES,12,2,2,0,1,3,248,248,217,217,2,16,0,0,3,5,2,11,0,15,79,21,0,13,44,4,2
1,112,0,400,400,19,https://resultados2019.blob.core.windows.net/201901/191013.jpg,OK,0,8,ZACAPA,SAN DIEGO,19101,DIPUTADOS DISTRITALES,13,2,2,0,1,3,320,320,195,195,1,108,1,4,2,4,1,0,1,9,6,41,0,6,9,1,1
1,30,0,380,380,19,https://resultados2019.blob.core.windows.net/201901/190063.jpg,OK,0,4,ZACAPA,GUALÁN,19006,DIPUTADOS DISTRITALES,16,2,2,0,1,3,309,309,263,263,6,15,0,0,3,9,1,2,1,21,53,136,0,7,7,0,2
1,17,0,367,367,19,https://resultados2019.blob.core.windows.net/201901/189903.jpg,OK,0,4,ZACAPA,GUALÁN,18990,DIPUTADOS DISTRITALES,14,2,2,0,1,3,264,264,233,233,0,30,0,0,0,3,0,8,0,17,107,61,0,3,3,0,1
1,17,0,400,400,19,https://resultados2019.blob.core.windows.net/201901/191323.jpg,OK,0,9,ZACAPA,LA UNIÓN,19132,DIPUTADOS DISTRITALES,10,2,2,0,1,3,235,235,208,208,1,11,0,0,1,1,0,39,0,22,31,43,4,0,53,1,1
1,20,0,291,288,19,https://resultados2019.blob.core.windows.net/201901/190733.jpg,OK,0,6,ZACAPA,USUMATLÁN,19073,DIPUTADOS DISTRITALES,9,2,2,0,1,3,220,220,191,191,1,38,0,0,8,4,0,7,1,14,61,26,0,4,26,0,1
1,21,0,354,351,19,https://resultados2019.blob.core.windows.net/201901/188823.jpg,OK,0,1,ZACAPA,ZACAPA,18882,DIPUTADOS DISTRITALES,18,2,2,0,1,3,181,181,142,142,1,4,0,0,4,6,1,10,2,10,50,43,1,1,3,1,5
1,18,0,400,400,19,https://resultados2019.blob.core.windows.net/201901/188283.jpg,OK,0,1,ZACAPA,ZACAPA,18828,DIPUTADOS DISTRITALES,20,2,2,0,1,3,254,254,216,216,2,11,1,0,5,16,1,25,4,48,14,38,0,17,14,4,16
1,36,0,380,380,19,https://resultados2019.blob.core.windows.net/201901/189343.jpg,OK,0,3,ZACAPA,RÍO HONDO,18934,DIPUTADOS DISTRITALES,24,2,2,0,1,3,320,320,260,260,2,22,1,1,19,10,0,17,6,25,65,31,0,1,53,5,2
1,14,0,400,400,19,https://resultados2019.blob.core.windows.net/201901/189843.jpg,OK,0,4,ZACAPA,GUALÁN,18984,DIPUTADOS DISTRITALES,24,2,2,0,1,3,281,281,243,243,1,35,0,0,1,4,0,4,0,18,97,61,1,10,10,0,1
1,21,0,330,330,19,https://resultados2019.blob.core.windows.net/201901/189103.jpg,OK,0,2,ZACAPA,ESTANZUELA,18910,DIPUTADOS DISTRITALES,21,2,2,0,1,3,240,240,198,198,2,65,2,1,0,2,2,9,0,15,63,17,0,9,8,1,2
1,13,0,369,369,19,https://resultados2019.blob.core.windows.net/201901/190843.jpg,OK,0,7,ZACAPA,CABAÑAS,19084,DIPUTADOS DISTRITALES,6,2,2,0,1,3,275,275,256,256,1,111,0,1,0,0,0,10,1,4,71,37,0,12,3,1,4
1,22,0,338,338,19,https://resultados2019.blob.core.windows.net/201901/190963.jpg,OK,0,7,ZACAPA,CABAÑAS,19096,DIPUTADOS DISTRITALES,13,2,2,0,1,3,160,160,125,125,0,36,0,4,1,2,0,4,0,5,34,29,0,4,4,2,0
1,46,0,380,377,19,https://resultados2019.blob.core.windows.net/201901/191353.jpg,OK,0,9,ZACAPA,LA UNIÓN,19135,DIPUTADOS DISTRITALES,20,2,2,0,1,3,274,274,208,208,1,12,5,1,4,2,8,26,0,13,33,55,2,3,42,1,0
1,17,0,600,600,19,https://resultados2019.blob.core.windows.net/201901/190203.jpg,OK,0,4,ZACAPA,GUALÁN,19020,DIPUTADOS DISTRITALES,25,2,2,0,1,3,195,195,153,153,0,22,0,0,1,4,0,6,0,12,43,46,1,8,7,1,2
0,0,0,281,0,19,https://resultados2019.blob.core.windows.net/201901/191803.jpg,OK,0,11,ZACAPA,SAN JORGE,19180,DIPUTADOS DISTRITALES,0,0,0,0,0,3,0,0,0,0,0,0,0,0,0,0,0,0,0,0,0,0,0,0,0,0,0
1,55,0,400,399,19,https://resultados2019.blob.core.windows.net/201901/191053.jpg,OK,0,8,ZACAPA,SAN DIEGO,19105,DIPUTADOS DISTRITALES,27,2,2,0,1,3,280,280,198,198,1,106,1,4,0,8,0,8,0,11,8,33,1,3,12,1,1
1,36,0,380,380,19,https://resultados2019.blob.core.windows.net/201901/189963.jpg,OK,0,4,ZACAPA,GUALÁN,18996,DIPUTADOS DISTRITALES,21,2,2,0,1,3,277,277,220,220,0,19,0,1,0,0,1,9,1,7,83,80,1,6,11,1,0
1,44,0,380,380,19,https://resultados2019.blob.core.windows.net/201901/190673.jpg,OK,0,6,ZACAPA,USUMATLÁN,19067,DIPUTADOS DISTRITALES,23,2,2,0,1,3,280,280,213,213,3,19,0,0,5,6,1,8,0,20,81,39,1,8,16,5,1
1,23,0,378,378,19,https://resultados2019.blob.core.windows.net/201901/191333.jpg,OK,0,9,ZACAPA,LA UNIÓN,19133,DIPUTADOS DISTRITALES,3,2,2,0,1,3,257,257,231,231,0,13,0,0,1,0,0,41,0,31,33,33,4,1,73,0,1
1,38,0,380,380,19,https://resultados2019.blob.core.windows.net/201901/189323.jpg,OK,0,3,ZACAPA,RÍO HONDO,18932,DIPUTADOS DISTRITALES,27,2,2,0,1,3,302,302,237,237,4,23,2,0,8,4,1,14,5,21,64,39,2,6,39,4,1
1,39,0,380,380,19,https://resultados2019.blob.core.windows.net/201901/190683.jpg,OK,0,6,ZACAPA,USUMATLÁN,19068,DIPUTADOS DISTRITALES,23,2,2,0,1,3,296,296,234,234,5,27,0,0,10,7,0,3,6,35,72,38,0,8,20,3,0
1,16,0,400,400,19,https://resultados2019.blob.core.windows.net/201901/190343.jpg,OK,0,5,ZACAPA,TECULUTÁN,19034,DIPUTADOS DISTRITALES,19,2,2,0,1,3,266,266,231,231,0,49,1,1,0,6,4,6,1,7,20,12,1,12,104,5,2
0,0,0,400,0,19,https://resultados2019.blob.core.windows.net/201901/191893.jpg,OK,0,11,ZACAPA,SAN JORGE,19189,DIPUTADOS DISTRITALES,0,0,0,0,0,3,0,0,0,0,0,0,0,0,0,0,0,0,0,0,0,0,0,0,0,0,0
1,14,0,327,327,19,https://resultados2019.blob.core.windows.net/201901/191113.jpg,OK,0,8,ZACAPA,SAN DIEGO,19111,DIPUTADOS DISTRITALES,9,2,2,0,1,3,87,87,64,64,0,28,0,4,0,3,2,2,0,3,5,7,0,6,1,0,3
1,13,0,311,311,19,https://resultados2019.blob.core.windows.net/201901/189243.jpg,OK,0,3,ZACAPA,RÍO HONDO,18924,DIPUTADOS DISTRITALES,19,2,2,0,1,3,217,217,185,185,8,13,1,1,2,13,0,20,3,8,44,19,3,35,13,2,0
1,21,0,600,600,19,https://resultados2019.blob.core.windows.net/201901/188853.jpg,OK,401,1,ZACAPA,ZACAPA,18885,DIPUTADOS DISTRITALES,11,2,2,0,1,3,195,195,163,163,1,16,0,1,2,13,2,20,2,34,13,14,1,16,12,5,11
1,18,0,400,400,19,https://resultados2019.blob.core.windows.net/201901/189043.jpg,OK,0,2,ZACAPA,ESTANZUELA,18904,DIPUTADOS DISTRITALES,26,2,2,0,1,3,305,305,261,261,0,78,1,1,5,5,1,8,0,18,83,26,1,15,12,3,4
1,34,1,400,400,19,https://resultados2019.blob.core.windows.net/201901/189193.jpg,OK,0,3,ZACAPA,RÍO HONDO,18919,DIPUTADOS DISTRITALES,23,2,2,0,1,3,299,299,242,242,6,10,1,0,0,26,0,10,2,17,48,40,2,45,25,4,6
1,24,0,400,400,19,https://resultados2019.blob.core.windows.net/201901/190463.jpg,OK,2,5,ZACAPA,TECULUTÁN,19046,DIPUTADOS DISTRITALES,33,2,2,0,1,3,291,291,234,234,3,91,0,0,10,6,7,5,3,5,23,26,2,12,37,1,3
1,17,0,400,400,19,https://resultados2019.blob.core.windows.net/201901/189773.jpg,OK,0,4,ZACAPA,GUALÁN,18977,DIPUTADOS DISTRITALES,26,2,2,0,1,3,306,306,263,263,1,38,0,0,1,2,2,5,0,21,96,81,0,7,6,0,3
1,11,0,400,401,19,https://resultados2019.blob.core.windows.net/201901/189783.jpg,OK,0,4,ZACAPA,GUALÁN,18978,DIPUTADOS DISTRITALES,20,2,2,0,1,3,293,293,262,262,1,31,0,1,0,6,0,9,0,12,95,84,1,10,10,1,1
1,44,0,380,380,19,https://resultados2019.blob.core.windows.net/201901/191433.jpg,OK,0,9,ZACAPA,LA UNIÓN,19143,DIPUTADOS DISTRITALES,17,2,2,0,1,3,262,262,201,201,0,12,1,0,1,4,3,32,0,19,24,43,0,1,58,1,2
1,31,0,400,400,19,https://resultados2019.blob.core.windows.net/201901/189073.jpg,OK,1,2,ZACAPA,ESTANZUELA,18907,DIPUTADOS DISTRITALES,17,2,2,0,1,3,288,288,240,240,0,76,0,1,0,2,2,11,2,24,73,15,0,13,11,3,7
1,54,0,380,380,19,https://resultados2019.blob.core.windows.net/201901/191483.jpg,OK,0,9,ZACAPA,LA UNIÓN,19148,DIPUTADOS DISTRITALES,25,2,2,0,1,3,309,309,230,230,1,18,1,1,4,2,1,21,5,17,56,40,6,5,48,2,2
1,19,0,400,400,19,https://resultados2019.blob.core.windows.net/201901/190583.jpg,OK,0,6,ZACAPA,USUMATLÁN,19058,DIPUTADOS DISTRITALES,18,2,2,0,1,3,309,309,272,272,6,28,0,1,13,4,1,14,1,26,85,26,0,17,44,0,6
1,38,0,380,380,19,https://resultados2019.blob.core.windows.net/201901/188803.jpg,OK,0,1,ZACAPA,ZACAPA,18880,DIPUTADOS DISTRITALES,31,2,2,0,1,3,244,244,175,175,0,3,0,0,5,6,1,5,4,12,48,76,2,2,2,7,2
1,24,0,400,400,19,https://resultados2019.blob.core.windows.net/201901/188993.jpg,OK,0,2,ZACAPA,ESTANZUELA,18899,DIPUTADOS DISTRITALES,36,2,2,0,1,3,326,326,266,266,0,110,1,1,1,9,2,6,3,15,73,13,1,8,16,2,5
1,16,0,400,400,19,https://resultados2019.blob.core.windows.net/201901/190753.jpg,OK,0,7,ZACAPA,CABAÑAS,19075,DIPUTADOS DISTRITALES,21,2,2,0,1,3,298,298,261,261,2,103,0,7,1,5,1,3,1,8,62,52,0,6,5,2,3
1,15,0,367,367,19,https://resultados2019.blob.core.windows.net/201901/189893.jpg,OK,0,4,ZACAPA,GUALÁN,18989,DIPUTADOS DISTRITALES,8,2,2,0,1,3,307,307,284,284,0,42,0,0,2,5,0,10,0,25,127,66,0,1,4,0,2
1,50,0,400,400,19,https://resultados2019.blob.core.windows.net/201901/191263.jpg,OK,92,9,ZACAPA,LA UNIÓN,19126,DIPUTADOS DISTRITALES,14,2,2,0,1,3,308,308,244,244,1,24,1,0,3,3,1,52,1,15,32,49,1,5,51,3,2
1,26,0,400,400,19,https://resultados2019.blob.core.windows.net/201901/189703.jpg,OK,0,4,ZACAPA,GUALÁN,18970,DIPUTADOS DISTRITALES,19,2,2,0,1,3,306,306,261,261,1,26,0,0,1,0,1,4,0,3,102,111,0,2,10,0,0
1,31,0,400,400,19,https://resultados2019.blob.core.windows.net/201901/188273.jpg,OK,1,1,ZACAPA,ZACAPA,18827,DIPUTADOS DISTRITALES,23,2,2,0,1,3,257,257,203,203,2,20,3,0,0,21,0,14,0,50,12,32,1,13,5,10,20
1,11,0,380,379,19,https://resultados2019.blob.core.windows.net/201901/189993.jpg,OK,0,4,ZACAPA,GUALÁN,18999,DIPUTADOS DISTRITALES,30,2,2,0,1,3,284,284,243,243,1,30,0,0,4,4,0,8,0,22,85,70,2,9,8,0,0
1,24,0,380,380,19,https://resultados2019.blob.core.windows.net/201901/189913.jpg,OK,0,4,ZACAPA,GUALÁN,18991,DIPUTADOS DISTRITALES,24,2,2,0,1,3,290,290,242,242,0,6,0,0,0,1,0,0,0,9,91,128,1,1,4,1,0
1,16,0,400,400,19,https://resultados2019.blob.core.windows.net/201901/188643.jpg,OK,35,1,ZACAPA,ZACAPA,18864,DIPUTADOS DISTRITALES,19,2,2,0,1,3,264,264,229,229,0,18,5,0,2,20,0,27,3,56,12,24,2,25,14,7,14
1,12,0,394,394,19,https://resultados2019.blob.core.windows.net/201901/188593.jpg,OK,0,1,ZACAPA,ZACAPA,18859,DIPUTADOS DISTRITALES,15,2,2,0,1,3,235,235,208,208,0,20,2,0,2,11,0,29,3,41,16,27,1,23,10,5,18
1,15,0,263,263,19,https://resultados2019.blob.core.windows.net/201901/190173.jpg,OK,0,4,ZACAPA,GUALÁN,19017,DIPUTADOS DISTRITALES,16,2,2,0,1,3,161,161,130,130,0,10,1,0,1,3,0,2,0,6,52,45,1,2,5,1,1
1,62,0,380,379,19,https://resultados2019.blob.core.windows.net/201901/191413.jpg,OK,0,9,ZACAPA,LA UNIÓN,19141,DIPUTADOS DISTRITALES,15,2,2,0,1,3,343,343,266,266,5,7,0,1,1,2,6,24,2,17,77,63,2,0,54,2,3
1,15,0,400,400,19,https://resultados2019.blob.core.windows.net/201901/189573.jpg,OK,0,4,ZACAPA,GUALÁN,18957,DIPUTADOS DISTRITALES,23,2,2,0,1,3,287,287,249,249,1,28,1,0,2,1,1,6,0,24,105,67,1,5,6,1,0
1,30,0,400,400,19,https://resultados2019.blob.core.windows.net/201901/191573.jpg,OK,0,10,ZACAPA,HUITÉ,19157,DIPUTADOS DISTRITALES,21,2,2,0,1,3,319,319,268,268,1,100,0,0,0,4,1,2,4,13,15,113,0,1,10,1,3
1,39,0,380,380,19,https://resultados2019.blob.core.windows.net/201901/189403.jpg,OK,0,3,ZACAPA,RÍO HONDO,18940,DIPUTADOS DISTRITALES,26,2,2,0,1,3,292,292,227,227,4,17,2,1,7,15,1,14,10,23,45,24,0,6,44,11,3
1,27,0,380,380,19,https://resultados2019.blob.core.windows.net/201901/191683.jpg,OK,0,10,ZACAPA,HUITÉ,19168,DIPUTADOS DISTRITALES,7,2,2,0,1,3,310,310,276,276,0,80,0,0,2,5,0,2,0,4,21,152,1,4,3,2,0
1,12,0,267,267,19,https://resultados2019.blob.core.windows.net/201901/189673.jpg,OK,0,4,ZACAPA,GUALÁN,18967,DIPUTADOS DISTRITALES,8,2,2,0,1,3,171,171,151,151,1,15,0,0,0,1,0,6,0,11,70,36,0,2,6,2,1
1,14,0,600,597,19,https://resultados2019.blob.core.windows.net/201901/190223.jpg,OK,0,4,ZACAPA,GUALÁN,19022,DIPUTADOS DISTRITALES,8,2,2,0,1,3,159,159,137,137,0,27,1,0,0,1,1,5,2,12,42,33,1,2,9,1,0
1,34,0,400,400,19,https://resultados2019.blob.core.windows.net/201901/191593.jpg,OK,0,10,ZACAPA,HUITÉ,19159,DIPUTADOS DISTRITALES,23,2,2,0,1,3,313,313,256,256,2,83,2,1,1,6,0,2,17,7,18,100,0,1,12,1,3
1,23,1,400,400,19,https://resultados2019.blob.core.windows.net/201901/188423.jpg,OK,0,1,ZACAPA,ZACAPA,18842,DIPUTADOS DISTRITALES,22,2,2,0,1,3,284,284,239,239,2,19,3,1,2,24,1,26,7,43,18,23,1,21,14,7,27
1,4,0,265,265,19,https://resultados2019.blob.core.windows.net/201901/190093.jpg,OK,0,4,ZACAPA,GUALÁN,19009,DIPUTADOS DISTRITALES,9,2,2,0,1,3,185,185,172,172,0,12,0,0,0,3,0,7,0,15,32,83,0,8,9,1,2
1,57,0,330,330,19,https://resultados2019.blob.core.windows.net/201901/191523.jpg,OK,0,9,ZACAPA,LA UNIÓN,19152,DIPUTADOS DISTRITALES,6,2,2,0,1,3,267,267,204,204,2,22,0,0,2,2,0,20,0,12,39,45,1,2,56,1,0
1,23,0,567,567,19,https://resultados2019.blob.core.windows.net/201901/190523.jpg,OK,0,5,ZACAPA,TECULUTÁN,19052,DIPUTADOS DISTRITALES,19,2,2,0,1,3,257,257,215,215,3,52,1,2,4,5,5,12,1,8,21,16,0,13,70,1,1
1,20,0,400,400,19,https://resultados2019.blob.core.windows.net/201901/190263.jpg,OK,0,5,ZACAPA,TECULUTÁN,19026,DIPUTADOS DISTRITALES,24,2,2,0,1,3,307,307,263,263,0,81,0,0,12,5,5,10,4,7,22,16,0,10,86,5,0
1,29,0,400,400,19,https://resultados2019.blob.core.windows.net/201901/189513.jpg,OK,0,4,ZACAPA,GUALÁN,18951,DIPUTADOS DISTRITALES,19,2,2,0,1,3,272,272,224,224,1,23,0,0,0,6,2,7,0,12,95,67,0,1,9,1,0
1,18,0,400,400,19,https://resultados2019.blob.core.windows.net/201901/188573.jpg,OK,0,1,ZACAPA,ZACAPA,18857,DIPUTADOS DISTRITALES,16,2,2,0,1,3,277,277,243,243,2,22,4,0,1,15,0,37,2,44,19,20,0,24,13,14,26
1,11,0,400,400,19,https://resultados2019.blob.core.windows.net/201901/189653.jpg,OK,0,4,ZACAPA,GUALÁN,18965,DIPUTADOS DISTRITALES,13,2,2,0,1,3,287,287,263,263,0,48,0,1,1,4,0,14,0,18,100,61,0,4,9,0,3
1,15,0,400,400,19,https://resultados2019.blob.core.windows.net/201901/188313.jpg,OK,0,1,ZACAPA,ZACAPA,18831,DIPUTADOS DISTRITALES,23,2,2,0,1,3,239,239,201,201,3,17,3,0,1,10,2,19,3,42,11,28,2,20,15,5,20
1,26,0,400,400,19,https://resultados2019.blob.core.windows.net/201901/188383.jpg,OK,0,1,ZACAPA,ZACAPA,18838,DIPUTADOS DISTRITALES,18,2,2,0,1,3,259,259,215,215,1,20,2,0,1,13,2,33,3,37,18,27,1,11,24,2,20
1,11,0,341,341,19,https://resultados2019.blob.core.windows.net/201901/191223.jpg,OK,0,9,ZACAPA,LA UNIÓN,19122,DIPUTADOS DISTRITALES,9,2,2,0,1,3,248,248,228,228,0,14,0,0,0,2,1,42,0,13,49,36,2,6,61,0,2
1,24,0,362,362,19,https://resultados2019.blob.core.windows.net/201901/191663.jpg,OK,0,10,ZACAPA,HUITÉ,19166,DIPUTADOS DISTRITALES,9,2,2,0,1,3,266,266,233,233,0,95,0,1,2,2,2,2,4,5,18,89,0,3,6,2,2
1,9,0,370,370,19,https://resultados2019.blob.core.windows.net/201901/190833.jpg,OK,0,7,ZACAPA,CABAÑAS,19083,DIPUTADOS DISTRITALES,11,2,2,0,1,3,292,292,272,272,0,96,0,3,0,3,2,15,0,7,95,36,0,6,5,1,3
1,11,0,400,400,19,https://resultados2019.blob.core.windows.net/201901/188653.jpg,OK,0,1,ZACAPA,ZACAPA,18865,DIPUTADOS DISTRITALES,19,2,2,0,1,3,250,250,220,220,3,11,3,2,0,24,0,22,4,66,13,20,0,20,12,3,17
1,19,0,301,301,19,https://resultados2019.blob.core.windows.net/201901/189453.jpg,OK,0,3,ZACAPA,RÍO HONDO,18945,DIPUTADOS DISTRITALES,16,2,2,0,1,3,181,181,146,146,4,13,0,3,1,7,1,8,3,29,27,24,1,15,8,2,0
1,12,0,400,400,19,https://resultados2019.blob.core.windows.net/201901/188483.jpg,OK,0,1,ZACAPA,ZACAPA,18848,DIPUTADOS DISTRITALES,24,2,2,0,1,3,264,264,228,228,2,22,4,0,2,17,0,26,6,53,9,30,0,24,11,7,15
1,7,0,400,400,19,https://resultados2019.blob.core.windows.net/201901/188473.jpg,OK,0,1,ZACAPA,ZACAPA,18847,DIPUTADOS DISTRITALES,17,2,2,0,1,3,237,237,213,213,1,13,3,0,1,16,0,29,6,37,24,23,1,18,10,6,25
1,41,0,380,380,19,https://resultados2019.blob.core.windows.net/201901/189923.jpg,OK,0,4,ZACAPA,GUALÁN,18992,DIPUTADOS DISTRITALES,14,2,2,0,1,3,276,276,221,221,0,7,0,0,0,1,1,1,0,6,74,105,0,3,22,0,1
1,16,0,380,380,19,https://resultados2019.blob.core.windows.net/201901/189333.jpg,OK,0,3,ZACAPA,RÍO HONDO,18933,DIPUTADOS DISTRITALES,23,2,2,0,1,3,308,308,269,269,3,19,0,2,9,8,0,9,12,34,71,29,2,7,57,5,2
1,36,0,400,400,19,https://resultados2019.blob.core.windows.net/201901/191303.jpg,OK,0,9,ZACAPA,LA UNIÓN,19130,DIPUTADOS DISTRITALES,11,2,2,0,1,3,293,293,246,246,1,28,0,0,1,1,1,28,0,25,38,50,5,2,62,0,4
1,27,1,380,380,19,https://resultados2019.blob.core.windows.net/201901/190133.jpg,OK,0,4,ZACAPA,GUALÁN,19013,DIPUTADOS DISTRITALES,16,2,2,0,1,3,230,230,187,187,0,18,0,0,3,1,0,5,0,6,72,67,3,3,7,2,0
1,58,0,380,380,19,https://resultados2019.blob.core.windows.net/201901/191473.jpg,OK,0,9,ZACAPA,LA UNIÓN,19147,DIPUTADOS DISTRITALES,23,2,2,0,1,3,283,283,202,202,0,18,0,1,0,5,2,33,0,15,42,50,4,6,24,1,1
1,12,0,600,600,19,https://resultados2019.blob.core.windows.net/201901/188863.jpg,OK,0,1,ZACAPA,ZACAPA,18886,DIPUTADOS DISTRITALES,28,2,2,0,1,3,223,223,183,183,5,18,2,0,1,16,0,20,4,47,10,12,0,16,11,4,17
1,28,0,380,380,19,https://resultados2019.blob.core.windows.net/201901/190073.jpg,OK,0,4,ZACAPA,GUALÁN,19007,DIPUTADOS DISTRITALES,19,2,2,0,1,3,298,298,251,251,1,25,1,0,7,6,2,7,0,21,29,129,0,13,4,6,0
1,14,0,400,400,19,https://resultados2019.blob.core.windows.net/201901/189553.jpg,OK,0,4,ZACAPA,GUALÁN,18955,DIPUTADOS DISTRITALES,26,2,2,0,1,3,290,290,250,250,0,45,0,0,0,4,0,9,1,27,88,45,0,14,15,0,2
1,18,0,400,400,19,https://resultados2019.blob.core.windows.net/201901/189583.jpg,OK,0,4,ZACAPA,GUALÁN,18958,DIPUTADOS DISTRITALES,17,2,2,0,1,3,277,277,242,242,0,39,0,0,2,4,1,6,0,22,92,52,4,5,14,0,1
1,21,0,400,400,19,https://resultados2019.blob.core.windows.net/201901/189763.jpg,OK,0,4,ZACAPA,GUALÁN,18976,DIPUTADOS DISTRITALES,22,2,2,0,1,3,304,304,261,261,0,30,0,0,1,8,0,7,0,13,98,77,0,7,18,1,1
1,49,0,330,330,19,https://resultados2019.blob.core.windows.net/201901/191513.jpg,OK,0,9,ZACAPA,LA UNIÓN,19151,DIPUTADOS DISTRITALES,18,2,2,0,1,3,249,249,182,182,1,15,3,3,1,2,1,18,0,11,45,35,6,4,37,0,0
1,42,0,380,380,19,https://resultados2019.blob.core.windows.net/201901/189313.jpg,OK,0,3,ZACAPA,RÍO HONDO,18931,DIPUTADOS DISTRITALES,18,2,2,0,1,3,300,300,240,240,2,20,0,0,7,10,0,8,11,22,55,46,1,4,46,2,6
1,71,0,400,400,19,https://resultados2019.blob.core.windows.net/201901/191063.jpg,OK,0,8,ZACAPA,SAN DIEGO,19106,DIPUTADOS DISTRITALES,20,2,2,0,1,3,282,282,191,191,1,99,0,6,2,7,1,9,1,5,3,31,0,7,18,1,0
1,31,0,400,400,19,https://resultados2019.blob.core.windows.net/201901/188203.jpg,OK,0,1,ZACAPA,ZACAPA,18820,DIPUTADOS DISTRITALES,26,2,2,0,1,3,286,286,229,229,1,17,2,2,2,17,0,25,5,34,19,46,1,15,23,2,18
1,101,0,400,400,19,https://resultados2019.blob.core.windows.net/201901/191043.jpg,OK,0,8,ZACAPA,SAN DIEGO,19104,DIPUTADOS DISTRITALES,20,2,2,0,1,3,337,337,216,216,0,98,0,6,0,6,2,6,2,18,11,38,4,7,16,2,0
1,121,0,380,380,19,https://resultados2019.blob.core.windows.net/201901/190643.jpg,OK,0,6,ZACAPA,USUMATLÁN,19064,DIPUTADOS DISTRITALES,21,2,2,0,1,3,380,380,238,238,2,29,2,0,6,10,2,13,1,22,71,38,0,3,32,6,1
1,49,0,353,350,19,https://resultados2019.blob.core.windows.net/201901/191463.jpg,OK,0,9,ZACAPA,LA UNIÓN,19146,DIPUTADOS DISTRITALES,9,2,2,0,1,3,250,250,192,192,1,5,0,1,1,0,2,18,0,26,34,45,2,1,54,1,1
0,0,0,400,0,19,https://resultados2019.blob.core.windows.net/201901/191833.jpg,OK,0,11,ZACAPA,SAN JORGE,19183,DIPUTADOS DISTRITALES,0,0,0,0,0,3,0,0,0,0,0,0,0,0,0,0,0,0,0,0,0,0,0,0,0,0,0
1,33,0,379,379,19,https://resultados2019.blob.core.windows.net/201901/191713.jpg,OK,0,10,ZACAPA,HUITÉ,19171,DIPUTADOS DISTRITALES,10,2,2,0,1,3,259,259,216,216,1,44,0,0,0,8,0,1,1,3,9,137,1,0,6,4,1
1,12,0,400,400,19,https://resultados2019.blob.core.windows.net/201901/189063.jpg,OK,0,2,ZACAPA,ESTANZUELA,18906,DIPUTADOS DISTRITALES,14,2,2,0,1,3,291,291,265,265,2,92,0,1,4,11,1,9,2,15,69,20,1,19,14,2,3
1,17,0,400,400,19,https://resultados2019.blob.core.windows.net/201901/189863.jpg,OK,0,4,ZACAPA,GUALÁN,18986,DIPUTADOS DISTRITALES,28,2,2,0,1,3,263,263,218,218,0,27,0,1,0,2,1,7,0,16,79,71,1,8,3,2,0
1,10,0,400,400,19,https://resultados2019.blob.core.windows.net/201901/189873.jpg,OK,0,4,ZACAPA,GUALÁN,18987,DIPUTADOS DISTRITALES,18,2,2,0,1,3,291,291,263,263,1,20,1,1,1,4,1,6,0,14,132,70,1,2,9,0,0
1,8,0,265,265,19,https://resultados2019.blob.core.windows.net/201901/190103.jpg,OK,0,4,ZACAPA,GUALÁN,19010,DIPUTADOS DISTRITALES,4,2,2,0,1,3,222,222,210,210,1,17,0,0,2,4,2,5,0,10,34,115,0,14,4,1,1
0,5,0,400,399,19,https://resultados2019.blob.core.windows.net/201901/188023.jpg,OK,3,1,ZACAPA,ZACAPA,18802,DIPUTADOS DISTRITALES,12,2,2,0,1,3,266,263,246,246,4,16,6,0,3,28,0,30,6,53,6,21,1,23,24,7,18
1,27,0,394,394,19,https://resultados2019.blob.core.windows.net/201901/190473.jpg,OK,0,5,ZACAPA,TECULUTÁN,19047,DIPUTADOS DISTRITALES,23,2,2,0,1,3,273,273,223,223,0,76,3,0,6,5,5,7,1,3,23,18,0,10,56,7,3
1,21,0,400,400,19,https://resultados2019.blob.core.windows.net/201901/190303.jpg,OK,0,5,ZACAPA,TECULUTÁN,19030,DIPUTADOS DISTRITALES,39,2,2,0,1,3,322,322,262,262,1,81,0,1,5,5,3,10,0,7,12,17,0,12,105,0,3
1,10,0,273,273,19,https://resultados2019.blob.core.windows.net/201901/188703.jpg,OK,0,1,ZACAPA,ZACAPA,18870,DIPUTADOS DISTRITALES,7,2,2,0,1,3,196,196,179,179,1,12,1,0,0,10,0,27,7,51,14,19,0,18,7,4,8
1,24,0,400,400,19,https://resultados2019.blob.core.windows.net/201901/191313.jpg,OK,0,9,ZACAPA,LA UNIÓN,19131,DIPUTADOS DISTRITALES,9,2,2,0,1,3,231,231,198,198,1,10,0,0,0,1,0,32,0,21,33,32,1,3,62,0,2
1,15,0,301,301,19,https://resultados2019.blob.core.windows.net/201901/189483.jpg,OK,0,3,ZACAPA,RÍO HONDO,18948,DIPUTADOS DISTRITALES,8,2,2,0,1,3,112,112,89,89,2,7,0,0,0,8,0,5,0,11,15,11,0,9,20,1,0
1,34,0,400,400,19,https://resultados2019.blob.core.windows.net/201901/190553.jpg,OK,0,6,ZACAPA,USUMATLÁN,19055,DIPUTADOS DISTRITALES,28,2,2,0,1,3,300,300,238,238,6,22,1,1,7,5,1,16,1,16,50,31,1,24,55,0,1
1,4,0,316,316,19,https://resultados2019.blob.core.windows.net/201901/191543.jpg,OK,0,9,ZACAPA,LA UNIÓN,19154,DIPUTADOS DISTRITALES,8,2,2,0,1,3,65,65,53,53,0,6,1,0,0,0,0,10,1,4,5,7,4,3,12,0,0
1,45,0,380,380,19,https://resultados2019.blob.core.windows.net/201901/190053.jpg,OK,0,4,ZACAPA,GUALÁN,19005,DIPUTADOS DISTRITALES,31,2,2,0,1,3,277,277,201,201,2,14,1,0,3,7,0,0,2,19,35,101,1,11,4,1,0
1,35,0,400,400,19,https://resultados2019.blob.core.windows.net/201901/189693.jpg,OK,0,4,ZACAPA,GUALÁN,18969,DIPUTADOS DISTRITALES,38,2,2,0,1,3,320,320,247,247,0,25,0,1,0,1,1,5,0,9,113,67,2,8,14,1,0
1,27,0,400,400,19,https://resultados2019.blob.core.windows.net/201901/188963.jpg,OK,0,2,ZACAPA,ESTANZUELA,18896,DIPUTADOS DISTRITALES,28,2,2,0,1,3,319,319,264,264,1,84,3,1,1,8,1,10,4,16,86,15,1,17,10,4,2
1,23,0,400,400,19,https://resultados2019.blob.core.windows.net/201901/190423.jpg,OK,0,5,ZACAPA,TECULUTÁN,19042,DIPUTADOS DISTRITALES,13,2,2,0,1,3,285,285,249,249,0,64,1,0,3,7,7,9,4,6,23,11,1,12,100,0,1
1,23,0,400,400,19,https://resultados2019.blob.core.windows.net/201901/189523.jpg,OK,0,4,ZACAPA,GUALÁN,18952,DIPUTADOS DISTRITALES,15,2,2,0,1,3,291,291,253,253,0,38,0,0,1,7,2,9,1,23,99,58,0,6,7,0,2
1,15,0,400,400,19,https://resultados2019.blob.core.windows.net/201901/188663.jpg,OK,0,1,ZACAPA,ZACAPA,18866,DIPUTADOS DISTRITALES,17,2,2,0,1,3,260,260,228,228,1,21,5,0,6,16,2,18,4,59,18,20,0,19,15,8,16
1,21,0,400,400,19,https://resultados2019.blob.core.windows.net/201901/190313.jpg,OK,0,5,ZACAPA,TECULUTÁN,19031,DIPUTADOS DISTRITALES,31,2,2,0,1,3,313,313,261,261,0,70,0,2,5,3,5,8,2,11,24,17,1,15,96,1,1
1,16,0,400,400,19,https://resultados2019.blob.core.windows.net/201901/190283.jpg,OK,0,5,ZACAPA,TECULUTÁN,19028,DIPUTADOS DISTRITALES,23,2,2,0,1,3,293,293,254,254,1,67,1,1,7,2,9,13,1,8,24,17,0,10,90,3,0
1,25,0,380,380,19,https://resultados2019.blob.core.windows.net/201901/190903.jpg,OK,0,7,ZACAPA,CABAÑAS,19090,DIPUTADOS DISTRITALES,7,2,2,0,1,3,274,274,242,242,0,58,0,0,0,3,0,7,1,25,88,54,0,4,2,0,0
1,83,0,400,400,19,https://resultados2019.blob.core.windows.net/201901/191003.jpg,OK,0,8,ZACAPA,SAN DIEGO,19100,DIPUTADOS DISTRITALES,20,2,2,0,1,3,316,316,213,213,2,106,0,9,0,5,0,3,0,6,6,54,0,7,13,2,0
1,22,0,400,400,19,https://resultados2019.blob.core.windows.net/201901/188513.jpg,OK,0,1,ZACAPA,ZACAPA,18851,DIPUTADOS DISTRITALES,18,2,2,0,1,3,264,264,224,224,2,15,0,1,1,20,1,24,6,53,17,21,0,28,7,3,25
1,21,0,400,400,19,https://resultados2019.blob.core.windows.net/201901/190803.jpg,OK,0,7,ZACAPA,CABAÑAS,19080,DIPUTADOS DISTRITALES,18,2,2,0,1,3,291,291,252,252,0,101,0,0,0,2,0,9,0,8,70,41,0,13,6,0,2
1,67,0,400,398,19,https://resultados2019.blob.core.windows.net/201901/190983.jpg,OK,0,8,ZACAPA,SAN DIEGO,19098,DIPUTADOS DISTRITALES,22,2,2,0,1,3,272,272,183,183,1,87,0,8,1,6,0,5,0,7,5,37,1,5,13,2,5
1,19,0,600,600,19,https://resultados2019.blob.core.windows.net/201901/190193.jpg,OK,0,4,ZACAPA,GUALÁN,19019,DIPUTADOS DISTRITALES,29,2,2,0,1,3,211,211,163,163,0,18,0,0,0,2,6,4,0,14,61,45,1,3,8,1,0
1,36,0,400,398,19,https://resultados2019.blob.core.windows.net/201901/188093.jpg,OK,11,1,ZACAPA,ZACAPA,18809,DIPUTADOS DISTRITALES,15,2,2,0,1,3,249,249,198,198,0,11,2,0,3,11,3,33,4,22,32,31,2,15,13,6,10
1,25,0,400,400,19,https://resultados2019.blob.core.windows.net/201901/188083.jpg,OK,0,1,ZACAPA,ZACAPA,18808,DIPUTADOS DISTRITALES,19,2,2,0,1,3,255,255,211,211,1,26,2,0,4,11,3,18,1,40,28,29,0,17,20,4,7
1,128,0,400,400,19,https://resultados2019.blob.core.windows.net/201901/191033.jpg,OK,0,8,ZACAPA,SAN DIEGO,19103,DIPUTADOS DISTRITALES,30,2,2,0,1,3,350,350,192,192,1,87,2,5,2,6,2,5,0,9,7,39,1,4,14,5,3
1,16,0,400,400,19,https://resultados2019.blob.core.windows.net/201901/189823.jpg,OK,0,4,ZACAPA,GUALÁN,18982,DIPUTADOS DISTRITALES,28,2,2,0,1,3,288,288,244,244,1,21,1,0,0,4,4,3,0,14,109,75,1,3,6,1,1
1,21,0,380,379,19,https://resultados2019.blob.core.windows.net/201901/190083.jpg,OK,0,4,ZACAPA,GUALÁN,19008,DIPUTADOS DISTRITALES,13,2,2,0,1,3,264,264,230,230,0,15,0,0,3,8,1,9,1,16,35,124,1,8,3,4,2
1,59,0,386,386,19,https://resultados2019.blob.core.windows.net/201901/191093.jpg,OK,0,8,ZACAPA,SAN DIEGO,19109,DIPUTADOS DISTRITALES,17,2,2,0,1,3,310,310,234,234,0,133,0,11,0,4,1,5,1,12,7,39,0,7,11,3,0
1,32,0,400,400,19,https://resultados2019.blob.core.windows.net/201901/191133.jpg,OK,0,9,ZACAPA,LA UNIÓN,19113,DIPUTADOS DISTRITALES,22,2,2,0,1,3,304,304,250,250,3,17,2,0,1,1,1,39,1,17,48,60,6,12,39,2,1
1,14,0,400,256,19,https://resultados2019.blob.core.windows.net/201901/188533.jpg,OK,0,1,ZACAPA,ZACAPA,18853,DIPUTADOS DISTRITALES,20,2,2,0,1,3,256,256,222,222,1,16,5,0,2,17,0,29,4,50,14,24,0,21,13,8,18
1,19,0,400,400,19,https://resultados2019.blob.core.windows.net/201901/188143.jpg,OK,200,1,ZACAPA,ZACAPA,18814,DIPUTADOS DISTRITALES,28,2,2,0,1,3,200,200,153,153,3,11,3,0,1,8,0,16,2,23,26,17,0,13,12,6,12
1,30,0,331,331,19,https://resultados2019.blob.core.windows.net/201901/188783.jpg,OK,0,1,ZACAPA,ZACAPA,18878,DIPUTADOS DISTRITALES,20,2,2,0,1,3,192,192,142,142,0,8,2,0,1,7,19,22,2,10,5,14,0,13,12,3,24
1,19,0,400,401,19,https://resultados2019.blob.core.windows.net/201901/188973.jpg,OK,0,2,ZACAPA,ESTANZUELA,18897,DIPUTADOS DISTRITALES,40,2,2,0,1,3,319,319,260,260,1,72,0,2,3,5,2,6,1,19,106,10,0,20,8,2,3
1,34,0,400,400,19,https://resultados2019.blob.core.windows.net/201901/188403.jpg,OK,0,1,ZACAPA,ZACAPA,18840,DIPUTADOS DISTRITALES,27,2,2,0,1,3,282,282,221,221,2,21,1,0,1,22,0,26,4,33,20,29,2,16,13,8,23
1,13,0,398,398,19,https://resultados2019.blob.core.windows.net/201901/189113.jpg,OK,0,2,ZACAPA,ESTANZUELA,18911,DIPUTADOS DISTRITALES,14,2,2,0,1,3,155,155,128,128,2,44,0,0,1,3,0,7,1,10,31,2,3,9,5,3,7
1,33,0,400,401,19,https://resultados2019.blob.core.windows.net/201901/189533.jpg,OK,0,4,ZACAPA,GUALÁN,18953,DIPUTADOS DISTRITALES,22,2,2,0,1,3,293,293,238,238,1,41,0,0,0,3,1,7,1,12,92,57,1,8,13,1,0
1,36,0,400,400,19,https://resultados2019.blob.core.windows.net/201901/189153.jpg,OK,0,3,ZACAPA,RÍO HONDO,18915,DIPUTADOS DISTRITALES,23,2,2,0,1,3,269,269,210,210,6,8,0,0,5,12,0,18,2,16,54,21,0,36,29,3,0
1,15,0,400,400,19,https://resultados2019.blob.core.windows.net/201901/189643.jpg,OK,0,4,ZACAPA,GUALÁN,18964,DIPUTADOS DISTRITALES,19,2,2,0,1,3,262,262,228,228,0,37,0,0,2,3,0,11,1,24,75,61,0,7,6,0,1
1,22,0,380,380,19,https://resultados2019.blob.core.windows.net/201901/190043.jpg,OK,0,4,ZACAPA,GUALÁN,19004,DIPUTADOS DISTRITALES,18,2,2,0,1,3,284,284,244,244,1,18,0,0,0,8,2,15,0,20,26,134,1,10,7,1,1
1,25,0,400,400,19,https://resultados2019.blob.core.windows.net/201901/191633.jpg,OK,0,10,ZACAPA,HUITÉ,19163,DIPUTADOS DISTRITALES,16,2,2,0,1,3,303,303,262,262,0,96,0,1,5,1,0,3,11,7,23,94,1,5,12,2,1
0,36,0,400,400,19,https://resultados2019.blob.core.windows.net/201901/191273.jpg,OK,0,9,ZACAPA,LA UNIÓN,19127,DIPUTADOS DISTRITALES,22,2,2,0,1,3,257,315,257,257,0,21,1,0,2,4,0,28,0,10,64,47,2,4,69,4,1
1,34,0,400,400,19,https://resultados2019.blob.core.windows.net/201901/191153.jpg,OK,19,9,ZACAPA,LA UNIÓN,19115,DIPUTADOS DISTRITALES,1,2,2,0,1,3,289,289,254,254,3,21,1,1,1,3,3,45,1,16,36,54,6,2,59,0,2
0,0,0,400,0,19,https://resultados2019.blob.core.windows.net/201901/191753.jpg,OK,0,11,ZACAPA,SAN JORGE,19175,DIPUTADOS DISTRITALES,0,0,0,0,0,3,0,0,0,0,0,0,0,0,0,0,0,0,0,0,0,0,0,0,0,0,0
0,0,0,400,0,19,https://resultados2019.blob.core.windows.net/201901/191763.jpg,OK,0,11,ZACAPA,SAN JORGE,19176,DIPUTADOS DISTRITALES,0,0,0,0,0,3,0,0,0,0,0,0,0,0,0,0,0,0,0,0,0,0,0,0,0,0,0
1,17,0,400,400,19,https://resultados2019.blob.core.windows.net/201901/189603.jpg,OK,0,4,ZACAPA,GUALÁN,18960,DIPUTADOS DISTRITALES,24,2,2,0,1,3,273,273,232,232,0,34,0,1,0,4,0,6,2,21,99,46,0,3,13,2,1
1,30,0,270,270,19,https://resultados2019.blob.core.windows.net/201901/189283.jpg,OK,0,3,ZACAPA,RÍO HONDO,18928,DIPUTADOS DISTRITALES,14,2,2,0,1,3,194,194,150,150,2,14,0,0,1,4,2,4,1,14,28,55,0,13,12,0,0
1,39,0,380,380,19,https://resultados2019.blob.core.windows.net/201901/188713.jpg,OK,0,1,ZACAPA,ZACAPA,18871,DIPUTADOS DISTRITALES,22,2,2,0,1,3,250,250,189,189,0,8,2,0,1,26,1,31,2,56,6,34,0,2,11,5,4
1,32,0,380,379,19,https://resultados2019.blob.core.windows.net/201901/190693.jpg,OK,0,6,ZACAPA,USUMATLÁN,19069,DIPUTADOS DISTRITALES,26,2,2,0,1,3,298,298,240,240,4,27,0,0,13,13,1,5,2,27,73,43,0,6,25,1,0
1,18,0,400,400,19,https://resultados2019.blob.core.windows.net/201901/190403.jpg,OK,0,5,ZACAPA,TECULUTÁN,19040,DIPUTADOS DISTRITALES,26,2,2,0,1,3,294,294,250,250,1,58,1,0,3,6,4,9,2,6,16,13,1,21,105,2,2
1,31,0,400,400,19,https://resultados2019.blob.core.windows.net/201901/191233.jpg,OK,0,9,ZACAPA,LA UNIÓN,19123,DIPUTADOS DISTRITALES,20,2,2,0,1,3,278,278,227,227,1,9,1,0,0,0,1,32,1,47,13,39,1,2,77,1,2
0,41,0,380,380,19,https://resultados2019.blob.core.windows.net/201901/191443.jpg,OK,0,9,ZACAPA,LA UNIÓN,19144,DIPUTADOS DISTRITALES,19,2,2,0,1,3,259,236,176,199,1,9,3,0,3,3,0,0,1,12,36,40,6,6,53,1,2
1,30,0,400,400,19,https://resultados2019.blob.core.windows.net/201901/191563.jpg,OK,0,10,ZACAPA,HUITÉ,19156,DIPUTADOS DISTRITALES,22,2,2,0,1,3,282,282,230,230,2,87,1,0,1,3,3,4,9,4,12,91,1,1,9,0,2
1,34,0,279,279,19,https://resultados2019.blob.core.windows.net/201901/191693.jpg,OK,0,10,ZACAPA,HUITÉ,19169,DIPUTADOS DISTRITALES,8,2,2,0,1,3,243,243,201,201,0,74,0,0,0,3,1,1,0,1,11,105,1,2,1,0,1
1,23,0,380,377,19,https://resultados2019.blob.core.windows.net/201901/190163.jpg,OK,0,4,ZACAPA,GUALÁN,19016,DIPUTADOS DISTRITALES,21,2,2,0,1,3,235,235,191,191,0,10,1,0,3,4,0,5,3,6,60,87,0,4,7,0,1
1,32,0,400,400,19,https://resultados2019.blob.core.windows.net/201901/190603.jpg,OK,0,6,ZACAPA,USUMATLÁN,19060,DIPUTADOS DISTRITALES,10,2,2,0,1,3,292,292,250,250,4,26,0,0,3,9,1,12,0,23,67,33,0,17,50,1,4
1,24,0,400,400,19,https://resultados2019.blob.core.windows.net/201901/188223.jpg,OK,3,1,ZACAPA,ZACAPA,18822,DIPUTADOS DISTRITALES,27,2,2,0,1,3,280,280,229,229,2,16,3,0,1,23,1,19,4,43,16,47,3,16,11,6,18
1,22,0,400,400,19,https://resultados2019.blob.core.windows.net/201901/188613.jpg,OK,0,1,ZACAPA,ZACAPA,18861,DIPUTADOS DISTRITALES,12,2,2,0,1,3,266,266,232,232,4,26,5,1,2,20,1,22,7,47,11,37,0,19,13,5,12
1,16,0,380,380,19,https://resultados2019.blob.core.windows.net/201901/190873.jpg,OK,0,7,ZACAPA,CABAÑAS,19087,DIPUTADOS DISTRITALES,25,2,2,0,1,3,325,325,284,284,0,54,0,1,0,2,2,8,1,31,94,85,0,4,2,0,0
1,55,0,380,380,19,https://resultados2019.blob.core.windows.net/201901/191403.jpg,OK,0,9,ZACAPA,LA UNIÓN,19140,DIPUTADOS DISTRITALES,30,2,2,0,1,3,329,329,244,244,1,10,2,2,1,1,0,14,0,31,41,84,2,0,53,2,0
1,12,0,400,399,19,https://resultados2019.blob.core.windows.net/201901/189833.jpg,OK,0,4,ZACAPA,GUALÁN,18983,DIPUTADOS DISTRITALES,29,2,2,0,1,3,301,301,260,260,0,29,1,1,1,3,3,3,0,10,121,73,3,2,9,1,0
1,23,0,400,400,19,https://resultados2019.blob.core.windows.net/201901/189593.jpg,OK,0,4,ZACAPA,GUALÁN,18959,DIPUTADOS DISTRITALES,16,2,2,0,1,3,286,286,247,247,0,43,0,0,3,4,0,2,0,20,103,54,1,7,10,0,0
1,16,0,400,401,19,https://resultados2019.blob.core.windows.net/201901/189623.jpg,OK,0,4,ZACAPA,GUALÁN,18962,DIPUTADOS DISTRITALES,12,2,2,0,1,3,283,283,255,255,0,31,0,4,0,3,0,10,0,25,112,51,1,7,10,1,0
1,19,0,400,400,19,https://resultados2019.blob.core.windows.net/201901/188333.jpg,OK,0,1,ZACAPA,ZACAPA,18833,DIPUTADOS DISTRITALES,19,2,2,0,1,3,238,238,200,200,1,16,2,0,3,16,1,26,4,33,18,29,1,15,13,7,15
1,13,0,400,400,19,https://resultados2019.blob.core.windows.net/201901/188463.jpg,OK,0,1,ZACAPA,ZACAPA,18846,DIPUTADOS DISTRITALES,32,2,2,0,1,3,264,264,219,219,2,10,1,0,2,18,0,26,2,56,14,21,2,18,19,10,18
1,37,0,380,380,19,https://resultados2019.blob.core.windows.net/201901/190633.jpg,OK,0,6,ZACAPA,USUMATLÁN,19063,DIPUTADOS DISTRITALES,17,2,2,0,1,3,266,266,212,212,1,38,2,2,6,6,1,7,3,16,53,35,1,3,35,0,3
1,29,0,400,400,19,https://resultados2019.blob.core.windows.net/201901/188923.jpg,OK,0,2,ZACAPA,ESTANZUELA,18892,DIPUTADOS DISTRITALES,24,2,2,0,1,3,291,291,238,238,0,76,1,1,2,6,0,9,3,11,79,16,2,12,9,4,7
1,25,0,400,400,19,https://resultados2019.blob.core.windows.net/201901/189753.jpg,OK,0,4,ZACAPA,GUALÁN,18975,DIPUTADOS DISTRITALES,15,2,2,0,1,3,301,301,261,261,0,48,0,0,0,2,1,6,1,17,101,66,1,6,11,0,1
1,28,0,400,400,19,https://resultados2019.blob.core.windows.net/201901/188303.jpg,OK,0,1,ZACAPA,ZACAPA,18830,DIPUTADOS DISTRITALES,23,2,2,0,1,3,246,246,195,195,0,15,4,0,2,9,1,24,2,30,19,28,0,9,20,7,25
1,26,0,380,380,19,https://resultados2019.blob.core.windows.net/201901/190713.jpg,OK,0,6,ZACAPA,USUMATLÁN,19071,DIPUTADOS DISTRITALES,18,2,2,0,1,3,264,264,220,220,3,32,1,0,3,8,1,5,2,24,77,22,0,15,21,4,2
1,31,0,400,400,19,https://resultados2019.blob.core.windows.net/201901/189163.jpg,OK,0,3,ZACAPA,RÍO HONDO,18916,DIPUTADOS DISTRITALES,31,2,2,0,1,3,284,284,222,222,12,12,1,0,1,12,0,9,2,12,55,28,2,50,23,2,1
1,40,0,380,380,19,https://resultados2019.blob.core.windows.net/201901/189273.jpg,OK,0,3,ZACAPA,RÍO HONDO,18927,DIPUTADOS DISTRITALES,20,2,2,0,1,3,266,266,206,206,2,21,0,1,0,7,2,9,4,10,49,59,2,22,15,2,1
1,20,0,362,362,19,https://resultados2019.blob.core.windows.net/201901/191653.jpg,OK,0,10,ZACAPA,HUITÉ,19165,DIPUTADOS DISTRITALES,8,2,2,0,1,3,298,298,270,270,0,103,0,0,1,0,2,8,3,5,28,103,1,2,7,5,2
1,66,0,380,376,19,https://resultados2019.blob.core.windows.net/201901/191493.jpg,OK,0,9,ZACAPA,LA UNIÓN,19149,DIPUTADOS DISTRITALES,10,2,2,0,1,3,322,322,246,246,1,12,0,2,0,1,1,24,0,23,64,56,4,1,55,2,0
1,40,0,354,354,19,https://resultados2019.blob.core.windows.net/201901/191453.jpg,OK,0,9,ZACAPA,LA UNIÓN,19145,DIPUTADOS DISTRITALES,10,2,2,0,1,3,266,266,216,216,0,6,2,0,1,1,5,22,0,35,30,53,2,5,48,6,0
1,16,0,279,279,19,https://resultados2019.blob.core.windows.net/201901/191703.jpg,OK,0,10,ZACAPA,HUITÉ,19170,DIPUTADOS DISTRITALES,2,2,2,0,1,3,234,234,216,216,0,84,0,0,0,1,0,0,2,3,17,106,1,1,0,1,0
1,24,0,400,400,19,https://resultados2019.blob.core.windows.net/201901/188363.jpg,OK,1,1,ZACAPA,ZACAPA,18836,DIPUTADOS DISTRITALES,16,2,2,0,1,3,273,273,233,233,2,19,4,0,2,19,2,29,3,39,21,27,0,19,15,8,24
1,83,0,400,400,19,https://resultados2019.blob.core.windows.net/201901/190993.jpg,OK,0,8,ZACAPA,SAN DIEGO,19099,DIPUTADOS DISTRITALES,20,2,2,0,1,3,313,313,210,210,1,86,0,9,1,5,2,9,2,9,5,53,1,7,14,4,2
1,21,0,396,396,19,https://resultados2019.blob.core.windows.net/201901/188163.jpg,OK,0,1,ZACAPA,ZACAPA,18816,DIPUTADOS DISTRITALES,16,2,2,0,1,3,207,207,170,170,2,24,2,0,2,11,0,39,2,15,22,18,0,7,13,4,9
1,37,0,380,379,19,https://resultados2019.blob.core.windows.net/201901/191673.jpg,OK,0,10,ZACAPA,HUITÉ,19167,DIPUTADOS DISTRITALES,10,2,2,0,1,3,322,322,275,275,0,99,1,1,2,2,0,4,0,2,17,135,0,2,9,1,0
0,0,0,400,0,19,https://resultados2019.blob.core.windows.net/201901/191863.jpg,OK,0,11,ZACAPA,SAN JORGE,19186,DIPUTADOS DISTRITALES,0,0,0,0,0,3,0,0,0,0,0,0,0,0,0,0,0,0,0,0,0,0,0,0,0,0,0
1,31,0,400,400,19,https://resultados2019.blob.core.windows.net/201901/188193.jpg,OK,0,1,ZACAPA,ZACAPA,18819,DIPUTADOS DISTRITALES,20,2,2,0,1,3,269,269,218,218,1,13,0,0,2,18,0,20,2,39,18,48,1,17,13,7,19
1,18,0,600,601,19,https://resultados2019.blob.core.windows.net/201901/188843.jpg,OK,0,1,ZACAPA,ZACAPA,18884,DIPUTADOS DISTRITALES,21,2,2,0,1,3,189,189,150,150,2,8,2,0,1,12,1,16,4,43,13,12,2,9,7,6,12
1,15,0,305,305,19,https://resultados2019.blob.core.windows.net/201901/190923.jpg,OK,0,7,ZACAPA,CABAÑAS,19092,DIPUTADOS DISTRITALES,8,2,2,0,1,3,251,251,228,228,0,54,0,1,0,0,0,6,0,24,89,49,1,3,1,0,0
1,33,1,400,400,19,https://resultados2019.blob.core.windows.net/201901/191623.jpg,OK,0,10,ZACAPA,HUITÉ,19162,DIPUTADOS DISTRITALES,10,2,2,0,1,3,298,298,255,255,2,93,0,1,1,7,1,4,5,4,30,90,0,5,9,2,1
1,16,0,600,595,19,https://resultados2019.blob.core.windows.net/201901/190213.jpg,OK,0,4,ZACAPA,GUALÁN,19021,DIPUTADOS DISTRITALES,13,2,2,0,1,3,185,185,156,156,0,27,0,1,0,3,3,2,0,13,56,35,1,8,6,1,0
1,35,0,400,400,19,https://resultados2019.blob.core.windows.net/201901/189213.jpg,OK,0,3,ZACAPA,RÍO HONDO,18921,DIPUTADOS DISTRITALES,33,2,2,0,1,3,249,249,181,181,8,10,0,1,0,15,0,14,0,14,46,27,0,29,11,3,3
1,33,0,380,380,19,https://resultados2019.blob.core.windows.net/201901/190703.jpg,OK,0,6,ZACAPA,USUMATLÁN,19070,DIPUTADOS DISTRITALES,21,2,2,0,1,3,271,271,217,217,2,28,2,0,15,0,1,3,0,33,79,24,2,4,22,2,0
1,52,0,380,380,19,https://resultados2019.blob.core.windows.net/201901/191373.jpg,OK,0,9,ZACAPA,LA UNIÓN,19137,DIPUTADOS DISTRITALES,27,2,2,0,1,3,264,264,185,185,1,8,2,1,5,4,5,23,0,21,20,47,3,7,35,1,2
1,14,0,251,251,19,https://resultados2019.blob.core.windows.net/201901/190033.jpg,OK,0,4,ZACAPA,GUALÁN,19003,DIPUTADOS DISTRITALES,13,2,2,0,1,3,171,171,144,144,0,23,0,0,5,5,0,1,0,10,33,56,0,7,3,1,0
1,34,0,380,380,19,https://resultados2019.blob.core.windows.net/201901/188763.jpg,OK,0,1,ZACAPA,ZACAPA,18876,DIPUTADOS DISTRITALES,20,2,2,0,1,3,251,251,197,197,3,15,4,0,1,14,21,15,0,22,7,35,1,7,14,7,31
1,4,0,460,461,19,https://resultados2019.blob.core.windows.net/201901/190233.jpg,OK,0,4,ZACAPA,GUALÁN,19023,DIPUTADOS DISTRITALES,3,2,2,0,1,3,55,55,48,48,1,8,0,0,0,0,3,1,1,4,12,11,0,0,6,0,1
0,0,0,400,0,19,https://resultados2019.blob.core.windows.net/201901/191793.jpg,OK,0,11,ZACAPA,SAN JORGE,19179,DIPUTADOS DISTRITALES,0,0,0,0,0,3,0,0,0,0,0,0,0,0,0,0,0,0,0,0,0,0,0,0,0,0,0
1,20,0,400,400,19,https://resultados2019.blob.core.windows.net/201901/188523.jpg,OK,0,1,ZACAPA,ZACAPA,18852,DIPUTADOS DISTRITALES,28,2,2,0,1,3,280,280,232,232,0,25,1,0,2,15,0,26,6,39,17,31,1,31,15,6,17
1,48,0,380,380,19,https://resultados2019.blob.core.windows.net/201901/191393.jpg,OK,0,9,ZACAPA,LA UNIÓN,19139,DIPUTADOS DISTRITALES,17,2,2,0,1,3,315,315,250,250,1,6,0,0,2,1,2,43,0,43,28,73,4,4,39,3,1
1,20,0,400,400,19,https://resultados2019.blob.core.windows.net/201901/191193.jpg,OK,0,9,ZACAPA,LA UNIÓN,19119,DIPUTADOS DISTRITALES,17,2,2,0,1,3,263,263,226,226,0,18,2,0,2,4,0,52,0,5,39,38,2,13,49,1,1
1,39,0,380,380,19,https://resultados2019.blob.core.windows.net/201901/189393.jpg,OK,0,3,ZACAPA,RÍO HONDO,18939,DIPUTADOS DISTRITALES,12,2,2,0,1,3,310,310,259,259,2,21,0,0,7,9,0,10,5,29,65,37,1,7,58,8,0
1,25,0,400,400,19,https://resultados2019.blob.core.windows.net/201901/188173.jpg,OK,155,1,ZACAPA,ZACAPA,18817,DIPUTADOS DISTRITALES,27,2,2,0,1,3,245,245,193,193,2,10,3,0,2,13,2,18,3,35,18,33,0,15,17,3,19
1,54,0,380,380,19,https://resultados2019.blob.core.windows.net/201901/191383.jpg,OK,0,9,ZACAPA,LA UNIÓN,19138,DIPUTADOS DISTRITALES,20,2,2,0,1,3,298,298,224,224,2,14,0,1,1,3,1,27,0,34,29,74,0,3,35,0,0
1,32,0,400,400,19,https://resultados2019.blob.core.windows.net/201901/191643.jpg,OK,0,10,ZACAPA,HUITÉ,19164,DIPUTADOS DISTRITALES,19,2,2,0,1,3,291,291,240,240,1,92,1,0,1,8,0,0,8,2,12,94,0,2,12,4,3
0,0,0,400,0,19,https://resultados2019.blob.core.windows.net/201901/191853.jpg,OK,0,11,ZACAPA,SAN JORGE,19185,DIPUTADOS DISTRITALES,0,0,0,0,0,3,0,0,0,0,0,0,0,0,0,0,0,0,0,0,0,0,0,0,0,0,0
1,22,0,400,400,19,https://resultados2019.blob.core.windows.net/201901/188493.jpg,OK,0,1,ZACAPA,ZACAPA,18849,DIPUTADOS DISTRITALES,23,2,2,0,1,3,285,285,240,240,1,23,3,1,2,15,2,21,6,50,19,25,0,25,15,9,23
1,29,0,380,380,19,https://resultados2019.blob.core.windows.net/201901/190853.jpg,OK,0,7,ZACAPA,CABAÑAS,19085,DIPUTADOS DISTRITALES,13,2,2,0,1,3,291,291,249,249,0,50,0,0,0,3,1,3,1,23,63,96,0,2,6,0,1
1,22,0,400,400,19,https://resultados2019.blob.core.windows.net/201901/188293.jpg,OK,0,1,ZACAPA,ZACAPA,18829,DIPUTADOS DISTRITALES,14,2,2,0,1,3,238,238,202,202,1,18,2,1,6,12,1,17,2,39,14,28,2,17,15,2,25
1,21,0,400,400,19,https://resultados2019.blob.core.windows.net/201901/190273.jpg,OK,0,5,ZACAPA,TECULUTÁN,19027,DIPUTADOS DISTRITALES,17,2,2,0,1,3,286,286,248,248,4,69,0,2,5,11,2,10,2,3,18,22,1,16,78,3,2
1,40,0,380,380,19,https://resultados2019.blob.core.windows.net/201901/189353.jpg,OK,0,3,ZACAPA,RÍO HONDO,18935,DIPUTADOS DISTRITALES,22,2,2,0,1,3,318,318,256,256,1,23,1,1,18,12,1,8,8,29,66,25,1,4,53,2,3
1,22,0,400,400,19,https://resultados2019.blob.core.windows.net/201901/190813.jpg,OK,0,7,ZACAPA,CABAÑAS,19081,DIPUTADOS DISTRITALES,9,2,2,0,1,3,272,272,241,241,0,95,0,2,0,2,2,5,2,12,58,39,0,14,6,1,3
1,22,0,400,400,19,https://resultados2019.blob.core.windows.net/201901/189723.jpg,OK,0,4,ZACAPA,GUALÁN,18972,DIPUTADOS DISTRITALES,19,2,2,0,1,3,308,308,267,267,0,18,1,1,0,4,1,5,1,12,127,69,1,6,20,1,0
1,31,0,400,397,19,https://resultados2019.blob.core.windows.net/201901/188553.jpg,OK,0,1,ZACAPA,ZACAPA,18855,DIPUTADOS DISTRITALES,13,2,2,0,1,3,232,232,188,188,0,22,3,0,3,12,1,23,3,36,8,22,0,22,9,5,19
1,27,0,400,400,19,https://resultados2019.blob.core.windows.net/201901/189683.jpg,OK,0,4,ZACAPA,GUALÁN,18968,DIPUTADOS DISTRITALES,36,2,2,0,1,3,331,331,268,268,1,23,0,0,4,3,0,3,0,11,145,68,2,2,3,2,1
1,28,0,380,380,19,https://resultados2019.blob.core.windows.net/201901/190863.jpg,OK,0,7,ZACAPA,CABAÑAS,19086,DIPUTADOS DISTRITALES,20,2,2,0,1,3,321,321,273,273,0,51,0,0,0,1,2,7,0,37,75,94,0,1,5,0,0
1,9,0,400,400,19,https://resultados2019.blob.core.windows.net/201901/188013.jpg,OK,0,1,ZACAPA,ZACAPA,18801,DIPUTADOS DISTRITALES,22,2,2,0,1,3,281,281,250,250,0,23,5,1,2,28,1,26,8,51,14,12,0,25,26,7,21
1,41,0,380,380,19,https://resultados2019.blob.core.windows.net/201901/191423.jpg,OK,0,9,ZACAPA,LA UNIÓN,19142,DIPUTADOS DISTRITALES,10,2,2,0,1,3,261,261,210,210,0,13,0,0,3,3,1,25,0,25,33,45,1,2,59,0,0
0,186,0,400,400,19,https://resultados2019.blob.core.windows.net/201901/188113.jpg,OK,0,1,ZACAPA,ZACAPA,18811,DIPUTADOS DISTRITALES,30,2,2,0,1,3,214,400,184,184,2,18,2,1,2,20,1,36,2,25,24,25,0,10,7,3,6
1,7,0,600,600,19,https://resultados2019.blob.core.windows.net/201901/188873.jpg,OK,0,1,ZACAPA,ZACAPA,18887,DIPUTADOS DISTRITALES,16,2,2,0,1,3,184,184,161,161,1,12,0,0,1,14,1,14,5,32,13,17,0,16,13,10,12
1,33,0,400,400,19,https://resultados2019.blob.core.windows.net/201901/189133.jpg,OK,0,3,ZACAPA,RÍO HONDO,18913,DIPUTADOS DISTRITALES,22,2,2,0,1,3,253,253,198,198,7,5,1,0,3,15,0,12,3,14,49,29,1,37,15,3,4
1,28,0,400,400,19,https://resultados2019.blob.core.windows.net/201901/191173.jpg,OK,0,9,ZACAPA,LA UNIÓN,19117,DIPUTADOS DISTRITALES,16,2,2,0,1,3,325,325,281,281,0,17,2,0,1,5,0,39,1,11,74,75,4,3,45,2,2
1,24,0,400,400,19,https://resultados2019.blob.core.windows.net/201901/188253.jpg,OK,0,1,ZACAPA,ZACAPA,18825,DIPUTADOS DISTRITALES,23,2,2,0,1,3,237,237,190,190,1,14,1,0,1,16,3,15,4,40,8,30,0,16,10,3,28
0,23,1,400,400,19,https://resultados2019.blob.core.windows.net/201901/188133.jpg,OK,2,1,ZACAPA,ZACAPA,18813,DIPUTADOS DISTRITALES,24,2,2,0,1,3,219,216,169,169,0,24,3,0,0,9,1,30,5,22,21,20,0,11,12,6,5
1,21,0,380,380,19,https://resultados2019.blob.core.windows.net/201901/189303.jpg,OK,0,3,ZACAPA,RÍO HONDO,18930,DIPUTADOS DISTRITALES,32,2,2,0,1,3,284,284,231,231,1,18,0,0,14,8,0,11,5,20,57,31,0,9,52,3,2
1,40,0,380,380,19,https://resultados2019.blob.core.windows.net/201901/190893.jpg,OK,0,7,ZACAPA,CABAÑAS,19089,DIPUTADOS DISTRITALES,16,2,2,0,1,3,332,332,276,276,2,50,1,0,0,1,2,8,0,20,125,56,0,6,3,0,2
1,5,0,525,525,19,https://resultados2019.blob.core.windows.net/201901/188903.jpg,OK,0,1,ZACAPA,ZACAPA,18890,DIPUTADOS DISTRITALES,4,2,2,0,1,3,48,48,39,39,0,1,1,0,0,4,1,2,0,6,2,7,0,4,7,2,2
1,22,0,400,400,19,https://resultados2019.blob.core.windows.net/201901/190413.jpg,OK,0,5,ZACAPA,TECULUTÁN,19041,DIPUTADOS DISTRITALES,24,2,2,0,1,3,284,284,238,238,0,59,0,1,9,1,9,13,1,3,11,16,0,9,101,1,4
1,13,0,267,267,19,https://resultados2019.blob.core.windows.net/201901/189663.jpg,OK,0,4,ZACAPA,GUALÁN,18966,DIPUTADOS DISTRITALES,5,2,2,0,1,3,219,219,201,201,0,31,0,0,0,2,0,6,0,17,80,49,0,5,10,0,1
0,0,0,400,0,19,https://resultados2019.blob.core.windows.net/201901/191783.jpg,OK,0,11,ZACAPA,SAN JORGE,19178,DIPUTADOS DISTRITALES,0,0,0,0,0,3,0,0,0,0,0,0,0,0,0,0,0,0,0,0,0,0,0,0,0,0,0
1,15,0,400,400,19,https://resultados2019.blob.core.windows.net/201901/188543.jpg,OK,0,1,ZACAPA,ZACAPA,18854,DIPUTADOS DISTRITALES,10,2,2,0,1,3,243,243,218,218,1,13,2,1,2,23,1,28,5,48,11,23,0,20,10,14,16
1,25,0,400,400,19,https://resultados2019.blob.core.windows.net/201901/188063.jpg,OK,0,1,ZACAPA,ZACAPA,18806,DIPUTADOS DISTRITALES,19,2,2,0,1,3,220,220,176,176,2,18,2,0,4,19,2,17,4,35,25,23,0,9,8,2,6
1,16,0,400,401,19,https://resultados2019.blob.core.windows.net/201901/188003.jpg,OK,0,1,ZACAPA,ZACAPA,18800,DIPUTADOS DISTRITALES,24,2,2,0,1,3,290,290,250,250,3,22,4,0,6,22,0,27,5,43,5,25,1,36,21,7,23
0,17,0,400,400,19,https://resultados2019.blob.core.windows.net/201901/188413.jpg,OK,0,1,ZACAPA,ZACAPA,18841,DIPUTADOS DISTRITALES,28,2,2,0,1,3,262,237,192,217,3,15,3,0,6,13,0,0,2,48,15,27,2,21,14,8,15
1,27,0,380,380,19,https://resultados2019.blob.core.windows.net/201901/189263.jpg,OK,0,3,ZACAPA,RÍO HONDO,18926,DIPUTADOS DISTRITALES,22,2,2,0,1,3,265,265,216,216,5,20,0,2,2,8,0,4,1,24,36,81,0,21,9,2,1
1,34,0,400,400,19,https://resultados2019.blob.core.windows.net/201901/191603.jpg,OK,0,10,ZACAPA,HUITÉ,19160,DIPUTADOS DISTRITALES,15,2,2,0,1,3,308,308,259,259,2,80,3,1,0,2,0,3,13,8,20,94,1,4,27,1,0
1,32,0,400,400,19,https://resultados2019.blob.core.windows.net/201901/190453.jpg,OK,0,5,ZACAPA,TECULUTÁN,19045,DIPUTADOS DISTRITALES,29,2,2,0,1,3,278,278,217,217,0,71,2,0,6,10,9,3,0,4,26,13,1,5,61,5,1
1,31,0,347,347,19,https://resultados2019.blob.core.windows.net/201901/188753.jpg,OK,0,1,ZACAPA,ZACAPA,18875,DIPUTADOS DISTRITALES,7,2,2,0,1,3,204,204,166,166,0,10,1,1,1,14,2,15,1,57,13,20,0,9,7,5,10
1,33,0,400,400,19,https://resultados2019.blob.core.windows.net/201901/191583.jpg,OK,0,10,ZACAPA,HUITÉ,19158,DIPUTADOS DISTRITALES,16,2,2,0,1,3,328,328,279,279,0,91,0,0,0,2,1,1,5,11,14,135,2,1,13,1,2
1,24,0,400,400,19,https://resultados2019.blob.core.windows.net/201901/191203.jpg,OK,0,9,ZACAPA,LA UNIÓN,19120,DIPUTADOS DISTRITALES,7,2,2,0,1,3,259,259,228,228,0,18,2,0,3,3,1,54,0,15,47,39,5,3,35,2,1
1,19,0,292,292,19,https://resultados2019.blob.core.windows.net/201901/190723.jpg,OK,0,6,ZACAPA,USUMATLÁN,19072,DIPUTADOS DISTRITALES,15,2,2,0,1,3,197,197,163,163,2,17,0,1,12,1,1,1,1,21,61,24,1,1,17,1,1
1,30,0,600,600,19,https://resultados2019.blob.core.windows.net/201901/189463.jpg,OK,0,3,ZACAPA,RÍO HONDO,18946,DIPUTADOS DISTRITALES,27,2,2,0,1,3,197,197,140,140,7,5,0,2,0,6,3,5,5,14,32,25,1,13,17,3,2
1,22,0,400,400,19,https://resultados2019.blob.core.windows.net/201901/189083.jpg,OK,0,2,ZACAPA,ESTANZUELA,18908,DIPUTADOS DISTRITALES,22,2,2,0,1,3,312,312,268,268,0,76,2,0,3,2,2,8,3,19,100,18,2,16,9,3,5
1,30,0,380,380,19,https://resultados2019.blob.core.windows.net/201901/189373.jpg,OK,0,3,ZACAPA,RÍO HONDO,18937,DIPUTADOS DISTRITALES,16,2,2,0,1,3,290,290,244,244,2,21,0,0,6,6,0,13,5,22,73,33,1,7,49,4,2
1,23,0,400,400,19,https://resultados2019.blob.core.windows.net/201901/188933.jpg,OK,0,2,ZACAPA,ESTANZUELA,18893,DIPUTADOS DISTRITALES,26,2,2,0,1,3,310,310,261,261,1,73,0,1,4,9,1,14,2,14,88,15,0,13,15,6,5
1,18,0,400,400,19,https://resultados2019.blob.core.windows.net/201901/189733.jpg,OK,0,4,ZACAPA,GUALÁN,18973,DIPUTADOS DISTRITALES,22,2,2,0,1,3,294,294,254,254,1,19,0,0,2,3,0,4,0,22,123,58,2,6,11,1,2
1,19,0,400,400,19,https://resultados2019.blob.core.windows.net/201901/188563.jpg,OK,0,1,ZACAPA,ZACAPA,18856,DIPUTADOS DISTRITALES,10,2,2,0,1,3,248,248,219,219,0,19,1,2,2,10,0,34,3,47,14,32,1,18,9,6,21
1,30,0,400,400,19,https://resultados2019.blob.core.windows.net/201901/190573.jpg,OK,0,6,ZACAPA,USUMATLÁN,19057,DIPUTADOS DISTRITALES,21,2,2,0,1,3,313,313,262,262,4,26,1,1,4,8,1,6,3,19,66,54,3,12,44,5,5
0,10,0,400,400,19,https://resultados2019.blob.core.windows.net/201901/188503.jpg,OK,0,1,ZACAPA,ZACAPA,18850,DIPUTADOS DISTRITALES,21,2,2,0,1,3,294,263,232,263,4,20,4,0,2,15,0,26,5,49,9,30,0,14,20,9,25
1,22,0,380,380,19,https://resultados2019.blob.core.windows.net/201901/190143.jpg,OK,0,4,ZACAPA,GUALÁN,19014,DIPUTADOS DISTRITALES,18,2,2,0,1,3,236,236,196,196,0,24,0,0,3,1,1,1,1,8,71,74,1,1,6,4,0
