ACTACUADRA,BLANCOS,CNTIMPUGNA,CNTINSCRITOS,CNTPAPELETAS,DEP,IMGSRC,IMGSTATUS,INVALIDOS,MUN,NDEP,NMUN,NROMESA,NTE,NULOS,STACTA,STESCAN,STFISIC,STTRANS,TIPOELECCION,TOTALACTA,TOTALVOTOS,VOTOSVALIDOS,VOTOSVALIDOSACTA,voto_AVANZA,voto_BIEN,voto_CONVERGENCIA,voto_EG,voto_FCN-NACION,voto_FUERZA,voto_MLP,voto_PAN,voto_PC,voto_PHG,voto_SEMILLA,voto_UCN,voto_UNE,voto_UNIDOS,voto_UNIONISTA,voto_URNG_MAIZ,voto_VALOR,voto_VAMOS,voto_VICTORIA,voto_VIVA,voto_WINAQ
1,6,0,400,0,21,https://resultados2019.blob.core.windows.net/201901/198463.jpg,OK,0,1,JALAPA,JALAPA,19846,DIPUTADOS DISTRITALES,36,2,2,0,1,3,259,259,217,217,0,14,0,1,10,4,3,4,0,10,14,57,34,1,10,2,10,19,13,10,1
1,20,0,400,400,21,https://resultados2019.blob.core.windows.net/201901/198143.jpg,OK,0,1,JALAPA,JALAPA,19814,DIPUTADOS DISTRITALES,33,2,2,0,1,3,248,248,195,195,0,11,0,0,8,5,7,6,4,3,13,35,58,1,5,5,11,13,5,5,0
1,6,0,400,400,21,https://resultados2019.blob.core.windows.net/201901/197893.jpg,OK,133,1,JALAPA,JALAPA,19789,DIPUTADOS DISTRITALES,18,2,2,0,1,3,267,267,243,243,0,15,0,1,12,5,2,4,1,10,21,46,66,2,10,3,12,21,2,10,0
1,43,0,400,400,21,https://resultados2019.blob.core.windows.net/201901/201543.jpg,OK,0,6,JALAPA,MONJAS,20154,DIPUTADOS DISTRITALES,29,2,2,0,1,3,287,287,215,215,1,24,0,1,20,0,1,11,1,7,4,42,53,1,0,3,25,8,1,12,0
1,17,0,400,400,21,https://resultados2019.blob.core.windows.net/201901/197903.jpg,OK,0,1,JALAPA,JALAPA,19790,DIPUTADOS DISTRITALES,28,2,2,0,1,3,259,259,214,214,3,15,1,1,23,7,2,6,0,7,10,39,69,1,6,3,5,7,3,5,1
1,58,0,400,400,21,https://resultados2019.blob.core.windows.net/201901/201183.jpg,OK,0,5,JALAPA,SAN CARLOS ALZATATE,20118,DIPUTADOS DISTRITALES,5,2,2,0,1,3,309,309,246,246,0,50,0,1,7,0,8,1,1,1,5,51,87,20,3,0,6,2,0,1,2
1,12,0,400,400,21,https://resultados2019.blob.core.windows.net/201901/198493.jpg,OK,0,1,JALAPA,JALAPA,19849,DIPUTADOS DISTRITALES,23,2,2,0,1,3,258,258,223,223,1,13,1,1,8,4,1,5,1,7,19,59,46,0,10,0,14,18,5,9,1
1,35,0,380,380,21,https://resultados2019.blob.core.windows.net/201901/200803.jpg,OK,0,3,JALAPA,SAN LUIS JILOTEPEQUE,20080,DIPUTADOS DISTRITALES,16,2,2,0,1,3,302,302,251,251,1,14,0,0,7,0,2,3,1,2,0,38,95,1,0,0,31,28,0,27,1
1,51,0,400,400,21,https://resultados2019.blob.core.windows.net/201901/200153.jpg,OK,0,2,JALAPA,SAN PEDRO PINULA,20015,DIPUTADOS DISTRITALES,34,2,2,0,1,3,225,225,140,140,3,1,2,1,5,1,28,1,0,0,2,27,56,0,1,0,7,3,1,1,0
1,55,0,400,400,21,https://resultados2019.blob.core.windows.net/201901/200933.jpg,OK,0,4,JALAPA,SAN MANUEL CHAPARRÓN,20093,DIPUTADOS DISTRITALES,19,2,2,0,1,3,322,322,248,248,0,45,0,1,40,0,0,5,0,4,1,57,81,1,1,0,4,4,1,2,1
1,85,0,400,400,21,https://resultados2019.blob.core.windows.net/201901/201233.jpg,OK,0,5,JALAPA,SAN CARLOS ALZATATE,20123,DIPUTADOS DISTRITALES,12,2,2,0,1,3,368,368,271,271,3,65,0,0,1,0,11,2,0,2,2,82,77,11,2,0,6,1,0,5,1
1,30,0,380,380,21,https://resultados2019.blob.core.windows.net/201901/199433.jpg,OK,0,1,JALAPA,JALAPA,19943,DIPUTADOS DISTRITALES,15,2,2,0,1,3,193,193,148,148,6,13,1,1,4,1,27,0,1,1,4,35,31,0,0,4,8,7,1,2,1
1,78,0,400,400,21,https://resultados2019.blob.core.windows.net/201901/200593.jpg,OK,0,3,JALAPA,SAN LUIS JILOTEPEQUE,20059,DIPUTADOS DISTRITALES,12,2,2,0,1,3,304,304,214,214,1,18,0,0,10,0,17,4,0,2,2,46,67,0,2,0,23,12,0,10,0
1,40,0,400,400,21,https://resultados2019.blob.core.windows.net/201901/201643.jpg,OK,0,6,JALAPA,MONJAS,20164,DIPUTADOS DISTRITALES,27,2,2,0,1,3,287,287,220,220,0,32,0,2,23,0,1,8,2,10,2,27,59,1,4,0,17,15,1,14,2
1,59,0,400,0,21,https://resultados2019.blob.core.windows.net/201901/201073.jpg,OK,0,5,JALAPA,SAN CARLOS ALZATATE,20107,DIPUTADOS DISTRITALES,12,2,2,0,1,3,347,347,276,276,0,63,0,1,6,2,2,3,0,0,7,55,99,8,2,1,8,4,0,3,12
1,2,0,232,232,21,https://resultados2019.blob.core.windows.net/201901/199313.jpg,OK,0,1,JALAPA,JALAPA,19931,DIPUTADOS DISTRITALES,10,2,2,0,1,3,100,100,88,88,0,14,0,0,9,2,2,1,0,3,5,15,27,0,0,2,3,5,0,0,0
1,66,0,353,0,21,https://resultados2019.blob.core.windows.net/201901/201293.jpg,OK,0,5,JALAPA,SAN CARLOS ALZATATE,20129,DIPUTADOS DISTRITALES,6,2,2,0,1,3,310,310,238,238,0,47,0,0,0,0,7,0,0,1,2,88,80,4,0,0,2,1,0,6,0
1,21,0,380,380,21,https://resultados2019.blob.core.windows.net/201901/199113.jpg,OK,0,1,JALAPA,JALAPA,19911,DIPUTADOS DISTRITALES,16,2,2,0,1,3,178,178,141,141,2,22,1,2,17,0,21,1,2,1,4,17,41,0,1,2,1,1,3,2,0
0,44,0,400,400,21,https://resultados2019.blob.core.windows.net/201901/199783.jpg,OK,0,2,JALAPA,SAN PEDRO PINULA,19978,DIPUTADOS DISTRITALES,20,2,2,0,1,3,318,317,253,253,1,2,1,0,45,0,3,5,0,0,11,44,109,0,6,0,1,23,1,1,0
1,25,0,400,400,21,https://resultados2019.blob.core.windows.net/201901/200183.jpg,OK,0,2,JALAPA,SAN PEDRO PINULA,20018,DIPUTADOS DISTRITALES,9,2,2,0,1,3,186,186,152,152,1,2,1,0,18,0,32,2,0,3,3,18,61,0,1,1,6,1,1,1,0
1,100,0,400,400,21,https://resultados2019.blob.core.windows.net/201901/200713.jpg,OK,0,3,JALAPA,SAN LUIS JILOTEPEQUE,20071,DIPUTADOS DISTRITALES,13,2,2,0,1,3,338,338,225,225,0,20,2,1,13,0,21,3,0,5,1,36,60,0,1,0,37,10,1,14,0
1,11,0,400,400,21,https://resultados2019.blob.core.windows.net/201901/198503.jpg,OK,0,1,JALAPA,JALAPA,19850,DIPUTADOS DISTRITALES,25,2,2,0,1,3,242,242,206,206,1,18,1,0,7,5,3,6,2,14,17,51,28,1,2,5,15,16,4,10,0
1,47,0,400,400,21,https://resultados2019.blob.core.windows.net/201901/201313.jpg,OK,0,6,JALAPA,MONJAS,20131,DIPUTADOS DISTRITALES,19,2,2,0,1,3,291,291,225,225,0,21,1,0,13,0,1,9,1,8,0,46,64,3,0,1,16,19,1,20,1
0,22,0,400,400,21,https://resultados2019.blob.core.windows.net/201901/197933.jpg,OK,0,1,JALAPA,JALAPA,19793,DIPUTADOS DISTRITALES,19,2,2,0,1,3,269,266,225,228,1,15,0,0,18,4,2,3,0,7,14,52,69,2,4,2,8,13,3,6,2
1,23,0,400,400,21,https://resultados2019.blob.core.windows.net/201901/201933.jpg,OK,0,7,JALAPA,MATAQUESCUINTLA,20193,DIPUTADOS DISTRITALES,18,2,2,0,1,3,276,276,235,235,2,77,0,0,5,2,5,6,0,2,0,1,94,0,0,4,15,6,7,7,2
1,24,0,380,380,21,https://resultados2019.blob.core.windows.net/201901/198713.jpg,OK,0,1,JALAPA,JALAPA,19871,DIPUTADOS DISTRITALES,32,2,2,0,1,3,236,236,180,180,3,17,0,1,22,0,15,2,1,3,2,23,79,1,1,3,2,3,0,1,1
1,41,0,400,400,21,https://resultados2019.blob.core.windows.net/201901/200323.jpg,OK,153,2,JALAPA,SAN PEDRO PINULA,20032,DIPUTADOS DISTRITALES,23,2,2,0,1,3,247,247,183,183,0,1,1,0,5,0,32,0,3,1,1,36,67,0,1,3,3,28,0,1,0
1,11,0,380,380,21,https://resultados2019.blob.core.windows.net/201901/198853.jpg,OK,0,1,JALAPA,JALAPA,19885,DIPUTADOS DISTRITALES,37,2,2,0,1,3,242,242,194,194,1,64,2,0,8,3,10,3,1,0,3,19,64,0,0,8,4,4,0,0,0
1,30,0,377,377,21,https://resultados2019.blob.core.windows.net/201901/200233.jpg,OK,0,2,JALAPA,SAN PEDRO PINULA,20023,DIPUTADOS DISTRITALES,13,2,2,0,1,3,185,185,142,142,0,0,0,0,10,0,38,1,0,2,2,35,42,1,1,1,5,2,1,0,1
1,23,0,380,380,21,https://resultados2019.blob.core.windows.net/201901/199023.jpg,OK,0,1,JALAPA,JALAPA,19902,DIPUTADOS DISTRITALES,33,2,2,0,1,3,238,238,182,182,4,21,0,0,3,0,31,1,0,0,1,24,78,0,3,5,4,4,0,2,1
1,12,0,400,400,21,https://resultados2019.blob.core.windows.net/201901/198123.jpg,OK,0,1,JALAPA,JALAPA,19812,DIPUTADOS DISTRITALES,23,2,2,0,1,3,188,188,153,153,0,11,0,1,19,3,3,2,2,5,12,18,49,1,6,0,6,7,2,3,3
1,10,0,192,192,21,https://resultados2019.blob.core.windows.net/201901/199093.jpg,OK,0,1,JALAPA,JALAPA,19909,DIPUTADOS DISTRITALES,6,2,2,0,1,3,90,90,74,74,0,2,0,0,3,1,11,0,0,2,1,17,28,1,1,1,5,1,0,0,0
1,8,0,288,0,21,https://resultados2019.blob.core.windows.net/201901/202243.jpg,OK,0,7,JALAPA,MATAQUESCUINTLA,20224,DIPUTADOS DISTRITALES,5,2,2,0,1,3,153,153,140,140,0,35,0,0,8,0,7,0,0,0,0,0,56,0,0,0,24,7,1,1,1
1,41,0,357,357,21,https://resultados2019.blob.core.windows.net/201901/201723.jpg,OK,0,6,JALAPA,MONJAS,20172,DIPUTADOS DISTRITALES,12,2,2,0,1,3,209,209,156,156,1,21,0,0,4,0,0,5,2,5,3,42,27,1,2,1,19,13,0,10,0
1,19,0,600,600,21,https://resultados2019.blob.core.windows.net/201901/199623.jpg,OK,0,1,JALAPA,JALAPA,19962,DIPUTADOS DISTRITALES,18,2,2,0,1,3,196,196,159,159,2,14,3,1,11,5,4,2,2,7,9,28,42,1,0,6,4,11,1,6,0
0,11,0,400,397,21,https://resultados2019.blob.core.windows.net/201901/198483.jpg,OK,0,1,JALAPA,JALAPA,19848,DIPUTADOS DISTRITALES,41,2,2,0,1,3,270,255,203,218,0,11,0,1,5,3,0,0,0,20,22,65,31,1,0,0,10,18,8,7,1
0,15,0,400,400,21,https://resultados2019.blob.core.windows.net/201901/198183.jpg,OK,0,1,JALAPA,JALAPA,19818,DIPUTADOS DISTRITALES,30,2,2,0,1,3,255,243,198,210,0,17,1,0,13,3,1,2,0,0,16,54,44,0,6,0,16,15,4,5,1
1,26,0,210,211,21,https://resultados2019.blob.core.windows.net/201901/201213.jpg,OK,0,5,JALAPA,SAN CARLOS ALZATATE,20121,DIPUTADOS DISTRITALES,5,2,2,0,1,3,169,169,138,138,0,25,0,0,4,0,3,2,1,0,3,41,33,11,3,0,8,0,0,4,0
1,36,0,316,316,21,https://resultados2019.blob.core.windows.net/201901/200793.jpg,OK,0,3,JALAPA,SAN LUIS JILOTEPEQUE,20079,DIPUTADOS DISTRITALES,4,2,2,0,1,3,219,219,179,179,0,11,1,0,1,0,36,1,2,2,1,10,83,0,1,2,4,12,0,10,2
0,95,0,400,400,21,https://resultados2019.blob.core.windows.net/201901/200643.jpg,OK,0,3,JALAPA,SAN LUIS JILOTEPEQUE,20064,DIPUTADOS DISTRITALES,16,2,2,0,1,3,333,338,227,222,1,22,0,0,16,0,24,7,0,4,0,39,41,0,1,4,18,16,2,19,13
1,21,0,400,0,21,https://resultados2019.blob.core.windows.net/201901/201813.jpg,OK,0,7,JALAPA,MATAQUESCUINTLA,20181,DIPUTADOS DISTRITALES,11,2,2,0,1,3,292,292,260,260,1,84,0,0,10,1,5,7,0,3,0,3,89,0,0,0,40,6,4,6,1
1,11,0,545,545,21,https://resultados2019.blob.core.windows.net/201901/201753.jpg,OK,0,6,JALAPA,MONJAS,20175,DIPUTADOS DISTRITALES,2,2,2,0,1,3,37,37,24,24,0,1,0,0,0,0,1,0,0,0,0,7,5,0,2,0,2,5,0,1,0
1,10,0,400,400,21,https://resultados2019.blob.core.windows.net/201901/198013.jpg,OK,0,1,JALAPA,JALAPA,19801,DIPUTADOS DISTRITALES,34,2,2,0,1,3,255,255,211,211,0,20,1,1,14,6,4,3,0,7,18,48,36,3,9,1,13,16,1,9,1
1,21,0,400,401,21,https://resultados2019.blob.core.windows.net/201901/200193.jpg,OK,0,2,JALAPA,SAN PEDRO PINULA,20019,DIPUTADOS DISTRITALES,19,2,2,0,1,3,160,160,120,120,0,0,0,0,10,0,32,2,0,1,3,22,34,1,1,0,8,5,0,1,0
1,11,0,207,207,21,https://resultados2019.blob.core.windows.net/201901/198993.jpg,OK,131,1,JALAPA,JALAPA,19899,DIPUTADOS DISTRITALES,3,2,2,0,1,3,76,76,62,62,2,9,0,0,4,1,2,1,0,0,4,9,15,1,1,0,2,5,0,6,0
1,14,0,400,400,21,https://resultados2019.blob.core.windows.net/201901/198003.jpg,OK,0,1,JALAPA,JALAPA,19800,DIPUTADOS DISTRITALES,26,2,2,0,1,3,253,253,213,213,0,17,1,0,9,6,2,3,2,9,12,52,53,4,6,1,16,12,3,4,1
1,7,0,400,380,21,https://resultados2019.blob.core.windows.net/201901/201923.jpg,OK,0,7,JALAPA,MATAQUESCUINTLA,20192,DIPUTADOS DISTRITALES,19,2,2,0,1,3,280,280,254,254,4,65,0,0,11,1,4,3,0,2,2,1,113,0,1,0,33,5,1,8,0
1,12,0,407,407,21,https://resultados2019.blob.core.windows.net/201901/202313.jpg,OK,0,7,JALAPA,MATAQUESCUINTLA,20231,DIPUTADOS DISTRITALES,7,2,2,0,1,3,107,107,88,88,0,34,1,0,5,0,3,4,0,1,0,3,22,0,0,0,8,2,3,2,0
1,15,0,380,380,21,https://resultados2019.blob.core.windows.net/201901/199213.jpg,OK,0,1,JALAPA,JALAPA,19921,DIPUTADOS DISTRITALES,13,2,2,0,1,3,151,151,123,123,4,23,1,0,15,1,11,1,2,0,2,16,27,2,0,3,9,0,1,5,0
0,30,0,400,396,21,https://resultados2019.blob.core.windows.net/201901/200213.jpg,OK,0,2,JALAPA,SAN PEDRO PINULA,20021,DIPUTADOS DISTRITALES,25,2,2,0,1,3,171,168,113,116,3,1,0,0,8,3,19,0,0,0,3,28,33,0,1,1,8,3,2,0,0
1,32,0,400,400,21,https://resultados2019.blob.core.windows.net/201901/201553.jpg,OK,0,6,JALAPA,MONJAS,20155,DIPUTADOS DISTRITALES,37,2,2,0,1,3,300,300,231,231,0,23,0,1,24,2,0,11,1,7,5,44,53,1,2,2,17,18,2,17,1
1,16,0,252,252,21,https://resultados2019.blob.core.windows.net/201901/199443.jpg,OK,0,1,JALAPA,JALAPA,19944,DIPUTADOS DISTRITALES,6,2,2,0,1,3,120,120,98,98,1,11,1,1,7,1,18,2,0,0,1,23,20,0,0,3,6,3,0,0,0
1,42,0,400,400,21,https://resultados2019.blob.core.windows.net/201901/200953.jpg,OK,0,4,JALAPA,SAN MANUEL CHAPARRÓN,20095,DIPUTADOS DISTRITALES,8,2,2,0,1,3,298,298,248,248,0,59,0,0,50,0,0,3,1,2,3,59,54,0,2,1,10,2,0,2,0
1,78,0,400,400,21,https://resultados2019.blob.core.windows.net/201901/200513.jpg,OK,0,3,JALAPA,SAN LUIS JILOTEPEQUE,20051,DIPUTADOS DISTRITALES,20,2,2,0,1,3,341,341,243,243,2,23,0,0,12,0,15,8,1,4,2,45,78,2,2,5,15,13,0,14,2
0,18,0,356,356,21,https://resultados2019.blob.core.windows.net/201901/198773.jpg,OK,0,1,JALAPA,JALAPA,19877,DIPUTADOS DISTRITALES,6,2,2,0,1,3,0,173,149,149,0,20,1,0,15,0,16,1,0,1,3,24,50,0,1,6,1,6,2,2,0
1,53,0,400,0,21,https://resultados2019.blob.core.windows.net/201901/201563.jpg,OK,0,6,JALAPA,MONJAS,20156,DIPUTADOS DISTRITALES,27,2,2,0,1,3,312,312,232,232,0,29,0,1,20,1,4,4,0,11,2,36,54,0,1,2,24,21,0,19,3
1,23,0,380,380,21,https://resultados2019.blob.core.windows.net/201901/199333.jpg,OK,0,1,JALAPA,JALAPA,19933,DIPUTADOS DISTRITALES,45,2,2,0,1,3,262,262,194,194,1,10,0,1,38,0,15,2,0,4,2,15,93,0,0,1,4,2,0,5,1
1,48,0,400,400,21,https://resultados2019.blob.core.windows.net/201901/201383.jpg,OK,0,6,JALAPA,MONJAS,20138,DIPUTADOS DISTRITALES,22,2,2,0,1,3,300,300,230,230,3,20,0,1,19,1,2,12,0,3,1,41,63,1,4,2,19,19,2,17,0
1,47,0,400,400,21,https://resultados2019.blob.core.windows.net/201901/200083.jpg,OK,0,2,JALAPA,SAN PEDRO PINULA,20008,DIPUTADOS DISTRITALES,29,2,2,0,1,3,241,241,165,165,6,2,0,0,1,0,29,2,1,3,10,25,76,0,2,3,0,5,0,0,0
1,45,0,549,549,21,https://resultados2019.blob.core.windows.net/201901/200863.jpg,OK,0,3,JALAPA,SAN LUIS JILOTEPEQUE,20086,DIPUTADOS DISTRITALES,22,2,2,0,1,3,163,163,96,96,1,12,0,0,7,0,11,7,0,1,2,14,19,1,1,0,8,5,2,5,0
1,7,0,400,400,21,https://resultados2019.blob.core.windows.net/201901/198553.jpg,OK,0,1,JALAPA,JALAPA,19855,DIPUTADOS DISTRITALES,28,2,2,0,1,3,242,242,207,207,0,16,0,4,8,1,1,4,3,6,20,38,42,1,13,3,13,22,1,11,0
1,33,0,289,0,21,https://resultados2019.blob.core.windows.net/201901/201133.jpg,OK,0,5,JALAPA,SAN CARLOS ALZATATE,20113,DIPUTADOS DISTRITALES,0,2,2,0,1,3,225,225,192,192,1,42,0,0,6,0,5,0,1,3,2,38,56,7,3,2,12,7,0,0,7
1,12,0,380,379,21,https://resultados2019.blob.core.windows.net/201901/202083.jpg,OK,0,7,JALAPA,MATAQUESCUINTLA,20208,DIPUTADOS DISTRITALES,16,2,2,0,1,3,231,231,203,203,1,38,1,0,18,0,9,4,0,2,4,10,79,1,1,1,21,8,2,2,1
1,12,0,400,0,21,https://resultados2019.blob.core.windows.net/201901/198043.jpg,OK,0,1,JALAPA,JALAPA,19804,DIPUTADOS DISTRITALES,17,2,2,0,1,3,257,257,228,228,1,13,1,0,14,5,1,3,2,12,14,59,50,1,7,4,12,18,2,8,1
1,42,0,400,400,21,https://resultados2019.blob.core.windows.net/201901/199773.jpg,OK,0,2,JALAPA,SAN PEDRO PINULA,19977,DIPUTADOS DISTRITALES,25,2,2,0,1,3,270,270,203,203,1,7,0,0,23,0,7,5,2,3,8,60,68,0,3,1,2,11,1,1,0
0,26,0,380,380,21,https://resultados2019.blob.core.windows.net/201901/198723.jpg,OK,0,1,JALAPA,JALAPA,19872,DIPUTADOS DISTRITALES,28,2,2,0,1,3,227,212,158,173,3,1,0,0,10,2,20,3,3,3,4,17,68,2,2,5,6,3,2,3,1
1,56,0,400,400,21,https://resultados2019.blob.core.windows.net/201901/201033.jpg,OK,0,5,JALAPA,SAN CARLOS ALZATATE,20103,DIPUTADOS DISTRITALES,7,2,2,0,1,3,337,337,274,274,1,64,1,0,5,0,5,2,0,1,5,62,78,18,1,1,15,5,0,4,6
1,8,0,223,223,21,https://resultados2019.blob.core.windows.net/201901/199853.jpg,OK,0,2,JALAPA,SAN PEDRO PINULA,19985,DIPUTADOS DISTRITALES,2,2,2,0,1,3,164,164,154,154,0,2,0,1,15,0,5,2,1,3,13,37,45,0,6,1,1,17,2,1,2
1,21,0,485,485,21,https://resultados2019.blob.core.windows.net/201901/201023.jpg,OK,0,4,JALAPA,SAN MANUEL CHAPARRÓN,20102,DIPUTADOS DISTRITALES,9,2,2,0,1,3,139,139,109,109,0,14,0,0,28,0,1,3,0,1,5,21,24,0,1,0,5,3,1,0,2
1,27,0,380,0,21,https://resultados2019.blob.core.windows.net/201901/202143.jpg,OK,5,7,JALAPA,MATAQUESCUINTLA,20214,DIPUTADOS DISTRITALES,11,2,2,0,1,3,215,215,177,177,1,33,2,1,8,0,22,3,0,0,1,1,58,0,0,0,22,18,0,7,0
0,20,0,377,377,21,https://resultados2019.blob.core.windows.net/201901/200223.jpg,OK,0,2,JALAPA,SAN PEDRO PINULA,20022,DIPUTADOS DISTRITALES,18,2,2,0,1,3,165,165,127,125,1,0,0,0,12,0,15,0,0,0,4,26,55,0,2,2,7,3,0,0,0
1,24,0,222,222,21,https://resultados2019.blob.core.windows.net/201901/199863.jpg,OK,0,2,JALAPA,SAN PEDRO PINULA,19986,DIPUTADOS DISTRITALES,7,2,2,0,1,3,147,147,116,116,0,0,0,0,7,0,7,5,0,3,7,23,41,0,2,4,1,14,1,0,1
1,37,0,400,400,21,https://resultados2019.blob.core.windows.net/201901/201653.jpg,OK,0,6,JALAPA,MONJAS,20165,DIPUTADOS DISTRITALES,17,2,2,0,1,3,260,260,206,206,0,25,1,0,16,4,0,6,1,10,2,37,37,0,2,2,31,17,1,14,0
1,12,0,218,218,21,https://resultados2019.blob.core.windows.net/201901/200393.jpg,OK,0,2,JALAPA,SAN PEDRO PINULA,20039,DIPUTADOS DISTRITALES,6,2,2,0,1,3,153,153,135,135,2,1,0,0,2,0,18,3,0,0,7,35,37,1,4,0,1,21,1,1,1
1,17,0,380,380,21,https://resultados2019.blob.core.windows.net/201901/199263.jpg,OK,0,1,JALAPA,JALAPA,19926,DIPUTADOS DISTRITALES,17,2,2,0,1,3,192,192,158,158,1,12,1,0,5,1,6,8,1,0,12,33,56,0,0,3,9,8,1,1,0
0,45,0,400,400,21,https://resultados2019.blob.core.windows.net/201901/200993.jpg,OK,0,4,JALAPA,SAN MANUEL CHAPARRÓN,20099,DIPUTADOS DISTRITALES,11,2,2,0,1,3,310,317,261,254,1,49,0,0,40,1,2,2,0,1,2,69,83,1,0,1,4,4,1,0,0
1,8,0,457,457,21,https://resultados2019.blob.core.windows.net/201901/200433.jpg,OK,0,2,JALAPA,SAN PEDRO PINULA,20043,DIPUTADOS DISTRITALES,11,2,2,0,1,3,82,82,63,63,2,0,1,1,2,0,6,3,1,2,4,13,15,0,1,0,3,6,1,0,2
1,10,0,400,400,21,https://resultados2019.blob.core.windows.net/201901/198583.jpg,OK,0,1,JALAPA,JALAPA,19858,DIPUTADOS DISTRITALES,29,2,2,0,1,3,264,264,225,225,0,11,0,0,13,1,3,5,2,14,41,51,35,1,6,2,9,18,4,5,4
1,10,0,337,337,21,https://resultados2019.blob.core.windows.net/201901/198633.jpg,OK,0,1,JALAPA,JALAPA,19863,DIPUTADOS DISTRITALES,26,2,2,0,1,3,179,179,143,143,0,8,0,0,5,2,2,5,0,10,17,33,21,0,2,1,20,10,2,4,1
1,15,0,600,600,21,https://resultados2019.blob.core.windows.net/201901/199633.jpg,OK,0,1,JALAPA,JALAPA,19963,DIPUTADOS DISTRITALES,25,2,2,0,1,3,188,188,148,148,1,27,0,0,3,4,5,3,0,4,12,26,32,1,3,2,11,10,1,3,0
1,20,0,380,0,21,https://resultados2019.blob.core.windows.net/201901/199163.jpg,OK,0,1,JALAPA,JALAPA,19916,DIPUTADOS DISTRITALES,20,2,2,0,1,3,228,228,188,188,3,24,1,2,19,3,15,1,2,2,2,21,78,1,0,2,5,2,2,1,2
1,10,0,256,256,21,https://resultados2019.blob.core.windows.net/201901/202283.jpg,OK,0,7,JALAPA,MATAQUESCUINTLA,20228,DIPUTADOS DISTRITALES,4,2,2,0,1,3,120,120,106,106,0,12,0,0,4,0,10,2,0,1,0,6,28,0,0,0,34,5,1,2,1
1,58,0,400,400,21,https://resultados2019.blob.core.windows.net/201901/201453.jpg,OK,0,6,JALAPA,MONJAS,20145,DIPUTADOS DISTRITALES,24,2,2,0,1,3,310,310,228,228,1,15,1,0,19,0,1,12,1,3,1,59,70,1,3,0,13,12,1,15,0
1,20,0,380,380,21,https://resultados2019.blob.core.windows.net/201901/199323.jpg,OK,0,1,JALAPA,JALAPA,19932,DIPUTADOS DISTRITALES,43,2,2,0,1,3,253,253,190,190,3,13,1,0,37,0,12,3,1,0,0,16,75,1,4,3,6,1,0,12,2
1,63,0,400,400,21,https://resultados2019.blob.core.windows.net/201901/200683.jpg,OK,0,3,JALAPA,SAN LUIS JILOTEPEQUE,20068,DIPUTADOS DISTRITALES,22,2,2,0,1,3,307,307,222,222,1,19,2,2,21,0,18,4,0,4,3,34,62,0,3,2,24,4,0,17,2
1,10,0,233,233,21,https://resultados2019.blob.core.windows.net/201901/199303.jpg,OK,1,1,JALAPA,JALAPA,19930,DIPUTADOS DISTRITALES,14,2,2,0,1,3,104,104,80,80,1,11,0,0,5,1,4,2,0,0,3,15,26,0,0,0,9,3,0,0,0
1,46,0,400,400,21,https://resultados2019.blob.core.windows.net/201901/200253.jpg,OK,0,2,JALAPA,SAN PEDRO PINULA,20025,DIPUTADOS DISTRITALES,13,2,2,0,1,3,276,276,217,217,3,5,0,1,2,1,11,1,0,0,3,52,120,0,1,3,1,10,1,1,1
1,46,0,400,400,21,https://resultados2019.blob.core.windows.net/201901/201323.jpg,OK,0,6,JALAPA,MONJAS,20132,DIPUTADOS DISTRITALES,26,2,2,0,1,3,274,274,202,202,2,16,0,0,26,3,1,8,0,0,1,57,38,0,0,3,24,11,1,11,0
1,25,0,400,400,21,https://resultados2019.blob.core.windows.net/201901/200363.jpg,OK,0,2,JALAPA,SAN PEDRO PINULA,20036,DIPUTADOS DISTRITALES,25,2,2,0,1,3,210,210,160,160,1,1,0,0,7,0,26,0,2,1,2,48,52,0,1,2,1,16,0,0,0
1,20,0,380,400,21,https://resultados2019.blob.core.windows.net/201901/198813.jpg,OK,0,1,JALAPA,JALAPA,19881,DIPUTADOS DISTRITALES,40,2,2,0,1,3,259,259,199,199,5,55,1,1,1,0,8,0,0,2,0,21,86,1,0,6,1,6,3,2,0
1,30,0,400,400,21,https://resultados2019.blob.core.windows.net/201901/199933.jpg,OK,2,2,JALAPA,SAN PEDRO PINULA,19993,DIPUTADOS DISTRITALES,18,2,2,0,1,3,315,315,267,267,0,1,0,1,23,1,3,2,1,2,5,60,137,0,9,1,0,17,1,3,0
1,40,0,400,400,21,https://resultados2019.blob.core.windows.net/201901/200263.jpg,OK,0,2,JALAPA,SAN PEDRO PINULA,20026,DIPUTADOS DISTRITALES,10,2,2,0,1,3,276,276,226,226,0,4,2,0,0,1,11,3,0,0,0,45,126,0,1,6,3,21,0,3,0
1,19,0,380,378,21,https://resultados2019.blob.core.windows.net/201901/198743.jpg,OK,0,1,JALAPA,JALAPA,19874,DIPUTADOS DISTRITALES,17,2,2,0,1,3,178,178,142,142,0,13,1,1,12,1,19,3,0,1,4,14,52,0,3,5,3,7,1,2,0
1,30,0,400,400,21,https://resultados2019.blob.core.windows.net/201901/199513.jpg,OK,0,1,JALAPA,JALAPA,19951,DIPUTADOS DISTRITALES,20,2,2,0,1,3,230,230,180,180,8,9,0,0,8,5,9,2,0,5,10,19,66,0,2,4,14,14,0,4,1
1,13,0,400,397,21,https://resultados2019.blob.core.windows.net/201901/197883.jpg,OK,0,1,JALAPA,JALAPA,19788,DIPUTADOS DISTRITALES,29,2,2,0,1,3,257,257,215,215,0,11,0,0,16,4,2,5,0,9,13,47,57,1,5,1,10,21,0,10,3
1,8,0,217,218,21,https://resultados2019.blob.core.windows.net/201901/199483.jpg,OK,0,1,JALAPA,JALAPA,19948,DIPUTADOS DISTRITALES,9,2,2,0,1,3,89,89,72,72,2,7,0,0,1,4,16,1,0,1,1,11,0,0,0,1,8,17,0,2,0
1,16,0,380,380,21,https://resultados2019.blob.core.windows.net/201901/198863.jpg,OK,0,1,JALAPA,JALAPA,19886,DIPUTADOS DISTRITALES,26,2,2,0,1,3,226,226,184,184,0,55,1,0,4,1,3,1,1,1,2,15,87,0,2,4,5,1,1,0,0
1,16,0,400,400,21,https://resultados2019.blob.core.windows.net/201901/200023.jpg,OK,0,2,JALAPA,SAN PEDRO PINULA,20002,DIPUTADOS DISTRITALES,8,2,2,0,1,3,271,271,247,247,1,8,0,0,18,0,5,5,0,9,13,65,86,2,11,1,6,16,0,1,0
1,55,0,400,400,21,https://resultados2019.blob.core.windows.net/201901/201513.jpg,OK,0,6,JALAPA,MONJAS,20151,DIPUTADOS DISTRITALES,19,2,2,0,1,3,291,291,217,217,0,25,0,2,16,0,1,12,1,5,2,40,43,0,3,1,23,23,1,19,0
1,25,0,400,400,21,https://resultados2019.blob.core.windows.net/201901/201703.jpg,OK,0,6,JALAPA,MONJAS,20170,DIPUTADOS DISTRITALES,11,2,2,0,1,3,325,325,289,289,0,49,0,0,30,3,2,1,0,12,1,60,48,1,1,1,35,20,3,22,0
1,24,0,400,400,21,https://resultados2019.blob.core.windows.net/201901/200163.jpg,OK,174,2,JALAPA,SAN PEDRO PINULA,20016,DIPUTADOS DISTRITALES,37,2,2,0,1,3,226,226,165,165,2,1,0,0,16,0,32,0,0,0,9,28,59,0,0,1,9,6,1,1,0
1,22,0,380,380,21,https://resultados2019.blob.core.windows.net/201901/199173.jpg,OK,0,1,JALAPA,JALAPA,19917,DIPUTADOS DISTRITALES,33,2,2,0,1,3,226,226,171,171,6,34,0,1,17,2,10,1,1,1,2,18,61,0,2,5,3,5,1,1,0
1,62,0,400,0,21,https://resultados2019.blob.core.windows.net/201901/201063.jpg,OK,0,5,JALAPA,SAN CARLOS ALZATATE,20106,DIPUTADOS DISTRITALES,12,2,2,0,1,3,361,361,287,287,1,71,0,0,5,1,5,1,1,1,2,67,98,12,1,0,11,5,0,1,4
0,22,0,600,600,21,https://resultados2019.blob.core.windows.net/201901/199613.jpg,OK,0,1,JALAPA,JALAPA,19961,DIPUTADOS DISTRITALES,22,2,2,0,1,3,195,189,145,151,1,13,1,0,11,2,4,1,2,8,10,21,39,1,3,2,9,14,1,2,0
1,26,0,400,400,21,https://resultados2019.blob.core.windows.net/201901/199983.jpg,OK,1,2,JALAPA,SAN PEDRO PINULA,19998,DIPUTADOS DISTRITALES,19,2,2,0,1,3,277,277,232,232,0,8,0,0,18,3,9,6,0,9,7,42,85,0,8,2,9,19,0,6,1
1,47,0,400,400,21,https://resultados2019.blob.core.windows.net/201901/201573.jpg,OK,0,6,JALAPA,MONJAS,20157,DIPUTADOS DISTRITALES,28,2,2,0,1,3,292,292,217,217,0,25,0,2,18,2,2,13,1,4,3,35,51,0,0,2,24,12,1,21,1
1,10,0,304,304,21,https://resultados2019.blob.core.windows.net/201901/201883.jpg,OK,0,7,JALAPA,MATAQUESCUINTLA,20188,DIPUTADOS DISTRITALES,3,2,2,0,1,3,218,218,205,205,0,91,0,0,20,1,3,1,0,2,1,2,35,0,1,2,30,7,4,5,0
1,86,0,400,400,21,https://resultados2019.blob.core.windows.net/201901/200493.jpg,OK,0,3,JALAPA,SAN LUIS JILOTEPEQUE,20049,DIPUTADOS DISTRITALES,16,2,2,0,1,3,336,336,234,234,0,33,1,1,19,0,10,10,0,5,2,43,72,0,0,4,9,12,1,12,0
1,40,0,400,396,21,https://resultados2019.blob.core.windows.net/201901/200353.jpg,OK,0,2,JALAPA,SAN PEDRO PINULA,20035,DIPUTADOS DISTRITALES,25,2,2,0,1,3,238,238,173,173,2,0,0,0,3,0,24,4,2,2,1,55,55,1,2,0,5,15,0,1,1
1,5,0,206,206,21,https://resultados2019.blob.core.windows.net/201901/199003.jpg,OK,0,1,JALAPA,JALAPA,19900,DIPUTADOS DISTRITALES,4,2,2,0,1,3,70,70,61,61,0,3,0,0,7,1,9,1,0,2,0,15,13,0,0,0,2,5,0,3,0
1,31,0,400,400,21,https://resultados2019.blob.core.windows.net/201901/201523.jpg,OK,0,6,JALAPA,MONJAS,20152,DIPUTADOS DISTRITALES,25,2,2,0,1,3,275,275,219,219,0,32,0,2,13,1,4,7,0,3,2,49,49,0,0,1,29,11,3,13,0
1,87,0,400,400,21,https://resultados2019.blob.core.windows.net/201901/201253.jpg,OK,0,5,JALAPA,SAN CARLOS ALZATATE,20125,DIPUTADOS DISTRITALES,6,2,2,0,1,3,359,359,266,266,0,43,0,0,2,0,9,0,2,0,1,83,94,9,0,0,3,1,0,19,0
0,36,0,400,400,21,https://resultados2019.blob.core.windows.net/201901/199823.jpg,OK,0,2,JALAPA,SAN PEDRO PINULA,19982,DIPUTADOS DISTRITALES,27,2,2,0,1,3,271,269,206,208,0,8,0,0,10,1,9,6,0,1,9,54,69,0,8,3,6,20,2,0,0
1,44,0,400,400,21,https://resultados2019.blob.core.windows.net/201901/200053.jpg,OK,0,2,JALAPA,SAN PEDRO PINULA,20005,DIPUTADOS DISTRITALES,28,2,2,0,1,3,235,235,163,163,4,1,1,0,3,0,21,2,1,1,4,24,81,2,3,4,2,9,0,0,0
0,26,0,263,263,21,https://resultados2019.blob.core.windows.net/201901/200843.jpg,OK,0,3,JALAPA,SAN LUIS JILOTEPEQUE,20084,DIPUTADOS DISTRITALES,7,2,2,0,1,3,203,200,167,170,0,6,0,0,13,0,3,1,0,0,0,26,46,0,0,1,37,11,3,20,0
1,9,0,380,380,21,https://resultados2019.blob.core.windows.net/201901/199123.jpg,OK,0,1,JALAPA,JALAPA,19912,DIPUTADOS DISTRITALES,18,2,2,0,1,3,191,191,164,164,0,24,0,0,18,1,19,0,0,3,3,18,58,0,1,2,7,4,4,1,1
1,6,0,400,336,21,https://resultados2019.blob.core.windows.net/201901/198563.jpg,OK,0,1,JALAPA,JALAPA,19856,DIPUTADOS DISTRITALES,34,2,2,0,1,3,257,257,217,217,0,13,0,1,5,1,2,4,2,13,21,56,31,1,20,4,9,24,2,2,6
1,85,0,400,400,21,https://resultados2019.blob.core.windows.net/201901/200543.jpg,OK,0,3,JALAPA,SAN LUIS JILOTEPEQUE,20054,DIPUTADOS DISTRITALES,20,2,2,0,1,3,315,315,210,210,1,25,0,0,10,0,10,6,1,5,3,35,60,2,1,2,12,13,2,20,2
1,29,0,400,400,21,https://resultados2019.blob.core.windows.net/201901/200313.jpg,OK,0,2,JALAPA,SAN PEDRO PINULA,20031,DIPUTADOS DISTRITALES,25,2,2,0,1,3,258,258,204,204,13,2,1,0,2,0,35,5,2,5,0,55,48,2,2,3,1,26,2,0,0
1,56,0,400,400,21,https://resultados2019.blob.core.windows.net/201901/200063.jpg,OK,0,2,JALAPA,SAN PEDRO PINULA,20006,DIPUTADOS DISTRITALES,19,2,2,0,1,3,267,267,192,192,0,0,1,1,23,0,34,0,0,1,4,27,89,0,0,2,2,5,1,1,1
1,19,0,400,400,21,https://resultados2019.blob.core.windows.net/201901/198473.jpg,OK,1,1,JALAPA,JALAPA,19847,DIPUTADOS DISTRITALES,27,2,2,0,1,3,269,269,223,223,0,13,0,1,10,1,2,4,1,15,34,62,34,2,4,2,7,20,4,4,3
1,8,0,400,400,21,https://resultados2019.blob.core.windows.net/201901/198373.jpg,OK,0,1,JALAPA,JALAPA,19837,DIPUTADOS DISTRITALES,23,2,2,0,1,3,259,259,228,228,1,13,0,0,18,3,3,8,0,16,21,50,38,2,10,4,13,18,4,4,2
1,22,0,380,380,21,https://resultados2019.blob.core.windows.net/201901/202223.jpg,OK,0,7,JALAPA,MATAQUESCUINTLA,20222,DIPUTADOS DISTRITALES,13,2,2,0,1,3,203,203,168,168,1,39,0,0,15,0,5,4,0,2,1,4,62,0,0,1,18,8,5,3,0
0,13,0,400,400,21,https://resultados2019.blob.core.windows.net/201901/201843.jpg,OK,0,7,JALAPA,MATAQUESCUINTLA,20184,DIPUTADOS DISTRITALES,14,2,2,0,1,3,251,255,228,224,0,85,3,0,13,0,6,8,0,0,2,4,72,0,6,1,17,4,4,2,1
1,18,0,400,400,21,https://resultados2019.blob.core.windows.net/201901/198233.jpg,OK,0,1,JALAPA,JALAPA,19823,DIPUTADOS DISTRITALES,23,2,2,0,1,3,236,236,195,195,1,13,0,0,21,6,6,6,0,7,12,39,48,0,2,4,9,11,2,7,1
1,90,0,400,400,21,https://resultados2019.blob.core.windows.net/201901/200633.jpg,OK,0,3,JALAPA,SAN LUIS JILOTEPEQUE,20063,DIPUTADOS DISTRITALES,20,2,2,0,1,3,342,342,232,232,2,20,0,0,15,0,18,9,0,7,2,46,62,2,0,3,17,14,1,13,1
1,14,0,400,400,21,https://resultados2019.blob.core.windows.net/201901/199503.jpg,OK,0,1,JALAPA,JALAPA,19950,DIPUTADOS DISTRITALES,23,2,2,0,1,3,215,215,178,178,0,19,0,0,7,2,11,2,0,9,14,31,33,1,2,8,15,14,2,6,2
1,11,0,400,401,21,https://resultados2019.blob.core.windows.net/201901/198413.jpg,OK,0,1,JALAPA,JALAPA,19841,DIPUTADOS DISTRITALES,28,2,2,0,1,3,260,260,221,221,0,15,0,0,11,5,3,2,3,10,13,65,42,0,11,4,8,13,2,11,3
1,16,0,380,380,21,https://resultados2019.blob.core.windows.net/201901/199273.jpg,OK,5,1,JALAPA,JALAPA,19927,DIPUTADOS DISTRITALES,17,2,2,0,1,3,205,205,172,172,2,11,2,0,16,5,5,3,0,1,7,29,67,0,1,5,13,4,1,0,0
1,27,0,600,600,21,https://resultados2019.blob.core.windows.net/201901/202293.jpg,OK,0,7,JALAPA,MATAQUESCUINTLA,20229,DIPUTADOS DISTRITALES,22,2,2,0,1,3,196,196,147,147,1,48,0,1,4,0,8,4,1,0,0,5,44,1,0,0,20,5,2,1,2
0,31,0,400,400,21,https://resultados2019.blob.core.windows.net/201901/200333.jpg,OK,0,2,JALAPA,SAN PEDRO PINULA,20033,DIPUTADOS DISTRITALES,25,2,2,0,1,3,280,272,216,224,0,1,1,1,0,0,28,5,1,0,3,76,72,0,1,1,0,22,2,2,0
1,26,0,380,400,21,https://resultados2019.blob.core.windows.net/201901/198793.jpg,OK,0,1,JALAPA,JALAPA,19879,DIPUTADOS DISTRITALES,20,2,2,0,1,3,211,211,165,165,1,32,0,0,8,1,12,2,2,4,2,8,82,1,1,1,2,3,0,3,0
1,44,0,600,600,21,https://resultados2019.blob.core.windows.net/201901/201733.jpg,OK,0,6,JALAPA,MONJAS,20173,DIPUTADOS DISTRITALES,14,2,2,0,1,3,207,207,149,149,0,14,1,0,11,2,0,8,0,8,4,19,24,0,3,1,19,16,4,14,1
1,49,0,400,400,21,https://resultados2019.blob.core.windows.net/201901/200003.jpg,OK,2,2,JALAPA,SAN PEDRO PINULA,20000,DIPUTADOS DISTRITALES,21,2,2,0,1,3,302,302,232,232,3,2,0,0,13,0,6,5,0,4,3,63,93,1,8,4,8,11,1,5,2
1,9,0,532,532,21,https://resultados2019.blob.core.windows.net/201901/199693.jpg,OK,0,1,JALAPA,JALAPA,19969,DIPUTADOS DISTRITALES,5,2,2,0,1,3,87,87,73,73,2,3,1,0,2,0,0,4,1,6,8,16,7,0,5,2,7,5,0,4,0
1,27,0,380,0,21,https://resultados2019.blob.core.windows.net/201901/198823.jpg,OK,1,1,JALAPA,JALAPA,19882,DIPUTADOS DISTRITALES,50,2,2,0,1,3,274,274,197,197,4,51,1,0,7,3,6,3,1,2,2,23,81,0,0,2,2,6,2,1,0
1,20,0,400,400,21,https://resultados2019.blob.core.windows.net/201901/200203.jpg,OK,0,2,JALAPA,SAN PEDRO PINULA,20020,DIPUTADOS DISTRITALES,27,2,2,0,1,3,187,187,140,140,5,5,0,0,13,0,31,1,0,2,4,22,41,1,2,0,8,5,0,0,0
1,29,0,380,380,21,https://resultados2019.blob.core.windows.net/201901/202053.jpg,OK,0,7,JALAPA,MATAQUESCUINTLA,20205,DIPUTADOS DISTRITALES,17,2,2,0,1,3,234,234,188,188,0,39,0,1,6,2,7,3,0,3,1,3,86,0,1,0,15,14,2,3,2
1,24,0,400,400,21,https://resultados2019.blob.core.windows.net/201901/200113.jpg,OK,0,2,JALAPA,SAN PEDRO PINULA,20011,DIPUTADOS DISTRITALES,12,2,2,0,1,3,182,182,146,146,3,0,1,0,9,0,34,0,0,0,4,29,55,0,1,3,5,2,0,0,0
1,4,0,191,191,21,https://resultados2019.blob.core.windows.net/201901/199103.jpg,OK,0,1,JALAPA,JALAPA,19910,DIPUTADOS DISTRITALES,9,2,2,0,1,3,90,90,77,77,0,14,0,0,4,0,9,1,0,0,0,14,33,0,1,0,0,1,0,0,0
0,82,0,380,380,21,https://resultados2019.blob.core.windows.net/201901/200753.jpg,OK,0,3,JALAPA,SAN LUIS JILOTEPEQUE,20075,DIPUTADOS DISTRITALES,13,2,2,0,1,3,292,291,196,197,3,11,0,1,9,0,38,3,1,2,1,11,82,1,0,0,0,15,1,16,1
0,7,0,400,400,21,https://resultados2019.blob.core.windows.net/201901/198453.jpg,OK,1,1,JALAPA,JALAPA,19845,DIPUTADOS DISTRITALES,29,2,2,0,1,3,256,255,219,219,1,20,1,0,5,4,4,2,3,14,17,64,37,2,6,1,15,14,4,5,0
1,18,0,288,288,21,https://resultados2019.blob.core.windows.net/201901/202233.jpg,OK,0,7,JALAPA,MATAQUESCUINTLA,20223,DIPUTADOS DISTRITALES,14,2,2,0,1,3,155,155,123,123,1,31,0,0,3,0,3,0,0,1,0,2,51,0,1,0,14,8,1,4,3
1,15,0,400,400,21,https://resultados2019.blob.core.windows.net/201901/198393.jpg,OK,0,1,JALAPA,JALAPA,19839,DIPUTADOS DISTRITALES,26,2,2,0,1,3,276,276,235,235,0,19,2,1,9,2,2,7,2,17,24,53,44,0,9,2,8,15,9,7,3
1,39,0,400,400,21,https://resultados2019.blob.core.windows.net/201901/201533.jpg,OK,0,6,JALAPA,MONJAS,20153,DIPUTADOS DISTRITALES,14,2,2,0,1,3,265,265,212,212,0,28,0,1,17,0,4,11,0,9,3,33,44,0,0,1,27,16,2,14,2
1,24,0,380,380,21,https://resultados2019.blob.core.windows.net/201901/198683.jpg,OK,0,1,JALAPA,JALAPA,19868,DIPUTADOS DISTRITALES,23,2,2,0,1,3,204,204,157,157,1,14,0,1,5,2,21,1,0,3,0,22,64,1,0,6,1,10,2,3,0
1,42,0,400,400,21,https://resultados2019.blob.core.windows.net/201901/201463.jpg,OK,0,6,JALAPA,MONJAS,20146,DIPUTADOS DISTRITALES,24,2,2,0,1,3,300,300,234,234,2,28,0,1,22,0,0,7,0,7,4,60,40,0,0,1,15,20,2,24,1
1,82,0,400,0,21,https://resultados2019.blob.core.windows.net/201901/200883.jpg,OK,0,4,JALAPA,SAN MANUEL CHAPARRÓN,20088,DIPUTADOS DISTRITALES,13,2,2,0,1,3,313,313,218,218,2,35,0,0,50,0,4,0,0,5,1,53,58,0,0,0,3,4,0,2,1
0,57,0,400,0,21,https://resultados2019.blob.core.windows.net/201901/199763.jpg,OK,1,2,JALAPA,SAN PEDRO PINULA,19976,DIPUTADOS DISTRITALES,23,2,2,0,1,3,0,282,202,283,2,3,0,0,21,0,5,4,0,1,6,32,66,0,3,2,5,49,0,0,3
0,14,1,400,400,21,https://resultados2019.blob.core.windows.net/201901/201763.jpg,OK,0,7,JALAPA,MATAQUESCUINTLA,20176,DIPUTADOS DISTRITALES,16,2,2,0,1,3,247,246,216,216,0,70,0,0,19,0,5,0,0,0,0,2,72,0,2,1,25,4,5,11,0
1,16,0,380,379,21,https://resultados2019.blob.core.windows.net/201901/199083.jpg,OK,0,1,JALAPA,JALAPA,19908,DIPUTADOS DISTRITALES,27,2,2,0,1,3,181,181,138,138,0,16,0,1,7,0,27,2,0,1,1,21,45,0,1,4,6,2,0,2,2
1,15,0,380,376,21,https://resultados2019.blob.core.windows.net/201901/198753.jpg,OK,0,1,JALAPA,JALAPA,19875,DIPUTADOS DISTRITALES,6,2,2,0,1,3,160,160,139,139,2,15,1,0,16,2,15,2,0,2,1,24,36,2,3,3,1,9,2,3,0
0,18,0,400,400,21,https://resultados2019.blob.core.windows.net/201901/198153.jpg,OK,0,1,JALAPA,JALAPA,19815,DIPUTADOS DISTRITALES,20,2,2,0,1,3,269,269,231,269,0,12,0,0,13,1,8,2,2,12,12,68,48,2,20,4,13,7,2,4,1
0,13,0,380,380,21,https://resultados2019.blob.core.windows.net/201901/198733.jpg,OK,0,1,JALAPA,JALAPA,19873,DIPUTADOS DISTRITALES,22,2,2,0,1,3,0,156,121,121,0,12,2,2,11,2,18,2,1,2,1,15,40,1,0,3,3,4,0,0,2
1,15,0,380,379,21,https://resultados2019.blob.core.windows.net/201901/202063.jpg,OK,0,7,JALAPA,MATAQUESCUINTLA,20206,DIPUTADOS DISTRITALES,10,2,2,0,1,3,243,243,218,218,4,28,0,0,4,0,17,3,1,0,0,5,116,1,1,0,15,13,5,5,0
1,12,0,600,602,21,https://resultados2019.blob.core.windows.net/201901/199663.jpg,OK,0,1,JALAPA,JALAPA,19966,DIPUTADOS DISTRITALES,26,2,2,0,1,3,207,207,169,169,1,8,0,1,6,3,1,3,0,15,12,40,33,0,8,3,10,14,3,5,3
1,11,0,251,251,21,https://resultados2019.blob.core.windows.net/201901/199453.jpg,OK,0,1,JALAPA,JALAPA,19945,DIPUTADOS DISTRITALES,4,2,2,0,1,3,116,116,101,101,0,10,5,0,6,1,21,0,0,1,4,13,26,0,2,2,8,1,0,1,0
1,10,0,400,0,21,https://resultados2019.blob.core.windows.net/201901/198073.jpg,OK,0,1,JALAPA,JALAPA,19807,DIPUTADOS DISTRITALES,15,2,2,0,1,3,216,216,191,191,0,10,0,0,12,5,4,3,0,8,11,50,44,0,5,1,14,9,1,11,3
1,30,0,400,400,21,https://resultados2019.blob.core.windows.net/201901/201693.jpg,OK,0,6,JALAPA,MONJAS,20169,DIPUTADOS DISTRITALES,13,2,2,0,1,3,281,281,238,238,1,46,0,0,15,3,1,7,0,7,3,44,47,1,2,1,33,13,2,12,0
0,31,0,400,400,21,https://resultados2019.blob.core.windows.net/201901/200173.jpg,OK,0,2,JALAPA,SAN PEDRO PINULA,20017,DIPUTADOS DISTRITALES,36,2,2,0,1,3,231,230,163,164,4,0,0,0,9,0,33,2,0,1,2,37,64,1,1,3,3,1,1,0,1
1,4,0,400,403,21,https://resultados2019.blob.core.windows.net/201901/198623.jpg,OK,0,1,JALAPA,JALAPA,19862,DIPUTADOS DISTRITALES,25,2,2,0,1,3,236,236,207,207,2,12,0,0,7,0,5,2,4,17,18,47,33,1,8,2,15,16,7,9,2
1,14,0,400,400,21,https://resultados2019.blob.core.windows.net/201901/197993.jpg,OK,0,1,JALAPA,JALAPA,19799,DIPUTADOS DISTRITALES,17,2,2,0,1,3,254,254,223,223,0,10,0,0,18,3,4,6,2,7,15,49,55,1,14,4,6,17,3,7,2
1,10,0,600,600,21,https://resultados2019.blob.core.windows.net/201901/199673.jpg,OK,0,1,JALAPA,JALAPA,19967,DIPUTADOS DISTRITALES,20,2,2,0,1,3,193,193,163,163,1,12,0,1,11,1,4,0,1,12,17,33,29,1,5,1,13,10,2,7,2
1,26,0,380,380,21,https://resultados2019.blob.core.windows.net/201901/199373.jpg,OK,0,1,JALAPA,JALAPA,19937,DIPUTADOS DISTRITALES,25,2,2,0,1,3,213,213,162,162,1,22,0,1,3,2,35,3,0,0,1,33,35,1,1,9,9,4,0,2,0
0,92,1,400,0,21,https://resultados2019.blob.core.windows.net/201901/201263.jpg,OK,0,5,JALAPA,SAN CARLOS ALZATATE,20126,DIPUTADOS DISTRITALES,11,2,2,0,1,3,346,345,242,242,1,38,0,0,1,0,14,1,0,2,2,90,75,6,1,0,2,1,1,7,0
1,47,0,400,400,21,https://resultados2019.blob.core.windows.net/201901/201583.jpg,OK,0,6,JALAPA,MONJAS,20158,DIPUTADOS DISTRITALES,34,2,2,0,1,3,299,299,218,218,2,23,0,1,18,0,1,8,2,4,5,38,62,1,1,1,21,10,1,17,2
1,11,0,400,400,21,https://resultados2019.blob.core.windows.net/201901/201893.jpg,OK,0,7,JALAPA,MATAQUESCUINTLA,20189,DIPUTADOS DISTRITALES,18,2,2,0,1,3,286,286,257,257,0,84,0,0,9,0,4,8,0,6,2,4,86,0,3,0,27,5,9,9,1
1,12,0,400,400,21,https://resultados2019.blob.core.windows.net/201901/200133.jpg,OK,0,2,JALAPA,SAN PEDRO PINULA,20013,DIPUTADOS DISTRITALES,17,2,2,0,1,3,205,205,176,176,4,1,1,0,15,1,45,1,1,0,1,22,65,2,2,2,11,0,1,1,0
1,101,0,400,400,21,https://resultados2019.blob.core.windows.net/201901/200663.jpg,OK,0,3,JALAPA,SAN LUIS JILOTEPEQUE,20066,DIPUTADOS DISTRITALES,21,2,2,0,1,3,315,315,193,193,1,18,0,1,6,0,21,2,1,1,1,42,56,0,1,2,13,12,2,12,1
1,12,0,380,380,21,https://resultados2019.blob.core.windows.net/201901/199193.jpg,OK,0,1,JALAPA,JALAPA,19919,DIPUTADOS DISTRITALES,7,2,2,0,1,3,163,163,144,144,2,25,1,1,16,3,18,0,0,1,4,13,40,0,1,2,8,6,1,2,0
1,73,0,400,400,21,https://resultados2019.blob.core.windows.net/201901/200583.jpg,OK,0,3,JALAPA,SAN LUIS JILOTEPEQUE,20058,DIPUTADOS DISTRITALES,16,2,2,0,1,3,291,291,202,202,0,15,1,0,12,0,19,6,0,2,1,29,64,0,1,1,27,13,1,10,0
1,20,0,400,400,21,https://resultados2019.blob.core.windows.net/201901/200123.jpg,OK,37,2,JALAPA,SAN PEDRO PINULA,20012,DIPUTADOS DISTRITALES,17,2,2,0,1,3,199,199,162,162,3,0,0,0,17,0,43,0,2,0,3,31,55,0,1,3,2,2,0,0,0
1,60,0,400,399,21,https://resultados2019.blob.core.windows.net/201901/200243.jpg,OK,0,2,JALAPA,SAN PEDRO PINULA,20024,DIPUTADOS DISTRITALES,20,2,2,0,1,3,285,285,205,205,0,2,1,0,4,0,12,1,1,3,1,43,115,1,2,4,3,12,0,0,0
1,31,0,400,400,21,https://resultados2019.blob.core.windows.net/201901/201483.jpg,OK,0,6,JALAPA,MONJAS,20148,DIPUTADOS DISTRITALES,18,2,2,0,1,3,274,274,225,225,0,36,0,0,22,0,1,5,1,5,2,45,44,0,3,1,25,16,1,18,0
1,50,0,400,400,21,https://resultados2019.blob.core.windows.net/201901/201593.jpg,OK,0,6,JALAPA,MONJAS,20159,DIPUTADOS DISTRITALES,16,2,2,0,1,3,312,312,246,246,0,28,0,1,32,0,4,10,1,9,1,33,61,2,3,3,24,20,1,12,1
1,34,0,380,380,21,https://resultados2019.blob.core.windows.net/201901/199383.jpg,OK,0,1,JALAPA,JALAPA,19938,DIPUTADOS DISTRITALES,16,2,2,0,1,3,236,236,186,186,3,15,2,1,6,3,32,2,0,1,1,44,55,0,1,7,8,3,0,1,1
1,59,0,400,400,21,https://resultados2019.blob.core.windows.net/201901/200903.jpg,OK,0,4,JALAPA,SAN MANUEL CHAPARRÓN,20090,DIPUTADOS DISTRITALES,12,2,2,0,1,3,322,322,251,251,1,46,0,0,45,0,0,9,0,4,1,69,57,0,1,1,3,5,1,7,1
1,51,0,400,0,21,https://resultados2019.blob.core.windows.net/201901/201083.jpg,OK,0,5,JALAPA,SAN CARLOS ALZATATE,20108,DIPUTADOS DISTRITALES,8,2,2,0,1,3,328,328,269,269,1,73,0,0,5,0,3,1,0,4,8,58,75,6,2,1,14,6,1,6,5
0,110,0,400,400,21,https://resultados2019.blob.core.windows.net/201901/200463.jpg,OK,0,3,JALAPA,SAN LUIS JILOTEPEQUE,20046,DIPUTADOS DISTRITALES,28,2,2,0,1,3,0,328,190,0,2,24,2,1,9,0,12,2,0,0,1,38,54,1,4,3,16,8,1,12,0
1,45,0,380,380,21,https://resultados2019.blob.core.windows.net/201901/202203.jpg,OK,0,7,JALAPA,MATAQUESCUINTLA,20220,DIPUTADOS DISTRITALES,20,2,2,0,1,3,261,261,196,196,0,44,0,0,10,0,4,2,0,0,1,2,93,0,0,0,24,4,4,4,4
0,18,0,380,380,21,https://resultados2019.blob.core.windows.net/201901/199413.jpg,OK,0,1,JALAPA,JALAPA,19941,DIPUTADOS DISTRITALES,15,2,2,0,1,3,196,197,164,163,5,20,1,0,4,0,31,1,2,1,2,37,40,0,1,3,7,7,0,2,0
1,53,0,400,400,21,https://resultados2019.blob.core.windows.net/201901/199743.jpg,OK,0,2,JALAPA,SAN PEDRO PINULA,19974,DIPUTADOS DISTRITALES,28,2,2,0,1,3,283,283,202,202,2,1,0,1,16,0,13,5,1,0,7,34,78,0,2,3,2,29,1,4,3
1,11,0,400,400,21,https://resultados2019.blob.core.windows.net/201901/198053.jpg,OK,0,1,JALAPA,JALAPA,19805,DIPUTADOS DISTRITALES,17,2,2,0,1,3,222,222,194,194,1,13,1,2,11,2,5,3,1,7,6,41,44,1,14,1,7,12,5,10,7
0,79,0,400,0,21,https://resultados2019.blob.core.windows.net/201901/201163.jpg,OK,0,5,JALAPA,SAN CARLOS ALZATATE,20116,DIPUTADOS DISTRITALES,17,2,2,0,1,3,329,344,248,233,0,53,0,0,12,0,5,3,0,0,4,68,68,19,2,0,9,2,0,3,0
1,17,0,400,400,21,https://resultados2019.blob.core.windows.net/201901/202003.jpg,OK,0,7,JALAPA,MATAQUESCUINTLA,20200,DIPUTADOS DISTRITALES,7,2,2,0,1,3,265,265,241,241,0,100,0,0,10,0,4,4,0,3,1,5,75,0,0,0,25,6,3,4,1
0,35,0,380,380,21,https://resultados2019.blob.core.windows.net/201901/198703.jpg,OK,0,1,JALAPA,JALAPA,19870,DIPUTADOS DISTRITALES,30,2,2,0,1,3,231,264,199,166,3,16,0,0,16,2,8,1,0,3,4,15,74,1,4,2,9,41,0,0,0
1,18,0,400,400,21,https://resultados2019.blob.core.windows.net/201901/201803.jpg,OK,0,7,JALAPA,MATAQUESCUINTLA,20180,DIPUTADOS DISTRITALES,15,2,2,0,1,3,255,255,222,222,1,68,0,0,28,1,6,4,0,2,0,5,72,0,2,1,16,8,2,6,0
1,22,0,400,400,21,https://resultados2019.blob.core.windows.net/201901/199573.jpg,OK,0,1,JALAPA,JALAPA,19957,DIPUTADOS DISTRITALES,27,2,2,0,1,3,243,243,194,194,1,23,0,0,10,2,6,4,0,6,16,31,47,0,2,2,21,12,3,8,0
1,9,0,400,400,21,https://resultados2019.blob.core.windows.net/201901/201973.jpg,OK,0,7,JALAPA,MATAQUESCUINTLA,20197,DIPUTADOS DISTRITALES,10,2,2,0,1,3,239,239,220,220,1,84,0,0,9,0,4,2,0,1,2,2,79,0,0,2,22,1,3,8,0
1,7,0,213,213,21,https://resultados2019.blob.core.windows.net/201901/200283.jpg,OK,0,2,JALAPA,SAN PEDRO PINULA,20028,DIPUTADOS DISTRITALES,20,2,2,0,1,3,113,113,86,86,2,4,0,0,1,0,8,0,1,0,2,17,39,0,0,2,2,8,0,0,0
0,79,0,400,0,21,https://resultados2019.blob.core.windows.net/201901/201223.jpg,OK,0,5,JALAPA,SAN CARLOS ALZATATE,20122,DIPUTADOS DISTRITALES,3,2,2,0,1,3,332,334,252,251,0,52,0,1,0,0,19,0,3,1,0,76,85,3,1,1,3,1,0,6,0
1,19,0,380,0,21,https://resultados2019.blob.core.windows.net/201901/198983.jpg,OK,0,1,JALAPA,JALAPA,19898,DIPUTADOS DISTRITALES,14,2,2,0,1,3,142,142,109,109,3,6,0,0,14,1,13,9,1,0,2,15,36,0,0,2,3,2,0,1,1
1,74,0,400,400,21,https://resultados2019.blob.core.windows.net/201901/201613.jpg,OK,0,6,JALAPA,MONJAS,20161,DIPUTADOS DISTRITALES,17,2,2,0,1,3,295,295,204,204,1,20,0,0,25,2,0,6,4,5,1,34,56,0,3,0,16,13,4,13,1
1,28,0,380,380,21,https://resultados2019.blob.core.windows.net/201901/199363.jpg,OK,0,1,JALAPA,JALAPA,19936,DIPUTADOS DISTRITALES,20,2,2,0,1,3,213,213,165,165,5,15,2,0,8,1,38,1,0,4,3,24,46,0,2,3,5,3,2,3,0
1,32,0,380,380,21,https://resultados2019.blob.core.windows.net/201901/200813.jpg,OK,0,3,JALAPA,SAN LUIS JILOTEPEQUE,20081,DIPUTADOS DISTRITALES,11,2,2,0,1,3,275,275,232,232,0,8,0,0,6,0,4,5,1,3,0,40,91,1,1,0,22,18,1,31,0
1,25,0,400,400,21,https://resultados2019.blob.core.windows.net/201901/201783.jpg,OK,1,7,JALAPA,MATAQUESCUINTLA,20178,DIPUTADOS DISTRITALES,13,2,2,0,1,3,251,251,213,213,1,45,1,0,20,0,9,6,0,0,0,7,74,1,1,3,31,4,5,5,0
1,15,0,380,380,21,https://resultados2019.blob.core.windows.net/201901/199463.jpg,OK,0,1,JALAPA,JALAPA,19946,DIPUTADOS DISTRITALES,14,2,2,0,1,3,170,170,141,141,3,17,0,0,6,3,1,4,1,2,3,23,33,0,1,1,17,15,1,10,0
1,47,0,317,317,21,https://resultados2019.blob.core.windows.net/201901/200783.jpg,OK,0,3,JALAPA,SAN LUIS JILOTEPEQUE,20078,DIPUTADOS DISTRITALES,15,2,2,0,1,3,220,220,158,158,2,12,1,2,5,1,23,2,2,3,0,14,68,0,0,2,3,6,3,8,1
1,2,0,400,0,21,https://resultados2019.blob.core.windows.net/201901/198083.jpg,OK,0,1,JALAPA,JALAPA,19808,DIPUTADOS DISTRITALES,18,2,2,0,1,3,242,242,222,222,0,20,0,0,24,5,2,3,0,13,11,48,45,2,2,1,18,12,3,11,2
0,49,0,354,354,21,https://resultados2019.blob.core.windows.net/201901/201283.jpg,OK,0,5,JALAPA,SAN CARLOS ALZATATE,20128,DIPUTADOS DISTRITALES,3,2,2,0,1,3,288,286,234,236,0,46,0,0,2,0,16,0,0,0,2,85,63,6,1,0,0,3,1,8,1
1,35,0,400,400,21,https://resultados2019.blob.core.windows.net/201901/201503.jpg,OK,0,6,JALAPA,MONJAS,20150,DIPUTADOS DISTRITALES,15,2,2,0,1,3,258,258,208,208,3,25,0,0,18,2,0,11,2,13,4,41,49,0,2,0,14,12,3,8,1
1,38,0,400,400,21,https://resultados2019.blob.core.windows.net/201901/199833.jpg,OK,0,2,JALAPA,SAN PEDRO PINULA,19983,DIPUTADOS DISTRITALES,20,2,2,0,1,3,259,259,201,201,0,2,0,2,15,0,7,1,0,2,11,43,80,0,2,1,5,28,0,1,1
1,71,0,400,0,21,https://resultados2019.blob.core.windows.net/201901/201193.jpg,OK,0,5,JALAPA,SAN CARLOS ALZATATE,20119,DIPUTADOS DISTRITALES,10,2,2,0,1,3,302,302,221,221,1,41,0,1,8,0,5,4,2,0,6,49,75,15,3,2,4,0,1,1,3
1,2,0,532,532,21,https://resultados2019.blob.core.windows.net/201901/199703.jpg,OK,0,1,JALAPA,JALAPA,19970,DIPUTADOS DISTRITALES,5,2,2,0,1,3,48,48,41,41,2,5,0,0,2,2,1,1,1,1,2,6,7,0,1,2,1,4,0,3,0
1,9,0,241,241,21,https://resultados2019.blob.core.windows.net/201901/198223.jpg,OK,0,1,JALAPA,JALAPA,19822,DIPUTADOS DISTRITALES,11,2,2,0,1,3,141,141,121,121,1,13,2,0,9,0,4,1,1,7,2,32,21,0,4,1,10,5,1,4,3
1,50,0,400,403,21,https://resultados2019.blob.core.windows.net/201901/200273.jpg,OK,0,2,JALAPA,SAN PEDRO PINULA,20027,DIPUTADOS DISTRITALES,9,2,2,0,1,3,248,248,189,189,1,5,0,1,2,1,7,1,0,1,3,30,113,3,0,3,1,17,0,0,0
1,19,0,380,380,21,https://resultados2019.blob.core.windows.net/201901/202253.jpg,OK,0,7,JALAPA,MATAQUESCUINTLA,20225,DIPUTADOS DISTRITALES,26,2,2,0,1,3,201,201,156,156,5,5,1,0,4,1,17,2,2,0,1,16,57,1,0,0,24,13,3,4,0
1,23,0,380,380,21,https://resultados2019.blob.core.windows.net/201901/202123.jpg,OK,0,7,JALAPA,MATAQUESCUINTLA,20212,DIPUTADOS DISTRITALES,20,2,2,0,1,3,200,200,157,157,1,27,0,0,12,1,15,1,1,1,1,2,69,1,0,0,7,5,2,10,1
1,51,0,400,400,21,https://resultados2019.blob.core.windows.net/201901/201423.jpg,OK,0,6,JALAPA,MONJAS,20142,DIPUTADOS DISTRITALES,20,2,2,0,1,3,301,301,230,230,2,21,0,0,23,0,1,8,0,6,3,43,54,0,2,5,25,20,3,13,1
1,38,0,400,400,21,https://resultados2019.blob.core.windows.net/201901/199753.jpg,OK,0,2,JALAPA,SAN PEDRO PINULA,19975,DIPUTADOS DISTRITALES,28,2,2,0,1,3,314,314,248,248,3,5,0,0,19,1,8,6,3,5,13,39,70,2,3,3,4,60,1,2,1
1,19,0,400,400,21,https://resultados2019.blob.core.windows.net/201901/201853.jpg,OK,0,7,JALAPA,MATAQUESCUINTLA,20185,DIPUTADOS DISTRITALES,11,2,2,0,1,3,271,271,241,241,0,95,0,0,15,2,6,4,0,1,1,4,70,0,0,0,24,7,3,8,1
0,18,0,400,400,21,https://resultados2019.blob.core.windows.net/201901/198193.jpg,OK,0,1,JALAPA,JALAPA,19819,DIPUTADOS DISTRITALES,24,2,2,0,1,3,231,230,188,189,1,18,0,0,13,1,2,1,1,7,19,33,49,0,10,0,18,13,1,1,0
1,23,0,380,380,21,https://resultados2019.blob.core.windows.net/201901/198843.jpg,OK,0,1,JALAPA,JALAPA,19884,DIPUTADOS DISTRITALES,30,2,2,0,1,3,255,255,202,202,0,50,0,0,5,3,2,0,2,0,2,28,94,1,0,3,0,7,1,2,2
1,2,0,400,400,21,https://resultados2019.blob.core.windows.net/201901/198603.jpg,OK,0,1,JALAPA,JALAPA,19860,DIPUTADOS DISTRITALES,24,2,2,0,1,3,246,246,220,220,1,14,0,0,11,2,2,7,2,11,25,48,28,1,17,1,18,21,4,5,2
1,28,0,400,400,21,https://resultados2019.blob.core.windows.net/201901/201473.jpg,OK,0,6,JALAPA,MONJAS,20147,DIPUTADOS DISTRITALES,30,2,2,0,1,3,274,274,216,216,0,30,0,0,18,0,2,9,1,6,2,36,40,0,0,0,32,18,7,15,0
1,37,0,360,360,21,https://resultados2019.blob.core.windows.net/201901/201003.jpg,OK,0,4,JALAPA,SAN MANUEL CHAPARRÓN,20100,DIPUTADOS DISTRITALES,9,2,2,0,1,3,298,298,252,252,0,59,0,1,44,0,3,1,0,3,0,66,47,0,0,1,15,6,2,4,0
1,31,0,545,545,21,https://resultados2019.blob.core.windows.net/201901/201743.jpg,OK,0,6,JALAPA,MONJAS,20174,DIPUTADOS DISTRITALES,20,2,2,0,1,3,161,161,110,110,1,11,0,1,9,0,0,10,2,9,1,19,11,0,4,0,5,14,1,11,1
1,42,0,380,380,21,https://resultados2019.blob.core.windows.net/201901/199053.jpg,OK,0,1,JALAPA,JALAPA,19905,DIPUTADOS DISTRITALES,18,2,2,0,1,3,226,226,166,166,6,31,1,0,6,0,10,3,1,3,1,29,50,2,0,7,10,5,0,1,0
1,28,0,380,380,21,https://resultados2019.blob.core.windows.net/201901/199243.jpg,OK,0,1,JALAPA,JALAPA,19924,DIPUTADOS DISTRITALES,26,2,2,0,1,3,198,198,144,144,1,18,0,0,5,3,5,3,0,1,12,19,58,0,1,5,7,6,0,0,0
1,11,0,356,353,21,https://resultados2019.blob.core.windows.net/201901/198763.jpg,OK,0,1,JALAPA,JALAPA,19876,DIPUTADOS DISTRITALES,14,2,2,0,1,3,138,138,113,113,4,15,0,0,12,2,16,0,0,1,2,13,34,1,3,3,2,3,0,0,2
1,34,0,400,400,21,https://resultados2019.blob.core.windows.net/201901/199973.jpg,OK,0,2,JALAPA,SAN PEDRO PINULA,19997,DIPUTADOS DISTRITALES,33,2,2,0,1,3,271,271,204,204,0,4,0,0,16,0,6,7,0,3,12,38,79,0,10,2,4,15,1,6,1
1,13,0,387,387,21,https://resultados2019.blob.core.windows.net/201901/202033.jpg,OK,0,7,JALAPA,MATAQUESCUINTLA,20203,DIPUTADOS DISTRITALES,8,2,2,0,1,3,247,247,226,226,0,116,0,0,7,0,1,3,0,13,3,1,47,0,2,0,19,4,2,8,0
1,22,0,380,380,21,https://resultados2019.blob.core.windows.net/201901/199283.jpg,OK,0,1,JALAPA,JALAPA,19928,DIPUTADOS DISTRITALES,18,2,2,0,1,3,176,176,136,136,4,21,0,0,3,3,11,1,0,0,5,21,49,0,0,4,9,4,1,0,0
1,48,0,400,401,21,https://resultados2019.blob.core.windows.net/201901/199793.jpg,OK,0,2,JALAPA,SAN PEDRO PINULA,19979,DIPUTADOS DISTRITALES,13,2,2,0,1,3,278,278,217,217,1,8,0,1,22,1,9,2,1,0,11,43,74,1,3,2,2,34,0,1,1
1,3,0,371,0,21,https://resultados2019.blob.core.windows.net/201901/198093.jpg,OK,0,1,JALAPA,JALAPA,19809,DIPUTADOS DISTRITALES,18,2,2,0,1,3,254,254,233,233,0,15,0,1,18,4,1,2,0,17,17,58,39,1,5,5,18,15,2,11,4
1,22,0,400,400,21,https://resultados2019.blob.core.windows.net/201901/201773.jpg,OK,0,7,JALAPA,MATAQUESCUINTLA,20177,DIPUTADOS DISTRITALES,17,2,2,0,1,3,255,255,216,216,0,70,0,1,13,1,10,4,2,1,1,3,65,0,1,0,25,9,2,7,1
1,29,0,211,0,21,https://resultados2019.blob.core.windows.net/201901/201203.jpg,OK,0,5,JALAPA,SAN CARLOS ALZATATE,20120,DIPUTADOS DISTRITALES,3,2,2,0,1,3,165,165,133,133,0,17,0,0,7,0,6,1,0,0,1,23,42,21,3,0,4,1,1,2,4
1,76,0,400,400,21,https://resultados2019.blob.core.windows.net/201901/200503.jpg,OK,0,3,JALAPA,SAN LUIS JILOTEPEQUE,20050,DIPUTADOS DISTRITALES,21,2,2,0,1,3,319,319,222,222,0,13,1,1,10,0,13,6,2,2,1,42,84,1,2,3,8,15,0,18,0
1,9,0,229,229,21,https://resultados2019.blob.core.windows.net/201901/202173.jpg,OK,0,7,JALAPA,MATAQUESCUINTLA,20217,DIPUTADOS DISTRITALES,7,2,2,0,1,3,99,99,83,83,2,16,0,1,7,0,10,2,0,1,1,2,22,0,0,0,13,2,0,4,0
1,43,0,400,400,21,https://resultados2019.blob.core.windows.net/201901/201363.jpg,OK,0,6,JALAPA,MONJAS,20136,DIPUTADOS DISTRITALES,24,2,2,0,1,3,293,293,226,226,0,23,0,0,19,1,2,4,1,8,0,50,55,1,1,1,34,13,1,12,0
1,11,0,368,368,21,https://resultados2019.blob.core.windows.net/201901/199593.jpg,OK,0,1,JALAPA,JALAPA,19959,DIPUTADOS DISTRITALES,13,2,2,0,1,3,174,174,150,150,0,12,1,0,7,3,5,5,0,12,20,18,33,0,1,3,12,10,1,5,2
1,14,0,400,0,21,https://resultados2019.blob.core.windows.net/201901/199523.jpg,OK,0,1,JALAPA,JALAPA,19952,DIPUTADOS DISTRITALES,22,2,2,0,1,3,225,225,189,189,3,18,0,0,6,3,10,4,0,3,19,26,58,1,3,4,15,11,1,4,0
1,22,0,380,380,21,https://resultados2019.blob.core.windows.net/201901/199253.jpg,OK,0,1,JALAPA,JALAPA,19925,DIPUTADOS DISTRITALES,37,2,2,0,1,3,201,201,142,142,2,14,1,0,11,4,7,1,2,3,7,37,41,0,1,3,4,3,0,1,0
1,27,0,210,210,21,https://resultados2019.blob.core.windows.net/201901/200723.jpg,OK,0,3,JALAPA,SAN LUIS JILOTEPEQUE,20072,DIPUTADOS DISTRITALES,8,2,2,0,1,3,149,149,114,114,0,10,0,0,4,0,17,1,0,2,1,21,26,1,0,0,11,11,0,8,1
1,8,0,400,400,21,https://resultados2019.blob.core.windows.net/201901/198523.jpg,OK,0,1,JALAPA,JALAPA,19852,DIPUTADOS DISTRITALES,19,2,2,0,1,3,251,251,224,224,2,21,0,1,5,5,3,4,1,18,25,62,31,2,5,2,13,9,5,6,4
0,19,0,380,380,21,https://resultados2019.blob.core.windows.net/201901/199183.jpg,OK,0,1,JALAPA,JALAPA,19918,DIPUTADOS DISTRITALES,8,2,2,0,1,3,190,140,113,163,0,29,1,0,24,0,14,1,1,2,1,17,3,1,1,3,4,6,1,4,0
1,30,0,400,400,21,https://resultados2019.blob.core.windows.net/201901/200073.jpg,OK,0,2,JALAPA,SAN PEDRO PINULA,20007,DIPUTADOS DISTRITALES,15,2,2,0,1,3,226,226,181,181,0,3,0,1,15,0,22,0,1,0,7,23,93,2,3,2,2,7,0,0,0
1,9,0,400,380,21,https://resultados2019.blob.core.windows.net/201901/201863.jpg,OK,0,7,JALAPA,MATAQUESCUINTLA,20186,DIPUTADOS DISTRITALES,15,2,2,0,1,3,249,249,225,225,0,89,0,1,4,0,3,3,0,1,2,1,70,0,0,1,25,6,11,8,0
1,15,0,400,400,21,https://resultados2019.blob.core.windows.net/201901/197923.jpg,OK,3,1,JALAPA,JALAPA,19792,DIPUTADOS DISTRITALES,19,2,2,0,1,3,257,257,223,223,1,16,1,2,15,1,5,2,2,8,12,49,69,1,5,1,13,10,5,5,0
1,23,0,400,400,21,https://resultados2019.blob.core.windows.net/201901/198133.jpg,OK,0,1,JALAPA,JALAPA,19813,DIPUTADOS DISTRITALES,32,2,2,0,1,3,260,260,205,205,1,19,1,2,5,1,26,1,2,7,16,33,49,0,13,3,8,9,3,4,2
1,21,0,400,400,21,https://resultados2019.blob.core.windows.net/201901/198243.jpg,OK,0,1,JALAPA,JALAPA,19824,DIPUTADOS DISTRITALES,21,2,2,0,1,3,220,220,178,178,0,17,1,1,21,6,4,6,0,9,6,24,50,0,6,2,3,4,3,15,0
0,14,0,380,380,21,https://resultados2019.blob.core.windows.net/201901/198973.jpg,OK,1,1,JALAPA,JALAPA,19897,DIPUTADOS DISTRITALES,15,2,2,0,1,3,133,132,103,103,1,9,0,1,10,2,8,5,0,2,1,21,24,0,1,1,6,4,1,6,0
1,7,0,400,400,21,https://resultados2019.blob.core.windows.net/201901/198293.jpg,OK,0,1,JALAPA,JALAPA,19829,DIPUTADOS DISTRITALES,10,2,2,0,1,3,184,184,167,167,1,15,0,1,9,4,3,3,0,13,6,29,51,0,2,2,6,9,5,7,1
0,28,0,380,380,21,https://resultados2019.blob.core.windows.net/201901/202263.jpg,OK,0,7,JALAPA,MATAQUESCUINTLA,20226,DIPUTADOS DISTRITALES,8,2,2,0,1,3,189,188,152,153,2,10,1,1,1,0,5,1,1,0,0,13,54,1,0,2,43,10,3,4,0
1,27,0,400,400,21,https://resultados2019.blob.core.windows.net/201901/200303.jpg,OK,0,2,JALAPA,SAN PEDRO PINULA,20030,DIPUTADOS DISTRITALES,31,2,2,0,1,3,229,229,171,171,4,6,1,0,9,1,17,4,2,2,1,48,47,0,2,1,3,20,1,2,0
1,23,0,380,380,21,https://resultados2019.blob.core.windows.net/201901/199013.jpg,OK,0,1,JALAPA,JALAPA,19901,DIPUTADOS DISTRITALES,26,2,2,0,1,3,193,193,144,144,1,16,0,0,3,1,23,1,2,1,2,19,53,2,3,3,7,4,1,2,0
1,58,0,400,400,21,https://resultados2019.blob.core.windows.net/201901/200703.jpg,OK,1,3,JALAPA,SAN LUIS JILOTEPEQUE,20070,DIPUTADOS DISTRITALES,19,2,2,0,1,3,328,328,251,251,1,23,2,1,17,1,16,4,0,13,1,33,55,0,0,2,50,9,0,20,3
0,32,0,380,379,21,https://resultados2019.blob.core.windows.net/201901/202153.jpg,OK,0,7,JALAPA,MATAQUESCUINTLA,20215,DIPUTADOS DISTRITALES,7,2,2,0,1,3,214,215,176,175,3,34,0,0,12,0,25,3,0,2,2,2,45,0,0,0,27,9,2,10,0
0,35,0,400,400,21,https://resultados2019.blob.core.windows.net/201901/199713.jpg,OK,0,2,JALAPA,SAN PEDRO PINULA,19971,DIPUTADOS DISTRITALES,23,2,2,0,1,3,0,274,216,219,3,2,0,0,12,0,21,4,0,0,10,46,85,3,2,4,2,19,0,2,1
1,31,0,357,357,21,https://resultados2019.blob.core.windows.net/201901/201713.jpg,OK,0,6,JALAPA,MONJAS,20171,DIPUTADOS DISTRITALES,12,2,2,0,1,3,270,270,227,227,1,27,0,1,15,0,0,7,2,5,1,51,48,1,1,2,32,13,2,18,0
1,88,0,400,397,21,https://resultados2019.blob.core.windows.net/201901/200673.jpg,OK,0,3,JALAPA,SAN LUIS JILOTEPEQUE,20067,DIPUTADOS DISTRITALES,12,2,2,0,1,3,278,278,178,178,0,17,0,0,13,0,20,5,0,3,1,24,48,0,0,1,23,12,3,8,0
1,54,0,400,400,21,https://resultados2019.blob.core.windows.net/201901/200563.jpg,OK,0,3,JALAPA,SAN LUIS JILOTEPEQUE,20056,DIPUTADOS DISTRITALES,19,2,2,0,1,3,275,275,202,202,1,16,3,0,12,0,17,4,0,4,1,37,54,0,0,0,26,13,1,12,1
1,10,0,400,400,21,https://resultados2019.blob.core.windows.net/201901/198613.jpg,OK,1,1,JALAPA,JALAPA,19861,DIPUTADOS DISTRITALES,36,2,2,0,1,3,275,275,229,229,2,16,1,0,10,1,4,6,3,13,22,55,34,3,10,3,17,19,4,3,3
1,9,0,400,400,21,https://resultados2019.blob.core.windows.net/201901/198433.jpg,OK,0,1,JALAPA,JALAPA,19843,DIPUTADOS DISTRITALES,31,2,2,0,1,3,264,264,224,224,0,13,2,1,16,5,4,6,1,5,15,53,52,0,9,2,12,18,6,3,1
0,85,0,400,0,21,https://resultados2019.blob.core.windows.net/201901/200613.jpg,OK,2,3,JALAPA,SAN LUIS JILOTEPEQUE,20061,DIPUTADOS DISTRITALES,11,2,2,0,1,3,321,319,223,223,0,25,0,2,18,2,27,8,0,3,0,38,64,0,2,2,11,9,1,11,0
1,24,0,380,380,21,https://resultados2019.blob.core.windows.net/201901/198933.jpg,OK,0,1,JALAPA,JALAPA,19893,DIPUTADOS DISTRITALES,17,2,2,0,1,3,136,136,95,95,1,7,0,0,10,0,9,2,0,1,4,20,21,0,1,3,5,4,1,6,0
1,18,0,380,380,21,https://resultados2019.blob.core.windows.net/201901/199143.jpg,OK,0,1,JALAPA,JALAPA,19914,DIPUTADOS DISTRITALES,17,2,2,0,1,3,187,187,152,152,2,16,1,0,10,1,20,1,2,2,1,24,51,0,3,4,7,6,0,1,0
1,41,1,400,400,21,https://resultados2019.blob.core.windows.net/201901/201683.jpg,OK,0,6,JALAPA,MONJAS,20168,DIPUTADOS DISTRITALES,19,2,2,0,1,3,284,284,224,224,0,35,0,0,22,0,3,6,2,11,1,31,53,0,1,1,32,13,0,12,1
1,43,0,400,0,21,https://resultados2019.blob.core.windows.net/201901/200973.jpg,OK,0,4,JALAPA,SAN MANUEL CHAPARRÓN,20097,DIPUTADOS DISTRITALES,11,2,2,0,1,3,286,286,232,232,0,42,0,2,33,0,2,8,0,1,3,63,56,0,2,0,9,5,1,4,1
1,23,0,380,380,21,https://resultados2019.blob.core.windows.net/201901/198663.jpg,OK,0,1,JALAPA,JALAPA,19866,DIPUTADOS DISTRITALES,10,2,2,0,1,3,236,236,203,203,2,18,1,1,20,3,25,2,1,3,3,26,59,1,5,9,3,16,2,2,1
0,20,1,400,400,21,https://resultados2019.blob.core.windows.net/201901/198113.jpg,OK,0,1,JALAPA,JALAPA,19811,DIPUTADOS DISTRITALES,25,2,2,0,1,3,243,242,197,197,1,18,0,0,13,3,4,3,0,16,10,33,55,1,7,3,5,17,2,6,0
1,28,0,380,380,21,https://resultados2019.blob.core.windows.net/201901/198923.jpg,OK,0,1,JALAPA,JALAPA,19892,DIPUTADOS DISTRITALES,23,2,2,0,1,3,180,180,129,129,2,8,0,0,25,3,2,2,0,1,0,27,41,0,0,6,3,5,2,2,0
0,18,0,380,381,21,https://resultados2019.blob.core.windows.net/201901/199473.jpg,OK,0,1,JALAPA,JALAPA,19947,DIPUTADOS DISTRITALES,19,2,2,0,1,3,187,184,147,150,0,15,0,2,4,0,1,6,0,1,6,32,49,0,0,0,11,9,3,8,0
1,55,0,400,400,21,https://resultados2019.blob.core.windows.net/201901/200893.jpg,OK,0,4,JALAPA,SAN MANUEL CHAPARRÓN,20089,DIPUTADOS DISTRITALES,22,2,2,0,1,3,319,319,242,242,0,55,0,0,53,1,0,3,0,3,1,54,58,0,0,0,3,8,0,3,0
1,27,0,380,380,21,https://resultados2019.blob.core.windows.net/201901/199393.jpg,OK,0,1,JALAPA,JALAPA,19939,DIPUTADOS DISTRITALES,19,2,2,0,1,3,219,219,173,173,1,13,1,2,5,3,36,2,1,0,1,23,63,0,1,7,6,5,0,2,1
1,44,0,400,400,21,https://resultados2019.blob.core.windows.net/201901/199943.jpg,OK,0,2,JALAPA,SAN PEDRO PINULA,19994,DIPUTADOS DISTRITALES,19,2,2,0,1,3,318,318,255,255,1,2,0,0,31,0,3,8,2,3,14,56,105,0,5,2,3,14,3,3,0
0,32,1,380,380,21,https://resultados2019.blob.core.windows.net/201901/200823.jpg,OK,0,3,JALAPA,SAN LUIS JILOTEPEQUE,20082,DIPUTADOS DISTRITALES,10,2,2,0,1,3,282,282,240,239,0,7,0,0,6,0,9,4,1,2,1,32,83,1,1,1,36,26,2,28,0
1,11,0,256,256,21,https://resultados2019.blob.core.windows.net/201901/202273.jpg,OK,0,7,JALAPA,MATAQUESCUINTLA,20227,DIPUTADOS DISTRITALES,10,2,2,0,1,3,128,128,107,107,0,8,0,1,5,0,6,1,0,1,0,8,30,0,1,0,38,8,0,0,0
1,44,0,400,400,21,https://resultados2019.blob.core.windows.net/201901/201373.jpg,OK,0,6,JALAPA,MONJAS,20137,DIPUTADOS DISTRITALES,14,2,2,0,1,3,307,307,249,249,0,21,0,1,16,1,2,19,1,3,4,43,67,2,1,1,33,16,3,13,2
1,8,0,380,380,21,https://resultados2019.blob.core.windows.net/201901/202093.jpg,OK,0,7,JALAPA,MATAQUESCUINTLA,20209,DIPUTADOS DISTRITALES,10,2,2,0,1,3,174,174,156,156,1,28,0,1,14,2,4,3,0,6,2,3,60,0,2,2,19,6,0,3,0
1,9,0,370,370,21,https://resultados2019.blob.core.windows.net/201901/198103.jpg,OK,0,1,JALAPA,JALAPA,19810,DIPUTADOS DISTRITALES,14,2,2,0,1,3,204,204,181,181,0,12,0,3,12,1,4,2,0,6,7,53,42,1,7,0,16,10,0,5,0
1,13,0,400,400,21,https://resultados2019.blob.core.windows.net/201901/198313.jpg,OK,0,1,JALAPA,JALAPA,19831,DIPUTADOS DISTRITALES,22,2,2,0,1,3,219,219,184,184,0,12,1,1,19,1,0,6,3,8,9,28,52,0,9,2,12,10,3,8,0
1,38,0,400,0,21,https://resultados2019.blob.core.windows.net/201901/199903.jpg,OK,0,2,JALAPA,SAN PEDRO PINULA,19990,DIPUTADOS DISTRITALES,37,2,2,0,1,3,312,312,237,237,0,2,1,0,8,0,11,4,2,5,5,60,101,0,6,0,5,21,1,5,0
1,49,0,400,398,21,https://resultados2019.blob.core.windows.net/201901/199893.jpg,OK,0,2,JALAPA,SAN PEDRO PINULA,19989,DIPUTADOS DISTRITALES,22,2,2,0,1,3,291,291,220,220,1,9,0,1,10,1,10,2,0,3,10,41,92,0,8,3,7,15,1,4,2
1,18,0,458,458,21,https://resultados2019.blob.core.windows.net/201901/200423.jpg,OK,0,2,JALAPA,SAN PEDRO PINULA,20042,DIPUTADOS DISTRITALES,12,2,2,0,1,3,135,135,105,105,2,2,0,0,9,0,12,2,0,4,3,19,27,0,1,1,2,17,0,4,0
1,26,0,600,600,21,https://resultados2019.blob.core.windows.net/201901/199643.jpg,OK,0,1,JALAPA,JALAPA,19964,DIPUTADOS DISTRITALES,26,2,2,0,1,3,202,202,150,150,2,16,1,2,10,1,3,4,0,8,16,20,37,0,3,4,4,13,0,6,0
1,12,0,400,400,21,https://resultados2019.blob.core.windows.net/201901/198343.jpg,OK,0,1,JALAPA,JALAPA,19834,DIPUTADOS DISTRITALES,21,2,2,0,1,3,190,190,157,157,2,12,1,0,16,2,5,3,1,5,5,39,43,1,4,2,4,5,3,4,0
1,5,0,400,400,21,https://resultados2019.blob.core.windows.net/201901/198023.jpg,OK,0,1,JALAPA,JALAPA,19802,DIPUTADOS DISTRITALES,31,2,2,0,1,3,257,257,221,221,0,13,1,0,16,5,1,2,0,12,19,53,64,0,2,0,7,14,1,9,2
1,74,0,400,400,21,https://resultados2019.blob.core.windows.net/201901/201243.jpg,OK,0,5,JALAPA,SAN CARLOS ALZATATE,20124,DIPUTADOS DISTRITALES,8,2,2,0,1,3,350,350,268,268,0,53,1,0,2,0,15,0,1,0,2,71,111,4,1,0,2,3,0,2,0
1,23,0,400,400,21,https://resultados2019.blob.core.windows.net/201901/199953.jpg,OK,0,2,JALAPA,SAN PEDRO PINULA,19995,DIPUTADOS DISTRITALES,32,2,2,0,1,3,273,273,218,218,1,6,0,1,28,2,7,3,0,4,9,50,75,0,12,3,1,15,1,0,0
1,66,0,400,400,21,https://resultados2019.blob.core.windows.net/201901/201343.jpg,OK,0,6,JALAPA,MONJAS,20134,DIPUTADOS DISTRITALES,19,2,2,0,1,3,299,299,214,214,1,23,2,0,22,1,3,9,1,2,4,49,49,0,4,2,14,15,3,10,0
1,8,0,304,304,21,https://resultados2019.blob.core.windows.net/201901/201873.jpg,OK,0,7,JALAPA,MATAQUESCUINTLA,20187,DIPUTADOS DISTRITALES,4,2,2,0,1,3,194,194,182,182,0,79,1,2,8,0,5,4,0,2,2,0,43,1,1,0,23,4,1,6,0
1,73,0,400,0,21,https://resultados2019.blob.core.windows.net/201901/201043.jpg,OK,0,5,JALAPA,SAN CARLOS ALZATATE,20104,DIPUTADOS DISTRITALES,9,2,2,0,1,3,355,355,273,273,2,70,0,0,3,0,8,1,0,5,3,41,92,11,1,2,12,10,0,1,11
1,10,0,400,400,21,https://resultados2019.blob.core.windows.net/201901/198333.jpg,OK,0,1,JALAPA,JALAPA,19833,DIPUTADOS DISTRITALES,14,2,2,0,1,3,207,207,183,183,1,17,0,0,9,4,2,6,0,4,7,35,57,0,6,2,15,10,3,5,0
1,15,0,400,400,21,https://resultados2019.blob.core.windows.net/201901/198253.jpg,OK,1,1,JALAPA,JALAPA,19825,DIPUTADOS DISTRITALES,23,2,2,0,1,3,230,230,192,192,2,13,2,0,12,2,2,3,1,13,11,47,50,2,3,3,10,7,3,3,3
1,26,0,380,380,21,https://resultados2019.blob.core.windows.net/201901/198673.jpg,OK,132,1,JALAPA,JALAPA,19867,DIPUTADOS DISTRITALES,32,2,2,0,1,3,248,248,190,190,2,13,0,0,16,5,36,3,0,2,3,26,68,0,0,7,0,6,3,0,0
1,36,0,400,400,21,https://resultados2019.blob.core.windows.net/201901/201093.jpg,OK,0,5,JALAPA,SAN CARLOS ALZATATE,20109,DIPUTADOS DISTRITALES,5,2,2,0,1,3,314,314,273,273,0,76,0,1,5,0,6,1,0,2,7,47,81,10,1,1,12,2,2,3,16
1,8,0,233,233,21,https://resultados2019.blob.core.windows.net/201901/202103.jpg,OK,8,7,JALAPA,MATAQUESCUINTLA,20210,DIPUTADOS DISTRITALES,0,2,2,0,1,3,91,91,83,83,1,17,0,1,5,1,0,1,0,2,0,0,40,0,1,1,10,2,0,1,0
1,64,0,549,549,21,https://resultados2019.blob.core.windows.net/201901/200853.jpg,OK,0,3,JALAPA,SAN LUIS JILOTEPEQUE,20085,DIPUTADOS DISTRITALES,17,2,2,0,1,3,205,205,124,124,1,19,1,1,1,0,10,5,1,7,0,13,25,1,2,3,14,12,2,4,2
1,25,0,400,400,21,https://resultados2019.blob.core.windows.net/201901/197913.jpg,OK,0,1,JALAPA,JALAPA,19791,DIPUTADOS DISTRITALES,24,2,2,0,1,3,271,271,222,222,1,7,0,1,32,5,3,3,0,6,13,48,79,0,2,2,5,7,0,6,2
1,15,0,266,266,21,https://resultados2019.blob.core.windows.net/201901/200043.jpg,OK,4,2,JALAPA,SAN PEDRO PINULA,20004,DIPUTADOS DISTRITALES,1,2,2,0,1,3,166,166,150,150,1,5,0,1,13,0,2,0,0,3,6,36,55,0,1,2,3,20,0,1,1
1,33,0,380,380,21,https://resultados2019.blob.core.windows.net/201901/202133.jpg,OK,0,7,JALAPA,MATAQUESCUINTLA,20213,DIPUTADOS DISTRITALES,20,2,2,0,1,3,228,228,175,175,1,37,0,0,14,0,17,3,1,3,0,2,55,0,0,1,26,8,1,6,0
1,54,0,400,400,21,https://resultados2019.blob.core.windows.net/201901/201403.jpg,OK,0,6,JALAPA,MONJAS,20140,DIPUTADOS DISTRITALES,28,2,2,0,1,3,323,323,241,241,1,30,1,0,29,0,5,5,2,4,1,47,58,0,2,2,29,9,3,13,0
1,32,0,288,288,21,https://resultados2019.blob.core.windows.net/201901/201143.jpg,OK,0,5,JALAPA,SAN CARLOS ALZATATE,20114,DIPUTADOS DISTRITALES,4,2,2,0,1,3,229,229,193,193,0,44,0,0,2,0,2,6,0,4,6,28,65,7,2,1,9,7,0,4,6
0,14,0,400,400,21,https://resultados2019.blob.core.windows.net/201901/201963.jpg,OK,0,7,JALAPA,MATAQUESCUINTLA,20196,DIPUTADOS DISTRITALES,11,2,2,0,1,3,275,277,252,250,1,101,0,14,5,1,6,6,0,5,2,2,58,0,0,0,31,6,5,9,0
1,23,0,380,380,21,https://resultados2019.blob.core.windows.net/201901/199033.jpg,OK,0,1,JALAPA,JALAPA,19903,DIPUTADOS DISTRITALES,31,2,2,0,1,3,198,198,144,144,3,20,1,0,8,1,18,1,0,0,0,13,56,0,4,0,10,3,2,3,1
1,66,0,400,400,21,https://resultados2019.blob.core.windows.net/201901/201433.jpg,OK,0,6,JALAPA,MONJAS,20143,DIPUTADOS DISTRITALES,26,2,2,0,1,3,301,301,209,209,2,20,1,1,15,0,2,14,0,1,0,54,55,1,2,1,17,11,2,10,0
1,33,0,400,400,21,https://resultados2019.blob.core.windows.net/201901/199963.jpg,OK,0,2,JALAPA,SAN PEDRO PINULA,19996,DIPUTADOS DISTRITALES,15,2,2,0,1,3,238,238,190,190,1,5,0,0,16,2,7,4,0,2,8,42,76,0,4,1,9,7,3,3,0
1,17,0,400,400,21,https://resultados2019.blob.core.windows.net/201901/199543.jpg,OK,0,1,JALAPA,JALAPA,19954,DIPUTADOS DISTRITALES,23,2,2,0,1,3,261,261,221,221,2,18,0,1,7,6,8,3,0,12,29,35,50,0,3,5,9,21,5,6,1
0,17,0,600,600,21,https://resultados2019.blob.core.windows.net/201901/199653.jpg,OK,0,1,JALAPA,JALAPA,19965,DIPUTADOS DISTRITALES,24,2,2,0,1,3,176,177,136,137,0,14,0,2,6,2,2,4,2,4,8,33,28,1,4,1,10,7,1,6,1
0,13,0,400,400,21,https://resultados2019.blob.core.windows.net/201901/197963.jpg,OK,0,1,JALAPA,JALAPA,19796,DIPUTADOS DISTRITALES,40,2,2,0,1,3,286,287,234,233,0,11,1,1,25,8,2,5,0,0,12,44,55,0,21,3,11,14,2,15,4
1,114,0,400,0,21,https://resultados2019.blob.core.windows.net/201901/200483.jpg,OK,0,3,JALAPA,SAN LUIS JILOTEPEQUE,20048,DIPUTADOS DISTRITALES,27,2,2,0,1,3,342,342,201,201,1,20,0,2,15,0,17,9,0,0,1,27,64,0,2,3,15,10,2,11,2
0,14,0,400,400,21,https://resultados2019.blob.core.windows.net/201901/198423.jpg,OK,2,1,JALAPA,JALAPA,19842,DIPUTADOS DISTRITALES,37,2,2,0,1,3,284,282,231,231,1,9,0,1,10,4,7,2,2,7,22,57,48,1,7,1,12,20,7,12,1
1,50,0,400,400,21,https://resultados2019.blob.core.windows.net/201901/200553.jpg,OK,0,3,JALAPA,SAN LUIS JILOTEPEQUE,20055,DIPUTADOS DISTRITALES,23,2,2,0,1,3,288,288,215,215,0,15,1,1,14,1,20,3,0,3,1,33,58,0,2,4,33,9,1,13,3
1,17,0,400,398,21,https://resultados2019.blob.core.windows.net/201901/202013.jpg,OK,0,7,JALAPA,MATAQUESCUINTLA,20201,DIPUTADOS DISTRITALES,11,2,2,0,1,3,256,256,228,228,0,81,0,0,7,0,6,6,1,2,2,4,78,0,4,0,24,2,6,5,0
0,35,0,400,400,21,https://resultados2019.blob.core.windows.net/201901/199993.jpg,OK,0,2,JALAPA,SAN PEDRO PINULA,19999,DIPUTADOS DISTRITALES,20,2,2,0,1,3,0,261,206,207,0,10,0,0,15,0,4,6,0,8,2,51,74,0,5,0,1,20,1,7,2
0,9,0,408,408,21,https://resultados2019.blob.core.windows.net/201901/202303.jpg,OK,0,7,JALAPA,MATAQUESCUINTLA,20230,DIPUTADOS DISTRITALES,8,2,2,0,1,3,153,152,135,136,1,50,0,1,3,0,5,10,0,2,2,3,29,0,2,0,13,5,3,6,0
0,88,0,400,0,21,https://resultados2019.blob.core.windows.net/201901/200453.jpg,OK,0,3,JALAPA,SAN LUIS JILOTEPEQUE,20045,DIPUTADOS DISTRITALES,5,2,2,0,1,3,327,334,241,234,1,0,1,0,7,0,54,14,0,14,0,0,72,1,4,1,9,19,3,34,7
1,44,0,400,400,21,https://resultados2019.blob.core.windows.net/201901/199733.jpg,OK,0,2,JALAPA,SAN PEDRO PINULA,19973,DIPUTADOS DISTRITALES,18,2,2,0,1,3,291,291,229,229,4,4,0,0,9,0,28,4,1,3,7,40,91,1,2,12,3,19,0,0,1
1,14,0,400,400,21,https://resultados2019.blob.core.windows.net/201901/198273.jpg,OK,0,1,JALAPA,JALAPA,19827,DIPUTADOS DISTRITALES,34,2,2,0,1,3,241,241,193,193,0,12,2,0,16,3,5,4,2,8,12,41,48,0,7,3,13,11,1,4,1
1,21,0,400,400,21,https://resultados2019.blob.core.windows.net/201901/200373.jpg,OK,196,2,JALAPA,SAN PEDRO PINULA,20037,DIPUTADOS DISTRITALES,16,2,2,0,1,3,204,204,167,167,1,1,1,0,6,0,25,1,0,3,3,51,43,0,2,0,2,26,0,1,1
1,19,0,213,213,21,https://resultados2019.blob.core.windows.net/201901/200293.jpg,OK,0,2,JALAPA,SAN PEDRO PINULA,20029,DIPUTADOS DISTRITALES,2,2,2,0,1,3,136,136,115,115,0,2,0,0,4,0,10,0,0,0,3,28,58,0,0,1,1,8,0,0,0
1,29,0,263,263,21,https://resultados2019.blob.core.windows.net/201901/200833.jpg,OK,0,3,JALAPA,SAN LUIS JILOTEPEQUE,20083,DIPUTADOS DISTRITALES,8,2,2,0,1,3,200,200,163,163,0,7,0,6,0,0,5,6,0,2,0,17,61,0,0,1,26,21,1,10,0
1,2,0,238,238,21,https://resultados2019.blob.core.windows.net/201901/198543.jpg,OK,0,1,JALAPA,JALAPA,19854,DIPUTADOS DISTRITALES,9,2,2,0,1,3,134,134,123,123,0,11,1,1,7,4,2,2,1,7,9,34,21,1,1,1,9,7,3,1,0
1,24,0,380,380,21,https://resultados2019.blob.core.windows.net/201901/202163.jpg,OK,0,7,JALAPA,MATAQUESCUINTLA,20216,DIPUTADOS DISTRITALES,9,2,2,0,1,3,182,182,149,149,2,31,0,1,15,0,11,4,1,0,0,5,42,0,1,0,23,5,0,8,0
1,23,0,400,400,21,https://resultados2019.blob.core.windows.net/201901/201953.jpg,OK,0,7,JALAPA,MATAQUESCUINTLA,20195,DIPUTADOS DISTRITALES,16,2,2,0,1,3,284,284,245,245,1,74,2,0,8,0,1,7,3,2,1,4,106,0,2,0,21,3,4,6,0
1,9,0,386,386,21,https://resultados2019.blob.core.windows.net/201901/198353.jpg,OK,0,1,JALAPA,JALAPA,19835,DIPUTADOS DISTRITALES,13,2,2,0,1,3,186,186,164,164,0,11,1,0,14,2,3,3,0,4,9,42,38,0,3,1,18,9,2,2,2
1,58,0,400,400,21,https://resultados2019.blob.core.windows.net/201901/200693.jpg,OK,0,3,JALAPA,SAN LUIS JILOTEPEQUE,20069,DIPUTADOS DISTRITALES,15,2,2,0,1,3,306,306,233,233,1,12,0,1,11,0,13,4,2,2,2,42,70,0,1,1,31,14,2,23,1
1,12,0,400,400,21,https://resultados2019.blob.core.windows.net/201901/199563.jpg,OK,0,1,JALAPA,JALAPA,19956,DIPUTADOS DISTRITALES,22,2,2,0,1,3,235,235,201,201,1,14,0,3,9,6,6,7,1,6,20,35,42,0,6,3,20,16,1,4,1
0,24,0,400,400,21,https://resultados2019.blob.core.windows.net/201901/201793.jpg,OK,0,7,JALAPA,MATAQUESCUINTLA,20179,DIPUTADOS DISTRITALES,20,2,2,0,1,3,245,244,200,201,0,60,0,0,23,1,6,4,1,0,0,3,61,2,1,0,31,4,3,0,0
1,46,0,400,398,21,https://resultados2019.blob.core.windows.net/201901/199813.jpg,OK,0,2,JALAPA,SAN PEDRO PINULA,19981,DIPUTADOS DISTRITALES,15,2,2,0,1,3,265,265,204,204,2,3,0,0,16,2,10,3,0,4,11,40,62,2,4,5,7,29,1,2,1
1,6,0,336,380,21,https://resultados2019.blob.core.windows.net/201901/198643.jpg,OK,0,1,JALAPA,JALAPA,19864,DIPUTADOS DISTRITALES,24,2,2,0,1,3,210,210,180,180,0,14,0,2,9,2,1,5,3,10,16,35,29,0,9,0,20,13,1,3,8
1,30,0,400,400,21,https://resultados2019.blob.core.windows.net/201901/201673.jpg,OK,0,6,JALAPA,MONJAS,20167,DIPUTADOS DISTRITALES,15,2,2,0,1,3,305,305,260,260,1,22,0,1,26,0,1,7,1,7,0,48,50,0,1,2,54,11,3,24,1
1,21,0,400,400,21,https://resultados2019.blob.core.windows.net/201901/198403.jpg,OK,0,1,JALAPA,JALAPA,19840,DIPUTADOS DISTRITALES,31,2,2,0,1,3,267,267,215,215,1,16,0,1,5,7,4,2,0,8,14,43,56,3,9,4,9,18,8,6,1
1,15,0,400,400,21,https://resultados2019.blob.core.windows.net/201901/198283.jpg,OK,0,1,JALAPA,JALAPA,19828,DIPUTADOS DISTRITALES,24,2,2,0,1,3,233,233,194,194,0,15,0,0,10,6,8,2,1,11,11,47,42,0,9,1,9,12,3,7,0
1,65,0,400,400,21,https://resultados2019.blob.core.windows.net/201901/201413.jpg,OK,0,6,JALAPA,MONJAS,20141,DIPUTADOS DISTRITALES,19,2,2,0,1,3,310,310,226,226,2,23,0,1,20,5,2,13,0,6,1,45,52,0,5,1,16,17,3,14,0
1,69,0,400,0,21,https://resultados2019.blob.core.windows.net/201901/201053.jpg,OK,1,5,JALAPA,SAN CARLOS ALZATATE,20105,DIPUTADOS DISTRITALES,10,2,2,0,1,3,353,353,274,274,1,53,0,0,1,0,8,1,0,4,8,51,112,8,2,1,7,5,1,5,6
1,11,0,400,401,21,https://resultados2019.blob.core.windows.net/201901/198303.jpg,OK,0,1,JALAPA,JALAPA,19830,DIPUTADOS DISTRITALES,23,2,2,0,1,3,238,238,204,204,1,11,0,1,20,1,6,5,1,8,11,46,59,1,3,4,8,9,3,6,0
0,7,0,239,239,21,https://resultados2019.blob.core.windows.net/201901/198533.jpg,OK,0,1,JALAPA,JALAPA,19853,DIPUTADOS DISTRITALES,14,2,2,0,1,3,181,175,154,160,2,13,0,0,8,2,3,1,0,0,11,50,20,0,7,1,19,9,3,3,2
1,43,0,400,400,21,https://resultados2019.blob.core.windows.net/201901/200963.jpg,OK,0,4,JALAPA,SAN MANUEL CHAPARRÓN,20096,DIPUTADOS DISTRITALES,10,2,2,0,1,3,280,280,227,227,0,47,0,0,42,2,0,2,1,2,3,42,72,0,0,0,4,9,0,1,0
1,41,0,209,209,21,https://resultados2019.blob.core.windows.net/201901/200733.jpg,OK,0,3,JALAPA,SAN LUIS JILOTEPEQUE,20073,DIPUTADOS DISTRITALES,9,2,2,0,1,3,148,148,98,98,0,11,0,0,7,0,9,1,1,3,1,23,27,0,0,0,4,9,0,2,0
1,41,0,400,400,21,https://resultados2019.blob.core.windows.net/201901/201663.jpg,OK,0,6,JALAPA,MONJAS,20166,DIPUTADOS DISTRITALES,15,2,2,0,1,3,295,295,239,239,0,35,0,0,23,2,1,9,2,11,3,48,42,2,1,1,29,13,1,15,1
0,11,0,400,399,21,https://resultados2019.blob.core.windows.net/201901/197983.jpg,OK,0,1,JALAPA,JALAPA,19798,DIPUTADOS DISTRITALES,15,2,2,0,1,3,188,214,188,214,0,15,0,1,15,0,3,0,0,5,18,42,53,0,3,2,14,13,0,2,2
1,73,0,400,400,21,https://resultados2019.blob.core.windows.net/201901/201153.jpg,OK,0,5,JALAPA,SAN CARLOS ALZATATE,20115,DIPUTADOS DISTRITALES,14,2,2,0,1,3,320,320,233,233,0,28,0,0,15,0,6,3,0,1,9,47,82,17,3,1,4,6,1,5,5
1,12,0,400,400,21,https://resultados2019.blob.core.windows.net/201901/201993.jpg,OK,0,7,JALAPA,MATAQUESCUINTLA,20199,DIPUTADOS DISTRITALES,10,2,2,0,1,3,257,257,235,235,0,91,0,0,3,0,6,3,1,4,0,2,72,0,1,0,27,12,4,8,1
1,20,0,380,380,21,https://resultados2019.blob.core.windows.net/201901/198653.jpg,OK,0,1,JALAPA,JALAPA,19865,DIPUTADOS DISTRITALES,26,2,2,0,1,3,194,194,148,148,3,12,0,1,10,2,24,1,0,1,1,19,51,1,0,4,6,9,1,1,1
1,5,0,400,400,21,https://resultados2019.blob.core.windows.net/201901/198163.jpg,OK,0,1,JALAPA,JALAPA,19816,DIPUTADOS DISTRITALES,14,2,2,0,1,3,216,216,197,197,0,15,0,1,14,5,7,4,2,13,14,42,46,0,9,1,6,13,0,3,2
1,54,0,400,400,21,https://resultados2019.blob.core.windows.net/201901/201333.jpg,OK,0,6,JALAPA,MONJAS,20133,DIPUTADOS DISTRITALES,28,2,2,0,1,3,300,300,218,218,1,28,1,1,27,2,1,7,0,0,2,33,48,0,10,1,27,14,1,12,2
1,23,0,380,380,21,https://resultados2019.blob.core.windows.net/201901/199403.jpg,OK,1,1,JALAPA,JALAPA,19940,DIPUTADOS DISTRITALES,24,2,2,0,1,3,213,213,166,166,4,19,0,0,5,3,17,5,1,1,1,29,58,0,1,2,7,5,3,3,2
1,19,0,380,380,21,https://resultados2019.blob.core.windows.net/201901/198693.jpg,OK,44,1,JALAPA,JALAPA,19869,DIPUTADOS DISTRITALES,25,2,2,0,1,3,218,218,174,174,2,19,2,1,10,7,18,1,0,0,0,26,61,1,1,8,5,8,1,3,0
1,41,0,400,400,21,https://resultados2019.blob.core.windows.net/201901/201493.jpg,OK,0,6,JALAPA,MONJAS,20149,DIPUTADOS DISTRITALES,11,2,2,0,1,3,244,244,192,192,0,22,0,1,12,0,0,5,1,9,5,36,47,1,1,3,18,8,4,19,0
1,20,0,380,380,21,https://resultados2019.blob.core.windows.net/201901/198803.jpg,OK,0,1,JALAPA,JALAPA,19880,DIPUTADOS DISTRITALES,38,2,2,0,1,3,239,239,181,181,0,48,0,0,5,0,6,1,0,2,2,20,81,1,1,5,3,3,0,2,1
1,56,0,400,400,21,https://resultados2019.blob.core.windows.net/201901/201113.jpg,OK,0,5,JALAPA,SAN CARLOS ALZATATE,20111,DIPUTADOS DISTRITALES,9,2,2,0,1,3,313,313,248,248,0,68,0,1,2,0,7,2,1,4,4,33,82,8,3,3,13,6,0,4,7
1,7,0,400,407,21,https://resultados2019.blob.core.windows.net/201901/198173.jpg,OK,0,1,JALAPA,JALAPA,19817,DIPUTADOS DISTRITALES,13,2,2,0,1,3,238,238,218,218,1,16,1,0,16,1,2,2,5,13,22,50,41,1,19,2,11,7,3,5,0
1,8,0,400,400,21,https://resultados2019.blob.core.windows.net/201901/198323.jpg,OK,0,1,JALAPA,JALAPA,19832,DIPUTADOS DISTRITALES,21,2,2,0,1,3,226,226,197,197,0,10,3,0,22,2,2,2,1,13,13,43,37,0,5,2,17,14,4,6,1
1,59,0,400,400,21,https://resultados2019.blob.core.windows.net/201901/200873.jpg,OK,0,4,JALAPA,SAN MANUEL CHAPARRÓN,20087,DIPUTADOS DISTRITALES,27,2,2,0,1,3,303,303,217,217,0,36,0,1,53,0,2,3,0,1,3,37,54,0,2,0,10,5,0,6,4
1,26,0,380,380,21,https://resultados2019.blob.core.windows.net/201901/202213.jpg,OK,0,7,JALAPA,MATAQUESCUINTLA,20221,DIPUTADOS DISTRITALES,11,2,2,0,1,3,234,234,197,197,0,29,0,0,15,0,9,0,0,1,0,1,110,0,0,1,20,7,3,1,0
1,21,0,400,400,21,https://resultados2019.blob.core.windows.net/201901/200143.jpg,OK,0,2,JALAPA,SAN PEDRO PINULA,20014,DIPUTADOS DISTRITALES,23,2,2,0,1,3,193,193,149,149,1,1,0,1,8,0,28,0,2,0,3,22,75,0,1,0,4,2,0,1,0
1,43,0,400,398,21,https://resultados2019.blob.core.windows.net/201901/200913.jpg,OK,0,4,JALAPA,SAN MANUEL CHAPARRÓN,20091,DIPUTADOS DISTRITALES,12,2,2,0,1,3,333,333,278,278,0,37,0,0,42,1,1,5,0,3,3,95,67,1,1,0,9,3,2,7,1
1,21,0,380,0,21,https://resultados2019.blob.core.windows.net/201901/202193.jpg,OK,0,7,JALAPA,MATAQUESCUINTLA,20219,DIPUTADOS DISTRITALES,20,2,2,0,1,3,233,233,192,192,0,34,0,1,7,0,2,2,0,1,0,6,102,0,0,0,29,4,1,1,2
1,65,0,400,400,21,https://resultados2019.blob.core.windows.net/201901/201273.jpg,OK,0,5,JALAPA,SAN CARLOS ALZATATE,20127,DIPUTADOS DISTRITALES,6,2,2,0,1,3,311,311,240,240,0,51,0,0,3,0,7,0,0,2,3,77,80,6,0,0,2,1,0,7,1
1,12,0,380,380,21,https://resultados2019.blob.core.windows.net/201901/199293.jpg,OK,0,1,JALAPA,JALAPA,19929,DIPUTADOS DISTRITALES,21,2,2,0,1,3,161,161,128,128,2,22,0,0,4,0,11,3,0,0,15,20,37,1,0,1,3,6,0,3,0
1,52,0,400,400,21,https://resultados2019.blob.core.windows.net/201901/201623.jpg,OK,0,6,JALAPA,MONJAS,20162,DIPUTADOS DISTRITALES,22,2,2,0,1,3,304,304,230,230,1,27,0,2,21,1,1,10,1,10,0,21,77,2,1,2,8,20,6,16,3
1,13,0,285,285,21,https://resultados2019.blob.core.windows.net/201901/199343.jpg,OK,0,1,JALAPA,JALAPA,19934,DIPUTADOS DISTRITALES,24,2,2,0,1,3,156,156,119,119,1,6,0,0,22,2,7,2,0,1,0,5,50,1,0,1,5,4,3,9,0
1,49,0,360,360,21,https://resultados2019.blob.core.windows.net/201901/201013.jpg,OK,0,4,JALAPA,SAN MANUEL CHAPARRÓN,20101,DIPUTADOS DISTRITALES,13,2,2,0,1,3,260,260,198,198,0,47,1,0,35,0,3,2,0,2,0,40,53,0,0,0,7,4,0,3,1
1,122,0,400,400,21,https://resultados2019.blob.core.windows.net/201901/200473.jpg,OK,0,3,JALAPA,SAN LUIS JILOTEPEQUE,20047,DIPUTADOS DISTRITALES,20,2,2,0,1,3,331,331,189,189,2,19,0,0,15,0,13,7,0,1,2,40,58,0,1,0,11,13,3,4,0
1,29,0,400,400,21,https://resultados2019.blob.core.windows.net/201901/200013.jpg,OK,0,2,JALAPA,SAN PEDRO PINULA,20001,DIPUTADOS DISTRITALES,14,2,2,0,1,3,272,272,229,229,0,4,0,0,18,1,7,4,1,7,8,51,96,1,8,0,4,13,0,6,0
1,55,0,400,400,21,https://resultados2019.blob.core.windows.net/201901/201173.jpg,OK,0,5,JALAPA,SAN CARLOS ALZATATE,20117,DIPUTADOS DISTRITALES,12,2,2,0,1,3,318,318,251,251,2,26,0,0,20,0,13,2,0,3,6,40,89,34,2,0,4,2,0,5,3
1,24,0,380,380,21,https://resultados2019.blob.core.windows.net/201901/199133.jpg,OK,0,1,JALAPA,JALAPA,19913,DIPUTADOS DISTRITALES,25,2,2,0,1,3,204,204,155,155,0,19,0,0,16,0,26,2,1,1,0,20,55,0,3,5,1,2,1,3,0
1,34,0,380,381,21,https://resultados2019.blob.core.windows.net/201901/199073.jpg,OK,0,1,JALAPA,JALAPA,19907,DIPUTADOS DISTRITALES,20,2,2,0,1,3,183,183,129,129,4,13,0,0,16,3,14,1,0,0,0,20,48,0,0,4,4,2,0,0,0
1,122,0,400,400,21,https://resultados2019.blob.core.windows.net/201901/200523.jpg,OK,0,3,JALAPA,SAN LUIS JILOTEPEQUE,20052,DIPUTADOS DISTRITALES,21,2,2,0,1,3,333,333,190,190,1,25,2,2,12,1,12,4,2,1,1,38,53,0,0,1,10,11,2,9,3
1,24,0,380,380,21,https://resultados2019.blob.core.windows.net/201901/198783.jpg,OK,0,1,JALAPA,JALAPA,19878,DIPUTADOS DISTRITALES,37,2,2,0,1,3,224,224,163,163,1,46,2,1,2,1,11,2,0,1,3,17,58,1,2,2,4,3,1,4,1
1,74,0,400,400,21,https://resultados2019.blob.core.windows.net/201901/200923.jpg,OK,0,4,JALAPA,SAN MANUEL CHAPARRÓN,20092,DIPUTADOS DISTRITALES,14,2,2,0,1,3,332,332,244,244,0,54,1,0,51,0,0,6,1,0,0,60,55,0,1,2,5,5,1,2,0
1,11,0,400,400,21,https://resultados2019.blob.core.windows.net/201901/199553.jpg,OK,0,1,JALAPA,JALAPA,19955,DIPUTADOS DISTRITALES,10,2,2,0,1,3,186,186,165,165,1,19,0,0,5,2,8,0,1,9,14,28,42,0,1,1,16,11,1,5,1
1,34,0,400,400,21,https://resultados2019.blob.core.windows.net/201901/200383.jpg,OK,0,2,JALAPA,SAN PEDRO PINULA,20038,DIPUTADOS DISTRITALES,21,2,2,0,1,3,217,217,162,162,4,1,0,1,7,0,27,2,1,1,4,41,42,0,3,2,4,20,0,2,0
1,3,0,600,600,21,https://resultados2019.blob.core.windows.net/201901/199683.jpg,OK,0,1,JALAPA,JALAPA,19968,DIPUTADOS DISTRITALES,16,2,2,0,1,3,161,161,142,142,1,8,0,0,9,3,2,5,3,7,8,32,32,0,2,3,8,10,0,5,4
1,23,0,380,380,21,https://resultados2019.blob.core.windows.net/201901/198913.jpg,OK,0,1,JALAPA,JALAPA,19891,DIPUTADOS DISTRITALES,24,2,2,0,1,3,173,173,126,126,1,17,0,0,16,2,8,2,0,1,7,20,33,2,1,3,2,2,0,9,0
1,35,0,380,400,21,https://resultados2019.blob.core.windows.net/201901/198833.jpg,OK,0,1,JALAPA,JALAPA,19883,DIPUTADOS DISTRITALES,28,2,2,0,1,3,274,274,211,211,2,62,3,1,8,2,8,0,0,1,0,26,84,0,2,3,0,8,0,1,0
1,40,0,400,400,21,https://resultados2019.blob.core.windows.net/201901/200343.jpg,OK,0,2,JALAPA,SAN PEDRO PINULA,20034,DIPUTADOS DISTRITALES,22,2,2,0,1,3,252,252,190,190,1,5,1,0,4,0,35,2,2,2,1,50,61,0,3,0,0,20,0,3,0
1,24,2,380,380,21,https://resultados2019.blob.core.windows.net/201901/199063.jpg,OK,0,1,JALAPA,JALAPA,19906,DIPUTADOS DISTRITALES,13,2,2,0,1,3,179,179,142,142,1,18,0,1,9,2,19,1,0,0,1,22,50,0,1,6,6,3,2,0,0
1,28,0,400,400,21,https://resultados2019.blob.core.windows.net/201901/201823.jpg,OK,0,7,JALAPA,MATAQUESCUINTLA,20182,DIPUTADOS DISTRITALES,18,2,2,0,1,3,270,270,224,224,2,50,0,1,24,0,24,9,0,0,1,6,70,0,4,0,21,2,3,7,0
1,24,0,400,400,21,https://resultados2019.blob.core.windows.net/201901/199883.jpg,OK,0,2,JALAPA,SAN PEDRO PINULA,19988,DIPUTADOS DISTRITALES,18,2,2,0,1,3,267,267,225,225,1,3,0,0,11,0,5,4,2,1,10,45,101,0,8,1,7,22,1,3,0
0,11,0,266,266,21,https://resultados2019.blob.core.windows.net/201901/200033.jpg,OK,0,2,JALAPA,SAN PEDRO PINULA,20003,DIPUTADOS DISTRITALES,5,2,2,0,1,3,185,181,165,169,0,6,0,0,7,2,6,0,0,0,8,34,77,0,5,0,1,17,2,0,0
1,6,0,386,388,21,https://resultados2019.blob.core.windows.net/201901/198363.jpg,OK,0,1,JALAPA,JALAPA,19836,DIPUTADOS DISTRITALES,8,2,2,0,1,3,209,209,195,195,1,9,2,1,15,6,3,5,1,16,8,47,43,0,5,1,12,8,3,4,5
1,13,0,380,398,21,https://resultados2019.blob.core.windows.net/201901/198873.jpg,OK,0,1,JALAPA,JALAPA,19887,DIPUTADOS DISTRITALES,23,2,2,0,1,3,178,178,142,142,1,50,0,1,2,3,5,0,1,0,0,24,49,0,0,2,0,2,2,0,0
1,45,0,400,400,21,https://resultados2019.blob.core.windows.net/201901/200943.jpg,OK,0,4,JALAPA,SAN MANUEL CHAPARRÓN,20094,DIPUTADOS DISTRITALES,8,2,2,0,1,3,305,305,252,252,0,53,0,0,57,0,0,5,1,2,0,59,64,0,1,0,5,3,2,0,0
1,28,0,400,400,21,https://resultados2019.blob.core.windows.net/201901/199533.jpg,OK,0,1,JALAPA,JALAPA,19953,DIPUTADOS DISTRITALES,30,2,2,0,1,3,260,260,202,202,2,23,2,0,8,8,2,4,1,12,21,32,47,0,3,3,14,9,2,8,1
1,12,0,380,380,21,https://resultados2019.blob.core.windows.net/201901/198943.jpg,OK,0,1,JALAPA,JALAPA,19894,DIPUTADOS DISTRITALES,17,2,2,0,1,3,141,141,112,112,1,4,1,0,8,1,10,0,0,2,2,24,47,0,0,1,3,3,0,5,0
1,29,0,260,260,21,https://resultados2019.blob.core.windows.net/201901/200103.jpg,OK,0,2,JALAPA,SAN PEDRO PINULA,20010,DIPUTADOS DISTRITALES,18,2,2,0,1,3,160,160,113,113,1,2,0,0,10,0,12,1,0,3,5,26,46,0,3,2,1,1,0,0,0
1,114,0,400,400,21,https://resultados2019.blob.core.windows.net/201901/200653.jpg,OK,0,3,JALAPA,SAN LUIS JILOTEPEQUE,20065,DIPUTADOS DISTRITALES,12,2,2,0,1,3,320,320,194,194,2,24,0,0,13,0,17,6,0,6,1,42,45,1,2,2,12,7,2,12,0
1,32,0,400,400,21,https://resultados2019.blob.core.windows.net/201901/199913.jpg,OK,0,2,JALAPA,SAN PEDRO PINULA,19991,DIPUTADOS DISTRITALES,27,2,2,0,1,3,305,305,246,246,1,8,1,0,8,1,26,6,1,4,20,51,86,2,5,2,4,17,1,2,0
1,19,0,400,379,21,https://resultados2019.blob.core.windows.net/201901/201903.jpg,OK,0,7,JALAPA,MATAQUESCUINTLA,20190,DIPUTADOS DISTRITALES,12,2,2,0,1,3,274,274,243,243,0,91,1,0,7,0,4,9,0,0,1,4,87,0,1,0,22,8,3,5,0
1,54,0,400,400,21,https://resultados2019.blob.core.windows.net/201901/201393.jpg,OK,0,6,JALAPA,MONJAS,20139,DIPUTADOS DISTRITALES,14,2,2,0,1,3,304,304,236,236,0,29,1,1,19,0,1,9,1,4,0,41,71,2,3,1,19,16,3,13,2
1,21,0,380,380,21,https://resultados2019.blob.core.windows.net/201901/202073.jpg,OK,2,7,JALAPA,MATAQUESCUINTLA,20207,DIPUTADOS DISTRITALES,16,2,2,0,1,3,222,222,185,185,3,31,0,0,16,1,8,2,0,3,1,5,67,1,0,2,19,11,3,12,0
1,22,0,400,400,21,https://resultados2019.blob.core.windows.net/201901/197943.jpg,OK,21,1,JALAPA,JALAPA,19794,DIPUTADOS DISTRITALES,23,2,2,0,1,3,274,274,229,229,0,16,0,1,33,3,9,3,2,7,10,48,60,1,4,1,7,10,4,9,1
1,11,0,400,400,21,https://resultados2019.blob.core.windows.net/201901/197973.jpg,OK,0,1,JALAPA,JALAPA,19797,DIPUTADOS DISTRITALES,22,2,2,0,1,3,251,251,218,218,0,14,1,0,13,1,2,4,3,4,14,51,64,1,6,3,8,16,3,10,0
0,8,0,400,400,21,https://resultados2019.blob.core.windows.net/201901/201833.jpg,OK,0,7,JALAPA,MATAQUESCUINTLA,20183,DIPUTADOS DISTRITALES,10,2,2,0,1,3,221,217,199,203,0,69,0,0,9,0,11,0,0,2,0,1,61,0,0,0,29,1,6,8,2
1,33,2,253,253,21,https://resultados2019.blob.core.windows.net/201901/201303.jpg,OK,0,5,JALAPA,SAN CARLOS ALZATATE,20130,DIPUTADOS DISTRITALES,3,2,2,0,1,3,131,131,95,95,0,18,0,0,2,0,2,2,1,1,5,19,25,7,1,0,4,2,0,4,2
1,63,0,400,400,21,https://resultados2019.blob.core.windows.net/201901/201103.jpg,OK,0,5,JALAPA,SAN CARLOS ALZATATE,20110,DIPUTADOS DISTRITALES,10,2,2,0,1,3,328,328,255,255,2,71,0,3,3,0,5,2,0,0,6,54,64,10,1,3,8,8,1,4,10
0,11,0,388,388,21,https://resultados2019.blob.core.windows.net/201901/202023.jpg,OK,0,7,JALAPA,MATAQUESCUINTLA,20202,DIPUTADOS DISTRITALES,13,2,2,0,1,3,253,252,228,229,0,94,0,2,10,0,4,2,0,4,0,1,58,0,1,2,37,3,4,6,0
1,55,0,380,380,21,https://resultados2019.blob.core.windows.net/201901/200773.jpg,OK,1,3,JALAPA,SAN LUIS JILOTEPEQUE,20077,DIPUTADOS DISTRITALES,9,2,2,0,1,3,225,225,161,161,2,15,0,0,2,0,29,3,0,2,2,5,66,0,1,2,5,7,1,18,1
1,11,0,400,400,21,https://resultados2019.blob.core.windows.net/201901/198063.jpg,OK,0,1,JALAPA,JALAPA,19806,DIPUTADOS DISTRITALES,18,2,2,0,1,3,214,214,185,185,1,13,1,0,11,3,3,4,0,9,11,43,52,2,3,3,7,9,2,7,1
1,7,0,322,322,21,https://resultados2019.blob.core.windows.net/201901/199233.jpg,OK,0,1,JALAPA,JALAPA,19923,DIPUTADOS DISTRITALES,3,2,2,0,1,3,115,115,105,105,0,31,0,0,9,0,6,2,1,3,2,14,26,0,0,1,5,2,2,1,0
1,20,0,400,400,21,https://resultados2019.blob.core.windows.net/201901/201913.jpg,OK,0,7,JALAPA,MATAQUESCUINTLA,20191,DIPUTADOS DISTRITALES,16,2,2,0,1,3,279,279,243,243,3,60,0,1,13,1,7,7,0,4,0,2,98,1,1,0,27,7,3,8,0
1,82,0,400,400,21,https://resultados2019.blob.core.windows.net/201901/200623.jpg,OK,0,3,JALAPA,SAN LUIS JILOTEPEQUE,20062,DIPUTADOS DISTRITALES,28,2,2,0,1,3,337,337,227,227,1,29,0,3,23,0,11,9,0,1,4,41,61,0,0,3,21,8,0,10,2
1,9,0,380,375,21,https://resultados2019.blob.core.windows.net/201901/198953.jpg,OK,25,1,JALAPA,JALAPA,19895,DIPUTADOS DISTRITALES,0,2,2,0,1,3,128,128,119,119,4,11,0,1,10,0,13,2,1,0,5,20,35,1,2,0,6,4,2,2,0
1,5,0,400,400,21,https://resultados2019.blob.core.windows.net/201901/198443.jpg,OK,0,1,JALAPA,JALAPA,19844,DIPUTADOS DISTRITALES,22,2,2,0,1,3,250,250,223,223,2,19,1,0,19,5,2,5,0,18,23,63,21,2,0,2,14,16,4,6,1
1,7,0,247,247,21,https://resultados2019.blob.core.windows.net/201901/198903.jpg,OK,0,1,JALAPA,JALAPA,19890,DIPUTADOS DISTRITALES,23,2,2,0,1,3,134,134,104,104,0,41,0,0,3,0,2,0,1,1,0,21,32,0,1,0,1,1,0,0,0
1,7,0,400,0,21,https://resultados2019.blob.core.windows.net/201901/198573.jpg,OK,0,1,JALAPA,JALAPA,19857,DIPUTADOS DISTRITALES,28,2,2,0,1,3,266,266,231,231,0,13,0,3,14,3,4,2,5,12,26,48,51,2,10,1,5,20,4,7,1
1,2,0,232,232,21,https://resultados2019.blob.core.windows.net/201901/202113.jpg,OK,0,7,JALAPA,MATAQUESCUINTLA,20211,DIPUTADOS DISTRITALES,3,2,2,0,1,3,100,100,95,95,0,19,1,0,11,2,7,0,0,1,0,2,33,0,1,0,9,8,1,0,0
1,9,0,400,400,21,https://resultados2019.blob.core.windows.net/201901/198033.jpg,OK,0,1,JALAPA,JALAPA,19803,DIPUTADOS DISTRITALES,28,2,2,0,1,3,243,243,206,206,0,15,0,0,13,4,0,4,0,13,15,52,41,1,4,1,11,17,3,10,2
1,70,0,400,400,21,https://resultados2019.blob.core.windows.net/201901/200573.jpg,OK,0,3,JALAPA,SAN LUIS JILOTEPEQUE,20057,DIPUTADOS DISTRITALES,18,2,2,0,1,3,302,302,214,214,1,14,0,0,11,0,15,6,0,3,3,30,75,0,1,1,14,16,1,19,4
0,29,0,400,400,21,https://resultados2019.blob.core.windows.net/201901/199803.jpg,OK,3,2,JALAPA,SAN PEDRO PINULA,19980,DIPUTADOS DISTRITALES,14,2,2,0,1,3,228,230,187,185,2,2,0,0,14,2,10,1,0,1,8,40,75,0,1,2,3,26,0,0,0
1,22,0,400,400,21,https://resultados2019.blob.core.windows.net/201901/199843.jpg,OK,0,2,JALAPA,SAN PEDRO PINULA,19984,DIPUTADOS DISTRITALES,8,2,2,0,1,3,293,293,263,263,0,7,0,1,22,0,13,4,0,5,22,53,83,0,6,2,4,39,1,1,0
1,19,0,380,380,21,https://resultados2019.blob.core.windows.net/201901/198883.jpg,OK,17,1,JALAPA,JALAPA,19888,DIPUTADOS DISTRITALES,3,2,2,0,1,3,171,171,149,149,3,42,0,0,6,1,5,2,0,0,3,13,62,1,0,4,2,2,1,1,1
1,4,0,241,241,21,https://resultados2019.blob.core.windows.net/201901/198213.jpg,OK,0,1,JALAPA,JALAPA,19821,DIPUTADOS DISTRITALES,9,2,2,0,1,3,140,140,127,127,0,5,1,0,9,0,1,4,1,5,16,23,25,0,8,1,12,9,4,3,0
1,43,0,400,400,21,https://resultados2019.blob.core.windows.net/201901/199723.jpg,OK,0,2,JALAPA,SAN PEDRO PINULA,19972,DIPUTADOS DISTRITALES,18,2,2,0,1,3,293,293,232,232,4,0,2,0,13,1,31,4,1,3,10,34,89,0,7,7,3,19,2,2,0
1,11,0,400,400,21,https://resultados2019.blob.core.windows.net/201901/198383.jpg,OK,0,1,JALAPA,JALAPA,19838,DIPUTADOS DISTRITALES,23,2,2,0,1,3,255,255,221,221,1,11,0,1,12,7,5,6,0,21,15,49,31,1,6,2,16,20,6,10,1
1,99,0,400,400,21,https://resultados2019.blob.core.windows.net/201901/200533.jpg,OK,0,3,JALAPA,SAN LUIS JILOTEPEQUE,20053,DIPUTADOS DISTRITALES,22,2,2,0,1,3,333,333,212,212,2,24,0,0,15,0,15,4,1,3,2,36,69,2,1,4,17,2,1,14,0
1,7,0,400,0,21,https://resultados2019.blob.core.windows.net/201901/198593.jpg,OK,0,1,JALAPA,JALAPA,19859,DIPUTADOS DISTRITALES,26,2,2,0,1,3,228,228,195,195,0,14,0,1,8,0,3,4,6,10,21,39,32,1,9,2,14,22,2,3,4
1,99,0,400,400,21,https://resultados2019.blob.core.windows.net/201901/200443.jpg,OK,0,3,JALAPA,SAN LUIS JILOTEPEQUE,20044,DIPUTADOS DISTRITALES,26,2,2,0,1,3,331,331,206,206,2,17,0,1,17,0,10,6,0,6,1,26,64,0,0,1,13,14,1,23,4
1,11,0,368,368,21,https://resultados2019.blob.core.windows.net/201901/199603.jpg,OK,0,1,JALAPA,JALAPA,19960,DIPUTADOS DISTRITALES,8,2,2,0,1,3,199,199,180,180,0,15,0,0,4,1,6,0,0,15,22,31,33,0,4,1,29,9,2,6,2
1,52,0,400,400,21,https://resultados2019.blob.core.windows.net/201901/201123.jpg,OK,0,5,JALAPA,SAN CARLOS ALZATATE,20112,DIPUTADOS DISTRITALES,2,2,2,0,1,3,327,327,273,273,0,53,0,1,4,1,4,1,0,0,8,55,98,9,4,1,16,4,1,3,10
1,12,0,400,400,21,https://resultados2019.blob.core.windows.net/201901/201983.jpg,OK,0,7,JALAPA,MATAQUESCUINTLA,20198,DIPUTADOS DISTRITALES,10,2,2,0,1,3,259,259,237,237,2,96,0,2,10,0,4,5,0,4,2,3,63,1,2,2,24,3,7,7,0
1,51,0,400,400,21,https://resultados2019.blob.core.windows.net/201901/201633.jpg,OK,0,6,JALAPA,MONJAS,20163,DIPUTADOS DISTRITALES,23,2,2,0,1,3,286,286,212,212,0,24,0,0,21,1,1,4,1,11,4,40,45,1,2,1,30,16,0,9,1
1,15,0,380,0,21,https://resultados2019.blob.core.windows.net/201901/198963.jpg,OK,2,1,JALAPA,JALAPA,19896,DIPUTADOS DISTRITALES,17,2,2,0,1,3,168,168,136,136,2,7,0,0,15,4,13,3,0,1,3,27,41,1,5,2,4,3,0,5,0
1,16,0,400,381,21,https://resultados2019.blob.core.windows.net/201901/201943.jpg,OK,0,7,JALAPA,MATAQUESCUINTLA,20194,DIPUTADOS DISTRITALES,17,2,2,0,1,3,262,262,229,229,0,80,0,0,9,0,9,4,0,2,0,2,85,0,2,1,20,4,2,8,1
1,3,0,216,0,21,https://resultados2019.blob.core.windows.net/201901/199493.jpg,OK,0,1,JALAPA,JALAPA,19949,DIPUTADOS DISTRITALES,6,2,2,0,1,3,94,94,85,85,1,10,0,0,1,0,2,3,0,2,5,13,19,0,0,2,13,9,0,4,1
1,73,0,380,379,21,https://resultados2019.blob.core.windows.net/201901/200763.jpg,OK,0,3,JALAPA,SAN LUIS JILOTEPEQUE,20076,DIPUTADOS DISTRITALES,19,2,2,0,1,3,311,311,219,219,5,7,0,0,8,1,39,3,2,2,0,13,113,0,3,2,5,8,1,7,0
1,9,0,247,247,21,https://resultados2019.blob.core.windows.net/201901/198893.jpg,OK,0,1,JALAPA,JALAPA,19889,DIPUTADOS DISTRITALES,8,2,2,0,1,3,130,130,113,113,0,31,0,1,2,1,6,0,0,0,3,16,44,0,0,1,2,5,0,0,1
1,43,0,400,400,21,https://resultados2019.blob.core.windows.net/201901/201353.jpg,OK,0,6,JALAPA,MONJAS,20135,DIPUTADOS DISTRITALES,31,2,2,0,1,3,302,302,228,228,1,27,0,1,18,2,1,10,3,10,3,39,50,1,0,2,25,14,1,14,6
1,24,0,380,380,21,https://resultados2019.blob.core.windows.net/201901/202043.jpg,OK,0,7,JALAPA,MATAQUESCUINTLA,20204,DIPUTADOS DISTRITALES,9,2,2,0,1,3,218,218,185,185,1,34,0,1,12,0,7,1,0,0,4,6,73,0,0,0,26,14,1,4,1
1,27,0,380,380,21,https://resultados2019.blob.core.windows.net/201901/199043.jpg,OK,0,1,JALAPA,JALAPA,19904,DIPUTADOS DISTRITALES,23,2,2,0,1,3,197,197,147,147,1,16,0,0,5,1,16,2,1,0,3,16,68,0,1,1,9,6,0,1,0
1,7,0,400,400,21,https://resultados2019.blob.core.windows.net/201901/198513.jpg,OK,0,1,JALAPA,JALAPA,19851,DIPUTADOS DISTRITALES,19,2,2,0,1,3,236,236,210,210,1,18,0,0,8,1,1,2,2,9,7,71,31,2,9,1,15,20,7,3,2
1,23,0,380,380,21,https://resultados2019.blob.core.windows.net/201901/199423.jpg,OK,0,1,JALAPA,JALAPA,19942,DIPUTADOS DISTRITALES,25,2,2,0,1,3,201,201,153,153,1,16,3,0,7,0,37,0,1,3,6,27,27,2,3,7,5,2,2,3,1
1,21,0,400,400,21,https://resultados2019.blob.core.windows.net/201901/197953.jpg,OK,0,1,JALAPA,JALAPA,19795,DIPUTADOS DISTRITALES,34,2,2,0,1,3,281,281,226,226,1,15,1,1,19,3,1,5,1,5,12,47,74,0,4,3,5,13,5,10,1
1,14,0,400,400,21,https://resultados2019.blob.core.windows.net/201901/199583.jpg,OK,0,1,JALAPA,JALAPA,19958,DIPUTADOS DISTRITALES,14,2,2,0,1,3,193,193,165,165,1,9,0,0,7,1,9,2,1,15,22,26,30,1,1,3,12,18,2,3,2
1,17,0,218,218,21,https://resultados2019.blob.core.windows.net/201901/200403.jpg,OK,0,2,JALAPA,SAN PEDRO PINULA,20040,DIPUTADOS DISTRITALES,8,2,2,0,1,3,143,143,118,118,0,0,0,0,1,0,25,1,0,0,3,38,28,0,4,0,4,12,1,1,0
1,20,0,600,600,21,https://resultados2019.blob.core.windows.net/201901/200413.jpg,OK,0,2,JALAPA,SAN PEDRO PINULA,20041,DIPUTADOS DISTRITALES,30,2,2,0,1,3,189,189,139,139,2,2,0,0,13,2,11,0,2,4,3,19,46,1,4,2,3,24,0,1,0
1,6,0,322,319,21,https://resultados2019.blob.core.windows.net/201901/199223.jpg,OK,0,1,JALAPA,JALAPA,19922,DIPUTADOS DISTRITALES,16,2,2,0,1,3,106,106,84,84,1,11,1,0,16,0,4,0,0,1,2,15,25,0,0,1,4,2,0,1,0
1,99,0,400,400,21,https://resultados2019.blob.core.windows.net/201901/200603.jpg,OK,0,3,JALAPA,SAN LUIS JILOTEPEQUE,20060,DIPUTADOS DISTRITALES,29,2,2,0,1,3,313,313,185,185,1,14,0,0,18,0,16,13,0,3,0,38,37,0,1,2,15,15,0,12,0
1,25,0,400,400,21,https://resultados2019.blob.core.windows.net/201901/199873.jpg,OK,0,2,JALAPA,SAN PEDRO PINULA,19987,DIPUTADOS DISTRITALES,20,2,2,0,1,3,271,271,226,226,1,6,0,1,18,0,6,5,1,5,9,63,89,1,1,0,7,8,1,4,0
1,22,0,284,0,21,https://resultados2019.blob.core.windows.net/201901/199353.jpg,OK,0,1,JALAPA,JALAPA,19935,DIPUTADOS DISTRITALES,22,2,2,0,1,3,163,163,119,119,0,9,0,0,20,1,4,0,0,2,0,14,53,0,0,1,3,4,2,6,0
1,28,0,380,380,21,https://resultados2019.blob.core.windows.net/201901/199153.jpg,OK,0,1,JALAPA,JALAPA,19915,DIPUTADOS DISTRITALES,18,2,2,0,1,3,199,199,153,153,0,23,1,0,12,3,8,3,0,3,0,25,61,0,2,2,3,4,1,2,0
1,55,0,400,400,21,https://resultados2019.blob.core.windows.net/201901/200983.jpg,OK,0,4,JALAPA,SAN MANUEL CHAPARRÓN,20098,DIPUTADOS DISTRITALES,5,2,2,0,1,3,298,298,238,238,0,52,1,1,59,0,2,3,0,2,6,31,63,0,1,1,9,3,0,4,0
0,16,0,380,380,21,https://resultados2019.blob.core.windows.net/201901/199203.jpg,OK,1,1,JALAPA,JALAPA,19920,DIPUTADOS DISTRITALES,12,2,2,0,1,3,148,147,119,119,0,20,1,1,10,1,14,3,1,3,1,10,32,0,0,5,4,4,0,8,1
1,12,0,229,229,21,https://resultados2019.blob.core.windows.net/201901/202183.jpg,OK,0,7,JALAPA,MATAQUESCUINTLA,20218,DIPUTADOS DISTRITALES,1,2,2,0,1,3,105,105,92,92,0,35,0,0,6,0,6,0,0,1,0,0,21,0,0,0,12,2,0,9,0
0,28,0,400,375,21,https://resultados2019.blob.core.windows.net/201901/199923.jpg,OK,0,2,JALAPA,SAN PEDRO PINULA,19992,DIPUTADOS DISTRITALES,22,2,2,0,1,3,278,280,230,228,2,4,0,0,14,2,14,2,1,3,8,60,78,0,10,2,6,17,2,3,2
1,9,0,400,400,21,https://resultados2019.blob.core.windows.net/201901/198203.jpg,OK,0,1,JALAPA,JALAPA,19820,DIPUTADOS DISTRITALES,20,2,2,0,1,3,201,201,172,172,0,17,1,0,7,4,6,4,2,9,7,38,34,2,10,2,11,12,1,4,1
1,19,0,400,400,21,https://resultados2019.blob.core.windows.net/201901/198263.jpg,OK,0,1,JALAPA,JALAPA,19826,DIPUTADOS DISTRITALES,33,2,2,0,1,3,258,258,206,206,2,25,0,0,14,3,4,2,0,7,7,40,58,3,4,1,15,8,3,9,1
1,59,0,380,381,21,https://resultados2019.blob.core.windows.net/201901/200743.jpg,OK,0,3,JALAPA,SAN LUIS JILOTEPEQUE,20074,DIPUTADOS DISTRITALES,19,2,2,0,1,3,272,272,194,194,1,13,2,1,2,0,43,0,1,2,0,15,87,0,1,3,3,12,1,5,2
1,57,0,400,400,21,https://resultados2019.blob.core.windows.net/201901/201603.jpg,OK,0,6,JALAPA,MONJAS,20160,DIPUTADOS DISTRITALES,21,2,2,0,1,3,291,291,213,213,2,33,0,1,12,1,1,7,1,7,2,36,62,1,1,1,19,17,1,8,0
1,26,0,260,260,21,https://resultados2019.blob.core.windows.net/201901/200093.jpg,OK,0,2,JALAPA,SAN PEDRO PINULA,20009,DIPUTADOS DISTRITALES,19,2,2,0,1,3,149,149,104,104,1,1,2,0,6,0,20,1,2,1,0,27,34,0,3,1,0,4,0,1,0
1,53,0,400,400,21,https://resultados2019.blob.core.windows.net/201901/201443.jpg,OK,0,6,JALAPA,MONJAS,20144,DIPUTADOS DISTRITALES,18,2,2,0,1,3,317,317,246,246,4,22,0,1,21,4,0,14,0,4,3,43,70,2,2,3,18,19,1,15,0
