ACTACUADRA,BLANCOS,CNTIMPUGNA,CNTINSCRITOS,CNTPAPELETAS,DEP,IMGSRC,IMGSTATUS,INVALIDOS,MUN,NDEP,NMUN,NROMESA,NTE,NULOS,STACTA,STESCAN,STFISIC,STTRANS,TIPOELECCION,TOTALACTA,TOTALVOTOS,VOTOSVALIDOS,VOTOSVALIDOSACTA,voto_BIEN,voto_CREO,voto_FCN-NACION,voto_FUERZA,voto_MLP,voto_PAN,voto_PC,voto_PHG,voto_TODOS,voto_UCN,voto_UNE,voto_UNIDOS,voto_UNIONISTA,voto_VALOR,voto_VAMOS,voto_VICTORIA
1,25,0,400,400,4,https://resultados2019.blob.core.windows.net/201901/060183.jpg,OK,0,2,EL PROGRESO,MORAZÁN,6018,DIPUTADOS DISTRITALES,8,2,2,0,1,3,303,303,270,270,35,9,12,9,0,3,2,8,60,2,110,4,3,3,7,3
1,14,0,380,382,4,https://resultados2019.blob.core.windows.net/201901/062353.jpg,OK,0,8,EL PROGRESO,SAN ANTONIO LA PAZ,6235,DIPUTADOS DISTRITALES,16,2,2,0,1,3,237,237,207,207,9,7,3,12,2,11,1,11,7,1,99,0,6,11,25,2
1,53,0,400,402,4,https://resultados2019.blob.core.windows.net/201901/060333.jpg,OK,0,3,EL PROGRESO,SAN AGUSTÍN ACASAGUASTLÁN,6033,DIPUTADOS DISTRITALES,25,2,2,0,1,3,307,307,229,229,21,47,11,14,4,9,1,28,13,4,39,10,4,13,8,3
1,19,0,380,380,4,https://resultados2019.blob.core.windows.net/201901/062093.jpg,OK,0,7,EL PROGRESO,SANARATE,6209,DIPUTADOS DISTRITALES,29,2,2,0,1,3,260,260,212,212,9,3,41,7,0,3,4,1,5,25,102,3,1,1,5,2
1,58,0,380,380,4,https://resultados2019.blob.core.windows.net/201901/060583.jpg,OK,136,3,EL PROGRESO,SAN AGUSTÍN ACASAGUASTLÁN,6058,DIPUTADOS DISTRITALES,17,2,2,0,1,3,244,244,169,169,9,36,9,29,0,7,0,4,1,2,56,0,3,3,7,3
1,18,0,400,402,4,https://resultados2019.blob.core.windows.net/201901/061143.jpg,OK,0,5,EL PROGRESO,EL JÍCARO,6114,DIPUTADOS DISTRITALES,12,2,2,0,1,3,282,282,252,252,12,20,4,9,0,6,67,0,18,16,56,3,7,10,22,2
1,16,0,400,400,4,https://resultados2019.blob.core.windows.net/201901/061403.jpg,OK,0,6,EL PROGRESO,SANSARE,6140,DIPUTADOS DISTRITALES,13,2,2,0,1,3,278,278,249,249,7,4,8,1,21,4,1,7,84,2,87,1,0,7,14,1
1,16,0,400,397,4,https://resultados2019.blob.core.windows.net/201901/061783.jpg,OK,0,7,EL PROGRESO,SANARATE,6178,DIPUTADOS DISTRITALES,14,2,2,0,1,3,269,269,239,239,23,15,43,4,0,2,1,2,7,30,94,0,2,5,9,2
1,11,0,400,400,4,https://resultados2019.blob.core.windows.net/201901/061383.jpg,OK,0,6,EL PROGRESO,SANSARE,6138,DIPUTADOS DISTRITALES,12,2,2,0,1,3,281,281,258,258,4,2,2,3,22,2,0,8,93,4,108,1,1,4,4,0
1,16,0,400,403,4,https://resultados2019.blob.core.windows.net/201901/061373.jpg,OK,0,6,EL PROGRESO,SANSARE,6137,DIPUTADOS DISTRITALES,9,2,2,0,1,3,286,286,261,261,7,3,6,4,31,2,1,4,88,4,96,0,1,9,4,1
1,11,0,237,237,4,https://resultados2019.blob.core.windows.net/201901/062053.jpg,OK,0,7,EL PROGRESO,SANARATE,6205,DIPUTADOS DISTRITALES,6,2,2,0,1,3,141,141,124,124,3,3,31,6,1,3,0,0,7,20,46,0,0,0,3,1
1,7,0,237,237,4,https://resultados2019.blob.core.windows.net/201901/062063.jpg,OK,0,7,EL PROGRESO,SANARATE,6206,DIPUTADOS DISTRITALES,4,2,2,0,1,3,155,155,144,144,7,0,30,3,0,3,0,4,5,27,44,0,2,16,2,1
1,33,0,380,380,4,https://resultados2019.blob.core.windows.net/201901/060763.jpg,OK,0,3,EL PROGRESO,SAN AGUSTÍN ACASAGUASTLÁN,6076,DIPUTADOS DISTRITALES,17,2,2,0,1,3,260,260,210,210,30,55,25,7,0,4,1,20,0,7,34,5,2,14,6,0
1,22,0,400,402,4,https://resultados2019.blob.core.windows.net/201901/059763.jpg,OK,0,1,EL PROGRESO,GUASTATOYA,5976,DIPUTADOS DISTRITALES,21,2,2,0,1,3,265,265,222,222,67,21,6,16,0,3,0,10,3,4,51,8,1,23,8,1
1,10,0,354,354,4,https://resultados2019.blob.core.windows.net/201901/062113.jpg,OK,0,7,EL PROGRESO,SANARATE,6211,DIPUTADOS DISTRITALES,16,2,2,0,1,3,198,198,172,172,6,6,36,3,1,0,0,1,5,21,83,1,3,1,3,2
1,18,0,400,400,4,https://resultados2019.blob.core.windows.net/201901/059793.jpg,OK,0,1,EL PROGRESO,GUASTATOYA,5979,DIPUTADOS DISTRITALES,16,2,2,0,1,3,261,261,227,227,50,31,2,11,2,5,0,8,4,3,65,9,2,19,15,1
1,8,0,400,400,4,https://resultados2019.blob.core.windows.net/201901/061623.jpg,OK,0,7,EL PROGRESO,SANARATE,6162,DIPUTADOS DISTRITALES,23,2,2,0,1,3,283,283,252,252,9,17,44,0,6,5,1,8,6,47,92,0,3,9,3,2
1,10,0,400,400,4,https://resultados2019.blob.core.windows.net/201901/062283.jpg,OK,0,8,EL PROGRESO,SAN ANTONIO LA PAZ,6228,DIPUTADOS DISTRITALES,15,2,2,0,1,3,236,236,211,211,34,13,3,12,5,1,0,19,4,1,29,1,8,8,69,4
1,97,0,380,380,4,https://resultados2019.blob.core.windows.net/201901/060623.jpg,OK,0,3,EL PROGRESO,SAN AGUSTÍN ACASAGUASTLÁN,6062,DIPUTADOS DISTRITALES,11,2,2,0,1,3,271,271,163,163,7,28,3,25,0,7,0,4,4,1,76,1,0,1,4,2
1,11,0,400,400,4,https://resultados2019.blob.core.windows.net/201901/060893.jpg,OK,0,4,EL PROGRESO,SAN CRISTÓBAL ACASAGUASTLÁN,6089,DIPUTADOS DISTRITALES,21,2,2,0,1,3,271,271,239,239,43,36,9,9,4,1,0,5,22,3,45,34,1,9,17,1
0,10,0,197,197,4,https://resultados2019.blob.core.windows.net/201901/060813.jpg,OK,0,3,EL PROGRESO,SAN AGUSTÍN ACASAGUASTLÁN,6081,DIPUTADOS DISTRITALES,3,2,2,0,1,3,137,136,123,124,17,46,10,2,1,2,0,13,2,1,18,1,0,6,4,0
1,5,0,400,400,4,https://resultados2019.blob.core.windows.net/201901/059653.jpg,OK,0,1,EL PROGRESO,GUASTATOYA,5965,DIPUTADOS DISTRITALES,9,2,2,0,1,3,282,282,268,268,45,22,15,4,4,7,1,11,7,4,68,14,3,45,16,2
1,22,0,400,400,4,https://resultados2019.blob.core.windows.net/201901/061293.jpg,OK,0,6,EL PROGRESO,SANSARE,6129,DIPUTADOS DISTRITALES,17,2,2,0,1,3,315,315,276,276,3,3,10,11,16,3,0,5,98,3,106,2,1,7,8,0
1,13,0,266,266,4,https://resultados2019.blob.core.windows.net/201901/060993.jpg,OK,0,4,EL PROGRESO,SAN CRISTÓBAL ACASAGUASTLÁN,6099,DIPUTADOS DISTRITALES,6,2,2,0,1,3,210,210,191,191,10,86,9,19,1,2,0,6,5,4,28,10,0,5,6,0
1,68,0,400,400,4,https://resultados2019.blob.core.windows.net/201901/060253.jpg,OK,0,3,EL PROGRESO,SAN AGUSTÍN ACASAGUASTLÁN,6025,DIPUTADOS DISTRITALES,26,2,2,0,1,3,301,301,207,207,24,33,5,17,3,5,0,27,11,4,60,2,2,6,4,4
1,32,0,380,380,4,https://resultados2019.blob.core.windows.net/201901/061203.jpg,OK,53,5,EL PROGRESO,EL JÍCARO,6120,DIPUTADOS DISTRITALES,21,2,2,0,1,3,287,287,234,234,10,71,0,4,0,3,38,4,1,7,54,2,2,9,29,0
1,14,0,400,400,4,https://resultados2019.blob.core.windows.net/201901/060973.jpg,OK,3,4,EL PROGRESO,SAN CRISTÓBAL ACASAGUASTLÁN,6097,DIPUTADOS DISTRITALES,4,2,2,0,1,3,261,261,243,243,10,106,7,37,0,0,2,4,6,6,30,23,2,2,8,0
1,25,0,380,377,4,https://resultados2019.blob.core.windows.net/201901/060743.jpg,OK,0,3,EL PROGRESO,SAN AGUSTÍN ACASAGUASTLÁN,6074,DIPUTADOS DISTRITALES,21,2,2,0,1,3,282,282,236,236,35,76,18,1,1,9,1,16,7,5,30,7,4,11,11,4
1,46,0,400,400,4,https://resultados2019.blob.core.windows.net/201901/061063.jpg,OK,0,5,EL PROGRESO,EL JÍCARO,6106,DIPUTADOS DISTRITALES,20,2,2,0,1,3,283,283,217,217,12,17,2,6,3,1,56,4,5,12,47,3,1,8,37,3
1,40,0,400,400,4,https://resultados2019.blob.core.windows.net/201901/060073.jpg,OK,0,2,EL PROGRESO,MORAZÁN,6007,DIPUTADOS DISTRITALES,14,2,2,0,1,3,311,311,257,257,23,12,4,7,1,3,1,6,67,2,111,6,1,6,5,2
1,16,0,380,379,4,https://resultados2019.blob.core.windows.net/201901/062023.jpg,OK,0,7,EL PROGRESO,SANARATE,6202,DIPUTADOS DISTRITALES,22,2,2,0,1,3,283,283,245,245,15,6,73,10,4,3,0,1,11,31,79,1,0,5,3,3
1,48,0,380,380,4,https://resultados2019.blob.core.windows.net/201901/060633.jpg,OK,0,3,EL PROGRESO,SAN AGUSTÍN ACASAGUASTLÁN,6063,DIPUTADOS DISTRITALES,10,2,2,0,1,3,220,220,162,162,5,30,7,25,0,9,1,7,3,1,68,1,0,0,4,1
1,10,0,400,400,4,https://resultados2019.blob.core.windows.net/201901/061723.jpg,OK,0,7,EL PROGRESO,SANARATE,6172,DIPUTADOS DISTRITALES,17,2,2,0,1,3,268,268,241,241,5,20,39,1,8,3,0,7,7,47,88,1,2,10,3,0
1,15,0,400,400,4,https://resultados2019.blob.core.windows.net/201901/062273.jpg,OK,0,8,EL PROGRESO,SAN ANTONIO LA PAZ,6227,DIPUTADOS DISTRITALES,13,2,2,0,1,3,209,209,181,181,38,13,1,15,4,3,0,18,7,1,32,3,5,3,37,1
1,50,0,380,0,4,https://resultados2019.blob.core.windows.net/201901/060673.jpg,OK,0,3,EL PROGRESO,SAN AGUSTÍN ACASAGUASTLÁN,6067,DIPUTADOS DISTRITALES,10,2,2,0,1,3,194,194,134,134,7,36,8,18,0,11,0,3,3,1,41,1,1,1,2,1
1,6,0,331,331,4,https://resultados2019.blob.core.windows.net/201901/059863.jpg,OK,0,1,EL PROGRESO,GUASTATOYA,5986,DIPUTADOS DISTRITALES,7,2,2,0,1,3,215,215,202,202,52,17,6,2,0,3,0,9,5,4,66,2,1,23,10,2
1,12,0,380,400,4,https://resultados2019.blob.core.windows.net/201901/062343.jpg,OK,0,8,EL PROGRESO,SAN ANTONIO LA PAZ,6234,DIPUTADOS DISTRITALES,11,2,2,0,1,3,243,243,220,220,16,5,8,8,0,12,1,9,8,3,99,0,9,10,31,1
1,18,0,380,380,4,https://resultados2019.blob.core.windows.net/201901/062033.jpg,OK,0,7,EL PROGRESO,SANARATE,6203,DIPUTADOS DISTRITALES,15,2,2,0,1,3,253,253,220,220,18,4,50,10,4,0,1,2,5,28,82,0,1,3,4,8
1,8,0,380,380,4,https://resultados2019.blob.core.windows.net/201901/062103.jpg,OK,0,7,EL PROGRESO,SANARATE,6210,DIPUTADOS DISTRITALES,20,2,2,0,1,3,240,240,212,212,12,4,32,7,3,2,0,0,6,25,120,1,0,0,0,0
1,8,0,348,348,4,https://resultados2019.blob.core.windows.net/201901/061443.jpg,OK,65,6,EL PROGRESO,SANSARE,6144,DIPUTADOS DISTRITALES,9,2,2,0,1,3,283,283,266,266,5,2,8,7,22,2,1,8,91,3,98,2,0,6,11,0
1,18,0,400,398,4,https://resultados2019.blob.core.windows.net/201901/061813.jpg,OK,89,7,EL PROGRESO,SANARATE,6181,DIPUTADOS DISTRITALES,17,2,2,0,1,3,309,309,274,274,7,6,54,9,5,7,0,3,13,34,126,1,1,3,3,2
1,13,0,400,400,4,https://resultados2019.blob.core.windows.net/201901/061153.jpg,OK,0,5,EL PROGRESO,EL JÍCARO,6115,DIPUTADOS DISTRITALES,12,2,2,0,1,3,305,305,280,280,7,23,13,18,3,1,85,9,12,20,36,4,1,8,35,5
1,13,0,400,400,4,https://resultados2019.blob.core.windows.net/201901/061423.jpg,OK,0,6,EL PROGRESO,SANSARE,6142,DIPUTADOS DISTRITALES,5,2,2,0,1,3,254,254,236,236,4,1,4,4,22,0,1,4,85,7,85,2,5,5,6,1
1,67,0,400,400,4,https://resultados2019.blob.core.windows.net/201901/060273.jpg,OK,12,3,EL PROGRESO,SAN AGUSTÍN ACASAGUASTLÁN,6027,DIPUTADOS DISTRITALES,5,2,2,0,1,3,305,305,233,233,19,41,10,23,0,19,0,37,8,1,50,2,0,12,8,3
1,36,0,400,402,4,https://resultados2019.blob.core.windows.net/201901/060013.jpg,OK,0,2,EL PROGRESO,MORAZÁN,6001,DIPUTADOS DISTRITALES,28,2,2,0,1,3,254,254,190,190,18,8,3,3,0,5,1,6,55,2,71,3,1,3,9,2
1,20,0,380,403,4,https://resultados2019.blob.core.windows.net/201901/062363.jpg,OK,0,8,EL PROGRESO,SAN ANTONIO LA PAZ,6236,DIPUTADOS DISTRITALES,17,2,2,0,1,3,236,236,199,199,10,6,5,6,5,6,1,7,6,5,102,0,3,9,25,3
1,16,0,308,308,4,https://resultados2019.blob.core.windows.net/201901/060903.jpg,OK,0,4,EL PROGRESO,SAN CRISTÓBAL ACASAGUASTLÁN,6090,DIPUTADOS DISTRITALES,11,2,2,0,1,3,202,202,175,175,30,27,8,2,2,3,1,4,11,4,36,23,1,8,15,0
1,8,0,377,377,4,https://resultados2019.blob.core.windows.net/201901/061983.jpg,OK,0,7,EL PROGRESO,SANARATE,6198,DIPUTADOS DISTRITALES,14,2,2,0,1,3,282,282,260,260,84,5,45,2,2,3,0,5,5,12,75,0,1,15,3,3
1,19,0,400,380,4,https://resultados2019.blob.core.windows.net/201901/062263.jpg,OK,0,8,EL PROGRESO,SAN ANTONIO LA PAZ,6226,DIPUTADOS DISTRITALES,21,2,2,0,1,3,241,241,201,201,31,15,5,11,0,6,0,23,9,3,34,2,9,8,45,0
1,14,0,240,240,4,https://resultados2019.blob.core.windows.net/201901/062303.jpg,OK,0,8,EL PROGRESO,SAN ANTONIO LA PAZ,6230,DIPUTADOS DISTRITALES,8,2,2,0,1,3,130,130,108,108,17,10,4,4,1,2,0,11,2,1,17,1,3,0,32,3
1,24,0,400,402,4,https://resultados2019.blob.core.windows.net/201901/061093.jpg,OK,0,5,EL PROGRESO,EL JÍCARO,6109,DIPUTADOS DISTRITALES,18,2,2,0,1,3,293,293,251,251,11,7,8,4,2,3,65,5,13,22,54,8,1,6,38,4
1,13,0,400,400,4,https://resultados2019.blob.core.windows.net/201901/059493.jpg,OK,0,1,EL PROGRESO,GUASTATOYA,5949,DIPUTADOS DISTRITALES,11,2,2,0,1,3,283,283,259,259,61,15,12,4,4,4,0,13,3,4,61,23,3,35,16,1
1,16,0,400,402,4,https://resultados2019.blob.core.windows.net/201901/061913.jpg,OK,0,7,EL PROGRESO,SANARATE,6191,DIPUTADOS DISTRITALES,12,2,2,0,1,3,245,245,217,217,14,14,34,7,2,3,2,2,9,42,69,1,1,10,3,4
1,8,0,400,390,4,https://resultados2019.blob.core.windows.net/201901/061873.jpg,OK,0,7,EL PROGRESO,SANARATE,6187,DIPUTADOS DISTRITALES,14,2,2,0,1,3,268,268,246,246,21,9,38,12,3,3,2,5,13,31,98,0,1,4,5,1
1,21,0,400,400,4,https://resultados2019.blob.core.windows.net/201901/062223.jpg,OK,0,8,EL PROGRESO,SAN ANTONIO LA PAZ,6222,DIPUTADOS DISTRITALES,16,2,2,0,1,3,294,294,257,257,38,15,9,17,6,5,1,14,13,4,40,0,7,8,79,1
1,22,0,400,400,4,https://resultados2019.blob.core.windows.net/201901/062183.jpg,OK,0,8,EL PROGRESO,SAN ANTONIO LA PAZ,6218,DIPUTADOS DISTRITALES,28,2,2,0,1,3,254,254,204,204,40,16,4,15,3,4,0,20,2,3,31,2,1,4,58,1
1,12,0,400,400,4,https://resultados2019.blob.core.windows.net/201901/062233.jpg,OK,0,8,EL PROGRESO,SAN ANTONIO LA PAZ,6223,DIPUTADOS DISTRITALES,17,2,2,0,1,3,249,249,220,220,29,19,9,13,7,3,0,12,6,1,49,0,5,5,62,0
1,17,0,400,400,4,https://resultados2019.blob.core.windows.net/201901/061653.jpg,OK,0,7,EL PROGRESO,SANARATE,6165,DIPUTADOS DISTRITALES,19,2,2,0,1,3,295,295,259,259,13,19,58,2,6,4,1,6,10,55,69,1,0,4,10,1
1,16,0,400,398,4,https://resultados2019.blob.core.windows.net/201901/061833.jpg,OK,0,7,EL PROGRESO,SANARATE,6183,DIPUTADOS DISTRITALES,26,2,2,0,1,3,316,316,274,274,10,11,47,9,4,3,3,5,7,32,128,0,0,6,8,1
1,12,1,400,398,4,https://resultados2019.blob.core.windows.net/201901/061563.jpg,OK,0,7,EL PROGRESO,SANARATE,6156,DIPUTADOS DISTRITALES,26,2,2,0,1,3,291,291,253,253,15,12,41,2,3,4,0,5,16,44,100,0,0,7,4,0
1,27,0,400,401,4,https://resultados2019.blob.core.windows.net/201901/060883.jpg,OK,0,4,EL PROGRESO,SAN CRISTÓBAL ACASAGUASTLÁN,6088,DIPUTADOS DISTRITALES,14,2,2,0,1,3,317,317,276,276,50,40,8,11,2,1,2,0,13,1,54,47,2,14,30,1
1,4,0,241,241,4,https://resultados2019.blob.core.windows.net/201901/062293.jpg,OK,0,8,EL PROGRESO,SAN ANTONIO LA PAZ,6229,DIPUTADOS DISTRITALES,3,2,2,0,1,3,168,168,161,161,19,6,8,17,0,1,0,14,9,2,21,0,9,6,49,0
1,9,0,400,398,4,https://resultados2019.blob.core.windows.net/201901/061923.jpg,OK,0,7,EL PROGRESO,SANARATE,6192,DIPUTADOS DISTRITALES,12,2,2,0,1,3,285,285,264,264,17,9,57,4,4,3,2,11,11,28,105,0,2,6,2,3
1,33,0,400,403,4,https://resultados2019.blob.core.windows.net/201901/060293.jpg,OK,0,3,EL PROGRESO,SAN AGUSTÍN ACASAGUASTLÁN,6029,DIPUTADOS DISTRITALES,14,2,2,0,1,3,270,270,223,223,25,42,8,20,2,19,0,25,9,7,39,4,2,12,4,5
1,31,0,380,380,4,https://resultados2019.blob.core.windows.net/201901/062333.jpg,OK,0,8,EL PROGRESO,SAN ANTONIO LA PAZ,6233,DIPUTADOS DISTRITALES,13,2,2,0,1,3,257,257,213,213,13,11,3,6,1,4,2,7,11,3,110,0,5,7,28,2
1,24,0,400,400,4,https://resultados2019.blob.core.windows.net/201901/061103.jpg,OK,0,5,EL PROGRESO,EL JÍCARO,6110,DIPUTADOS DISTRITALES,19,2,2,0,1,3,276,276,233,233,14,19,4,6,5,2,71,4,14,17,32,13,1,6,25,0
1,18,0,332,332,4,https://resultados2019.blob.core.windows.net/201901/061223.jpg,OK,0,5,EL PROGRESO,EL JÍCARO,6122,DIPUTADOS DISTRITALES,9,2,2,0,1,3,223,223,196,196,14,57,3,5,1,0,44,4,4,6,42,0,1,3,11,1
1,38,0,380,380,4,https://resultados2019.blob.core.windows.net/201901/060713.jpg,OK,0,3,EL PROGRESO,SAN AGUSTÍN ACASAGUASTLÁN,6071,DIPUTADOS DISTRITALES,22,2,2,0,1,3,251,251,191,191,19,52,15,5,1,6,1,22,6,0,34,5,1,9,11,4
1,10,0,357,357,4,https://resultados2019.blob.core.windows.net/201901/060213.jpg,OK,0,2,EL PROGRESO,MORAZÁN,6021,DIPUTADOS DISTRITALES,9,2,2,0,1,3,78,78,59,59,5,5,0,0,0,1,0,3,15,0,25,0,1,1,3,0
1,23,0,400,400,4,https://resultados2019.blob.core.windows.net/201901/061343.jpg,OK,0,6,EL PROGRESO,SANSARE,6134,DIPUTADOS DISTRITALES,12,2,2,0,1,3,335,335,300,300,3,4,5,2,29,0,2,1,121,1,116,0,0,9,5,2
1,10,0,400,401,4,https://resultados2019.blob.core.windows.net/201901/059623.jpg,OK,0,1,EL PROGRESO,GUASTATOYA,5962,DIPUTADOS DISTRITALES,28,2,2,0,1,3,279,279,241,241,47,23,9,4,1,7,1,8,8,4,55,15,2,38,18,1
1,25,0,380,380,4,https://resultados2019.blob.core.windows.net/201901/060483.jpg,OK,0,3,EL PROGRESO,SAN AGUSTÍN ACASAGUASTLÁN,6048,DIPUTADOS DISTRITALES,17,2,2,0,1,3,300,300,258,258,15,39,16,9,2,2,3,77,7,31,19,7,0,6,3,22
1,30,0,380,380,4,https://resultados2019.blob.core.windows.net/201901/060703.jpg,OK,0,3,EL PROGRESO,SAN AGUSTÍN ACASAGUASTLÁN,6070,DIPUTADOS DISTRITALES,21,2,2,0,1,3,249,249,198,198,16,54,25,4,1,7,2,17,6,3,39,5,1,8,7,3
1,31,0,380,380,4,https://resultados2019.blob.core.windows.net/201901/062413.jpg,OK,0,8,EL PROGRESO,SAN ANTONIO LA PAZ,6241,DIPUTADOS DISTRITALES,35,2,2,0,1,3,279,279,213,213,19,10,3,7,9,8,1,11,7,4,74,0,3,9,44,4
1,8,0,319,319,4,https://resultados2019.blob.core.windows.net/201901/059953.jpg,OK,0,1,EL PROGRESO,GUASTATOYA,5995,DIPUTADOS DISTRITALES,12,2,2,0,1,3,236,236,216,216,74,11,9,3,0,2,0,4,4,3,68,5,0,21,11,1
0,5,0,400,400,4,https://resultados2019.blob.core.windows.net/201901/061733.jpg,OK,0,7,EL PROGRESO,SANARATE,6173,DIPUTADOS DISTRITALES,16,2,2,0,1,3,290,290,269,290,16,18,39,2,6,4,1,7,15,57,91,0,2,9,1,1
1,9,0,224,224,4,https://resultados2019.blob.core.windows.net/201901/060193.jpg,OK,0,2,EL PROGRESO,MORAZÁN,6019,DIPUTADOS DISTRITALES,2,2,2,0,1,3,184,184,173,173,23,10,5,4,0,1,0,3,47,1,61,5,1,6,4,2
1,8,0,377,377,4,https://resultados2019.blob.core.windows.net/201901/061993.jpg,OK,0,7,EL PROGRESO,SANARATE,6199,DIPUTADOS DISTRITALES,13,2,2,0,1,3,269,269,248,248,100,5,36,1,1,2,0,6,10,7,62,0,1,12,3,2
1,15,0,400,400,4,https://resultados2019.blob.core.windows.net/201901/060143.jpg,OK,0,2,EL PROGRESO,MORAZÁN,6014,DIPUTADOS DISTRITALES,11,2,2,0,1,3,254,254,228,228,32,11,2,2,2,2,0,11,60,1,91,0,1,6,7,0
1,18,0,400,398,4,https://resultados2019.blob.core.windows.net/201901/061283.jpg,OK,0,6,EL PROGRESO,SANSARE,6128,DIPUTADOS DISTRITALES,21,2,2,0,1,3,307,307,268,268,6,1,6,8,11,2,3,3,112,3,100,1,0,3,8,1
1,38,0,400,400,4,https://resultados2019.blob.core.windows.net/201901/061053.jpg,OK,0,5,EL PROGRESO,EL JÍCARO,6105,DIPUTADOS DISTRITALES,23,2,2,0,1,3,299,299,238,238,8,15,3,17,4,7,65,0,8,8,53,6,1,5,36,2
1,32,0,380,380,4,https://resultados2019.blob.core.windows.net/201901/061193.jpg,OK,0,5,EL PROGRESO,EL JÍCARO,6119,DIPUTADOS DISTRITALES,12,2,2,0,1,3,273,273,229,229,9,71,4,7,1,1,40,4,3,6,53,1,1,5,21,2
1,21,0,380,377,4,https://resultados2019.blob.core.windows.net/201901/060463.jpg,OK,0,3,EL PROGRESO,SAN AGUSTÍN ACASAGUASTLÁN,6046,DIPUTADOS DISTRITALES,21,2,2,0,1,3,303,303,261,261,23,55,16,8,1,2,3,54,3,33,33,1,1,5,5,18
1,25,0,400,400,4,https://resultados2019.blob.core.windows.net/201901/061133.jpg,OK,0,5,EL PROGRESO,EL JÍCARO,6113,DIPUTADOS DISTRITALES,17,2,2,0,1,3,271,271,229,229,6,18,7,6,2,3,56,7,9,15,45,10,2,2,40,1
1,74,1,400,400,4,https://resultados2019.blob.core.windows.net/201901/061743.jpg,OK,0,7,EL PROGRESO,SANARATE,6174,DIPUTADOS DISTRITALES,16,2,2,0,1,3,400,400,310,310,13,18,44,3,6,3,0,7,17,71,108,4,1,10,5,0
1,7,0,334,334,4,https://resultados2019.blob.core.windows.net/201901/061243.jpg,OK,0,5,EL PROGRESO,EL JÍCARO,6124,DIPUTADOS DISTRITALES,6,2,2,0,1,3,87,87,74,74,2,14,1,1,2,2,13,4,3,3,16,3,1,2,6,1
1,12,0,196,196,4,https://resultados2019.blob.core.windows.net/201901/060823.jpg,OK,0,3,EL PROGRESO,SAN AGUSTÍN ACASAGUASTLÁN,6082,DIPUTADOS DISTRITALES,5,2,2,0,1,3,117,117,100,100,13,32,10,1,0,3,0,10,3,3,9,5,0,5,3,3
1,10,0,400,400,4,https://resultados2019.blob.core.windows.net/201901/061663.jpg,OK,0,7,EL PROGRESO,SANARATE,6166,DIPUTADOS DISTRITALES,25,2,2,0,1,3,288,288,253,253,11,19,41,2,7,6,0,8,10,60,75,2,1,8,3,0
1,19,0,400,396,4,https://resultados2019.blob.core.windows.net/201901/061793.jpg,OK,0,7,EL PROGRESO,SANARATE,6179,DIPUTADOS DISTRITALES,14,2,2,0,1,3,297,297,264,264,20,12,54,4,0,2,1,6,9,38,107,1,1,6,2,1
1,22,0,400,399,4,https://resultados2019.blob.core.windows.net/201901/059523.jpg,OK,0,1,EL PROGRESO,GUASTATOYA,5952,DIPUTADOS DISTRITALES,33,2,2,0,1,3,310,310,255,255,47,33,13,3,2,2,0,17,9,2,61,16,0,34,14,2
1,14,0,380,380,4,https://resultados2019.blob.core.windows.net/201901/059923.jpg,OK,0,1,EL PROGRESO,GUASTATOYA,5992,DIPUTADOS DISTRITALES,14,2,2,0,1,3,269,269,241,241,71,20,9,3,1,10,2,2,6,1,82,2,1,23,8,0
1,45,0,400,403,4,https://resultados2019.blob.core.windows.net/201901/060313.jpg,OK,0,3,EL PROGRESO,SAN AGUSTÍN ACASAGUASTLÁN,6031,DIPUTADOS DISTRITALES,26,2,2,0,1,3,274,274,203,203,28,38,6,12,3,14,1,29,4,1,31,6,1,19,5,5
1,14,0,400,401,4,https://resultados2019.blob.core.windows.net/201901/061413.jpg,OK,0,6,EL PROGRESO,SANSARE,6141,DIPUTADOS DISTRITALES,10,2,2,0,1,3,271,271,247,247,7,5,9,1,20,4,0,2,82,4,85,2,3,13,9,1
1,12,0,400,400,4,https://resultados2019.blob.core.windows.net/201901/061533.jpg,OK,0,7,EL PROGRESO,SANARATE,6153,DIPUTADOS DISTRITALES,22,2,2,0,1,3,291,291,257,257,9,15,46,1,9,8,1,6,14,55,86,0,1,4,2,0
1,14,0,400,400,4,https://resultados2019.blob.core.windows.net/201901/059633.jpg,OK,0,1,EL PROGRESO,GUASTATOYA,5963,DIPUTADOS DISTRITALES,17,2,2,0,1,3,260,260,229,229,51,26,7,5,1,11,0,9,8,2,62,9,1,27,10,0
1,5,0,400,401,4,https://resultados2019.blob.core.windows.net/201901/059833.jpg,OK,0,1,EL PROGRESO,GUASTATOYA,5983,DIPUTADOS DISTRITALES,6,2,2,0,1,3,253,253,242,242,70,30,9,6,2,7,2,7,5,4,66,2,4,18,9,1
1,34,0,380,380,4,https://resultados2019.blob.core.windows.net/201901/060443.jpg,OK,0,3,EL PROGRESO,SAN AGUSTÍN ACASAGUASTLÁN,6044,DIPUTADOS DISTRITALES,21,2,2,0,1,3,312,312,257,257,15,66,19,3,0,4,3,61,6,27,29,3,1,2,6,12
1,62,0,380,377,4,https://resultados2019.blob.core.windows.net/201901/060643.jpg,OK,0,3,EL PROGRESO,SAN AGUSTÍN ACASAGUASTLÁN,6064,DIPUTADOS DISTRITALES,7,2,2,0,1,3,207,207,138,138,9,20,9,16,1,11,1,8,4,2,53,0,1,1,1,1
1,24,0,400,400,4,https://resultados2019.blob.core.windows.net/201901/060923.jpg,OK,0,4,EL PROGRESO,SAN CRISTÓBAL ACASAGUASTLÁN,6092,DIPUTADOS DISTRITALES,14,2,2,0,1,3,275,275,237,237,12,94,5,22,0,4,1,4,2,1,65,16,0,2,6,3
1,6,0,400,400,4,https://resultados2019.blob.core.windows.net/201901/061543.jpg,OK,0,7,EL PROGRESO,SANARATE,6154,DIPUTADOS DISTRITALES,19,2,2,0,1,3,307,307,282,282,18,12,51,2,6,4,0,7,12,57,97,4,1,7,3,1
1,20,0,400,397,4,https://resultados2019.blob.core.windows.net/201901/060863.jpg,OK,0,4,EL PROGRESO,SAN CRISTÓBAL ACASAGUASTLÁN,6086,DIPUTADOS DISTRITALES,21,2,2,0,1,3,287,287,246,246,33,59,7,5,5,1,3,10,8,3,46,35,1,8,18,4
1,61,0,400,413,4,https://resultados2019.blob.core.windows.net/201901/060353.jpg,OK,0,3,EL PROGRESO,SAN AGUSTÍN ACASAGUASTLÁN,6035,DIPUTADOS DISTRITALES,18,2,2,0,1,3,266,266,187,187,19,31,7,12,2,11,3,24,8,2,48,4,0,5,8,3
1,41,0,380,380,4,https://resultados2019.blob.core.windows.net/201901/060573.jpg,OK,1,3,EL PROGRESO,SAN AGUSTÍN ACASAGUASTLÁN,6057,DIPUTADOS DISTRITALES,8,2,2,0,1,3,238,238,189,189,7,44,18,29,0,7,0,8,1,0,68,1,1,2,3,0
1,7,0,400,400,4,https://resultados2019.blob.core.windows.net/201901/059553.jpg,OK,0,1,EL PROGRESO,GUASTATOYA,5955,DIPUTADOS DISTRITALES,8,2,2,0,1,3,274,274,259,259,63,28,11,1,1,1,1,18,11,3,43,13,3,45,16,1
1,18,0,380,380,4,https://resultados2019.blob.core.windows.net/201901/062443.jpg,OK,0,8,EL PROGRESO,SAN ANTONIO LA PAZ,6244,DIPUTADOS DISTRITALES,21,2,2,0,1,3,243,243,204,204,12,13,8,10,8,8,1,11,4,6,49,0,6,11,55,2
1,12,0,600,600,4,https://resultados2019.blob.core.windows.net/201901/062133.jpg,OK,0,7,EL PROGRESO,SANARATE,6213,DIPUTADOS DISTRITALES,30,2,2,0,1,3,230,230,188,188,21,15,23,1,8,5,0,4,9,13,67,1,5,8,6,2
1,18,0,380,380,4,https://resultados2019.blob.core.windows.net/201901/060543.jpg,OK,0,3,EL PROGRESO,SAN AGUSTÍN ACASAGUASTLÁN,6054,DIPUTADOS DISTRITALES,11,2,2,0,1,3,278,278,249,249,15,51,17,11,2,3,2,70,5,40,9,5,1,3,2,13
1,47,0,380,380,4,https://resultados2019.blob.core.windows.net/201901/062433.jpg,OK,1,8,EL PROGRESO,SAN ANTONIO LA PAZ,6243,DIPUTADOS DISTRITALES,33,2,2,0,1,3,300,300,220,220,16,11,3,13,5,4,2,8,5,5,70,2,7,10,57,2
1,8,0,380,380,4,https://resultados2019.blob.core.windows.net/201901/061973.jpg,OK,0,7,EL PROGRESO,SANARATE,6197,DIPUTADOS DISTRITALES,13,2,2,0,1,3,291,291,270,270,105,3,45,3,1,1,0,4,4,12,75,2,2,10,0,3
1,12,0,282,282,4,https://resultados2019.blob.core.windows.net/201901/060563.jpg,OK,0,3,EL PROGRESO,SAN AGUSTÍN ACASAGUASTLÁN,6056,DIPUTADOS DISTRITALES,9,2,2,0,1,3,221,221,200,200,20,37,18,5,2,2,0,45,8,29,14,1,1,5,3,10
1,35,0,380,380,4,https://resultados2019.blob.core.windows.net/201901/061183.jpg,OK,0,5,EL PROGRESO,EL JÍCARO,6118,DIPUTADOS DISTRITALES,13,2,2,0,1,3,285,285,237,237,22,74,5,5,0,5,45,3,1,6,44,1,0,9,16,1
1,28,0,400,400,4,https://resultados2019.blob.core.windows.net/201901/061083.jpg,OK,0,5,EL PROGRESO,EL JÍCARO,6108,DIPUTADOS DISTRITALES,22,2,2,0,1,3,309,309,259,259,15,13,7,0,2,3,56,8,21,16,58,8,5,6,37,4
1,28,0,380,379,4,https://resultados2019.blob.core.windows.net/201901/060493.jpg,OK,0,3,EL PROGRESO,SAN AGUSTÍN ACASAGUASTLÁN,6049,DIPUTADOS DISTRITALES,14,2,2,0,1,3,293,293,251,251,26,62,13,2,0,4,3,54,5,25,23,3,3,2,7,19
1,33,0,380,379,4,https://resultados2019.blob.core.windows.net/201901/060453.jpg,OK,0,3,EL PROGRESO,SAN AGUSTÍN ACASAGUASTLÁN,6045,DIPUTADOS DISTRITALES,13,2,2,0,1,3,298,298,252,252,19,53,15,7,3,2,3,53,5,19,26,10,4,9,3,21
1,15,0,400,400,4,https://resultados2019.blob.core.windows.net/201901/061843.jpg,OK,3,7,EL PROGRESO,SANARATE,6184,DIPUTADOS DISTRITALES,31,2,2,0,1,3,280,280,234,234,15,10,47,8,3,7,2,4,9,28,96,0,0,2,1,2
1,18,0,400,400,4,https://resultados2019.blob.core.windows.net/201901/059613.jpg,OK,0,1,EL PROGRESO,GUASTATOYA,5961,DIPUTADOS DISTRITALES,10,2,2,0,1,3,272,272,244,244,41,25,11,1,0,10,3,12,7,3,53,16,1,32,27,2
1,16,0,400,400,4,https://resultados2019.blob.core.windows.net/201901/060173.jpg,OK,0,2,EL PROGRESO,MORAZÁN,6017,DIPUTADOS DISTRITALES,5,2,2,0,1,3,321,321,300,300,38,24,5,5,0,4,0,8,91,3,95,1,1,13,11,1
1,17,0,380,380,4,https://resultados2019.blob.core.windows.net/201901/060473.jpg,OK,1,3,EL PROGRESO,SAN AGUSTÍN ACASAGUASTLÁN,6047,DIPUTADOS DISTRITALES,17,2,2,0,1,3,252,252,218,218,21,48,14,8,0,3,2,50,4,21,22,5,0,4,2,14
1,13,0,400,404,4,https://resultados2019.blob.core.windows.net/201901/059693.jpg,OK,0,1,EL PROGRESO,GUASTATOYA,5969,DIPUTADOS DISTRITALES,13,2,2,0,1,3,279,279,253,253,69,27,8,10,0,9,3,7,4,2,82,7,3,16,5,1
1,17,0,380,380,4,https://resultados2019.blob.core.windows.net/201901/062453.jpg,OK,0,8,EL PROGRESO,SAN ANTONIO LA PAZ,6245,DIPUTADOS DISTRITALES,25,2,2,0,1,3,248,248,206,206,17,21,11,11,3,3,1,12,4,4,52,0,5,5,52,5
1,5,0,400,400,4,https://resultados2019.blob.core.windows.net/201901/061633.jpg,OK,0,7,EL PROGRESO,SANARATE,6163,DIPUTADOS DISTRITALES,2,2,2,0,1,3,274,274,267,267,7,22,42,1,3,6,0,5,14,60,92,0,2,9,3,1
1,15,0,400,398,4,https://resultados2019.blob.core.windows.net/201901/061853.jpg,OK,1,7,EL PROGRESO,SANARATE,6185,DIPUTADOS DISTRITALES,17,2,2,0,1,3,288,288,256,256,17,14,46,6,4,3,1,6,10,24,117,1,1,3,3,0
1,20,1,400,402,4,https://resultados2019.blob.core.windows.net/201901/059733.jpg,OK,0,1,EL PROGRESO,GUASTATOYA,5973,DIPUTADOS DISTRITALES,18,2,2,0,1,3,308,308,270,270,74,29,5,16,2,4,2,8,7,1,79,7,2,14,18,2
1,14,0,400,400,4,https://resultados2019.blob.core.windows.net/201901/059473.jpg,OK,0,1,EL PROGRESO,GUASTATOYA,5947,DIPUTADOS DISTRITALES,20,2,2,0,1,3,283,283,249,249,56,21,13,3,0,3,1,17,8,0,62,13,1,29,20,2
1,7,0,380,380,4,https://resultados2019.blob.core.windows.net/201901/061953.jpg,OK,0,7,EL PROGRESO,SANARATE,6195,DIPUTADOS DISTRITALES,16,2,2,0,1,3,290,290,267,267,94,5,35,2,4,4,0,6,5,10,90,1,2,6,2,1
1,31,0,380,380,4,https://resultados2019.blob.core.windows.net/201901/060773.jpg,OK,0,3,EL PROGRESO,SAN AGUSTÍN ACASAGUASTLÁN,6077,DIPUTADOS DISTRITALES,17,2,2,0,1,3,245,245,197,197,27,60,27,2,3,8,1,17,2,3,21,5,2,13,4,2
1,24,0,380,380,4,https://resultados2019.blob.core.windows.net/201901/059893.jpg,OK,0,1,EL PROGRESO,GUASTATOYA,5989,DIPUTADOS DISTRITALES,23,2,2,0,1,3,291,291,244,244,54,23,7,4,1,7,2,4,9,2,102,3,0,14,10,2
1,22,0,380,380,4,https://resultados2019.blob.core.windows.net/201901/062463.jpg,OK,0,8,EL PROGRESO,SAN ANTONIO LA PAZ,6246,DIPUTADOS DISTRITALES,17,2,2,0,1,3,248,248,209,209,21,10,7,10,6,8,0,16,5,7,43,1,6,14,52,3
1,57,0,380,380,4,https://resultados2019.blob.core.windows.net/201901/060663.jpg,OK,0,3,EL PROGRESO,SAN AGUSTÍN ACASAGUASTLÁN,6066,DIPUTADOS DISTRITALES,10,2,2,0,1,3,200,200,133,133,8,25,6,17,2,7,0,3,4,6,47,0,1,4,1,2
1,39,0,400,400,4,https://resultados2019.blob.core.windows.net/201901/060043.jpg,OK,0,2,EL PROGRESO,MORAZÁN,6004,DIPUTADOS DISTRITALES,18,2,2,0,1,3,285,285,228,228,24,12,3,3,0,5,1,3,54,2,100,4,0,3,12,2
1,22,0,380,380,4,https://resultados2019.blob.core.windows.net/201901/060533.jpg,OK,0,3,EL PROGRESO,SAN AGUSTÍN ACASAGUASTLÁN,6053,DIPUTADOS DISTRITALES,21,2,2,0,1,3,285,285,242,242,26,43,14,1,1,2,1,74,1,37,17,4,1,2,1,17
1,11,1,400,400,4,https://resultados2019.blob.core.windows.net/201901/061643.jpg,OK,0,7,EL PROGRESO,SANARATE,6164,DIPUTADOS DISTRITALES,27,2,2,0,1,3,277,277,239,239,8,13,41,0,6,6,0,0,8,49,89,0,0,6,8,5
1,18,0,400,400,4,https://resultados2019.blob.core.windows.net/201901/061703.jpg,OK,0,7,EL PROGRESO,SANARATE,6170,DIPUTADOS DISTRITALES,19,2,2,0,1,3,304,304,267,267,15,17,47,0,7,5,0,3,14,53,92,1,0,5,6,2
1,29,0,380,380,4,https://resultados2019.blob.core.windows.net/201901/060433.jpg,OK,0,3,EL PROGRESO,SAN AGUSTÍN ACASAGUASTLÁN,6043,DIPUTADOS DISTRITALES,22,2,2,0,1,3,301,301,250,250,15,64,11,13,2,3,3,60,3,25,25,4,0,4,7,11
1,15,0,380,380,4,https://resultados2019.blob.core.windows.net/201901/062043.jpg,OK,0,7,EL PROGRESO,SANARATE,6204,DIPUTADOS DISTRITALES,9,2,2,0,1,3,247,247,223,223,20,6,52,8,1,3,1,4,6,29,76,1,0,8,8,0
1,23,0,400,401,4,https://resultados2019.blob.core.windows.net/201901/060113.jpg,OK,0,2,EL PROGRESO,MORAZÁN,6011,DIPUTADOS DISTRITALES,11,2,2,0,1,3,334,334,300,300,30,24,10,9,1,2,0,14,91,0,96,3,3,5,9,3
1,30,0,380,381,4,https://resultados2019.blob.core.windows.net/201901/060523.jpg,OK,0,3,EL PROGRESO,SAN AGUSTÍN ACASAGUASTLÁN,6052,DIPUTADOS DISTRITALES,19,2,2,0,1,3,287,287,238,238,19,42,13,7,2,3,1,73,1,37,11,7,2,3,3,14
1,3,0,331,331,4,https://resultados2019.blob.core.windows.net/201901/062503.jpg,OK,0,8,EL PROGRESO,SAN ANTONIO LA PAZ,6250,DIPUTADOS DISTRITALES,4,2,2,0,1,3,55,55,48,48,9,2,3,2,0,2,0,3,1,0,9,0,1,3,13,0
1,9,0,597,597,4,https://resultados2019.blob.core.windows.net/201901/062143.jpg,OK,0,7,EL PROGRESO,SANARATE,6214,DIPUTADOS DISTRITALES,20,2,2,0,1,3,244,244,215,215,24,24,26,4,5,4,2,6,8,16,81,0,3,4,7,1
1,15,0,400,400,4,https://resultados2019.blob.core.windows.net/201901/059513.jpg,OK,0,1,EL PROGRESO,GUASTATOYA,5951,DIPUTADOS DISTRITALES,28,2,2,0,1,3,300,300,257,257,43,26,11,3,2,7,0,19,5,1,56,11,1,48,24,0
1,20,0,400,400,4,https://resultados2019.blob.core.windows.net/201901/060873.jpg,OK,0,4,EL PROGRESO,SAN CRISTÓBAL ACASAGUASTLÁN,6087,DIPUTADOS DISTRITALES,25,2,2,0,1,3,317,317,272,272,36,79,2,8,0,4,1,8,6,6,54,34,2,8,23,1
1,18,0,400,399,4,https://resultados2019.blob.core.windows.net/201901/059483.jpg,OK,0,1,EL PROGRESO,GUASTATOYA,5948,DIPUTADOS DISTRITALES,25,2,2,0,1,3,272,272,229,229,37,25,7,9,3,6,1,13,8,4,56,8,0,23,26,3
1,16,0,380,380,4,https://resultados2019.blob.core.windows.net/201901/062083.jpg,OK,0,7,EL PROGRESO,SANARATE,6208,DIPUTADOS DISTRITALES,18,2,2,0,1,3,230,230,196,196,7,3,39,3,1,2,2,0,6,12,108,3,1,1,3,5
1,46,0,400,400,4,https://resultados2019.blob.core.windows.net/201901/060283.jpg,OK,0,3,EL PROGRESO,SAN AGUSTÍN ACASAGUASTLÁN,6028,DIPUTADOS DISTRITALES,24,2,2,0,1,3,288,288,218,218,19,42,10,15,3,12,2,30,6,4,47,8,4,10,4,2
1,19,0,246,246,4,https://resultados2019.blob.core.windows.net/201901/062383.jpg,OK,0,8,EL PROGRESO,SAN ANTONIO LA PAZ,6238,DIPUTADOS DISTRITALES,8,2,2,0,1,3,160,160,133,133,7,6,2,7,0,5,1,7,5,2,65,1,2,4,18,1
1,7,0,508,508,4,https://resultados2019.blob.core.windows.net/201901/059973.jpg,OK,0,1,EL PROGRESO,GUASTATOYA,5997,DIPUTADOS DISTRITALES,14,2,2,0,1,3,134,134,113,113,22,16,2,3,0,6,0,5,4,0,17,10,2,13,13,0
1,10,0,400,400,4,https://resultados2019.blob.core.windows.net/201901/059563.jpg,OK,0,1,EL PROGRESO,GUASTATOYA,5956,DIPUTADOS DISTRITALES,25,2,2,0,1,3,288,288,253,253,45,23,12,4,0,5,0,14,8,6,70,16,0,27,20,3
1,27,0,400,399,4,https://resultados2019.blob.core.windows.net/201901/061043.jpg,OK,0,5,EL PROGRESO,EL JÍCARO,6104,DIPUTADOS DISTRITALES,14,2,2,0,1,3,273,273,232,232,11,17,4,7,2,4,66,2,1,13,58,3,0,3,37,4
1,39,0,380,380,4,https://resultados2019.blob.core.windows.net/201901/060733.jpg,OK,0,3,EL PROGRESO,SAN AGUSTÍN ACASAGUASTLÁN,6073,DIPUTADOS DISTRITALES,28,2,2,0,1,3,263,263,196,196,30,51,13,1,3,9,2,15,2,5,37,7,5,4,7,5
1,33,0,400,402,4,https://resultados2019.blob.core.windows.net/201901/060943.jpg,OK,0,4,EL PROGRESO,SAN CRISTÓBAL ACASAGUASTLÁN,6094,DIPUTADOS DISTRITALES,19,2,2,0,1,3,306,306,254,254,13,119,5,22,1,6,0,7,5,0,44,21,0,5,5,1
1,13,0,400,400,4,https://resultados2019.blob.core.windows.net/201901/061583.jpg,OK,0,7,EL PROGRESO,SANARATE,6158,DIPUTADOS DISTRITALES,19,2,2,0,1,3,314,314,282,282,16,20,58,0,9,7,0,3,10,47,103,1,1,3,2,2
1,29,0,380,380,4,https://resultados2019.blob.core.windows.net/201901/059913.jpg,OK,0,1,EL PROGRESO,GUASTATOYA,5991,DIPUTADOS DISTRITALES,14,2,2,0,1,3,299,299,256,256,59,25,5,6,1,3,1,9,5,3,101,3,0,15,19,1
1,10,0,400,400,4,https://resultados2019.blob.core.windows.net/201901/061593.jpg,OK,0,7,EL PROGRESO,SANARATE,6159,DIPUTADOS DISTRITALES,25,2,2,0,1,3,298,298,263,263,8,16,48,0,7,4,1,6,13,42,102,0,0,8,8,0
1,14,0,400,403,4,https://resultados2019.blob.core.windows.net/201901/061513.jpg,OK,0,7,EL PROGRESO,SANARATE,6151,DIPUTADOS DISTRITALES,21,2,2,0,1,3,300,300,265,265,11,8,60,2,8,8,0,6,5,61,88,3,0,1,4,0
1,17,0,400,403,4,https://resultados2019.blob.core.windows.net/201901/061903.jpg,OK,0,7,EL PROGRESO,SANARATE,6190,DIPUTADOS DISTRITALES,20,2,2,0,1,3,275,275,238,238,21,12,32,3,4,4,0,5,7,35,94,2,0,10,7,2
1,9,0,400,398,4,https://resultados2019.blob.core.windows.net/201901/059543.jpg,OK,0,1,EL PROGRESO,GUASTATOYA,5954,DIPUTADOS DISTRITALES,29,2,2,0,1,3,299,299,261,261,54,30,7,3,2,3,0,8,8,4,56,30,0,35,18,3
1,24,0,400,400,4,https://resultados2019.blob.core.windows.net/201901/060103.jpg,OK,0,2,EL PROGRESO,MORAZÁN,6010,DIPUTADOS DISTRITALES,23,2,2,0,1,3,343,343,296,296,36,17,5,3,0,2,1,7,81,1,122,2,1,9,8,1
1,17,0,400,400,4,https://resultados2019.blob.core.windows.net/201901/061613.jpg,OK,0,7,EL PROGRESO,SANARATE,6161,DIPUTADOS DISTRITALES,15,2,2,0,1,3,311,311,279,279,19,16,50,3,9,4,0,2,10,59,89,0,1,6,6,5
1,16,0,400,400,4,https://resultados2019.blob.core.windows.net/201901/061013.jpg,OK,0,5,EL PROGRESO,EL JÍCARO,6101,DIPUTADOS DISTRITALES,27,2,2,0,1,3,278,278,235,235,5,14,4,4,3,2,68,8,13,10,51,3,6,5,39,0
1,21,0,400,404,4,https://resultados2019.blob.core.windows.net/201901/059683.jpg,OK,1,1,EL PROGRESO,GUASTATOYA,5968,DIPUTADOS DISTRITALES,15,2,2,0,1,3,294,294,258,258,73,17,5,13,0,4,1,11,7,3,84,8,1,19,11,1
1,16,0,380,380,4,https://resultados2019.blob.core.windows.net/201901/059943.jpg,OK,0,1,EL PROGRESO,GUASTATOYA,5994,DIPUTADOS DISTRITALES,11,2,2,0,1,3,274,274,247,247,83,16,7,5,1,2,0,9,5,1,89,5,1,7,16,0
1,21,0,400,400,4,https://resultados2019.blob.core.windows.net/201901/059723.jpg,OK,0,1,EL PROGRESO,GUASTATOYA,5972,DIPUTADOS DISTRITALES,26,2,2,0,1,3,296,296,249,249,78,20,7,7,0,6,1,9,1,2,78,5,3,20,10,2
1,33,0,400,400,4,https://resultados2019.blob.core.windows.net/201901/060953.jpg,OK,0,4,EL PROGRESO,SAN CRISTÓBAL ACASAGUASTLÁN,6095,DIPUTADOS DISTRITALES,13,2,2,0,1,3,324,324,278,278,12,144,5,43,2,3,2,4,9,3,18,21,0,2,8,2
1,8,0,400,403,4,https://resultados2019.blob.core.windows.net/201901/061433.jpg,OK,0,6,EL PROGRESO,SANSARE,6143,DIPUTADOS DISTRITALES,3,2,2,0,1,3,306,306,295,295,1,3,13,5,20,0,1,5,101,2,123,2,0,12,7,0
1,63,0,400,400,4,https://resultados2019.blob.core.windows.net/201901/060243.jpg,OK,0,3,EL PROGRESO,SAN AGUSTÍN ACASAGUASTLÁN,6024,DIPUTADOS DISTRITALES,18,2,2,0,1,3,296,296,215,215,20,45,8,16,1,23,0,25,6,2,51,3,2,7,3,3
1,7,0,250,250,4,https://resultados2019.blob.core.windows.net/201901/061173.jpg,OK,0,5,EL PROGRESO,EL JÍCARO,6117,DIPUTADOS DISTRITALES,8,2,2,0,1,3,153,153,138,138,2,8,3,6,0,0,37,3,6,15,25,4,1,6,20,2
0,31,0,380,380,4,https://resultados2019.blob.core.windows.net/201901/060513.jpg,OK,0,3,EL PROGRESO,SAN AGUSTÍN ACASAGUASTLÁN,6051,DIPUTADOS DISTRITALES,17,2,2,0,1,3,291,289,241,243,25,47,23,2,1,4,0,62,1,27,21,5,2,0,0,21
1,12,0,400,401,4,https://resultados2019.blob.core.windows.net/201901/061893.jpg,OK,16,7,EL PROGRESO,SANARATE,6189,DIPUTADOS DISTRITALES,5,2,2,0,1,3,256,256,239,239,15,9,55,10,5,3,1,6,8,30,90,1,0,2,3,1
1,16,0,400,400,4,https://resultados2019.blob.core.windows.net/201901/059993.jpg,OK,0,2,EL PROGRESO,MORAZÁN,5999,DIPUTADOS DISTRITALES,19,2,2,0,1,3,252,252,217,217,32,16,3,1,3,5,1,8,48,2,79,1,2,7,7,2
1,20,0,400,402,4,https://resultados2019.blob.core.windows.net/201901/060093.jpg,OK,0,2,EL PROGRESO,MORAZÁN,6009,DIPUTADOS DISTRITALES,11,2,2,0,1,3,334,334,303,303,33,23,2,2,1,2,2,4,97,4,116,0,1,5,10,1
1,6,0,333,333,4,https://resultados2019.blob.core.windows.net/201901/061253.jpg,OK,0,5,EL PROGRESO,EL JÍCARO,6125,DIPUTADOS DISTRITALES,9,2,2,0,1,3,71,71,56,56,5,6,4,3,0,0,9,1,3,1,6,3,2,3,9,1
1,20,0,282,282,4,https://resultados2019.blob.core.windows.net/201901/060553.jpg,OK,0,3,EL PROGRESO,SAN AGUSTÍN ACASAGUASTLÁN,6055,DIPUTADOS DISTRITALES,5,2,2,0,1,3,242,242,217,217,21,59,16,2,0,1,1,47,6,38,8,0,0,7,4,7
1,12,0,332,332,4,https://resultados2019.blob.core.windows.net/201901/062493.jpg,OK,0,8,EL PROGRESO,SAN ANTONIO LA PAZ,6249,DIPUTADOS DISTRITALES,7,2,2,0,1,3,99,99,80,80,12,5,2,5,0,3,1,5,2,2,11,0,5,2,24,1
0,0,0,380,0,4,https://resultados2019.blob.core.windows.net/201901/062373.jpg,OK,0,8,EL PROGRESO,SAN ANTONIO LA PAZ,6237,DIPUTADOS DISTRITALES,0,0,0,0,0,3,0,0,0,0,0,0,0,0,0,0,0,0,0,0,0,0,0,0,0,0
1,23,0,380,380,4,https://resultados2019.blob.core.windows.net/201901/062403.jpg,OK,0,8,EL PROGRESO,SAN ANTONIO LA PAZ,6240,DIPUTADOS DISTRITALES,16,2,2,0,1,3,271,271,232,232,33,12,4,10,6,9,0,14,4,7,60,0,3,18,47,5
1,49,0,400,400,4,https://resultados2019.blob.core.windows.net/201901/060053.jpg,OK,0,2,EL PROGRESO,MORAZÁN,6005,DIPUTADOS DISTRITALES,16,2,2,0,1,3,296,296,231,231,20,12,1,3,1,4,1,7,69,2,89,3,4,5,8,2
1,35,0,380,380,4,https://resultados2019.blob.core.windows.net/201901/062423.jpg,OK,0,8,EL PROGRESO,SAN ANTONIO LA PAZ,6242,DIPUTADOS DISTRITALES,19,2,2,0,1,3,294,294,240,240,20,6,5,15,6,2,1,12,4,5,70,2,4,11,74,3
1,40,0,400,400,4,https://resultados2019.blob.core.windows.net/201901/060933.jpg,OK,0,4,EL PROGRESO,SAN CRISTÓBAL ACASAGUASTLÁN,6093,DIPUTADOS DISTRITALES,12,2,2,0,1,3,309,309,257,257,25,96,8,11,1,2,0,2,2,2,78,14,6,2,8,0
1,12,0,400,400,4,https://resultados2019.blob.core.windows.net/201901/061883.jpg,OK,0,7,EL PROGRESO,SANARATE,6188,DIPUTADOS DISTRITALES,16,2,2,0,1,3,265,265,237,237,18,13,32,5,6,6,0,5,12,34,82,2,2,11,5,4
1,24,0,400,400,4,https://resultados2019.blob.core.windows.net/201901/059713.jpg,OK,0,1,EL PROGRESO,GUASTATOYA,5971,DIPUTADOS DISTRITALES,13,2,2,0,1,3,301,301,264,264,77,27,3,9,0,6,0,10,5,3,84,3,6,14,15,2
1,30,0,400,400,4,https://resultados2019.blob.core.windows.net/201901/061303.jpg,OK,0,6,EL PROGRESO,SANSARE,6130,DIPUTADOS DISTRITALES,19,2,2,0,1,3,322,322,273,273,6,2,4,8,17,2,0,7,93,2,109,1,3,4,14,1
1,15,0,400,400,4,https://resultados2019.blob.core.windows.net/201901/061823.jpg,OK,0,7,EL PROGRESO,SANARATE,6182,DIPUTADOS DISTRITALES,15,2,2,0,1,3,296,296,266,266,15,15,51,7,3,4,0,5,13,37,103,1,1,7,1,3
1,14,0,458,459,4,https://resultados2019.blob.core.windows.net/201901/060853.jpg,OK,0,3,EL PROGRESO,SAN AGUSTÍN ACASAGUASTLÁN,6085,DIPUTADOS DISTRITALES,6,2,2,0,1,3,89,89,69,69,2,16,6,3,3,8,0,5,1,1,15,0,0,4,4,1
1,65,0,400,402,4,https://resultados2019.blob.core.windows.net/201901/060233.jpg,OK,0,3,EL PROGRESO,SAN AGUSTÍN ACASAGUASTLÁN,6023,DIPUTADOS DISTRITALES,14,2,2,0,1,3,288,288,209,209,20,31,2,27,0,17,1,31,14,0,42,6,1,12,2,3
1,24,0,380,380,4,https://resultados2019.blob.core.windows.net/201901/062313.jpg,OK,0,8,EL PROGRESO,SAN ANTONIO LA PAZ,6231,DIPUTADOS DISTRITALES,14,2,2,0,1,3,260,260,222,222,12,9,3,7,2,5,1,5,8,4,124,1,2,7,31,1
1,6,0,400,399,4,https://resultados2019.blob.core.windows.net/201901/059843.jpg,OK,0,1,EL PROGRESO,GUASTATOYA,5984,DIPUTADOS DISTRITALES,14,2,2,0,1,3,279,279,259,259,76,14,12,4,1,5,3,15,4,5,67,7,1,32,10,3
1,10,0,223,222,4,https://resultados2019.blob.core.windows.net/201901/060203.jpg,OK,0,2,EL PROGRESO,MORAZÁN,6020,DIPUTADOS DISTRITALES,7,2,2,0,1,3,142,142,125,125,15,3,4,2,0,3,0,1,42,0,37,4,1,2,11,0
1,23,0,380,380,4,https://resultados2019.blob.core.windows.net/201901/062003.jpg,OK,0,7,EL PROGRESO,SANARATE,6200,DIPUTADOS DISTRITALES,15,2,2,0,1,3,236,236,198,198,16,5,48,7,1,2,0,1,3,22,79,0,0,6,5,3
1,11,0,400,402,4,https://resultados2019.blob.core.windows.net/201901/061693.jpg,OK,116,7,EL PROGRESO,SANARATE,6169,DIPUTADOS DISTRITALES,17,2,2,0,1,3,286,286,258,258,14,19,31,1,10,3,1,7,10,46,92,1,2,16,5,0
1,8,0,341,341,4,https://resultados2019.blob.core.windows.net/201901/061943.jpg,OK,0,7,EL PROGRESO,SANARATE,6194,DIPUTADOS DISTRITALES,4,2,2,0,1,3,242,242,230,230,12,12,35,6,4,2,0,6,8,40,96,0,2,2,5,0
1,12,0,250,250,4,https://resultados2019.blob.core.windows.net/201901/061163.jpg,OK,0,5,EL PROGRESO,EL JÍCARO,6116,DIPUTADOS DISTRITALES,7,2,2,0,1,3,200,200,181,181,6,13,12,6,1,3,46,3,7,15,31,0,1,12,24,1
1,13,0,400,398,4,https://resultados2019.blob.core.windows.net/201901/061123.jpg,OK,0,5,EL PROGRESO,EL JÍCARO,6112,DIPUTADOS DISTRITALES,18,2,2,0,1,3,281,281,250,250,12,16,5,4,1,2,69,11,24,21,42,1,2,9,31,0
1,50,0,400,401,4,https://resultados2019.blob.core.windows.net/201901/060363.jpg,OK,0,3,EL PROGRESO,SAN AGUSTÍN ACASAGUASTLÁN,6036,DIPUTADOS DISTRITALES,10,2,2,0,1,3,285,285,225,225,24,53,9,10,1,12,0,34,9,6,42,5,2,10,5,3
1,15,0,400,400,4,https://resultados2019.blob.core.windows.net/201901/061363.jpg,OK,0,6,EL PROGRESO,SANSARE,6136,DIPUTADOS DISTRITALES,14,2,2,0,1,3,333,333,304,304,7,2,1,1,24,0,1,5,103,3,139,2,2,3,10,1
1,28,0,380,379,4,https://resultados2019.blob.core.windows.net/201901/059873.jpg,OK,0,1,EL PROGRESO,GUASTATOYA,5987,DIPUTADOS DISTRITALES,11,2,2,0,1,3,267,267,228,228,68,19,5,6,2,7,0,3,4,4,69,2,1,22,13,3
1,16,0,400,400,4,https://resultados2019.blob.core.windows.net/201901/061573.jpg,OK,0,7,EL PROGRESO,SANARATE,6157,DIPUTADOS DISTRITALES,19,2,2,0,1,3,309,309,274,274,17,6,55,3,4,2,0,7,7,60,99,0,1,6,5,2
1,8,0,400,398,4,https://resultados2019.blob.core.windows.net/201901/059583.jpg,OK,0,1,EL PROGRESO,GUASTATOYA,5958,DIPUTADOS DISTRITALES,31,2,2,0,1,3,302,302,263,263,66,23,10,3,3,5,3,18,12,4,47,15,2,34,17,1
1,10,0,400,400,4,https://resultados2019.blob.core.windows.net/201901/059573.jpg,OK,0,1,EL PROGRESO,GUASTATOYA,5957,DIPUTADOS DISTRITALES,13,2,2,0,1,3,270,270,247,247,58,24,13,3,3,5,1,10,6,4,51,12,5,34,16,2
1,15,0,400,400,4,https://resultados2019.blob.core.windows.net/201901/059703.jpg,OK,0,1,EL PROGRESO,GUASTATOYA,5970,DIPUTADOS DISTRITALES,20,2,2,0,1,3,271,271,236,236,62,27,6,13,2,6,1,9,4,3,59,6,2,24,10,2
1,8,0,367,367,4,https://resultados2019.blob.core.windows.net/201901/059673.jpg,OK,0,1,EL PROGRESO,GUASTATOYA,5967,DIPUTADOS DISTRITALES,11,2,2,0,1,3,233,233,214,214,54,19,11,2,1,5,0,7,11,1,65,6,1,20,8,3
1,52,0,400,400,4,https://resultados2019.blob.core.windows.net/201901/060263.jpg,OK,0,3,EL PROGRESO,SAN AGUSTÍN ACASAGUASTLÁN,6026,DIPUTADOS DISTRITALES,26,2,2,0,1,3,308,308,230,230,17,52,10,24,2,14,0,36,9,0,45,1,3,7,2,8
1,8,0,400,399,4,https://resultados2019.blob.core.windows.net/201901/061713.jpg,OK,0,7,EL PROGRESO,SANARATE,6171,DIPUTADOS DISTRITALES,15,2,2,0,1,3,272,272,249,249,11,17,45,1,5,1,2,4,8,49,86,1,3,13,2,1
1,3,0,224,224,4,https://resultados2019.blob.core.windows.net/201901/061753.jpg,OK,0,7,EL PROGRESO,SANARATE,6175,DIPUTADOS DISTRITALES,5,2,2,0,1,3,164,164,156,156,9,7,28,1,2,1,0,5,11,30,51,0,3,3,3,2
1,74,0,380,376,4,https://resultados2019.blob.core.windows.net/201901/060613.jpg,OK,0,3,EL PROGRESO,SAN AGUSTÍN ACASAGUASTLÁN,6061,DIPUTADOS DISTRITALES,17,2,2,0,1,3,269,269,178,178,15,41,7,34,1,9,1,8,2,2,48,1,1,4,3,1
1,6,0,400,377,4,https://resultados2019.blob.core.windows.net/201901/062243.jpg,OK,0,8,EL PROGRESO,SAN ANTONIO LA PAZ,6224,DIPUTADOS DISTRITALES,22,2,2,0,1,3,224,224,196,196,42,12,6,17,4,7,1,5,7,5,31,3,7,3,43,3
1,26,0,380,380,4,https://resultados2019.blob.core.windows.net/201901/059883.jpg,OK,0,1,EL PROGRESO,GUASTATOYA,5988,DIPUTADOS DISTRITALES,22,2,2,0,1,3,303,303,255,255,67,18,8,3,1,4,0,7,5,2,105,6,1,16,10,2
1,42,0,400,400,4,https://resultados2019.blob.core.windows.net/201901/060303.jpg,OK,0,3,EL PROGRESO,SAN AGUSTÍN ACASAGUASTLÁN,6030,DIPUTADOS DISTRITALES,26,2,2,0,1,3,277,277,209,209,28,46,4,24,2,5,1,26,11,4,36,6,3,7,5,1
1,25,0,400,400,4,https://resultados2019.blob.core.windows.net/201901/061333.jpg,OK,0,6,EL PROGRESO,SANSARE,6133,DIPUTADOS DISTRITALES,18,2,2,0,1,3,320,320,277,277,6,4,7,1,32,3,3,1,96,0,101,0,1,11,11,0
1,13,0,400,400,4,https://resultados2019.blob.core.windows.net/201901/061603.jpg,OK,0,7,EL PROGRESO,SANARATE,6160,DIPUTADOS DISTRITALES,16,2,2,0,1,3,314,314,285,285,20,8,53,3,7,4,0,7,9,46,109,1,1,5,7,5
1,16,0,400,403,4,https://resultados2019.blob.core.windows.net/201901/059773.jpg,OK,0,1,EL PROGRESO,GUASTATOYA,5977,DIPUTADOS DISTRITALES,11,2,2,0,1,3,241,241,214,214,71,25,6,8,0,1,3,3,4,2,49,8,2,23,8,1
1,38,0,400,398,4,https://resultados2019.blob.core.windows.net/201901/061773.jpg,OK,0,7,EL PROGRESO,SANARATE,6177,DIPUTADOS DISTRITALES,25,2,2,0,1,3,258,258,195,195,10,6,48,3,0,4,0,7,7,19,74,0,0,7,10,0
1,7,0,202,204,4,https://resultados2019.blob.core.windows.net/201901/061483.jpg,OK,0,6,EL PROGRESO,SANSARE,6148,DIPUTADOS DISTRITALES,1,2,2,0,1,3,97,97,89,89,3,3,3,1,4,0,1,3,21,0,47,0,1,0,2,0
1,34,0,380,380,4,https://resultados2019.blob.core.windows.net/201901/060423.jpg,OK,0,3,EL PROGRESO,SAN AGUSTÍN ACASAGUASTLÁN,6042,DIPUTADOS DISTRITALES,19,2,2,0,1,3,303,303,250,250,28,35,11,8,1,3,2,70,7,25,30,4,1,5,6,14
0,17,0,400,403,4,https://resultados2019.blob.core.windows.net/201901/061393.jpg,OK,0,6,EL PROGRESO,SANSARE,6139,DIPUTADOS DISTRITALES,12,2,2,0,1,3,269,257,228,228,2,5,4,3,21,1,1,0,74,3,100,1,0,5,6,2
1,22,0,400,400,4,https://resultados2019.blob.core.windows.net/201901/061023.jpg,OK,0,5,EL PROGRESO,EL JÍCARO,6102,DIPUTADOS DISTRITALES,23,2,2,0,1,3,266,266,221,221,4,21,3,11,2,1,64,2,5,17,51,4,2,6,26,2
1,20,0,380,380,4,https://resultados2019.blob.core.windows.net/201901/061213.jpg,OK,0,5,EL PROGRESO,EL JÍCARO,6121,DIPUTADOS DISTRITALES,11,2,2,0,1,3,260,260,229,229,19,55,6,1,0,8,44,7,4,7,46,2,3,7,15,5
1,31,0,380,380,4,https://resultados2019.blob.core.windows.net/201901/059903.jpg,OK,0,1,EL PROGRESO,GUASTATOYA,5990,DIPUTADOS DISTRITALES,24,2,2,0,1,3,310,310,255,255,71,15,6,3,0,3,1,2,6,1,118,2,1,13,10,3
1,40,0,380,380,4,https://resultados2019.blob.core.windows.net/201901/060783.jpg,OK,1,3,EL PROGRESO,SAN AGUSTÍN ACASAGUASTLÁN,6078,DIPUTADOS DISTRITALES,16,2,2,0,1,3,239,239,183,183,16,57,10,1,2,4,2,18,4,6,35,6,2,10,5,5
1,6,0,223,223,4,https://resultados2019.blob.core.windows.net/201901/061763.jpg,OK,0,7,EL PROGRESO,SANARATE,6176,DIPUTADOS DISTRITALES,8,2,2,0,1,3,144,144,130,130,2,7,38,0,2,1,1,6,6,20,44,0,0,1,2,0
1,0,0,246,246,4,https://resultados2019.blob.core.windows.net/201901/062393.jpg,OK,0,8,EL PROGRESO,SAN ANTONIO LA PAZ,6239,DIPUTADOS DISTRITALES,11,2,2,0,1,3,171,171,160,160,7,4,2,3,4,2,0,4,9,3,94,1,3,4,19,1
1,26,0,392,392,4,https://resultados2019.blob.core.windows.net/201901/060413.jpg,OK,0,3,EL PROGRESO,SAN AGUSTÍN ACASAGUASTLÁN,6041,DIPUTADOS DISTRITALES,13,2,2,0,1,3,280,280,241,241,15,48,12,44,1,13,1,12,11,11,45,1,3,13,9,2
1,48,0,400,400,4,https://resultados2019.blob.core.windows.net/201901/060323.jpg,OK,1,3,EL PROGRESO,SAN AGUSTÍN ACASAGUASTLÁN,6032,DIPUTADOS DISTRITALES,20,2,2,0,1,3,279,279,211,211,22,50,8,17,1,15,2,27,7,2,46,2,2,5,3,2
1,5,0,331,331,4,https://resultados2019.blob.core.windows.net/201901/059853.jpg,OK,0,1,EL PROGRESO,GUASTATOYA,5985,DIPUTADOS DISTRITALES,5,2,2,0,1,3,268,268,258,258,87,29,7,8,1,2,0,8,6,1,62,3,2,34,7,1
1,17,0,400,401,4,https://resultados2019.blob.core.windows.net/201901/062203.jpg,OK,0,8,EL PROGRESO,SAN ANTONIO LA PAZ,6220,DIPUTADOS DISTRITALES,19,2,2,0,1,3,258,258,222,222,56,17,6,15,1,5,1,19,3,5,32,0,4,1,56,1
1,9,0,368,368,4,https://resultados2019.blob.core.windows.net/201901/059663.jpg,OK,0,1,EL PROGRESO,GUASTATOYA,5966,DIPUTADOS DISTRITALES,9,2,2,0,1,3,290,290,272,272,50,21,23,4,2,6,0,8,8,4,57,17,4,53,14,1
1,13,0,400,400,4,https://resultados2019.blob.core.windows.net/201901/060133.jpg,OK,0,2,EL PROGRESO,MORAZÁN,6013,DIPUTADOS DISTRITALES,5,2,2,0,1,3,244,244,226,226,21,17,7,8,0,4,0,8,54,1,82,2,1,8,11,2
1,22,0,327,327,4,https://resultados2019.blob.core.windows.net/201901/060373.jpg,OK,0,3,EL PROGRESO,SAN AGUSTÍN ACASAGUASTLÁN,6037,DIPUTADOS DISTRITALES,10,2,2,0,1,3,245,245,213,213,25,32,16,10,1,14,0,27,21,1,34,5,3,15,6,3
1,4,0,380,380,4,https://resultados2019.blob.core.windows.net/201901/061963.jpg,OK,0,7,EL PROGRESO,SANARATE,6196,DIPUTADOS DISTRITALES,11,2,2,0,1,3,279,279,264,264,100,6,50,2,3,3,0,5,4,13,65,1,0,10,2,0
0,33,0,380,379,4,https://resultados2019.blob.core.windows.net/201901/060723.jpg,OK,0,3,EL PROGRESO,SAN AGUSTÍN ACASAGUASTLÁN,6072,DIPUTADOS DISTRITALES,15,2,2,0,1,3,246,243,195,195,20,60,24,0,1,8,2,19,2,3,38,1,1,7,8,1
1,17,0,400,400,4,https://resultados2019.blob.core.windows.net/201901/061553.jpg,OK,0,7,EL PROGRESO,SANARATE,6155,DIPUTADOS DISTRITALES,24,2,2,0,1,3,327,327,286,286,13,19,55,2,7,3,0,7,9,53,106,0,0,6,4,2
1,13,0,267,266,4,https://resultados2019.blob.core.windows.net/201901/060983.jpg,OK,23,4,EL PROGRESO,SAN CRISTÓBAL ACASAGUASTLÁN,6098,DIPUTADOS DISTRITALES,10,2,2,0,1,3,186,186,163,163,12,66,13,19,1,1,0,4,3,1,22,11,1,2,4,3
1,14,0,307,307,4,https://resultados2019.blob.core.windows.net/201901/060913.jpg,OK,0,4,EL PROGRESO,SAN CRISTÓBAL ACASAGUASTLÁN,6091,DIPUTADOS DISTRITALES,8,2,2,0,1,3,234,234,212,212,50,39,4,13,1,0,0,7,16,2,30,18,1,11,20,0
1,9,0,341,341,4,https://resultados2019.blob.core.windows.net/201901/061933.jpg,OK,0,7,EL PROGRESO,SANARATE,6193,DIPUTADOS DISTRITALES,6,2,2,0,1,3,288,288,273,273,21,14,41,4,9,4,0,13,12,53,87,2,2,7,4,0
0,16,0,400,398,4,https://resultados2019.blob.core.windows.net/201901/061263.jpg,OK,0,6,EL PROGRESO,SANSARE,6126,DIPUTADOS DISTRITALES,15,2,2,0,1,3,254,264,233,223,5,5,6,2,17,1,1,9,60,1,112,1,2,4,6,1
1,5,1,596,596,4,https://resultados2019.blob.core.windows.net/201901/062153.jpg,OK,0,7,EL PROGRESO,SANARATE,6215,DIPUTADOS DISTRITALES,3,2,2,0,1,3,94,94,86,86,12,5,5,0,5,4,1,7,2,9,26,3,1,5,1,0
1,42,0,272,0,4,https://resultados2019.blob.core.windows.net/201901/060683.jpg,OK,4,3,EL PROGRESO,SAN AGUSTÍN ACASAGUASTLÁN,6068,DIPUTADOS DISTRITALES,4,2,2,0,1,3,177,177,131,131,10,37,7,21,1,5,0,1,3,0,40,1,0,2,2,1
1,30,0,400,400,4,https://resultados2019.blob.core.windows.net/201901/062173.jpg,OK,0,8,EL PROGRESO,SAN ANTONIO LA PAZ,6217,DIPUTADOS DISTRITALES,24,2,2,0,1,3,251,251,197,197,34,15,1,11,1,2,1,20,2,3,42,0,1,5,58,1
1,23,0,400,400,4,https://resultados2019.blob.core.windows.net/201901/062213.jpg,OK,0,8,EL PROGRESO,SAN ANTONIO LA PAZ,6221,DIPUTADOS DISTRITALES,14,2,2,0,1,3,254,254,217,217,37,32,2,6,3,0,1,14,9,3,31,0,7,3,69,0
1,19,0,400,400,4,https://resultados2019.blob.core.windows.net/201901/061113.jpg,OK,0,5,EL PROGRESO,EL JÍCARO,6111,DIPUTADOS DISTRITALES,14,2,2,0,1,3,285,285,252,252,9,13,4,3,7,2,72,8,8,17,45,7,2,12,39,4
1,13,0,331,331,4,https://resultados2019.blob.core.windows.net/201901/061233.jpg,OK,0,5,EL PROGRESO,EL JÍCARO,6123,DIPUTADOS DISTRITALES,11,2,2,0,1,3,241,241,217,217,18,67,9,10,1,1,37,6,2,7,35,0,1,3,20,0
1,22,0,400,400,4,https://resultados2019.blob.core.windows.net/201901/061273.jpg,OK,0,6,EL PROGRESO,SANSARE,6127,DIPUTADOS DISTRITALES,18,2,2,0,1,3,275,275,235,235,11,4,7,10,14,2,1,9,65,1,90,1,1,10,8,1
1,32,0,400,400,4,https://resultados2019.blob.core.windows.net/201901/060023.jpg,OK,0,2,EL PROGRESO,MORAZÁN,6002,DIPUTADOS DISTRITALES,23,2,2,0,1,3,266,266,211,211,16,19,2,3,1,3,3,4,59,2,85,1,0,3,7,3
1,26,0,400,400,4,https://resultados2019.blob.core.windows.net/201901/059753.jpg,OK,0,1,EL PROGRESO,GUASTATOYA,5975,DIPUTADOS DISTRITALES,28,2,2,0,1,3,289,289,235,235,73,28,2,17,1,2,1,3,6,0,62,4,3,20,11,2
1,8,0,400,400,4,https://resultados2019.blob.core.windows.net/201901/059643.jpg,OK,0,1,EL PROGRESO,GUASTATOYA,5964,DIPUTADOS DISTRITALES,10,2,2,0,1,3,268,268,250,250,60,28,10,4,1,5,0,7,7,1,49,17,2,37,19,3
1,75,0,380,380,4,https://resultados2019.blob.core.windows.net/201901/060603.jpg,OK,0,3,EL PROGRESO,SAN AGUSTÍN ACASAGUASTLÁN,6060,DIPUTADOS DISTRITALES,10,2,2,0,1,3,237,237,152,152,10,24,14,16,2,6,0,4,3,3,57,0,1,6,5,1
1,15,0,400,402,4,https://resultados2019.blob.core.windows.net/201901/062193.jpg,OK,0,8,EL PROGRESO,SAN ANTONIO LA PAZ,6219,DIPUTADOS DISTRITALES,22,2,2,0,1,3,253,253,216,216,42,13,8,10,2,6,0,15,7,7,39,0,5,4,52,6
1,19,0,400,400,4,https://resultados2019.blob.core.windows.net/201901/060153.jpg,OK,0,2,EL PROGRESO,MORAZÁN,6015,DIPUTADOS DISTRITALES,24,2,2,0,1,3,264,264,221,221,28,21,0,4,1,4,1,5,63,0,68,6,1,5,8,6
1,18,0,400,400,4,https://resultados2019.blob.core.windows.net/201901/061353.jpg,OK,0,6,EL PROGRESO,SANSARE,6135,DIPUTADOS DISTRITALES,13,2,2,0,1,3,332,332,301,301,6,2,7,2,15,1,3,3,104,1,142,0,1,7,6,1
1,15,0,400,400,4,https://resultados2019.blob.core.windows.net/201901/060123.jpg,OK,0,2,EL PROGRESO,MORAZÁN,6012,DIPUTADOS DISTRITALES,8,2,2,0,1,3,247,247,224,224,27,17,6,4,1,3,0,4,63,2,78,2,4,5,5,3
1,23,0,400,400,4,https://resultados2019.blob.core.windows.net/201901/062163.jpg,OK,0,8,EL PROGRESO,SAN ANTONIO LA PAZ,6216,DIPUTADOS DISTRITALES,29,2,2,0,1,3,248,248,196,196,37,21,5,7,1,8,1,15,1,1,33,0,8,5,52,1
1,27,0,400,400,4,https://resultados2019.blob.core.windows.net/201901/061033.jpg,OK,0,5,EL PROGRESO,EL JÍCARO,6103,DIPUTADOS DISTRITALES,14,2,2,0,1,3,283,283,242,242,9,26,7,5,0,3,83,6,4,13,46,6,0,6,24,4
1,34,0,380,380,4,https://resultados2019.blob.core.windows.net/201901/062323.jpg,OK,0,8,EL PROGRESO,SAN ANTONIO LA PAZ,6232,DIPUTADOS DISTRITALES,16,2,2,0,1,3,293,293,243,243,17,8,5,9,4,2,2,8,11,1,131,1,2,5,37,0
0,12,0,353,353,4,https://resultados2019.blob.core.windows.net/201901/062123.jpg,OK,0,7,EL PROGRESO,SANARATE,6212,DIPUTADOS DISTRITALES,8,2,2,0,1,3,215,185,165,195,8,4,31,2,3,1,0,0,12,0,97,1,0,2,3,1
1,15,0,459,459,4,https://resultados2019.blob.core.windows.net/201901/060843.jpg,OK,0,3,EL PROGRESO,SAN AGUSTÍN ACASAGUASTLÁN,6084,DIPUTADOS DISTRITALES,16,2,2,0,1,3,129,129,98,98,15,14,7,3,1,6,0,17,3,2,18,1,1,5,1,4
1,30,0,380,381,4,https://resultados2019.blob.core.windows.net/201901/060793.jpg,OK,0,3,EL PROGRESO,SAN AGUSTÍN ACASAGUASTLÁN,6079,DIPUTADOS DISTRITALES,19,2,2,0,1,3,235,235,186,186,19,50,29,1,0,6,1,15,1,3,38,7,0,11,1,4
1,26,0,380,380,4,https://resultados2019.blob.core.windows.net/201901/059933.jpg,OK,0,1,EL PROGRESO,GUASTATOYA,5993,DIPUTADOS DISTRITALES,16,2,2,0,1,3,291,291,249,249,73,16,9,4,0,3,0,8,2,5,84,3,1,22,17,2
1,6,0,332,332,4,https://resultados2019.blob.core.windows.net/201901/061003.jpg,OK,0,4,EL PROGRESO,SAN CRISTÓBAL ACASAGUASTLÁN,6100,DIPUTADOS DISTRITALES,6,2,2,0,1,3,69,69,57,57,5,18,0,0,0,0,1,0,2,0,7,11,2,5,5,1
1,34,0,326,326,4,https://resultados2019.blob.core.windows.net/201901/060383.jpg,OK,0,3,EL PROGRESO,SAN AGUSTÍN ACASAGUASTLÁN,6038,DIPUTADOS DISTRITALES,13,2,2,0,1,3,229,229,182,182,17,34,8,14,2,13,1,37,11,0,29,3,3,4,5,1
1,14,0,400,400,4,https://resultados2019.blob.core.windows.net/201901/059533.jpg,OK,0,1,EL PROGRESO,GUASTATOYA,5953,DIPUTADOS DISTRITALES,25,2,2,0,1,3,315,315,276,276,51,25,5,6,1,5,1,6,8,4,83,19,1,38,21,2
1,34,0,400,398,4,https://resultados2019.blob.core.windows.net/201901/060003.jpg,OK,0,2,EL PROGRESO,MORAZÁN,6000,DIPUTADOS DISTRITALES,24,2,2,0,1,3,254,254,196,196,33,10,0,5,1,3,3,0,65,3,55,1,1,6,10,0
1,17,0,400,400,4,https://resultados2019.blob.core.windows.net/201901/059743.jpg,OK,0,1,EL PROGRESO,GUASTATOYA,5974,DIPUTADOS DISTRITALES,24,2,2,0,1,3,313,313,272,272,89,23,6,14,3,2,2,4,3,6,68,13,1,19,16,3
1,18,0,380,380,4,https://resultados2019.blob.core.windows.net/201901/060803.jpg,OK,0,3,EL PROGRESO,SAN AGUSTÍN ACASAGUASTLÁN,6080,DIPUTADOS DISTRITALES,13,2,2,0,1,3,223,223,192,192,21,61,15,2,3,4,0,21,4,5,30,4,2,11,6,3
1,17,0,380,380,4,https://resultados2019.blob.core.windows.net/201901/062013.jpg,OK,0,7,EL PROGRESO,SANARATE,6201,DIPUTADOS DISTRITALES,13,2,2,0,1,3,276,276,246,246,16,8,48,1,2,4,14,4,8,32,83,1,2,14,5,4
1,14,0,400,400,4,https://resultados2019.blob.core.windows.net/201901/060963.jpg,OK,0,4,EL PROGRESO,SAN CRISTÓBAL ACASAGUASTLÁN,6096,DIPUTADOS DISTRITALES,10,2,2,0,1,3,263,263,239,239,11,117,9,43,0,0,0,4,1,1,24,12,2,5,9,1
1,4,0,400,395,4,https://resultados2019.blob.core.windows.net/201901/061683.jpg,OK,0,7,EL PROGRESO,SANARATE,6168,DIPUTADOS DISTRITALES,13,2,2,0,1,3,277,277,260,260,6,33,29,5,7,2,2,11,8,54,85,2,0,10,6,0
1,15,0,400,400,4,https://resultados2019.blob.core.windows.net/201901/061523.jpg,OK,0,7,EL PROGRESO,SANARATE,6152,DIPUTADOS DISTRITALES,20,2,2,0,1,3,290,290,255,255,7,13,48,0,11,0,0,14,4,57,84,4,0,5,7,1
1,47,0,600,600,4,https://resultados2019.blob.core.windows.net/201901/060833.jpg,OK,0,3,EL PROGRESO,SAN AGUSTÍN ACASAGUASTLÁN,6083,DIPUTADOS DISTRITALES,10,2,2,0,1,3,180,180,123,123,5,17,12,12,1,5,0,13,3,0,32,3,1,7,8,4
1,12,0,400,400,4,https://resultados2019.blob.core.windows.net/201901/061803.jpg,OK,0,7,EL PROGRESO,SANARATE,6180,DIPUTADOS DISTRITALES,25,2,2,0,1,3,275,275,238,238,20,11,59,5,3,3,2,4,3,28,91,1,0,1,5,2
1,17,0,400,400,4,https://resultados2019.blob.core.windows.net/201901/060163.jpg,OK,0,2,EL PROGRESO,MORAZÁN,6016,DIPUTADOS DISTRITALES,11,2,2,0,1,3,239,239,211,211,25,16,3,7,2,7,0,4,47,1,81,2,1,6,9,0
1,11,0,400,403,4,https://resultados2019.blob.core.windows.net/201901/059813.jpg,OK,0,1,EL PROGRESO,GUASTATOYA,5981,DIPUTADOS DISTRITALES,20,2,2,0,1,3,269,269,238,238,71,26,6,12,3,7,1,6,2,2,67,5,0,20,8,2
1,66,0,380,380,4,https://resultados2019.blob.core.windows.net/201901/060653.jpg,OK,0,3,EL PROGRESO,SAN AGUSTÍN ACASAGUASTLÁN,6065,DIPUTADOS DISTRITALES,15,2,2,0,1,3,218,218,137,137,5,34,8,19,2,6,0,3,2,2,47,2,0,3,3,1
1,14,0,210,210,4,https://resultados2019.blob.core.windows.net/201901/062483.jpg,OK,0,8,EL PROGRESO,SAN ANTONIO LA PAZ,6248,DIPUTADOS DISTRITALES,9,2,2,0,1,3,151,151,128,128,10,6,4,3,4,3,1,12,0,1,26,0,1,10,46,1
1,38,0,272,272,4,https://resultados2019.blob.core.windows.net/201901/060693.jpg,OK,1,3,EL PROGRESO,SAN AGUSTÍN ACASAGUASTLÁN,6069,DIPUTADOS DISTRITALES,2,2,2,0,1,3,165,165,125,125,2,41,7,7,1,6,0,14,4,1,38,0,0,1,2,1
1,33,0,393,393,4,https://resultados2019.blob.core.windows.net/201901/060403.jpg,OK,0,3,EL PROGRESO,SAN AGUSTÍN ACASAGUASTLÁN,6040,DIPUTADOS DISTRITALES,15,2,2,0,1,3,287,287,239,239,20,46,11,33,2,7,4,25,9,5,51,4,1,13,3,5
1,21,0,380,380,4,https://resultados2019.blob.core.windows.net/201901/061473.jpg,OK,0,6,EL PROGRESO,SANSARE,6147,DIPUTADOS DISTRITALES,19,2,2,0,1,3,254,254,214,214,4,1,14,1,12,2,0,4,66,1,105,0,0,0,3,1
1,7,0,201,201,4,https://resultados2019.blob.core.windows.net/201901/061493.jpg,OK,0,6,EL PROGRESO,SANSARE,6149,DIPUTADOS DISTRITALES,1,2,2,0,1,3,129,129,121,121,2,1,4,1,7,2,0,1,39,0,57,0,1,1,4,1
1,28,0,400,398,4,https://resultados2019.blob.core.windows.net/201901/061323.jpg,OK,0,6,EL PROGRESO,SANSARE,6132,DIPUTADOS DISTRITALES,7,2,2,0,1,3,303,303,268,268,3,1,12,4,18,2,2,2,85,3,120,0,2,9,5,0
1,36,0,400,400,4,https://resultados2019.blob.core.windows.net/201901/061073.jpg,OK,0,5,EL PROGRESO,EL JÍCARO,6107,DIPUTADOS DISTRITALES,24,2,2,0,1,3,297,297,237,237,9,14,5,2,3,1,63,2,9,13,62,4,3,5,42,0
1,20,1,380,381,4,https://resultados2019.blob.core.windows.net/201901/060503.jpg,OK,0,3,EL PROGRESO,SAN AGUSTÍN ACASAGUASTLÁN,6050,DIPUTADOS DISTRITALES,20,2,2,0,1,3,289,289,249,249,22,50,14,6,2,5,1,63,5,18,30,4,1,6,6,16
1,19,0,400,400,4,https://resultados2019.blob.core.windows.net/201901/059803.jpg,OK,0,1,EL PROGRESO,GUASTATOYA,5980,DIPUTADOS DISTRITALES,15,2,2,0,1,3,265,265,231,231,52,37,3,9,1,5,2,4,4,5,61,5,1,29,12,1
1,7,0,357,358,4,https://resultados2019.blob.core.windows.net/201901/060223.jpg,OK,0,2,EL PROGRESO,MORAZÁN,6022,DIPUTADOS DISTRITALES,4,2,2,0,1,3,57,57,46,46,8,3,0,1,0,0,2,3,6,1,13,1,0,2,5,1
1,17,1,400,400,4,https://resultados2019.blob.core.windows.net/201901/061673.jpg,OK,0,7,EL PROGRESO,SANARATE,6167,DIPUTADOS DISTRITALES,41,2,2,0,1,3,313,313,255,255,16,24,53,0,6,3,1,3,5,43,84,0,1,7,7,2
1,6,0,508,508,4,https://resultados2019.blob.core.windows.net/201901/059983.jpg,OK,0,1,EL PROGRESO,GUASTATOYA,5998,DIPUTADOS DISTRITALES,9,2,2,0,1,3,77,77,62,62,10,8,1,0,0,1,0,3,1,1,13,3,1,12,7,1
1,7,0,400,400,4,https://resultados2019.blob.core.windows.net/201901/059603.jpg,OK,0,1,EL PROGRESO,GUASTATOYA,5960,DIPUTADOS DISTRITALES,23,2,2,0,1,3,282,282,252,252,47,22,12,2,0,4,1,9,10,1,58,19,3,45,13,6
1,7,0,319,319,4,https://resultados2019.blob.core.windows.net/201901/059963.jpg,OK,1,1,EL PROGRESO,GUASTATOYA,5996,DIPUTADOS DISTRITALES,10,2,2,0,1,3,245,245,228,228,77,16,8,2,0,2,0,5,3,0,91,1,0,10,13,0
1,25,0,380,380,4,https://resultados2019.blob.core.windows.net/201901/062073.jpg,OK,0,7,EL PROGRESO,SANARATE,6207,DIPUTADOS DISTRITALES,29,2,2,0,1,3,242,242,188,188,4,4,40,7,1,4,0,4,9,23,84,0,0,5,3,0
1,57,0,400,402,4,https://resultados2019.blob.core.windows.net/201901/060033.jpg,OK,0,2,EL PROGRESO,MORAZÁN,6003,DIPUTADOS DISTRITALES,26,2,2,0,1,3,305,305,222,222,24,7,2,2,0,3,2,3,47,3,107,4,1,4,11,2
1,61,0,400,400,4,https://resultados2019.blob.core.windows.net/201901/060343.jpg,OK,0,3,EL PROGRESO,SAN AGUSTÍN ACASAGUASTLÁN,6034,DIPUTADOS DISTRITALES,17,2,2,0,1,3,276,276,198,198,14,38,7,15,2,13,0,28,13,4,40,7,0,10,3,4
1,11,0,400,400,4,https://resultados2019.blob.core.windows.net/201901/059783.jpg,OK,0,1,EL PROGRESO,GUASTATOYA,5978,DIPUTADOS DISTRITALES,14,2,2,0,1,3,271,271,246,246,65,38,3,8,0,9,0,9,9,5,53,10,1,23,12,1
1,4,0,400,401,4,https://resultados2019.blob.core.windows.net/201901/061863.jpg,OK,0,7,EL PROGRESO,SANARATE,6186,DIPUTADOS DISTRITALES,9,2,2,0,1,3,259,259,246,246,15,17,34,1,5,3,0,4,11,39,104,0,2,6,5,0
1,15,0,400,398,4,https://resultados2019.blob.core.windows.net/201901/059503.jpg,OK,0,1,EL PROGRESO,GUASTATOYA,5950,DIPUTADOS DISTRITALES,25,2,2,0,1,3,290,290,250,250,54,20,7,4,1,4,1,10,6,4,73,12,1,35,15,3
1,17,1,400,402,4,https://resultados2019.blob.core.windows.net/201901/059823.jpg,OK,0,1,EL PROGRESO,GUASTATOYA,5982,DIPUTADOS DISTRITALES,17,2,2,0,1,3,255,255,221,221,69,22,6,10,0,6,0,5,1,2,59,7,3,19,8,4
1,15,0,380,380,4,https://resultados2019.blob.core.windows.net/201901/061463.jpg,OK,0,6,EL PROGRESO,SANSARE,6146,DIPUTADOS DISTRITALES,9,2,2,0,1,3,224,224,200,200,3,3,3,1,10,3,0,2,61,0,105,0,0,2,7,0
1,9,0,400,401,4,https://resultados2019.blob.core.windows.net/201901/059593.jpg,OK,0,1,EL PROGRESO,GUASTATOYA,5959,DIPUTADOS DISTRITALES,27,2,2,0,1,3,279,279,243,243,41,28,9,2,4,2,4,16,7,3,66,14,3,28,16,0
1,21,0,380,380,4,https://resultados2019.blob.core.windows.net/201901/060753.jpg,OK,0,3,EL PROGRESO,SAN AGUSTÍN ACASAGUASTLÁN,6075,DIPUTADOS DISTRITALES,8,2,2,0,1,3,224,224,195,195,24,60,28,2,0,3,2,22,7,2,22,6,0,12,3,2
1,27,0,400,400,4,https://resultados2019.blob.core.windows.net/201901/060063.jpg,OK,0,2,EL PROGRESO,MORAZÁN,6006,DIPUTADOS DISTRITALES,18,2,2,0,1,3,338,338,293,293,35,14,2,0,1,7,0,10,72,0,132,6,2,4,4,4
1,11,0,210,210,4,https://resultados2019.blob.core.windows.net/201901/062473.jpg,OK,0,8,EL PROGRESO,SAN ANTONIO LA PAZ,6247,DIPUTADOS DISTRITALES,4,2,2,0,1,3,141,141,126,126,8,8,14,6,5,1,4,8,4,2,22,0,2,7,34,1
1,6,0,511,511,4,https://resultados2019.blob.core.windows.net/201901/061503.jpg,OK,0,6,EL PROGRESO,SANSARE,6150,DIPUTADOS DISTRITALES,7,2,2,0,1,3,121,121,108,108,2,4,2,3,9,2,1,2,27,1,39,2,3,6,4,1
1,20,0,400,397,4,https://resultados2019.blob.core.windows.net/201901/062253.jpg,OK,0,8,EL PROGRESO,SAN ANTONIO LA PAZ,6225,DIPUTADOS DISTRITALES,23,2,2,0,1,3,231,231,188,188,27,12,4,16,6,6,1,18,10,3,33,0,6,3,40,3
1,31,0,400,400,4,https://resultados2019.blob.core.windows.net/201901/060083.jpg,OK,0,2,EL PROGRESO,MORAZÁN,6008,DIPUTADOS DISTRITALES,9,2,2,0,1,3,329,329,289,289,32,18,2,7,2,2,0,0,83,3,129,2,3,1,4,1
1,64,0,380,380,4,https://resultados2019.blob.core.windows.net/201901/060593.jpg,OK,127,3,EL PROGRESO,SAN AGUSTÍN ACASAGUASTLÁN,6059,DIPUTADOS DISTRITALES,26,2,2,0,1,3,253,253,163,163,13,29,9,12,0,11,1,12,2,2,57,0,3,2,5,5
1,29,0,400,400,4,https://resultados2019.blob.core.windows.net/201901/061313.jpg,OK,0,6,EL PROGRESO,SANSARE,6131,DIPUTADOS DISTRITALES,14,2,2,0,1,3,308,308,265,265,7,4,15,6,10,2,0,2,102,7,98,0,0,5,6,1
1,35,0,400,400,4,https://resultados2019.blob.core.windows.net/201901/060393.jpg,OK,0,3,EL PROGRESO,SAN AGUSTÍN ACASAGUASTLÁN,6039,DIPUTADOS DISTRITALES,25,2,2,0,1,3,275,275,215,215,22,35,15,26,4,13,0,18,7,3,49,2,1,9,9,2
1,1,0,348,348,4,https://resultados2019.blob.core.windows.net/201901/061453.jpg,OK,0,6,EL PROGRESO,SANSARE,6145,DIPUTADOS DISTRITALES,10,2,2,0,1,3,266,266,255,255,7,3,10,0,26,1,0,8,93,2,93,0,2,3,7,0
