ACTACUADRA,BLANCOS,CNTIMPUGNA,CNTINSCRITOS,CNTPAPELETAS,DEP,IMGSRC,IMGSTATUS,INVALIDOS,MUN,NDEP,NMUN,NROMESA,NTE,NULOS,STACTA,STESCAN,STFISIC,STTRANS,TIPOELECCION,TOTALACTA,TOTALVOTOS,VOTOSVALIDOS,VOTOSVALIDOSACTA,voto_AVANZA,voto_BIEN,voto_CREO,voto_EG,voto_FCN-NACION,voto_LIBRE,voto_MLP,voto_PAN,voto_PC,voto_PHG,voto_PPT,voto_SEMILLA,voto_TODOS,voto_UNE,voto_UNIDOS,voto_UNIONISTA,voto_URNG_MAIZ,voto_VALOR,voto_VAMOS,voto_VICTORIA,voto_VIVA
1,4,0,380,386,1,https://resultados2019.blob.core.windows.net/201901/033914.jpg,OK,0,10,GUATEMALA,SAN JUAN SACATEPÉQUEZ,3391,CORPORACIÓN MUNICIPAL,14,1,2,0,1,4,210,210,192,192,7,5,3,0,4,1,5,3,0,3,0,4,109,12,1,9,7,1,7,5,9
0,7,0,380,380,1,https://resultados2019.blob.core.windows.net/201901/032814.jpg,OK,0,10,GUATEMALA,SAN JUAN SACATEPÉQUEZ,3281,CORPORACIÓN MUNICIPAL,9,2,2,0,1,4,183,182,166,167,0,1,3,2,33,0,5,4,0,0,1,16,39,5,3,41,11,0,2,0,0
1,4,0,400,398,1,https://resultados2019.blob.core.windows.net/201901/032244.jpg,OK,0,10,GUATEMALA,SAN JUAN SACATEPÉQUEZ,3224,CORPORACIÓN MUNICIPAL,18,1,2,0,1,4,268,268,246,246,0,0,13,17,6,6,10,3,2,2,8,8,8,33,24,93,3,1,3,0,6
1,1,0,400,400,1,https://resultados2019.blob.core.windows.net/201901/034294.jpg,OK,0,10,GUATEMALA,SAN JUAN SACATEPÉQUEZ,3429,CORPORACIÓN MUNICIPAL,11,1,2,0,1,4,208,208,196,196,2,2,1,17,21,1,4,1,1,6,3,0,16,10,14,64,1,0,1,1,30
1,3,0,380,379,1,https://resultados2019.blob.core.windows.net/201901/032754.jpg,OK,0,10,GUATEMALA,SAN JUAN SACATEPÉQUEZ,3275,CORPORACIÓN MUNICIPAL,8,2,2,0,1,4,200,200,189,189,0,1,2,1,46,0,5,1,0,3,1,12,37,17,9,39,4,1,7,1,2
1,2,0,400,400,1,https://resultados2019.blob.core.windows.net/201901/032234.jpg,OK,0,10,GUATEMALA,SAN JUAN SACATEPÉQUEZ,3223,CORPORACIÓN MUNICIPAL,18,1,2,0,1,4,269,269,249,249,0,2,4,24,10,6,11,6,3,1,13,3,16,25,20,87,2,0,9,1,6
1,18,0,380,380,1,https://resultados2019.blob.core.windows.net/201901/032804.jpg,OK,0,10,GUATEMALA,SAN JUAN SACATEPÉQUEZ,3280,CORPORACIÓN MUNICIPAL,7,2,2,0,1,4,175,175,150,150,3,0,3,2,28,0,2,0,3,0,1,16,42,6,2,26,11,0,4,0,1
0,1,0,380,378,1,https://resultados2019.blob.core.windows.net/201901/033014.jpg,OK,1,10,GUATEMALA,SAN JUAN SACATEPÉQUEZ,3301,CORPORACIÓN MUNICIPAL,9,1,2,0,1,4,180,179,169,169,2,3,3,1,4,1,1,2,0,4,4,4,90,14,0,8,0,0,8,7,13
1,8,0,400,400,1,https://resultados2019.blob.core.windows.net/201901/032534.jpg,OK,0,10,GUATEMALA,SAN JUAN SACATEPÉQUEZ,3253,CORPORACIÓN MUNICIPAL,6,1,2,0,1,4,245,245,231,231,0,3,6,13,34,3,6,5,1,9,7,18,8,9,13,75,3,3,5,0,10
1,3,0,380,382,1,https://resultados2019.blob.core.windows.net/201901/034224.jpg,OK,0,10,GUATEMALA,SAN JUAN SACATEPÉQUEZ,3422,CORPORACIÓN MUNICIPAL,17,1,2,0,1,4,194,194,174,174,0,0,3,2,53,1,3,2,1,1,1,3,19,19,3,55,0,1,4,0,3
1,19,0,380,330,1,https://resultados2019.blob.core.windows.net/201901/033094.jpg,OK,0,10,GUATEMALA,SAN JUAN SACATEPÉQUEZ,3309,CORPORACIÓN MUNICIPAL,14,1,2,0,1,4,224,224,191,191,1,1,5,3,15,1,4,1,6,5,1,2,25,23,2,79,2,4,2,1,8
1,5,0,400,400,1,https://resultados2019.blob.core.windows.net/201901/033444.jpg,OK,0,10,GUATEMALA,SAN JUAN SACATEPÉQUEZ,3344,CORPORACIÓN MUNICIPAL,12,1,2,0,1,4,235,235,218,218,3,2,0,0,6,0,0,3,1,4,0,0,120,18,0,19,4,1,4,0,30
1,4,0,380,367,1,https://resultados2019.blob.core.windows.net/201901/033694.jpg,OK,0,10,GUATEMALA,SAN JUAN SACATEPÉQUEZ,3369,CORPORACIÓN MUNICIPAL,10,1,2,0,1,4,246,246,232,232,9,5,3,2,3,3,3,7,1,6,3,4,132,11,1,13,8,2,7,4,5
1,6,0,380,380,1,https://resultados2019.blob.core.windows.net/201901/034184.jpg,OK,0,10,GUATEMALA,SAN JUAN SACATEPÉQUEZ,3418,CORPORACIÓN MUNICIPAL,26,1,2,0,1,4,218,218,186,186,1,1,1,5,52,0,5,5,1,3,0,1,13,11,2,71,2,3,7,1,1
1,6,0,380,0,1,https://resultados2019.blob.core.windows.net/201901/033824.jpg,OK,0,10,GUATEMALA,SAN JUAN SACATEPÉQUEZ,3382,CORPORACIÓN MUNICIPAL,7,1,2,0,1,4,225,225,212,212,1,8,4,1,3,2,3,2,0,9,4,3,119,11,3,4,11,2,8,4,10
1,7,0,380,381,1,https://resultados2019.blob.core.windows.net/201901/034134.jpg,OK,0,10,GUATEMALA,SAN JUAN SACATEPÉQUEZ,3413,CORPORACIÓN MUNICIPAL,16,1,2,0,1,4,241,241,218,218,2,0,0,7,57,2,7,4,1,4,2,3,16,30,2,67,0,1,11,2,0
1,4,0,400,405,1,https://resultados2019.blob.core.windows.net/201901/032124.jpg,OK,0,10,GUATEMALA,SAN JUAN SACATEPÉQUEZ,3212,CORPORACIÓN MUNICIPAL,5,2,2,0,1,4,294,294,285,285,0,2,3,16,12,5,13,5,3,3,15,15,14,39,45,79,3,5,4,1,3
1,12,0,400,399,1,https://resultados2019.blob.core.windows.net/201901/032594.jpg,OK,0,10,GUATEMALA,SAN JUAN SACATEPÉQUEZ,3259,CORPORACIÓN MUNICIPAL,12,1,2,0,1,4,205,205,181,181,0,0,4,3,34,1,0,4,1,10,1,19,12,16,4,56,7,0,4,1,4
1,4,0,380,381,1,https://resultados2019.blob.core.windows.net/201901/034094.jpg,OK,0,10,GUATEMALA,SAN JUAN SACATEPÉQUEZ,3409,CORPORACIÓN MUNICIPAL,18,1,2,0,1,4,255,255,233,233,0,1,2,5,65,1,3,4,2,5,2,3,12,35,3,77,3,0,7,2,1
1,9,0,400,400,1,https://resultados2019.blob.core.windows.net/201901/032454.jpg,OK,0,10,GUATEMALA,SAN JUAN SACATEPÉQUEZ,3245,CORPORACIÓN MUNICIPAL,17,1,2,0,1,4,220,220,194,194,0,0,5,6,23,1,2,5,3,3,6,3,18,11,9,84,4,1,4,2,4
1,5,0,348,348,1,https://resultados2019.blob.core.windows.net/201901/034334.jpg,OK,0,10,GUATEMALA,SAN JUAN SACATEPÉQUEZ,3433,CORPORACIÓN MUNICIPAL,12,1,2,0,1,4,147,147,130,130,1,1,2,10,10,1,0,4,5,1,0,2,6,13,5,53,1,0,1,0,11
1,4,0,400,401,1,https://resultados2019.blob.core.windows.net/201901/032354.jpg,OK,0,10,GUATEMALA,SAN JUAN SACATEPÉQUEZ,3235,CORPORACIÓN MUNICIPAL,29,1,2,0,1,4,278,278,245,245,2,1,17,5,17,4,3,14,2,1,5,3,20,24,16,100,0,2,5,1,3
1,5,0,400,400,1,https://resultados2019.blob.core.windows.net/201901/032384.jpg,OK,0,10,GUATEMALA,SAN JUAN SACATEPÉQUEZ,3238,CORPORACIÓN MUNICIPAL,9,2,2,0,1,4,276,276,262,262,0,0,9,3,15,1,7,16,4,6,6,2,18,21,12,124,5,1,5,4,3
1,4,0,400,401,1,https://resultados2019.blob.core.windows.net/201901/032224.jpg,OK,1,10,GUATEMALA,SAN JUAN SACATEPÉQUEZ,3222,CORPORACIÓN MUNICIPAL,8,1,2,0,1,4,283,283,271,271,0,3,3,9,18,10,6,5,5,3,18,4,14,30,32,102,0,2,1,0,6
1,9,0,400,0,1,https://resultados2019.blob.core.windows.net/201901/032604.jpg,OK,0,10,GUATEMALA,SAN JUAN SACATEPÉQUEZ,3260,CORPORACIÓN MUNICIPAL,18,2,2,0,1,4,192,192,165,165,0,1,6,4,38,2,3,1,0,7,1,16,9,14,3,53,2,0,2,0,3
1,4,0,380,380,1,https://resultados2019.blob.core.windows.net/201901/032894.jpg,OK,0,10,GUATEMALA,SAN JUAN SACATEPÉQUEZ,3289,CORPORACIÓN MUNICIPAL,12,1,2,0,1,4,231,231,215,215,2,2,5,5,5,0,3,4,2,5,2,2,113,17,1,17,6,0,5,3,17
1,3,0,400,402,1,https://resultados2019.blob.core.windows.net/201901/033624.jpg,OK,0,10,GUATEMALA,SAN JUAN SACATEPÉQUEZ,3362,CORPORACIÓN MUNICIPAL,5,1,2,0,1,4,216,216,208,208,5,3,0,2,2,0,3,1,2,5,1,3,121,22,1,13,6,0,5,2,11
1,4,0,400,400,1,https://resultados2019.blob.core.windows.net/201901/033394.jpg,OK,0,10,GUATEMALA,SAN JUAN SACATEPÉQUEZ,3339,CORPORACIÓN MUNICIPAL,13,1,2,0,1,4,246,246,229,229,4,2,1,3,5,1,2,6,1,7,0,0,125,11,0,16,5,1,4,2,33
1,1,0,400,401,1,https://resultados2019.blob.core.windows.net/201901/033464.jpg,OK,0,10,GUATEMALA,SAN JUAN SACATEPÉQUEZ,3346,CORPORACIÓN MUNICIPAL,4,1,2,0,1,4,217,217,212,212,2,4,0,1,1,0,2,2,1,2,0,0,148,6,3,12,4,1,2,5,16
1,6,0,376,376,1,https://resultados2019.blob.core.windows.net/201901/033364.jpg,OK,0,10,GUATEMALA,SAN JUAN SACATEPÉQUEZ,3336,CORPORACIÓN MUNICIPAL,4,1,2,0,1,4,179,179,169,169,0,0,3,2,30,0,0,0,2,2,0,0,27,21,6,60,2,4,0,0,4
1,4,0,600,600,1,https://resultados2019.blob.core.windows.net/201901/034414.jpg,OK,0,10,GUATEMALA,SAN JUAN SACATEPÉQUEZ,3441,CORPORACIÓN MUNICIPAL,21,2,2,0,1,4,294,294,269,269,0,3,10,12,25,6,6,6,2,2,2,10,17,18,25,101,7,4,7,3,3
1,5,0,380,380,1,https://resultados2019.blob.core.windows.net/201901/033214.jpg,OK,0,10,GUATEMALA,SAN JUAN SACATEPÉQUEZ,3321,CORPORACIÓN MUNICIPAL,15,1,2,0,1,4,214,214,194,194,0,1,4,5,27,1,2,1,3,4,1,1,22,27,6,70,2,6,2,2,6
1,2,0,380,380,1,https://resultados2019.blob.core.windows.net/201901/032994.jpg,OK,0,10,GUATEMALA,SAN JUAN SACATEPÉQUEZ,3299,CORPORACIÓN MUNICIPAL,13,1,2,0,1,4,208,208,193,193,3,3,1,2,4,1,3,5,1,2,3,3,106,14,0,22,3,1,1,6,9
1,2,0,380,373,1,https://resultados2019.blob.core.windows.net/201901/033234.jpg,OK,0,10,GUATEMALA,SAN JUAN SACATEPÉQUEZ,3323,CORPORACIÓN MUNICIPAL,15,1,2,0,1,4,198,198,181,181,0,1,1,1,24,0,9,4,2,1,2,1,25,28,3,73,1,3,1,0,1
1,4,0,400,400,1,https://resultados2019.blob.core.windows.net/201901/032364.jpg,OK,0,10,GUATEMALA,SAN JUAN SACATEPÉQUEZ,3236,CORPORACIÓN MUNICIPAL,8,1,2,0,1,4,295,295,283,283,0,4,13,3,25,3,5,10,5,2,4,11,21,17,20,131,3,2,2,0,2
1,3,0,400,407,1,https://resultados2019.blob.core.windows.net/201901/032644.jpg,OK,0,10,GUATEMALA,SAN JUAN SACATEPÉQUEZ,3264,CORPORACIÓN MUNICIPAL,11,2,2,0,1,4,230,230,216,216,0,1,5,9,20,1,4,2,2,5,3,0,24,43,9,68,1,2,5,2,10
1,17,0,380,380,1,https://resultados2019.blob.core.windows.net/201901/033334.jpg,OK,0,10,GUATEMALA,SAN JUAN SACATEPÉQUEZ,3333,CORPORACIÓN MUNICIPAL,14,1,2,0,1,4,170,170,139,139,0,2,2,0,23,0,3,4,6,1,2,0,23,16,1,48,1,2,4,0,1
1,0,0,380,380,1,https://resultados2019.blob.core.windows.net/201901/033784.jpg,OK,0,10,GUATEMALA,SAN JUAN SACATEPÉQUEZ,3378,CORPORACIÓN MUNICIPAL,4,1,2,0,1,4,207,207,203,203,3,4,1,3,4,0,1,1,0,4,0,3,137,10,4,8,2,0,6,5,7
1,0,0,207,207,1,https://resultados2019.blob.core.windows.net/201901/032854.jpg,OK,0,10,GUATEMALA,SAN JUAN SACATEPÉQUEZ,3285,CORPORACIÓN MUNICIPAL,2,2,2,0,1,4,105,105,103,103,0,0,1,1,21,1,2,0,3,0,0,9,23,1,5,30,2,0,3,0,1
1,2,0,400,398,1,https://resultados2019.blob.core.windows.net/201901/033634.jpg,OK,0,10,GUATEMALA,SAN JUAN SACATEPÉQUEZ,3363,CORPORACIÓN MUNICIPAL,9,1,2,0,1,4,229,229,218,218,4,3,1,1,5,2,2,4,2,7,1,4,123,17,3,14,8,1,3,0,13
1,2,0,400,400,1,https://resultados2019.blob.core.windows.net/201901/032214.jpg,OK,0,10,GUATEMALA,SAN JUAN SACATEPÉQUEZ,3221,CORPORACIÓN MUNICIPAL,14,1,2,0,1,4,285,285,269,269,3,2,3,16,11,6,11,4,5,6,12,6,8,36,28,99,2,0,5,3,3
1,3,0,380,382,1,https://resultados2019.blob.core.windows.net/201901/032944.jpg,OK,0,10,GUATEMALA,SAN JUAN SACATEPÉQUEZ,3294,CORPORACIÓN MUNICIPAL,10,1,2,0,1,4,221,221,208,208,1,1,5,1,6,1,2,5,1,2,5,1,118,15,1,9,3,4,9,3,15
1,5,0,400,400,1,https://resultados2019.blob.core.windows.net/201901/034304.jpg,OK,0,10,GUATEMALA,SAN JUAN SACATEPÉQUEZ,3430,CORPORACIÓN MUNICIPAL,11,1,2,0,1,4,219,219,203,203,0,0,6,13,15,3,2,5,1,2,5,2,16,16,13,66,3,1,7,4,23
0,3,0,380,0,1,https://resultados2019.blob.core.windows.net/201901/033814.jpg,OK,0,10,GUATEMALA,SAN JUAN SACATEPÉQUEZ,3381,CORPORACIÓN MUNICIPAL,13,1,2,0,1,4,227,226,210,211,3,7,1,3,2,0,1,2,2,6,1,0,126,12,0,15,1,3,8,5,12
1,1,0,213,213,1,https://resultados2019.blob.core.windows.net/201901/034254.jpg,OK,0,10,GUATEMALA,SAN JUAN SACATEPÉQUEZ,3425,CORPORACIÓN MUNICIPAL,3,1,2,0,1,4,107,107,103,103,0,0,0,6,25,0,1,1,0,2,2,3,11,8,2,35,2,0,3,0,2
1,1,0,380,380,1,https://resultados2019.blob.core.windows.net/201901/033734.jpg,OK,134,10,GUATEMALA,SAN JUAN SACATEPÉQUEZ,3373,CORPORACIÓN MUNICIPAL,6,1,2,0,1,4,246,246,239,239,4,6,2,0,3,1,4,3,2,4,2,4,145,10,0,14,14,5,6,2,8
1,5,0,380,380,1,https://resultados2019.blob.core.windows.net/201901/033274.jpg,OK,0,10,GUATEMALA,SAN JUAN SACATEPÉQUEZ,3327,CORPORACIÓN MUNICIPAL,24,1,2,0,1,4,209,209,180,180,1,0,2,4,29,1,3,3,2,0,5,4,25,21,2,64,0,3,4,1,6
1,9,0,400,400,1,https://resultados2019.blob.core.windows.net/201901/032204.jpg,OK,2,10,GUATEMALA,SAN JUAN SACATEPÉQUEZ,3220,CORPORACIÓN MUNICIPAL,6,1,2,0,1,4,287,287,272,272,0,0,5,12,6,2,6,4,0,3,14,7,12,53,25,107,0,4,9,0,3
1,5,0,380,375,1,https://resultados2019.blob.core.windows.net/201901/032744.jpg,OK,0,10,GUATEMALA,SAN JUAN SACATEPÉQUEZ,3274,CORPORACIÓN MUNICIPAL,6,2,2,0,1,4,162,162,151,151,0,2,1,3,32,0,2,1,5,3,3,10,39,11,1,29,5,0,3,0,1
1,6,0,400,400,1,https://resultados2019.blob.core.windows.net/201901/033384.jpg,OK,0,10,GUATEMALA,SAN JUAN SACATEPÉQUEZ,3338,CORPORACIÓN MUNICIPAL,23,1,2,0,1,4,255,255,226,226,1,4,3,4,10,0,7,5,0,4,1,2,114,24,0,14,6,1,4,2,20
1,6,0,380,380,1,https://resultados2019.blob.core.windows.net/201901/034044.jpg,OK,0,10,GUATEMALA,SAN JUAN SACATEPÉQUEZ,3404,CORPORACIÓN MUNICIPAL,14,1,2,0,1,4,236,236,216,216,0,1,2,5,52,0,5,2,3,2,0,0,20,24,7,83,0,3,6,1,0
0,3,0,400,400,1,https://resultados2019.blob.core.windows.net/201901/033514.jpg,OK,0,10,GUATEMALA,SAN JUAN SACATEPÉQUEZ,3351,CORPORACIÓN MUNICIPAL,18,1,0,0,1,4,246,244,223,225,4,2,19,2,1,6,0,0,5,1,1,0,128,0,2,6,20,5,4,3,14
1,0,0,380,219,1,https://resultados2019.blob.core.windows.net/201901/033854.jpg,OK,9,10,GUATEMALA,SAN JUAN SACATEPÉQUEZ,3385,CORPORACIÓN MUNICIPAL,10,1,2,0,1,4,229,229,219,219,1,4,4,1,7,1,6,3,0,3,1,6,132,7,0,18,9,2,3,6,7
1,8,0,600,599,1,https://resultados2019.blob.core.windows.net/201901/034384.jpg,OK,0,10,GUATEMALA,SAN JUAN SACATEPÉQUEZ,3438,CORPORACIÓN MUNICIPAL,10,1,2,0,1,4,279,279,261,261,1,2,2,10,23,2,9,4,5,6,7,8,20,33,9,97,5,1,5,2,10
1,1,0,380,380,1,https://resultados2019.blob.core.windows.net/201901/033764.jpg,OK,0,10,GUATEMALA,SAN JUAN SACATEPÉQUEZ,3376,CORPORACIÓN MUNICIPAL,11,1,0,0,1,4,217,217,205,205,2,6,0,3,6,0,2,5,1,3,2,3,130,10,1,14,4,0,4,3,6
1,8,0,380,380,1,https://resultados2019.blob.core.windows.net/201901/034144.jpg,OK,0,10,GUATEMALA,SAN JUAN SACATEPÉQUEZ,3414,CORPORACIÓN MUNICIPAL,10,1,2,0,1,4,235,235,217,217,1,2,1,6,57,0,2,3,2,2,5,3,22,14,10,72,0,2,4,2,4
1,0,0,336,336,1,https://resultados2019.blob.core.windows.net/201901/033054.jpg,OK,0,10,GUATEMALA,SAN JUAN SACATEPÉQUEZ,3305,CORPORACIÓN MUNICIPAL,9,1,2,0,1,4,213,213,204,204,2,3,3,2,2,1,3,7,1,7,6,4,122,7,2,13,2,0,9,3,5
1,6,0,400,400,1,https://resultados2019.blob.core.windows.net/201901/034264.jpg,OK,0,10,GUATEMALA,SAN JUAN SACATEPÉQUEZ,3426,CORPORACIÓN MUNICIPAL,13,1,2,0,1,4,215,215,196,196,2,3,2,18,8,1,2,3,4,4,3,1,10,20,5,68,2,1,4,2,28
1,11,0,380,390,1,https://resultados2019.blob.core.windows.net/201901/033324.jpg,OK,0,10,GUATEMALA,SAN JUAN SACATEPÉQUEZ,3332,CORPORACIÓN MUNICIPAL,33,1,2,0,1,4,179,179,135,135,1,2,7,1,28,0,5,1,0,2,1,4,13,19,0,43,0,0,3,0,5
1,3,0,400,400,1,https://resultados2019.blob.core.windows.net/201901/033524.jpg,OK,0,10,GUATEMALA,SAN JUAN SACATEPÉQUEZ,3352,CORPORACIÓN MUNICIPAL,11,1,2,0,1,4,240,240,226,226,3,3,3,2,4,1,1,5,2,4,2,4,127,16,0,10,8,3,10,1,17
1,5,0,400,400,1,https://resultados2019.blob.core.windows.net/201901/034314.jpg,OK,0,10,GUATEMALA,SAN JUAN SACATEPÉQUEZ,3431,CORPORACIÓN MUNICIPAL,10,1,2,0,1,4,221,221,206,206,1,4,3,11,10,1,7,4,4,2,9,4,13,11,11,73,5,0,7,0,26
1,8,0,400,402,1,https://resultados2019.blob.core.windows.net/201901/032324.jpg,OK,0,10,GUATEMALA,SAN JUAN SACATEPÉQUEZ,3232,CORPORACIÓN MUNICIPAL,13,1,2,0,1,4,242,242,221,221,0,5,7,7,14,5,1,11,0,1,7,4,22,16,6,102,1,1,2,1,4
1,3,0,380,380,1,https://resultados2019.blob.core.windows.net/201901/032884.jpg,OK,0,10,GUATEMALA,SAN JUAN SACATEPÉQUEZ,3288,CORPORACIÓN MUNICIPAL,16,1,2,0,1,4,214,214,195,195,2,2,2,4,3,1,4,7,0,6,5,1,104,13,1,11,3,0,8,4,14
1,3,0,380,381,1,https://resultados2019.blob.core.windows.net/201901/032984.jpg,OK,0,10,GUATEMALA,SAN JUAN SACATEPÉQUEZ,3298,CORPORACIÓN MUNICIPAL,16,1,2,0,1,4,222,222,203,203,2,1,2,2,5,0,2,5,1,5,9,2,114,13,1,18,3,0,7,2,9
1,10,0,380,380,1,https://resultados2019.blob.core.windows.net/201901/033114.jpg,OK,0,10,GUATEMALA,SAN JUAN SACATEPÉQUEZ,3311,CORPORACIÓN MUNICIPAL,31,1,0,0,1,4,214,214,173,173,8,2,2,2,9,1,2,2,1,4,4,3,24,31,1,63,1,4,4,1,4
1,3,0,380,380,1,https://resultados2019.blob.core.windows.net/201901/032844.jpg,OK,0,10,GUATEMALA,SAN JUAN SACATEPÉQUEZ,3284,CORPORACIÓN MUNICIPAL,9,2,2,0,1,4,148,148,136,136,1,0,3,3,31,0,0,1,1,3,1,14,38,10,3,20,3,0,3,0,1
1,6,0,380,383,1,https://resultados2019.blob.core.windows.net/201901/033194.jpg,OK,0,10,GUATEMALA,SAN JUAN SACATEPÉQUEZ,3319,CORPORACIÓN MUNICIPAL,21,1,2,0,1,4,219,219,192,192,0,0,3,3,20,4,5,5,5,4,2,2,20,31,3,74,0,5,3,0,3
1,7,0,400,417,1,https://resultados2019.blob.core.windows.net/201901/032434.jpg,OK,0,10,GUATEMALA,SAN JUAN SACATEPÉQUEZ,3243,CORPORACIÓN MUNICIPAL,17,2,2,0,1,4,264,264,240,240,0,1,8,13,18,1,9,10,1,5,3,3,24,22,5,109,1,0,2,1,4
1,3,0,380,378,1,https://resultados2019.blob.core.windows.net/201901/034214.jpg,OK,0,10,GUATEMALA,SAN JUAN SACATEPÉQUEZ,3421,CORPORACIÓN MUNICIPAL,34,1,2,0,1,4,217,217,180,180,4,0,2,2,56,0,0,3,1,2,0,2,13,15,7,61,3,1,3,0,1
1,8,0,380,377,1,https://resultados2019.blob.core.windows.net/201901/034064.jpg,OK,0,10,GUATEMALA,SAN JUAN SACATEPÉQUEZ,3406,CORPORACIÓN MUNICIPAL,16,1,2,0,1,4,235,235,211,211,1,1,3,2,63,3,4,2,0,1,1,0,26,9,2,65,4,5,17,0,2
1,1,0,380,380,1,https://resultados2019.blob.core.windows.net/201901/033944.jpg,OK,0,10,GUATEMALA,SAN JUAN SACATEPÉQUEZ,3394,CORPORACIÓN MUNICIPAL,4,2,2,0,1,4,207,207,202,202,3,3,1,2,7,1,0,3,0,5,2,2,120,15,0,11,6,0,4,10,7
1,7,0,400,400,1,https://resultados2019.blob.core.windows.net/201901/032504.jpg,OK,0,10,GUATEMALA,SAN JUAN SACATEPÉQUEZ,3250,CORPORACIÓN MUNICIPAL,13,1,2,0,1,4,262,262,242,242,0,1,4,11,40,1,3,6,3,9,5,18,17,19,5,82,3,0,4,1,10
1,2,0,400,400,1,https://resultados2019.blob.core.windows.net/201901/033544.jpg,OK,0,10,GUATEMALA,SAN JUAN SACATEPÉQUEZ,3354,CORPORACIÓN MUNICIPAL,9,1,2,0,1,4,244,244,233,233,2,5,2,2,9,0,3,6,4,7,1,3,119,17,1,15,12,0,4,3,15
1,2,0,380,382,1,https://resultados2019.blob.core.windows.net/201901/032974.jpg,OK,0,10,GUATEMALA,SAN JUAN SACATEPÉQUEZ,3297,CORPORACIÓN MUNICIPAL,10,1,2,0,1,4,241,241,229,229,2,3,3,2,4,2,2,4,1,6,10,7,130,11,1,13,5,3,2,2,16
1,8,0,400,400,1,https://resultados2019.blob.core.windows.net/201901/032064.jpg,OK,0,10,GUATEMALA,SAN JUAN SACATEPÉQUEZ,3206,CORPORACIÓN MUNICIPAL,7,1,2,0,1,4,280,280,265,265,0,4,7,15,5,5,11,6,5,8,10,3,14,41,19,96,6,0,1,1,8
0,14,0,380,380,1,https://resultados2019.blob.core.windows.net/201901/033304.jpg,OK,0,10,GUATEMALA,SAN JUAN SACATEPÉQUEZ,3330,CORPORACIÓN MUNICIPAL,30,1,2,0,1,4,194,194,150,194,0,0,3,3,17,0,7,4,2,2,2,2,20,18,1,59,1,4,0,2,3
0,3,0,380,381,1,https://resultados2019.blob.core.windows.net/201901/032924.jpg,OK,5,10,GUATEMALA,SAN JUAN SACATEPÉQUEZ,3292,CORPORACIÓN MUNICIPAL,1,1,2,0,1,4,188,183,179,179,0,2,7,1,1,0,4,1,0,7,4,2,113,8,0,7,3,2,4,1,12
1,0,0,380,380,1,https://resultados2019.blob.core.windows.net/201901/033844.jpg,OK,0,10,GUATEMALA,SAN JUAN SACATEPÉQUEZ,3384,CORPORACIÓN MUNICIPAL,6,1,2,0,1,4,224,224,218,218,0,3,6,1,5,1,3,3,2,4,1,1,120,13,2,11,6,4,10,7,15
1,9,0,352,352,1,https://resultados2019.blob.core.windows.net/201901/032684.jpg,OK,0,10,GUATEMALA,SAN JUAN SACATEPÉQUEZ,3268,CORPORACIÓN MUNICIPAL,14,2,2,0,1,4,173,173,150,150,1,2,4,3,16,1,5,2,0,1,1,3,11,24,10,58,0,0,4,2,2
1,12,0,380,380,1,https://resultados2019.blob.core.windows.net/201901/033224.jpg,OK,0,10,GUATEMALA,SAN JUAN SACATEPÉQUEZ,3322,CORPORACIÓN MUNICIPAL,12,1,2,0,1,4,218,218,194,194,0,0,3,2,23,2,4,4,9,4,5,1,21,26,4,73,4,2,1,0,6
1,2,0,380,380,1,https://resultados2019.blob.core.windows.net/201901/033874.jpg,OK,3,10,GUATEMALA,SAN JUAN SACATEPÉQUEZ,3387,CORPORACIÓN MUNICIPAL,12,1,2,0,1,4,244,244,230,230,6,2,3,0,1,1,2,3,0,14,1,4,128,9,1,28,7,3,8,2,7
1,7,0,380,380,1,https://resultados2019.blob.core.windows.net/201901/033244.jpg,OK,0,10,GUATEMALA,SAN JUAN SACATEPÉQUEZ,3324,CORPORACIÓN MUNICIPAL,26,1,2,0,1,4,210,210,177,177,1,1,2,1,31,2,4,1,9,0,0,5,18,18,3,64,1,6,3,1,6
1,6,0,400,404,1,https://resultados2019.blob.core.windows.net/201901/032664.jpg,OK,0,10,GUATEMALA,SAN JUAN SACATEPÉQUEZ,3266,CORPORACIÓN MUNICIPAL,14,2,2,0,1,4,236,236,216,216,0,2,5,8,19,6,3,1,5,6,3,3,15,31,18,74,5,2,1,1,8
0,1,0,380,374,1,https://resultados2019.blob.core.windows.net/201901/033704.jpg,OK,0,10,GUATEMALA,SAN JUAN SACATEPÉQUEZ,3370,CORPORACIÓN MUNICIPAL,9,1,2,0,1,4,232,226,216,222,3,6,2,0,9,5,3,3,0,0,0,2,130,14,1,12,9,0,8,2,7
1,3,0,380,380,1,https://resultados2019.blob.core.windows.net/201901/033204.jpg,OK,0,10,GUATEMALA,SAN JUAN SACATEPÉQUEZ,3320,CORPORACIÓN MUNICIPAL,5,1,2,0,1,4,190,190,182,182,1,0,1,4,34,0,8,0,3,3,1,0,32,26,2,54,3,1,4,1,4
1,12,0,380,381,1,https://resultados2019.blob.core.windows.net/201901/033314.jpg,OK,0,10,GUATEMALA,SAN JUAN SACATEPÉQUEZ,3331,CORPORACIÓN MUNICIPAL,22,1,2,0,1,4,184,184,150,150,0,0,0,4,18,0,0,4,2,3,1,2,20,19,2,58,1,2,8,0,4
1,7,0,400,400,1,https://resultados2019.blob.core.windows.net/201901/034324.jpg,OK,0,10,GUATEMALA,SAN JUAN SACATEPÉQUEZ,3432,CORPORACIÓN MUNICIPAL,18,1,2,0,1,4,210,210,185,185,0,7,3,11,9,0,2,5,0,5,5,4,11,14,14,66,2,0,5,1,21
1,6,0,380,380,1,https://resultados2019.blob.core.windows.net/201901/033674.jpg,OK,0,10,GUATEMALA,SAN JUAN SACATEPÉQUEZ,3367,CORPORACIÓN MUNICIPAL,12,1,2,0,1,4,227,227,209,209,2,4,2,2,4,2,1,1,0,4,1,1,122,15,1,18,9,1,7,3,9
1,6,0,380,380,1,https://resultados2019.blob.core.windows.net/201901/034164.jpg,OK,0,10,GUATEMALA,SAN JUAN SACATEPÉQUEZ,3416,CORPORACIÓN MUNICIPAL,10,1,2,0,1,4,236,236,220,220,1,1,3,5,55,0,5,1,3,6,3,3,18,24,4,73,3,1,6,3,2
1,4,0,400,403,1,https://resultados2019.blob.core.windows.net/201901/033474.jpg,OK,0,10,GUATEMALA,SAN JUAN SACATEPÉQUEZ,3347,CORPORACIÓN MUNICIPAL,6,1,2,0,1,4,194,194,184,184,2,4,0,0,4,0,3,3,0,8,3,0,105,11,3,13,4,1,5,3,12
1,3,0,380,380,1,https://resultados2019.blob.core.windows.net/201901/033934.jpg,OK,0,10,GUATEMALA,SAN JUAN SACATEPÉQUEZ,3393,CORPORACIÓN MUNICIPAL,3,1,2,0,1,4,211,211,205,205,2,5,3,0,5,1,3,3,1,5,3,6,120,14,3,13,8,0,3,5,2
1,9,0,380,384,1,https://resultados2019.blob.core.windows.net/201901/033024.jpg,OK,0,10,GUATEMALA,SAN JUAN SACATEPÉQUEZ,3302,CORPORACIÓN MUNICIPAL,11,1,2,0,1,4,175,175,155,155,0,2,0,1,1,0,7,4,0,4,4,2,75,12,2,15,4,1,5,7,13
1,6,0,380,380,1,https://resultados2019.blob.core.windows.net/201901/033104.jpg,OK,0,10,GUATEMALA,SAN JUAN SACATEPÉQUEZ,3310,CORPORACIÓN MUNICIPAL,28,1,2,0,1,4,223,223,189,189,0,0,3,8,34,2,7,0,1,4,1,1,23,22,1,66,2,3,5,1,5
1,7,0,380,382,1,https://resultados2019.blob.core.windows.net/201901/034074.jpg,OK,0,10,GUATEMALA,SAN JUAN SACATEPÉQUEZ,3407,CORPORACIÓN MUNICIPAL,21,1,2,0,1,4,245,245,217,217,1,0,2,5,59,3,6,6,2,1,4,0,17,23,6,70,3,3,4,0,2
1,4,0,207,207,1,https://resultados2019.blob.core.windows.net/201901/032864.jpg,OK,0,10,GUATEMALA,SAN JUAN SACATEPÉQUEZ,3286,CORPORACIÓN MUNICIPAL,4,2,2,0,1,4,102,102,94,94,0,0,0,2,21,1,2,0,2,2,1,8,30,3,2,13,2,0,2,0,3
1,2,0,400,404,1,https://resultados2019.blob.core.windows.net/201901/032284.jpg,OK,0,10,GUATEMALA,SAN JUAN SACATEPÉQUEZ,3228,CORPORACIÓN MUNICIPAL,4,1,2,0,1,4,236,236,230,230,1,0,7,10,7,5,0,3,4,3,9,13,5,22,35,86,0,0,5,0,5
1,1,0,245,242,1,https://resultados2019.blob.core.windows.net/201901/032624.jpg,OK,0,10,GUATEMALA,SAN JUAN SACATEPÉQUEZ,3262,CORPORACIÓN MUNICIPAL,4,2,2,0,1,4,152,152,147,147,0,1,0,5,25,4,1,1,1,4,7,5,10,9,10,49,2,0,2,1,4
1,1,0,380,380,1,https://resultados2019.blob.core.windows.net/201901/033044.jpg,OK,0,10,GUATEMALA,SAN JUAN SACATEPÉQUEZ,3304,CORPORACIÓN MUNICIPAL,13,1,2,0,1,4,190,190,176,176,2,2,1,2,5,1,6,2,0,4,8,3,93,12,0,15,5,1,5,6,6
1,1,0,400,400,1,https://resultados2019.blob.core.windows.net/201901/032334.jpg,OK,0,10,GUATEMALA,SAN JUAN SACATEPÉQUEZ,3233,CORPORACIÓN MUNICIPAL,11,1,2,0,1,4,264,264,252,252,1,0,8,9,16,7,3,14,1,4,8,3,27,24,4,111,4,0,0,3,5
0,3,0,380,205,1,https://resultados2019.blob.core.windows.net/201901/033904.jpg,OK,0,10,GUATEMALA,SAN JUAN SACATEPÉQUEZ,3390,CORPORACIÓN MUNICIPAL,9,1,2,0,1,4,205,204,192,193,3,7,7,0,5,0,3,1,1,2,2,1,103,18,1,14,11,0,4,3,7
1,3,0,600,602,1,https://resultados2019.blob.core.windows.net/201901/034394.jpg,OK,0,10,GUATEMALA,SAN JUAN SACATEPÉQUEZ,3439,CORPORACIÓN MUNICIPAL,13,1,2,0,1,4,276,276,260,260,0,1,6,11,23,5,4,18,3,5,9,6,14,13,4,107,7,1,8,2,13
1,2,0,400,400,1,https://resultados2019.blob.core.windows.net/201901/032164.jpg,OK,2,10,GUATEMALA,SAN JUAN SACATEPÉQUEZ,3216,CORPORACIÓN MUNICIPAL,6,1,2,0,1,4,281,281,273,273,1,1,4,18,11,8,11,3,0,0,15,6,16,29,38,99,0,2,4,2,5
1,12,0,600,600,1,https://resultados2019.blob.core.windows.net/201901/034464.jpg,OK,0,10,GUATEMALA,SAN JUAN SACATEPÉQUEZ,3446,CORPORACIÓN MUNICIPAL,10,2,2,0,1,4,235,235,213,213,0,3,5,8,18,4,12,7,1,5,3,23,17,12,4,72,5,2,4,4,4
0,3,0,400,400,1,https://resultados2019.blob.core.windows.net/201901/033504.jpg,OK,0,10,GUATEMALA,SAN JUAN SACATEPÉQUEZ,3350,CORPORACIÓN MUNICIPAL,13,1,2,0,1,4,250,240,224,234,4,3,3,4,6,0,2,3,0,6,2,1,130,3,2,18,4,5,2,4,22
1,2,0,380,380,1,https://resultados2019.blob.core.windows.net/201901/033974.jpg,OK,0,10,GUATEMALA,SAN JUAN SACATEPÉQUEZ,3397,CORPORACIÓN MUNICIPAL,11,2,2,0,1,4,211,211,198,198,2,6,0,1,6,0,2,4,2,3,2,4,114,14,2,16,4,1,7,3,5
1,4,0,380,381,1,https://resultados2019.blob.core.windows.net/201901/032914.jpg,OK,0,10,GUATEMALA,SAN JUAN SACATEPÉQUEZ,3291,CORPORACIÓN MUNICIPAL,8,1,2,0,1,4,207,207,195,195,4,0,5,1,1,1,5,4,2,4,7,0,113,11,3,14,3,0,3,5,11
1,9,0,380,378,1,https://resultados2019.blob.core.windows.net/201901/032784.jpg,OK,0,10,GUATEMALA,SAN JUAN SACATEPÉQUEZ,3278,CORPORACIÓN MUNICIPAL,16,2,2,0,1,4,186,186,161,161,3,1,3,2,29,1,2,3,0,2,1,28,34,3,2,30,13,0,4,0,0
1,2,0,380,0,1,https://resultados2019.blob.core.windows.net/201901/033684.jpg,OK,0,10,GUATEMALA,SAN JUAN SACATEPÉQUEZ,3368,CORPORACIÓN MUNICIPAL,17,1,2,0,1,4,228,228,209,209,1,3,1,1,3,2,1,4,0,10,3,3,129,11,1,10,8,1,6,5,6
1,7,0,380,380,1,https://resultados2019.blob.core.windows.net/201901/034154.jpg,OK,0,10,GUATEMALA,SAN JUAN SACATEPÉQUEZ,3415,CORPORACIÓN MUNICIPAL,17,1,2,0,1,4,224,224,200,200,1,2,3,4,56,0,7,4,0,2,1,3,15,20,9,57,4,4,8,0,0
1,5,0,400,400,1,https://resultados2019.blob.core.windows.net/201901/034284.jpg,OK,0,10,GUATEMALA,SAN JUAN SACATEPÉQUEZ,3428,CORPORACIÓN MUNICIPAL,13,1,2,0,1,4,200,200,182,182,1,0,1,11,14,1,1,6,2,5,6,0,13,15,5,73,2,0,2,1,21
1,6,0,380,382,1,https://resultados2019.blob.core.windows.net/201901/032904.jpg,OK,0,10,GUATEMALA,SAN JUAN SACATEPÉQUEZ,3290,CORPORACIÓN MUNICIPAL,12,1,2,0,1,4,225,225,207,207,0,1,3,4,3,1,3,8,0,10,1,5,105,15,0,11,6,1,12,5,13
1,2,0,380,380,1,https://resultados2019.blob.core.windows.net/201901/033884.jpg,OK,0,10,GUATEMALA,SAN JUAN SACATEPÉQUEZ,3388,CORPORACIÓN MUNICIPAL,7,1,2,0,1,4,221,221,212,212,3,8,1,3,3,0,2,2,1,7,1,3,121,10,0,18,12,2,4,2,9
1,4,0,400,399,1,https://resultados2019.blob.core.windows.net/201901/033374.jpg,OK,0,10,GUATEMALA,SAN JUAN SACATEPÉQUEZ,3337,CORPORACIÓN MUNICIPAL,17,1,0,0,1,4,238,238,217,217,1,1,3,3,6,1,3,3,0,8,1,4,114,19,2,16,5,2,3,4,18
1,9,0,400,402,1,https://resultados2019.blob.core.windows.net/201901/032634.jpg,OK,0,10,GUATEMALA,SAN JUAN SACATEPÉQUEZ,3263,CORPORACIÓN MUNICIPAL,17,2,2,0,1,4,237,237,211,211,0,1,7,7,11,0,6,4,1,8,2,1,24,47,7,68,4,0,6,0,7
1,2,0,400,380,1,https://resultados2019.blob.core.windows.net/201901/033554.jpg,OK,0,10,GUATEMALA,SAN JUAN SACATEPÉQUEZ,3355,CORPORACIÓN MUNICIPAL,14,1,2,0,1,4,232,232,216,216,1,3,3,5,8,1,0,4,6,10,0,1,115,14,2,19,8,2,3,3,8
1,6,0,380,355,1,https://resultados2019.blob.core.windows.net/201901/032834.jpg,OK,0,10,GUATEMALA,SAN JUAN SACATEPÉQUEZ,3283,CORPORACIÓN MUNICIPAL,18,2,2,0,1,4,167,167,143,143,2,0,1,1,31,3,4,1,1,1,4,14,35,9,3,24,6,1,2,0,0
1,19,0,380,382,1,https://resultados2019.blob.core.windows.net/201901/034204.jpg,OK,0,10,GUATEMALA,SAN JUAN SACATEPÉQUEZ,3420,CORPORACIÓN MUNICIPAL,20,1,2,0,1,4,204,204,165,165,0,0,1,3,53,0,1,3,0,3,1,2,11,17,1,61,0,0,5,2,1
1,4,0,400,404,1,https://resultados2019.blob.core.windows.net/201901/032184.jpg,OK,0,10,GUATEMALA,SAN JUAN SACATEPÉQUEZ,3218,CORPORACIÓN MUNICIPAL,11,2,2,0,1,4,282,282,267,267,0,3,5,17,11,1,8,7,4,3,14,9,13,33,25,98,5,0,6,1,4
1,5,0,400,403,1,https://resultados2019.blob.core.windows.net/201901/032134.jpg,OK,0,10,GUATEMALA,SAN JUAN SACATEPÉQUEZ,3213,CORPORACIÓN MUNICIPAL,6,1,2,0,1,4,300,300,289,289,0,1,8,18,10,2,9,4,6,5,16,6,10,33,35,111,3,1,8,0,3
1,1,0,380,380,1,https://resultados2019.blob.core.windows.net/201901/033774.jpg,OK,0,10,GUATEMALA,SAN JUAN SACATEPÉQUEZ,3377,CORPORACIÓN MUNICIPAL,16,1,0,0,1,4,202,202,185,185,4,3,1,1,8,0,1,1,1,3,1,2,127,7,0,4,5,1,4,5,6
1,1,0,380,0,1,https://resultados2019.blob.core.windows.net/201901/033744.jpg,OK,0,10,GUATEMALA,SAN JUAN SACATEPÉQUEZ,3374,CORPORACIÓN MUNICIPAL,12,1,2,0,1,4,232,232,219,219,3,5,4,3,3,2,1,6,1,4,1,6,122,9,1,16,13,1,5,2,11
1,12,0,380,375,1,https://resultados2019.blob.core.windows.net/201901/032794.jpg,OK,0,10,GUATEMALA,SAN JUAN SACATEPÉQUEZ,3279,CORPORACIÓN MUNICIPAL,8,2,2,0,1,4,188,188,168,168,1,3,1,1,34,0,2,3,1,1,1,21,36,9,1,42,9,1,0,0,1
1,13,0,380,380,1,https://resultados2019.blob.core.windows.net/201901/034194.jpg,OK,0,10,GUATEMALA,SAN JUAN SACATEPÉQUEZ,3419,CORPORACIÓN MUNICIPAL,20,1,2,0,1,4,210,210,177,177,1,0,1,9,59,0,2,1,3,2,1,1,11,13,0,59,1,1,8,2,2
1,8,0,400,403,1,https://resultados2019.blob.core.windows.net/201901/033534.jpg,OK,0,10,GUATEMALA,SAN JUAN SACATEPÉQUEZ,3353,CORPORACIÓN MUNICIPAL,15,1,2,0,1,4,267,267,244,244,1,4,6,1,5,0,3,4,0,11,1,3,130,19,1,19,11,0,6,1,18
1,7,0,380,380,1,https://resultados2019.blob.core.windows.net/201901/032704.jpg,OK,0,10,GUATEMALA,SAN JUAN SACATEPÉQUEZ,3270,CORPORACIÓN MUNICIPAL,10,2,2,0,1,4,226,226,209,209,2,1,7,3,52,1,3,4,7,2,3,16,41,10,3,41,7,0,4,0,2
1,7,0,380,379,1,https://resultados2019.blob.core.windows.net/201901/033074.jpg,OK,0,10,GUATEMALA,SAN JUAN SACATEPÉQUEZ,3307,CORPORACIÓN MUNICIPAL,25,1,2,0,1,4,234,234,202,202,0,0,3,2,24,2,5,3,8,4,3,1,27,21,4,85,1,4,1,1,3
1,5,0,380,380,1,https://resultados2019.blob.core.windows.net/201901/032874.jpg,OK,0,10,GUATEMALA,SAN JUAN SACATEPÉQUEZ,3287,CORPORACIÓN MUNICIPAL,8,1,2,0,1,4,221,221,208,208,0,4,3,2,2,1,4,3,0,8,6,2,120,17,0,10,4,2,6,3,11
1,3,0,380,379,1,https://resultados2019.blob.core.windows.net/201901/032724.jpg,OK,0,10,GUATEMALA,SAN JUAN SACATEPÉQUEZ,3272,CORPORACIÓN MUNICIPAL,4,2,2,0,1,4,197,197,190,190,0,2,3,5,35,2,4,1,0,1,2,18,44,13,8,39,7,1,1,0,4
1,3,1,380,380,1,https://resultados2019.blob.core.windows.net/201901/033894.jpg,OK,0,10,GUATEMALA,SAN JUAN SACATEPÉQUEZ,3389,CORPORACIÓN MUNICIPAL,11,1,2,0,1,4,214,214,200,200,4,7,0,4,6,0,3,4,1,7,2,1,110,16,3,9,6,1,1,4,11
1,10,0,380,379,1,https://resultados2019.blob.core.windows.net/201901/033254.jpg,OK,0,10,GUATEMALA,SAN JUAN SACATEPÉQUEZ,3325,CORPORACIÓN MUNICIPAL,18,1,2,0,1,4,217,217,189,189,1,0,7,6,26,1,11,4,2,3,1,1,24,23,2,66,1,1,1,1,7
1,0,0,400,400,1,https://resultados2019.blob.core.windows.net/201901/033644.jpg,OK,0,10,GUATEMALA,SAN JUAN SACATEPÉQUEZ,3364,CORPORACIÓN MUNICIPAL,7,1,2,0,1,4,252,252,245,245,3,3,2,4,3,1,6,1,0,6,1,2,149,8,1,17,20,1,4,2,11
1,9,0,380,380,1,https://resultados2019.blob.core.windows.net/201901/033284.jpg,OK,0,10,GUATEMALA,SAN JUAN SACATEPÉQUEZ,3328,CORPORACIÓN MUNICIPAL,29,1,2,0,1,4,204,204,166,166,0,1,1,2,26,2,0,1,4,4,0,0,14,23,0,61,3,6,2,0,8
1,2,0,400,403,1,https://resultados2019.blob.core.windows.net/201901/033614.jpg,OK,0,10,GUATEMALA,SAN JUAN SACATEPÉQUEZ,3361,CORPORACIÓN MUNICIPAL,11,1,2,0,1,4,213,213,200,200,2,2,0,6,5,2,2,8,2,4,0,2,106,12,2,20,6,0,2,1,16
1,2,0,400,405,1,https://resultados2019.blob.core.windows.net/201901/032404.jpg,OK,0,10,GUATEMALA,SAN JUAN SACATEPÉQUEZ,3240,CORPORACIÓN MUNICIPAL,16,2,2,0,1,4,256,256,238,238,0,3,4,13,13,7,5,8,1,3,3,6,19,14,13,120,2,0,0,1,3
1,2,0,295,296,1,https://resultados2019.blob.core.windows.net/201901/032314.jpg,OK,0,10,GUATEMALA,SAN JUAN SACATEPÉQUEZ,3231,CORPORACIÓN MUNICIPAL,2,1,2,0,1,4,171,171,167,167,0,1,5,10,6,4,0,5,4,0,7,0,13,12,28,64,1,2,1,0,2
1,3,0,246,0,1,https://resultados2019.blob.core.windows.net/201901/032614.jpg,OK,0,10,GUATEMALA,SAN JUAN SACATEPÉQUEZ,3261,CORPORACIÓN MUNICIPAL,7,2,2,0,1,4,126,126,116,116,0,0,1,3,20,0,2,2,0,9,3,5,6,13,7,33,2,0,3,2,3
1,1,0,400,395,1,https://resultados2019.blob.core.windows.net/201901/032294.jpg,OK,0,10,GUATEMALA,SAN JUAN SACATEPÉQUEZ,3229,CORPORACIÓN MUNICIPAL,3,1,2,0,1,4,252,252,248,248,0,1,4,16,7,6,10,3,3,1,14,4,16,31,48,72,0,2,6,0,4
1,8,0,400,403,1,https://resultados2019.blob.core.windows.net/201901/032414.jpg,OK,0,10,GUATEMALA,SAN JUAN SACATEPÉQUEZ,3241,CORPORACIÓN MUNICIPAL,10,2,2,0,1,4,259,259,241,241,0,4,16,6,19,3,12,11,4,4,7,0,26,13,13,93,3,0,2,2,3
1,14,0,380,379,1,https://resultados2019.blob.core.windows.net/201901/033164.jpg,OK,0,10,GUATEMALA,SAN JUAN SACATEPÉQUEZ,3316,CORPORACIÓN MUNICIPAL,48,1,2,0,1,4,254,254,192,192,0,2,5,5,27,0,2,6,2,2,2,0,11,32,1,77,3,3,5,0,7
1,6,0,380,377,1,https://resultados2019.blob.core.windows.net/201901/033264.jpg,OK,0,10,GUATEMALA,SAN JUAN SACATEPÉQUEZ,3326,CORPORACIÓN MUNICIPAL,21,1,2,0,1,4,212,212,185,185,1,1,1,2,23,0,1,2,3,1,0,1,33,24,1,65,2,9,3,1,5
1,3,0,400,403,1,https://resultados2019.blob.core.windows.net/201901/033564.jpg,OK,0,10,GUATEMALA,SAN JUAN SACATEPÉQUEZ,3356,CORPORACIÓN MUNICIPAL,13,1,2,0,1,4,244,244,228,228,8,2,4,2,6,0,2,6,1,4,1,2,117,20,1,23,9,1,5,3,11
1,6,0,380,379,1,https://resultados2019.blob.core.windows.net/201901/033184.jpg,OK,0,10,GUATEMALA,SAN JUAN SACATEPÉQUEZ,3318,CORPORACIÓN MUNICIPAL,26,1,2,0,1,4,237,237,205,205,0,1,3,1,32,1,1,3,5,3,2,1,28,20,4,70,2,4,4,1,9
1,13,0,380,380,1,https://resultados2019.blob.core.windows.net/201901/033174.jpg,OK,0,10,GUATEMALA,SAN JUAN SACATEPÉQUEZ,3317,CORPORACIÓN MUNICIPAL,28,1,2,0,1,4,244,244,203,203,2,1,3,7,21,0,7,3,6,2,0,1,24,25,1,87,6,0,5,0,2
1,4,0,380,380,1,https://resultados2019.blob.core.windows.net/201901/033804.jpg,OK,10,10,GUATEMALA,SAN JUAN SACATEPÉQUEZ,3380,CORPORACIÓN MUNICIPAL,15,1,2,0,1,4,228,228,209,209,2,7,1,3,5,2,1,6,1,1,1,1,135,8,0,14,5,1,6,4,5
1,0,0,380,380,1,https://resultados2019.blob.core.windows.net/201901/033034.jpg,OK,0,10,GUATEMALA,SAN JUAN SACATEPÉQUEZ,3303,CORPORACIÓN MUNICIPAL,18,1,2,0,1,4,165,165,147,147,0,3,1,2,2,0,1,5,0,4,3,2,79,14,2,6,2,3,9,1,8
1,11,0,380,380,1,https://resultados2019.blob.core.windows.net/201901/034104.jpg,OK,0,10,GUATEMALA,SAN JUAN SACATEPÉQUEZ,3410,CORPORACIÓN MUNICIPAL,20,1,2,0,1,4,242,242,211,211,0,1,3,6,65,0,2,2,1,0,1,1,24,23,6,61,3,4,5,2,1
1,6,0,380,381,1,https://resultados2019.blob.core.windows.net/201901/034054.jpg,OK,0,10,GUATEMALA,SAN JUAN SACATEPÉQUEZ,3405,CORPORACIÓN MUNICIPAL,36,1,2,0,1,4,241,241,199,199,0,1,3,3,64,1,1,2,2,0,2,2,14,24,3,66,3,2,4,0,2
1,6,0,380,380,1,https://resultados2019.blob.core.windows.net/201901/033954.jpg,OK,0,10,GUATEMALA,SAN JUAN SACATEPÉQUEZ,3395,CORPORACIÓN MUNICIPAL,8,2,2,0,1,4,210,210,196,196,4,0,1,1,2,0,0,2,1,4,1,0,128,12,1,8,13,0,5,3,10
1,8,0,380,380,1,https://resultados2019.blob.core.windows.net/201901/034174.jpg,OK,0,10,GUATEMALA,SAN JUAN SACATEPÉQUEZ,3417,CORPORACIÓN MUNICIPAL,24,1,2,0,1,4,229,229,197,197,1,3,0,6,60,1,3,1,1,3,2,1,11,20,2,67,1,3,7,0,4
1,5,0,400,404,1,https://resultados2019.blob.core.windows.net/201901/032464.jpg,OK,0,10,GUATEMALA,SAN JUAN SACATEPÉQUEZ,3246,CORPORACIÓN MUNICIPAL,17,1,2,0,1,4,218,218,196,196,3,1,11,1,17,6,3,3,1,2,3,3,18,12,7,92,2,2,5,2,2
1,2,0,336,336,1,https://resultados2019.blob.core.windows.net/201901/033064.jpg,OK,0,10,GUATEMALA,SAN JUAN SACATEPÉQUEZ,3306,CORPORACIÓN MUNICIPAL,1,1,2,0,1,4,170,170,167,167,0,3,0,0,3,2,0,0,3,2,5,4,107,5,4,10,2,1,3,0,8
1,13,0,380,380,1,https://resultados2019.blob.core.windows.net/201901/033294.jpg,OK,0,10,GUATEMALA,SAN JUAN SACATEPÉQUEZ,3329,CORPORACIÓN MUNICIPAL,28,1,2,0,1,4,193,193,152,152,1,1,1,2,15,1,7,3,2,2,2,1,21,18,1,61,4,3,2,0,4
1,6,0,380,377,1,https://resultados2019.blob.core.windows.net/201901/034114.jpg,OK,0,10,GUATEMALA,SAN JUAN SACATEPÉQUEZ,3411,CORPORACIÓN MUNICIPAL,18,1,2,0,1,4,217,217,193,193,0,0,0,4,53,1,5,1,4,3,2,0,11,24,5,65,3,1,7,1,3
0,4,0,400,400,1,https://resultados2019.blob.core.windows.net/201901/033604.jpg,OK,0,10,GUATEMALA,SAN JUAN SACATEPÉQUEZ,3360,CORPORACIÓN MUNICIPAL,9,1,0,0,1,4,213,205,192,200,8,2,2,3,3,0,4,1,7,2,0,3,106,3,0,16,5,3,7,5,12
1,3,0,400,400,1,https://resultados2019.blob.core.windows.net/201901/033434.jpg,OK,0,10,GUATEMALA,SAN JUAN SACATEPÉQUEZ,3343,CORPORACIÓN MUNICIPAL,11,1,2,0,1,4,248,248,234,234,2,5,1,3,3,0,2,3,1,7,2,2,112,21,1,26,6,2,3,2,29
1,1,0,314,314,1,https://resultados2019.blob.core.windows.net/201901/034034.jpg,OK,0,10,GUATEMALA,SAN JUAN SACATEPÉQUEZ,3403,CORPORACIÓN MUNICIPAL,6,2,2,0,1,4,134,134,127,127,2,6,4,1,0,0,1,1,0,3,1,2,78,1,0,12,5,2,2,2,4
1,4,0,400,400,1,https://resultados2019.blob.core.windows.net/201901/034274.jpg,OK,0,10,GUATEMALA,SAN JUAN SACATEPÉQUEZ,3427,CORPORACIÓN MUNICIPAL,11,1,2,0,1,4,210,210,195,195,0,0,2,19,12,0,9,4,0,7,3,1,18,24,7,66,1,1,3,1,17
1,8,0,380,380,1,https://resultados2019.blob.core.windows.net/201901/032824.jpg,OK,0,10,GUATEMALA,SAN JUAN SACATEPÉQUEZ,3282,CORPORACIÓN MUNICIPAL,15,2,2,0,1,4,163,163,140,140,0,1,2,1,44,0,3,2,2,2,2,10,29,7,1,21,6,0,3,1,3
1,2,0,351,351,1,https://resultados2019.blob.core.windows.net/201901/032694.jpg,OK,0,10,GUATEMALA,SAN JUAN SACATEPÉQUEZ,3269,CORPORACIÓN MUNICIPAL,6,2,2,0,1,4,192,192,184,184,0,2,0,8,13,0,4,2,3,3,6,4,9,34,22,64,1,0,5,2,2
1,1,0,400,400,1,https://resultados2019.blob.core.windows.net/201901/032274.jpg,OK,0,10,GUATEMALA,SAN JUAN SACATEPÉQUEZ,3227,CORPORACIÓN MUNICIPAL,12,1,2,0,1,4,227,227,214,214,1,1,5,9,11,6,7,4,1,0,14,3,8,25,25,83,2,1,3,0,5
1,9,0,600,528,1,https://resultados2019.blob.core.windows.net/201901/034404.jpg,OK,0,10,GUATEMALA,SAN JUAN SACATEPÉQUEZ,3440,CORPORACIÓN MUNICIPAL,13,2,2,0,1,4,264,264,242,242,1,2,8,19,16,5,9,3,4,2,8,7,22,19,10,79,8,6,3,1,10
1,4,0,400,400,1,https://resultados2019.blob.core.windows.net/201901/032174.jpg,OK,0,10,GUATEMALA,SAN JUAN SACATEPÉQUEZ,3217,CORPORACIÓN MUNICIPAL,9,1,2,0,1,4,289,289,276,276,2,1,6,17,11,10,8,4,2,2,15,5,17,29,33,110,1,0,2,0,1
1,8,0,400,400,1,https://resultados2019.blob.core.windows.net/201901/032394.jpg,OK,0,10,GUATEMALA,SAN JUAN SACATEPÉQUEZ,3239,CORPORACIÓN MUNICIPAL,18,2,2,0,1,4,268,268,242,242,0,2,8,7,18,3,3,11,3,3,7,6,24,13,16,113,1,0,1,0,3
1,8,0,400,400,1,https://resultados2019.blob.core.windows.net/201901/033414.jpg,OK,0,10,GUATEMALA,SAN JUAN SACATEPÉQUEZ,3341,CORPORACIÓN MUNICIPAL,8,1,2,0,1,4,262,262,246,246,3,5,1,4,5,0,2,2,2,3,2,3,121,31,2,14,5,2,6,2,31
1,8,0,380,380,1,https://resultados2019.blob.core.windows.net/201901/032764.jpg,OK,0,10,GUATEMALA,SAN JUAN SACATEPÉQUEZ,3276,CORPORACIÓN MUNICIPAL,6,2,2,0,1,4,208,208,194,194,2,1,7,2,34,1,5,1,6,3,1,19,40,9,3,47,6,2,3,1,1
1,3,0,380,347,1,https://resultados2019.blob.core.windows.net/201901/032934.jpg,OK,0,10,GUATEMALA,SAN JUAN SACATEPÉQUEZ,3293,CORPORACIÓN MUNICIPAL,9,1,2,0,1,4,199,199,187,187,0,2,4,6,3,0,3,3,0,2,7,2,114,8,0,7,2,0,5,2,17
1,10,0,380,380,1,https://resultados2019.blob.core.windows.net/201901/034084.jpg,OK,0,10,GUATEMALA,SAN JUAN SACATEPÉQUEZ,3408,CORPORACIÓN MUNICIPAL,33,1,2,0,1,4,269,269,226,226,5,0,0,0,59,0,0,0,2,3,1,3,20,22,4,88,3,3,11,1,1
0,12,0,380,380,1,https://resultados2019.blob.core.windows.net/201901/033084.jpg,OK,0,10,GUATEMALA,SAN JUAN SACATEPÉQUEZ,3308,CORPORACIÓN MUNICIPAL,23,1,2,0,1,4,239,233,198,204,0,2,4,4,28,2,1,3,5,0,2,2,23,30,1,70,2,4,6,1,8
0,5,0,380,380,1,https://resultados2019.blob.core.windows.net/201901/033754.jpg,OK,0,10,GUATEMALA,SAN JUAN SACATEPÉQUEZ,3375,CORPORACIÓN MUNICIPAL,9,1,2,0,1,4,211,225,211,211,4,5,2,1,1,1,2,3,1,5,0,4,140,7,1,10,8,0,6,1,9
1,0,0,380,0,1,https://resultados2019.blob.core.windows.net/201901/033794.jpg,OK,0,10,GUATEMALA,SAN JUAN SACATEPÉQUEZ,3379,CORPORACIÓN MUNICIPAL,8,1,2,0,1,4,233,233,225,225,3,7,2,1,8,2,3,4,0,5,2,2,128,13,0,15,9,0,9,2,10
1,3,0,400,401,1,https://resultados2019.blob.core.windows.net/201901/032254.jpg,OK,0,10,GUATEMALA,SAN JUAN SACATEPÉQUEZ,3225,CORPORACIÓN MUNICIPAL,17,1,2,0,1,4,261,261,241,241,0,0,6,13,8,8,6,9,3,1,13,9,17,31,25,87,1,0,0,0,4
1,2,0,466,466,1,https://resultados2019.blob.core.windows.net/201901/034504.jpg,OK,0,10,GUATEMALA,SAN JUAN SACATEPÉQUEZ,3450,CORPORACIÓN MUNICIPAL,5,1,2,0,1,4,73,73,66,66,1,1,0,2,4,0,1,3,0,1,1,3,6,6,1,28,0,0,2,1,6
1,5,0,400,400,1,https://resultados2019.blob.core.windows.net/201901/032154.jpg,OK,0,10,GUATEMALA,SAN JUAN SACATEPÉQUEZ,3215,CORPORACIÓN MUNICIPAL,6,1,2,0,1,4,268,268,257,257,1,1,5,13,18,3,6,6,2,4,10,6,9,33,22,105,1,1,6,1,4
0,3,0,600,601,1,https://resultados2019.blob.core.windows.net/201901/034364.jpg,OK,0,10,GUATEMALA,SAN JUAN SACATEPÉQUEZ,3436,CORPORACIÓN MUNICIPAL,20,2,2,0,1,4,279,283,260,256,0,2,5,10,27,3,4,10,0,5,9,4,26,29,17,73,3,3,7,2,21
1,4,0,400,400,1,https://resultados2019.blob.core.windows.net/201901/032374.jpg,OK,0,10,GUATEMALA,SAN JUAN SACATEPÉQUEZ,3237,CORPORACIÓN MUNICIPAL,4,2,2,0,1,4,244,244,236,236,0,0,7,5,15,1,5,10,5,1,10,2,24,11,19,113,1,1,4,1,1
1,7,0,380,380,1,https://resultados2019.blob.core.windows.net/201901/033004.jpg,OK,0,10,GUATEMALA,SAN JUAN SACATEPÉQUEZ,3300,CORPORACIÓN MUNICIPAL,17,1,2,0,1,4,210,210,186,186,1,2,1,1,1,0,1,5,1,3,5,1,112,20,1,9,4,1,6,3,8
0,2,0,400,400,1,https://resultados2019.blob.core.windows.net/201901/033574.jpg,OK,0,10,GUATEMALA,SAN JUAN SACATEPÉQUEZ,3357,CORPORACIÓN MUNICIPAL,12,1,2,0,1,4,246,247,233,232,4,4,0,4,8,0,3,6,2,2,1,2,119,25,2,18,10,2,6,2,13
1,1,0,348,348,1,https://resultados2019.blob.core.windows.net/201901/034344.jpg,OK,0,10,GUATEMALA,SAN JUAN SACATEPÉQUEZ,3434,CORPORACIÓN MUNICIPAL,8,1,2,0,1,4,193,193,184,184,0,1,5,13,12,1,1,4,5,6,6,3,12,19,17,52,0,3,2,1,15
1,3,0,400,400,1,https://resultados2019.blob.core.windows.net/201901/032574.jpg,OK,172,10,GUATEMALA,SAN JUAN SACATEPÉQUEZ,3257,CORPORACIÓN MUNICIPAL,11,1,2,0,1,4,228,228,214,214,0,0,5,6,31,1,7,4,3,8,5,17,8,19,4,72,5,0,6,1,12
1,1,0,400,395,1,https://resultados2019.blob.core.windows.net/201901/033454.jpg,OK,6,10,GUATEMALA,SAN JUAN SACATEPÉQUEZ,3345,CORPORACIÓN MUNICIPAL,5,1,2,0,1,4,212,212,206,206,2,1,2,3,5,0,3,1,1,5,0,2,124,10,2,14,10,1,2,5,13
1,1,0,214,216,1,https://resultados2019.blob.core.windows.net/201901/034244.jpg,OK,0,10,GUATEMALA,SAN JUAN SACATEPÉQUEZ,3424,CORPORACIÓN MUNICIPAL,3,1,2,0,1,4,145,145,141,141,0,0,3,2,42,0,1,0,0,4,2,0,14,15,2,40,3,3,5,1,3
1,5,0,380,380,1,https://resultados2019.blob.core.windows.net/201901/033154.jpg,OK,0,10,GUATEMALA,SAN JUAN SACATEPÉQUEZ,3315,CORPORACIÓN MUNICIPAL,30,1,2,0,1,4,240,240,205,205,2,2,3,6,24,4,7,3,3,3,1,3,25,31,7,67,2,3,6,1,2
1,11,0,600,600,1,https://resultados2019.blob.core.windows.net/201901/034484.jpg,OK,0,10,GUATEMALA,SAN JUAN SACATEPÉQUEZ,3448,CORPORACIÓN MUNICIPAL,23,1,2,0,1,4,189,189,155,155,1,1,3,8,21,2,4,5,0,3,1,9,10,12,5,54,5,1,3,4,3
1,0,0,380,380,1,https://resultados2019.blob.core.windows.net/201901/033964.jpg,OK,0,10,GUATEMALA,SAN JUAN SACATEPÉQUEZ,3396,CORPORACIÓN MUNICIPAL,6,2,2,0,1,4,205,205,199,199,5,5,3,2,6,0,4,5,2,5,2,1,109,12,2,11,8,1,6,3,7
1,5,0,400,0,1,https://resultados2019.blob.core.windows.net/201901/032554.jpg,OK,0,10,GUATEMALA,SAN JUAN SACATEPÉQUEZ,3255,CORPORACIÓN MUNICIPAL,7,2,2,0,1,4,242,242,230,230,1,0,7,8,36,3,3,5,3,9,8,13,14,14,8,82,2,1,2,3,7
1,5,0,400,402,1,https://resultados2019.blob.core.windows.net/201901/033584.jpg,OK,0,10,GUATEMALA,SAN JUAN SACATEPÉQUEZ,3358,CORPORACIÓN MUNICIPAL,19,1,2,0,1,4,246,246,222,222,1,3,1,5,2,0,4,6,0,7,1,3,128,18,0,12,8,3,6,0,14
1,9,0,380,380,1,https://resultados2019.blob.core.windows.net/201901/032774.jpg,OK,0,10,GUATEMALA,SAN JUAN SACATEPÉQUEZ,3277,CORPORACIÓN MUNICIPAL,16,2,2,0,1,4,208,208,183,183,1,3,6,1,18,2,7,4,6,4,3,24,37,8,2,42,7,1,3,0,4
1,1,0,380,382,1,https://resultados2019.blob.core.windows.net/201901/034004.jpg,OK,0,10,GUATEMALA,SAN JUAN SACATEPÉQUEZ,3400,CORPORACIÓN MUNICIPAL,6,1,2,0,1,4,218,218,211,211,1,2,3,2,4,0,6,2,1,6,1,1,141,9,0,8,6,2,7,3,6
1,1,0,400,404,1,https://resultados2019.blob.core.windows.net/201901/032104.jpg,OK,0,10,GUATEMALA,SAN JUAN SACATEPÉQUEZ,3210,CORPORACIÓN MUNICIPAL,12,2,2,0,1,4,265,265,252,252,1,2,10,19,7,4,9,5,5,4,8,6,8,35,28,83,4,2,5,2,5
0,2,0,380,380,1,https://resultados2019.blob.core.windows.net/201901/033864.jpg,OK,1,10,GUATEMALA,SAN JUAN SACATEPÉQUEZ,3386,CORPORACIÓN MUNICIPAL,9,1,2,0,1,4,241,240,229,229,3,3,1,3,7,1,2,4,0,6,1,4,131,10,1,11,11,2,6,9,13
1,1,0,380,0,1,https://resultados2019.blob.core.windows.net/201901/033834.jpg,OK,0,10,GUATEMALA,SAN JUAN SACATEPÉQUEZ,3383,CORPORACIÓN MUNICIPAL,13,1,2,0,1,4,238,238,224,224,2,2,2,4,7,2,1,6,0,8,2,6,128,12,2,13,9,2,3,5,8
0,6,0,400,400,1,https://resultados2019.blob.core.windows.net/201901/032194.jpg,OK,2,10,GUATEMALA,SAN JUAN SACATEPÉQUEZ,3219,CORPORACIÓN MUNICIPAL,15,1,2,0,1,4,279,277,256,256,0,2,2,14,8,2,5,5,3,0,7,6,19,49,24,98,4,3,4,0,1
1,2,0,400,400,1,https://resultados2019.blob.core.windows.net/201901/032674.jpg,OK,0,10,GUATEMALA,SAN JUAN SACATEPÉQUEZ,3267,CORPORACIÓN MUNICIPAL,15,2,2,0,1,4,222,222,205,205,1,0,6,7,18,5,4,3,0,1,8,5,12,34,8,76,1,0,2,4,9
1,6,0,600,600,1,https://resultados2019.blob.core.windows.net/201901/034354.jpg,OK,0,10,GUATEMALA,SAN JUAN SACATEPÉQUEZ,3435,CORPORACIÓN MUNICIPAL,12,2,2,0,1,4,253,253,235,235,3,1,2,5,19,1,14,12,3,6,5,7,21,19,10,86,1,2,7,0,11
1,3,0,600,603,1,https://resultados2019.blob.core.windows.net/201901/034474.jpg,OK,0,10,GUATEMALA,SAN JUAN SACATEPÉQUEZ,3447,CORPORACIÓN MUNICIPAL,15,2,2,0,1,4,200,200,182,182,1,2,4,1,24,4,5,5,3,1,4,7,14,20,11,61,3,1,4,2,5
0,0,0,362,362,1,https://resultados2019.blob.core.windows.net/201901/033664.jpg,OK,0,10,GUATEMALA,SAN JUAN SACATEPÉQUEZ,3366,CORPORACIÓN MUNICIPAL,6,1,2,0,1,4,198,197,191,192,1,3,0,2,2,1,1,2,1,7,3,0,118,8,2,13,7,1,6,4,9
1,1,0,275,275,1,https://resultados2019.blob.core.windows.net/201901/032484.jpg,OK,0,10,GUATEMALA,SAN JUAN SACATEPÉQUEZ,3248,CORPORACIÓN MUNICIPAL,4,1,2,0,1,4,185,185,180,180,1,1,5,3,17,0,8,6,2,1,12,4,16,11,16,73,1,1,1,0,1
1,3,0,400,404,1,https://resultados2019.blob.core.windows.net/201901/033594.jpg,OK,0,10,GUATEMALA,SAN JUAN SACATEPÉQUEZ,3359,CORPORACIÓN MUNICIPAL,18,1,2,0,1,4,225,225,204,204,3,0,1,0,4,0,1,6,0,5,0,1,107,21,1,16,8,2,5,2,21
1,3,0,380,399,1,https://resultados2019.blob.core.windows.net/201901/033724.jpg,OK,0,10,GUATEMALA,SAN JUAN SACATEPÉQUEZ,3372,CORPORACIÓN MUNICIPAL,6,1,2,0,1,4,238,238,229,229,7,5,4,4,4,2,2,4,0,7,2,4,131,17,1,11,9,1,6,0,8
1,1,0,314,314,1,https://resultados2019.blob.core.windows.net/201901/034024.jpg,OK,0,10,GUATEMALA,SAN JUAN SACATEPÉQUEZ,3402,CORPORACIÓN MUNICIPAL,1,2,2,0,1,4,190,190,188,188,2,3,1,2,3,0,3,1,1,5,0,5,124,9,2,10,4,0,6,2,5
1,8,0,400,0,1,https://resultados2019.blob.core.windows.net/201901/032584.jpg,OK,0,10,GUATEMALA,SAN JUAN SACATEPÉQUEZ,3258,CORPORACIÓN MUNICIPAL,9,1,2,0,1,4,222,222,205,205,0,3,2,4,37,3,5,3,3,12,2,10,11,4,7,75,5,1,7,0,11
1,2,0,400,400,1,https://resultados2019.blob.core.windows.net/201901/033424.jpg,OK,0,10,GUATEMALA,SAN JUAN SACATEPÉQUEZ,3342,CORPORACIÓN MUNICIPAL,17,1,2,0,1,4,246,246,227,227,3,6,1,2,4,0,3,4,2,10,2,1,108,29,2,10,11,1,4,3,24
1,4,0,600,600,1,https://resultados2019.blob.core.windows.net/201901/034454.jpg,OK,0,10,GUATEMALA,SAN JUAN SACATEPÉQUEZ,3445,CORPORACIÓN MUNICIPAL,20,2,2,0,1,4,256,256,232,232,2,2,9,12,32,3,8,5,4,2,4,10,22,18,5,80,2,0,4,2,6
1,8,0,600,602,1,https://resultados2019.blob.core.windows.net/201901/034444.jpg,OK,0,10,GUATEMALA,SAN JUAN SACATEPÉQUEZ,3444,CORPORACIÓN MUNICIPAL,19,2,2,0,1,4,256,256,229,229,0,0,5,11,31,9,5,12,1,3,5,19,22,9,2,73,13,1,3,0,5
1,3,0,380,380,1,https://resultados2019.blob.core.windows.net/201901/032714.jpg,OK,0,10,GUATEMALA,SAN JUAN SACATEPÉQUEZ,3271,CORPORACIÓN MUNICIPAL,12,2,2,0,1,4,235,235,220,220,1,4,3,3,39,0,8,6,2,1,2,24,50,9,5,43,10,1,6,0,3
1,2,0,380,380,1,https://resultados2019.blob.core.windows.net/201901/032954.jpg,OK,0,10,GUATEMALA,SAN JUAN SACATEPÉQUEZ,3295,CORPORACIÓN MUNICIPAL,8,1,2,0,1,4,221,221,211,211,0,8,1,0,2,0,6,8,0,9,8,4,108,13,2,9,1,1,9,6,18
0,4,0,380,380,1,https://resultados2019.blob.core.windows.net/201901/032734.jpg,OK,0,10,GUATEMALA,SAN JUAN SACATEPÉQUEZ,3273,CORPORACIÓN MUNICIPAL,3,2,2,0,1,4,151,152,145,144,0,1,2,3,38,0,3,3,5,1,0,15,31,4,4,25,7,1,0,0,2
1,2,0,380,385,1,https://resultados2019.blob.core.windows.net/201901/033714.jpg,OK,0,10,GUATEMALA,SAN JUAN SACATEPÉQUEZ,3371,CORPORACIÓN MUNICIPAL,9,1,2,0,1,4,249,249,238,238,2,5,3,5,2,1,3,6,2,7,4,4,137,12,0,15,10,2,4,4,10
1,2,0,400,400,1,https://resultados2019.blob.core.windows.net/201901/032084.jpg,OK,0,10,GUATEMALA,SAN JUAN SACATEPÉQUEZ,3208,CORPORACIÓN MUNICIPAL,15,1,2,0,1,4,276,276,259,259,2,2,4,17,7,1,15,3,5,5,10,8,12,45,20,85,2,2,8,2,4
1,1,0,380,380,1,https://resultados2019.blob.core.windows.net/201901/033924.jpg,OK,0,10,GUATEMALA,SAN JUAN SACATEPÉQUEZ,3392,CORPORACIÓN MUNICIPAL,3,1,2,0,1,4,200,200,196,196,6,3,1,1,9,1,1,0,1,4,1,2,131,8,1,10,3,1,8,1,4
1,0,0,400,400,1,https://resultados2019.blob.core.windows.net/201901/032144.jpg,OK,0,10,GUATEMALA,SAN JUAN SACATEPÉQUEZ,3214,CORPORACIÓN MUNICIPAL,10,2,2,0,1,4,275,275,265,265,0,1,4,17,6,4,8,3,5,2,14,3,16,29,29,117,2,0,4,0,1
1,5,0,400,400,1,https://resultados2019.blob.core.windows.net/201901/032544.jpg,OK,0,10,GUATEMALA,SAN JUAN SACATEPÉQUEZ,3254,CORPORACIÓN MUNICIPAL,7,2,2,0,1,4,235,235,223,223,1,1,4,8,21,5,8,5,0,10,5,12,23,15,9,80,2,1,2,0,11
1,4,0,380,0,1,https://resultados2019.blob.core.windows.net/201901/032964.jpg,OK,0,10,GUATEMALA,SAN JUAN SACATEPÉQUEZ,3296,CORPORACIÓN MUNICIPAL,7,1,2,0,1,4,217,217,206,206,3,0,3,1,2,3,4,8,1,4,7,1,110,11,2,10,3,1,4,9,19
1,4,0,380,385,1,https://resultados2019.blob.core.windows.net/201901/033344.jpg,OK,0,10,GUATEMALA,SAN JUAN SACATEPÉQUEZ,3334,CORPORACIÓN MUNICIPAL,9,1,2,0,1,4,178,178,165,165,1,2,1,2,21,2,1,1,0,3,3,2,23,15,2,63,2,7,5,1,3
1,17,0,380,379,1,https://resultados2019.blob.core.windows.net/201901/033134.jpg,OK,0,10,GUATEMALA,SAN JUAN SACATEPÉQUEZ,3313,CORPORACIÓN MUNICIPAL,35,1,2,0,1,4,238,238,186,186,1,0,3,3,19,0,6,2,6,1,1,1,24,35,1,72,1,1,6,0,3
1,7,0,400,0,1,https://resultados2019.blob.core.windows.net/201901/032564.jpg,OK,0,10,GUATEMALA,SAN JUAN SACATEPÉQUEZ,3256,CORPORACIÓN MUNICIPAL,18,1,2,0,1,4,239,239,214,214,2,1,5,5,26,1,6,7,2,4,4,8,15,19,8,86,3,0,5,0,7
1,1,0,400,400,1,https://resultados2019.blob.core.windows.net/201901/032094.jpg,OK,0,10,GUATEMALA,SAN JUAN SACATEPÉQUEZ,3209,CORPORACIÓN MUNICIPAL,19,2,2,0,1,4,269,269,249,249,0,0,5,18,6,4,12,6,5,3,14,6,18,32,20,87,1,2,3,3,4
1,16,0,380,380,1,https://resultados2019.blob.core.windows.net/201901/033144.jpg,OK,0,10,GUATEMALA,SAN JUAN SACATEPÉQUEZ,3314,CORPORACIÓN MUNICIPAL,37,1,2,0,1,4,235,235,182,182,0,1,2,2,18,0,12,1,4,5,4,2,21,22,2,72,0,1,6,3,4
1,7,0,400,400,1,https://resultados2019.blob.core.windows.net/201901/032344.jpg,OK,0,10,GUATEMALA,SAN JUAN SACATEPÉQUEZ,3234,CORPORACIÓN MUNICIPAL,14,1,2,0,1,4,256,256,235,235,2,2,4,2,15,1,2,11,3,2,10,3,26,20,12,107,2,1,5,2,3
1,6,0,400,0,1,https://resultados2019.blob.core.windows.net/201901/032514.jpg,OK,0,10,GUATEMALA,SAN JUAN SACATEPÉQUEZ,3251,CORPORACIÓN MUNICIPAL,14,1,2,0,1,4,239,239,219,219,0,2,7,10,33,1,1,4,1,7,3,9,14,20,10,77,3,0,3,0,14
1,10,0,400,400,1,https://resultados2019.blob.core.windows.net/201901/032444.jpg,OK,0,10,GUATEMALA,SAN JUAN SACATEPÉQUEZ,3244,CORPORACIÓN MUNICIPAL,19,1,2,0,1,4,239,239,210,210,2,1,7,3,9,2,3,8,0,4,3,1,20,17,10,112,3,0,4,0,1
1,3,0,400,400,1,https://resultados2019.blob.core.windows.net/201901/032114.jpg,OK,0,10,GUATEMALA,SAN JUAN SACATEPÉQUEZ,3211,CORPORACIÓN MUNICIPAL,17,1,2,0,1,4,304,304,284,284,3,1,3,16,8,5,12,6,4,7,12,9,15,30,22,114,6,2,5,1,3
1,3,0,400,400,1,https://resultados2019.blob.core.windows.net/201901/033404.jpg,OK,0,10,GUATEMALA,SAN JUAN SACATEPÉQUEZ,3340,CORPORACIÓN MUNICIPAL,14,1,2,0,1,4,267,267,250,250,5,3,2,1,5,0,2,3,0,6,3,2,128,32,0,19,5,0,6,2,28
1,1,0,380,381,1,https://resultados2019.blob.core.windows.net/201901/034014.jpg,OK,0,10,GUATEMALA,SAN JUAN SACATEPÉQUEZ,3401,CORPORACIÓN MUNICIPAL,5,1,2,0,1,4,249,249,243,243,4,3,2,4,1,1,1,2,1,7,2,5,173,5,1,10,9,2,2,3,5
1,5,0,466,466,1,https://resultados2019.blob.core.windows.net/201901/034494.jpg,OK,0,10,GUATEMALA,SAN JUAN SACATEPÉQUEZ,3449,CORPORACIÓN MUNICIPAL,6,1,2,0,1,4,124,124,113,113,0,2,5,4,15,0,0,4,0,4,2,5,10,11,2,41,3,0,2,1,2
1,3,0,400,400,1,https://resultados2019.blob.core.windows.net/201901/033484.jpg,OK,0,10,GUATEMALA,SAN JUAN SACATEPÉQUEZ,3348,CORPORACIÓN MUNICIPAL,11,1,2,0,1,4,238,238,224,224,2,4,3,1,6,1,1,1,0,7,0,2,125,17,3,18,5,0,3,6,19
1,9,0,600,600,1,https://resultados2019.blob.core.windows.net/201901/034374.jpg,OK,0,10,GUATEMALA,SAN JUAN SACATEPÉQUEZ,3437,CORPORACIÓN MUNICIPAL,11,2,2,0,1,4,270,270,250,250,1,2,9,13,20,3,3,4,3,3,9,8,23,32,5,93,3,3,7,0,6
1,2,0,380,380,1,https://resultados2019.blob.core.windows.net/201901/034124.jpg,OK,0,10,GUATEMALA,SAN JUAN SACATEPÉQUEZ,3412,CORPORACIÓN MUNICIPAL,3,1,2,0,1,4,208,208,203,203,0,1,2,6,61,0,4,2,0,1,3,2,21,26,6,57,1,2,5,0,3
1,10,0,400,400,1,https://resultados2019.blob.core.windows.net/201901/032424.jpg,OK,0,10,GUATEMALA,SAN JUAN SACATEPÉQUEZ,3242,CORPORACIÓN MUNICIPAL,20,2,2,0,1,4,253,253,223,223,2,1,7,5,15,3,6,16,3,6,3,2,14,18,11,100,1,1,4,1,4
1,0,0,363,363,1,https://resultados2019.blob.core.windows.net/201901/033654.jpg,OK,0,10,GUATEMALA,SAN JUAN SACATEPÉQUEZ,3365,CORPORACIÓN MUNICIPAL,3,1,2,0,1,4,240,240,237,237,9,3,1,3,9,0,1,0,0,7,1,5,145,9,4,8,10,3,3,4,12
1,4,0,274,274,1,https://resultados2019.blob.core.windows.net/201901/032494.jpg,OK,0,10,GUATEMALA,SAN JUAN SACATEPÉQUEZ,3249,CORPORACIÓN MUNICIPAL,4,1,2,0,1,4,166,166,158,158,1,0,2,0,7,2,5,6,2,4,6,4,10,7,15,80,0,1,3,0,3
1,3,0,376,376,1,https://resultados2019.blob.core.windows.net/201901/033354.jpg,OK,0,10,GUATEMALA,SAN JUAN SACATEPÉQUEZ,3335,CORPORACIÓN MUNICIPAL,5,1,2,0,1,4,236,236,228,228,0,0,3,2,33,2,13,1,2,3,4,0,44,23,8,64,1,11,7,0,7
1,1,0,400,399,1,https://resultados2019.blob.core.windows.net/201901/032264.jpg,OK,0,10,GUATEMALA,SAN JUAN SACATEPÉQUEZ,3226,CORPORACIÓN MUNICIPAL,10,1,2,0,1,4,230,230,219,219,1,1,10,15,6,4,6,5,5,1,9,8,9,27,16,84,1,0,6,2,3
1,9,0,600,600,1,https://resultados2019.blob.core.windows.net/201901/034434.jpg,OK,0,10,GUATEMALA,SAN JUAN SACATEPÉQUEZ,3443,CORPORACIÓN MUNICIPAL,11,2,2,0,1,4,279,279,259,259,1,1,4,9,20,1,4,10,3,4,7,16,14,15,7,113,9,2,7,2,10
1,4,0,380,379,1,https://resultados2019.blob.core.windows.net/201901/033984.jpg,OK,0,10,GUATEMALA,SAN JUAN SACATEPÉQUEZ,3398,CORPORACIÓN MUNICIPAL,7,1,2,0,1,4,194,194,183,183,4,3,5,2,3,0,2,2,0,4,2,1,111,6,1,8,11,1,6,2,9
1,6,0,380,380,1,https://resultados2019.blob.core.windows.net/201901/034234.jpg,OK,4,10,GUATEMALA,SAN JUAN SACATEPÉQUEZ,3423,CORPORACIÓN MUNICIPAL,7,1,2,0,1,4,190,190,177,177,0,1,0,5,47,0,0,2,1,2,3,1,20,17,9,51,1,5,7,0,1
1,6,0,400,402,1,https://resultados2019.blob.core.windows.net/201901/032654.jpg,OK,1,10,GUATEMALA,SAN JUAN SACATEPÉQUEZ,3265,CORPORACIÓN MUNICIPAL,8,2,2,0,1,4,241,241,227,227,1,0,3,6,14,2,4,3,0,2,2,0,20,42,15,94,1,2,2,3,11
0,14,0,380,380,1,https://resultados2019.blob.core.windows.net/201901/033124.jpg,OK,0,10,GUATEMALA,SAN JUAN SACATEPÉQUEZ,3312,CORPORACIÓN MUNICIPAL,26,1,2,0,1,4,232,230,190,192,1,2,1,4,28,3,4,3,3,1,2,2,25,21,1,78,2,1,5,0,3
1,3,0,380,386,1,https://resultados2019.blob.core.windows.net/201901/033994.jpg,OK,0,10,GUATEMALA,SAN JUAN SACATEPÉQUEZ,3399,CORPORACIÓN MUNICIPAL,8,2,2,0,1,4,190,190,179,179,4,2,0,2,3,2,2,4,0,3,1,1,102,14,1,16,8,1,5,2,6
1,1,0,400,399,1,https://resultados2019.blob.core.windows.net/201901/033494.jpg,OK,0,10,GUATEMALA,SAN JUAN SACATEPÉQUEZ,3349,CORPORACIÓN MUNICIPAL,4,1,2,0,1,4,245,245,240,240,3,5,2,2,15,0,6,6,1,7,2,1,124,15,0,18,4,1,7,5,16
1,3,0,400,400,1,https://resultados2019.blob.core.windows.net/201901/032474.jpg,OK,0,10,GUATEMALA,SAN JUAN SACATEPÉQUEZ,3247,CORPORACIÓN MUNICIPAL,20,1,2,0,1,4,230,230,207,207,0,2,13,6,19,1,5,11,1,5,4,6,24,10,8,87,0,0,2,0,3
1,2,0,400,400,1,https://resultados2019.blob.core.windows.net/201901/032074.jpg,OK,0,10,GUATEMALA,SAN JUAN SACATEPÉQUEZ,3207,CORPORACIÓN MUNICIPAL,16,1,2,0,1,4,288,288,270,270,0,2,5,17,12,4,7,5,11,3,12,3,14,39,16,100,2,3,3,2,10
1,0,0,295,295,1,https://resultados2019.blob.core.windows.net/201901/032304.jpg,OK,0,10,GUATEMALA,SAN JUAN SACATEPÉQUEZ,3230,CORPORACIÓN MUNICIPAL,1,1,2,0,1,4,204,204,203,203,0,0,4,9,13,3,0,4,2,4,12,8,10,24,33,68,0,1,2,0,1
1,5,0,400,400,1,https://resultados2019.blob.core.windows.net/201901/032524.jpg,OK,0,10,GUATEMALA,SAN JUAN SACATEPÉQUEZ,3252,CORPORACIÓN MUNICIPAL,21,1,2,0,1,4,263,263,237,237,2,1,5,12,30,2,5,5,2,9,2,16,10,26,9,79,2,0,10,0,10
1,10,0,600,600,1,https://resultados2019.blob.core.windows.net/201901/034424.jpg,OK,0,10,GUATEMALA,SAN JUAN SACATEPÉQUEZ,3442,CORPORACIÓN MUNICIPAL,18,2,2,0,1,4,288,288,260,260,0,3,6,11,27,2,10,12,3,1,10,12,19,26,11,89,6,1,2,3,6
