ACTACUADRA,BLANCOS,CNTIMPUGNA,CNTINSCRITOS,CNTPAPELETAS,DEP,IMGSRC,IMGSTATUS,INVALIDOS,MUN,NDEP,NMUN,NROMESA,NTE,NULOS,STACTA,STESCAN,STFISIC,STTRANS,TIPOELECCION,TOTALACTA,TOTALVOTOS,VOTOSVALIDOS,VOTOSVALIDOSACTA,voto_FCN-NACION,voto_PC,voto_PPT,voto_UCN,voto_UNE,voto_UNIONISTA,voto_VALOR,voto_VAMOS
1,2,0,377,372,1,https://resultados2019.blob.core.windows.net/201901/035194.jpg,OK,0,12,GUATEMALA,CHUARRANCHO,3519,CORPORACIÓN MUNICIPAL,5,1,2,0,1,4,276,276,269,269,45,11,5,45,75,57,15,16
0,9,2,380,380,1,https://resultados2019.blob.core.windows.net/201901/035204.jpg,OK,0,12,GUATEMALA,CHUARRANCHO,3520,CORPORACIÓN MUNICIPAL,17,2,2,0,1,4,255,253,227,227,13,9,2,44,64,57,11,27
1,7,1,400,400,1,https://resultados2019.blob.core.windows.net/201901/035114.jpg,OK,0,12,GUATEMALA,CHUARRANCHO,3511,CORPORACIÓN MUNICIPAL,6,2,2,0,1,4,258,258,245,245,14,22,4,12,97,33,19,44
1,1,2,400,400,1,https://resultados2019.blob.core.windows.net/201901/034964.jpg,OK,0,12,GUATEMALA,CHUARRANCHO,3496,CORPORACIÓN MUNICIPAL,12,2,2,0,1,4,289,289,276,276,17,37,10,17,86,44,25,40
1,1,0,400,401,1,https://resultados2019.blob.core.windows.net/201901/035124.jpg,OK,0,12,GUATEMALA,CHUARRANCHO,3512,CORPORACIÓN MUNICIPAL,4,2,2,0,1,4,310,310,305,305,12,21,4,14,134,40,39,41
1,7,0,400,400,1,https://resultados2019.blob.core.windows.net/201901/035044.jpg,OK,0,12,GUATEMALA,CHUARRANCHO,3504,CORPORACIÓN MUNICIPAL,8,1,2,0,1,4,340,340,325,325,14,25,4,19,135,47,57,24
1,2,0,400,400,1,https://resultados2019.blob.core.windows.net/201901/034974.jpg,OK,0,12,GUATEMALA,CHUARRANCHO,3497,CORPORACIÓN MUNICIPAL,7,2,2,0,1,4,297,297,288,288,27,34,5,18,89,41,37,37
1,7,0,400,400,1,https://resultados2019.blob.core.windows.net/201901/035004.jpg,OK,0,12,GUATEMALA,CHUARRANCHO,3500,CORPORACIÓN MUNICIPAL,14,2,2,0,1,4,335,335,314,314,20,30,1,13,130,49,41,30
1,3,0,400,399,1,https://resultados2019.blob.core.windows.net/201901/034994.jpg,OK,0,12,GUATEMALA,CHUARRANCHO,3499,CORPORACIÓN MUNICIPAL,15,2,2,0,1,4,324,324,306,306,16,23,0,11,114,57,42,43
1,7,0,400,400,1,https://resultados2019.blob.core.windows.net/201901/035024.jpg,OK,0,12,GUATEMALA,CHUARRANCHO,3502,CORPORACIÓN MUNICIPAL,7,2,2,0,1,4,327,327,313,313,19,20,4,19,126,38,39,48
1,3,2,400,400,1,https://resultados2019.blob.core.windows.net/201901/035034.jpg,OK,0,12,GUATEMALA,CHUARRANCHO,3503,CORPORACIÓN MUNICIPAL,10,2,2,0,1,4,337,337,324,324,13,28,2,26,128,52,46,29
1,9,0,400,399,1,https://resultados2019.blob.core.windows.net/201901/035164.jpg,OK,0,12,GUATEMALA,CHUARRANCHO,3516,CORPORACIÓN MUNICIPAL,13,2,2,0,1,4,296,296,274,274,64,10,7,51,71,43,14,14
1,4,0,257,257,1,https://resultados2019.blob.core.windows.net/201901/035234.jpg,OK,0,12,GUATEMALA,CHUARRANCHO,3523,CORPORACIÓN MUNICIPAL,3,2,2,0,1,4,164,164,157,157,4,4,0,31,50,39,11,18
1,3,0,400,397,1,https://resultados2019.blob.core.windows.net/201901/034984.jpg,OK,1,12,GUATEMALA,CHUARRANCHO,3498,CORPORACIÓN MUNICIPAL,8,2,2,0,1,4,317,317,306,306,29,18,2,21,105,47,39,45
1,10,0,380,380,1,https://resultados2019.blob.core.windows.net/201901/035214.jpg,OK,0,12,GUATEMALA,CHUARRANCHO,3521,CORPORACIÓN MUNICIPAL,17,2,2,0,1,4,258,258,231,231,11,9,2,47,53,74,9,26
0,5,4,400,400,1,https://resultados2019.blob.core.windows.net/201901/035054.jpg,OK,0,12,GUATEMALA,CHUARRANCHO,3505,CORPORACIÓN MUNICIPAL,11,2,2,0,1,4,329,325,309,309,14,18,3,33,103,35,42,61
1,4,0,443,446,1,https://resultados2019.blob.core.windows.net/201901/035244.jpg,OK,1,12,GUATEMALA,CHUARRANCHO,3524,CORPORACIÓN MUNICIPAL,10,2,2,0,1,4,160,160,146,146,17,14,2,18,37,25,14,19
1,7,1,400,401,1,https://resultados2019.blob.core.windows.net/201901/035084.jpg,OK,0,12,GUATEMALA,CHUARRANCHO,3508,CORPORACIÓN MUNICIPAL,7,2,2,0,1,4,285,285,271,271,21,15,4,20,97,42,38,34
1,11,0,400,400,1,https://resultados2019.blob.core.windows.net/201901/035174.jpg,OK,0,12,GUATEMALA,CHUARRANCHO,3517,CORPORACIÓN MUNICIPAL,17,2,2,0,1,4,326,326,298,298,52,11,1,56,66,83,7,22
1,4,0,400,396,1,https://resultados2019.blob.core.windows.net/201901/035014.jpg,OK,0,12,GUATEMALA,CHUARRANCHO,3501,CORPORACIÓN MUNICIPAL,8,2,2,0,1,4,327,327,315,315,15,32,9,14,112,46,38,49
1,4,0,378,377,1,https://resultados2019.blob.core.windows.net/201901/035184.jpg,OK,0,12,GUATEMALA,CHUARRANCHO,3518,CORPORACIÓN MUNICIPAL,13,2,2,0,1,4,275,275,258,258,37,6,5,43,76,56,10,25
1,5,0,257,257,1,https://resultados2019.blob.core.windows.net/201901/035224.jpg,OK,0,12,GUATEMALA,CHUARRANCHO,3522,CORPORACIÓN MUNICIPAL,5,2,2,0,1,4,150,150,140,140,14,1,0,25,31,40,7,22
1,1,2,400,400,1,https://resultados2019.blob.core.windows.net/201901/035094.jpg,OK,0,12,GUATEMALA,CHUARRANCHO,3509,CORPORACIÓN MUNICIPAL,3,2,2,0,1,4,278,278,274,274,16,24,3,23,92,36,39,41
1,1,0,399,400,1,https://resultados2019.blob.core.windows.net/201901/035144.jpg,OK,0,12,GUATEMALA,CHUARRANCHO,3514,CORPORACIÓN MUNICIPAL,1,2,2,0,1,4,298,298,296,296,22,23,3,14,118,40,34,42
1,0,3,400,400,1,https://resultados2019.blob.core.windows.net/201901/035074.jpg,OK,0,12,GUATEMALA,CHUARRANCHO,3507,CORPORACIÓN MUNICIPAL,5,2,2,0,1,4,270,270,265,265,27,25,7,15,90,34,32,35
1,4,12,400,400,1,https://resultados2019.blob.core.windows.net/201901/035104.jpg,OK,0,12,GUATEMALA,CHUARRANCHO,3510,CORPORACIÓN MUNICIPAL,10,2,2,0,1,4,255,255,241,241,20,22,3,17,90,29,26,34
1,5,1,400,400,1,https://resultados2019.blob.core.windows.net/201901/035064.jpg,OK,0,12,GUATEMALA,CHUARRANCHO,3506,CORPORACIÓN MUNICIPAL,9,2,2,0,1,4,329,329,315,315,37,25,2,27,103,49,30,42
1,1,0,399,400,1,https://resultados2019.blob.core.windows.net/201901/035134.jpg,OK,0,12,GUATEMALA,CHUARRANCHO,3513,CORPORACIÓN MUNICIPAL,0,2,2,0,1,4,303,303,302,302,17,26,7,7,131,46,29,39
1,4,1,353,349,1,https://resultados2019.blob.core.windows.net/201901/035154.jpg,OK,0,12,GUATEMALA,CHUARRANCHO,3515,CORPORACIÓN MUNICIPAL,6,2,2,0,1,4,260,260,250,250,19,17,1,36,73,37,44,23
