ACTACUADRA,BLANCOS,CNTIMPUGNA,CNTINSCRITOS,CNTPAPELETAS,DEP,IMGSRC,IMGSTATUS,INVALIDOS,MUN,NDEP,NMUN,NROMESA,NTE,NULOS,STACTA,STESCAN,STFISIC,STTRANS,TIPOELECCION,TOTALACTA,TOTALVOTOS,VOTOSVALIDOS,VOTOSVALIDOSACTA,voto_AVANZA,voto_CREO,voto_DIGNIDAD,voto_FCN-NACION,voto_FUERZA,voto_LIBRE,voto_MLP,voto_PAN,voto_SEMILLA,voto_TODOS,voto_UCN,voto_UNE,voto_UNIONISTA,voto_URNG_MAIZ,voto_VALOR,voto_VAMOS,voto_VICTORIA,voto_VIVA
1,2,0,380,380,1,https://resultados2019.blob.core.windows.net/201901/037154.jpg,OK,0,14,GUATEMALA,AMATITLÁN,3715,CORPORACIÓN MUNICIPAL,10,2,1,0,1,4,200,200,188,188,0,2,1,21,12,2,3,5,4,4,2,30,0,2,93,0,4,3
1,4,1,400,400,1,https://resultados2019.blob.core.windows.net/201901/036334.jpg,OK,0,14,GUATEMALA,AMATITLÁN,3633,CORPORACIÓN MUNICIPAL,13,2,2,0,1,4,239,239,222,222,0,3,3,8,12,1,1,2,24,3,3,21,2,8,115,5,10,1
1,3,0,400,393,1,https://resultados2019.blob.core.windows.net/201901/036084.jpg,OK,0,14,GUATEMALA,AMATITLÁN,3608,CORPORACIÓN MUNICIPAL,9,2,2,0,1,4,280,280,268,268,1,6,9,16,12,6,7,6,39,5,0,24,3,6,102,12,8,6
1,4,0,380,380,1,https://resultados2019.blob.core.windows.net/201901/037234.jpg,OK,11,14,GUATEMALA,AMATITLÁN,3723,CORPORACIÓN MUNICIPAL,0,2,2,0,1,4,207,207,203,203,1,2,5,19,12,2,2,5,7,2,3,22,2,3,102,3,7,4
1,2,0,400,400,1,https://resultados2019.blob.core.windows.net/201901/036414.jpg,OK,0,14,GUATEMALA,AMATITLÁN,3641,CORPORACIÓN MUNICIPAL,1,2,2,0,1,4,218,218,215,215,0,4,8,12,7,1,1,5,18,7,0,17,1,5,120,2,3,4
1,4,0,400,396,1,https://resultados2019.blob.core.windows.net/201901/036744.jpg,OK,0,14,GUATEMALA,AMATITLÁN,3674,CORPORACIÓN MUNICIPAL,17,2,2,0,1,4,292,292,271,271,2,19,13,7,9,3,5,9,36,6,0,21,2,16,107,2,10,4
0,1,0,380,380,1,https://resultados2019.blob.core.windows.net/201901/037124.jpg,OK,0,14,GUATEMALA,AMATITLÁN,3712,CORPORACIÓN MUNICIPAL,10,2,1,0,1,4,248,247,236,237,0,7,0,24,11,2,1,10,2,6,9,19,1,3,125,4,9,3
1,1,0,227,227,1,https://resultados2019.blob.core.windows.net/201901/037424.jpg,OK,0,14,GUATEMALA,AMATITLÁN,3742,CORPORACIÓN MUNICIPAL,4,2,2,0,1,4,124,124,119,119,1,4,2,11,7,1,1,12,4,2,0,13,0,2,54,1,2,2
1,0,0,400,397,1,https://resultados2019.blob.core.windows.net/201901/036184.jpg,OK,0,14,GUATEMALA,AMATITLÁN,3618,CORPORACIÓN MUNICIPAL,5,2,2,0,1,4,281,281,276,276,1,12,10,10,9,10,4,3,61,5,0,24,1,2,101,13,3,7
1,7,0,400,397,1,https://resultados2019.blob.core.windows.net/201901/036814.jpg,OK,0,14,GUATEMALA,AMATITLÁN,3681,CORPORACIÓN MUNICIPAL,3,1,1,0,1,4,259,259,249,249,1,11,10,3,9,3,2,3,34,5,2,23,0,11,112,7,8,5
1,3,0,400,400,1,https://resultados2019.blob.core.windows.net/201901/036794.jpg,OK,0,14,GUATEMALA,AMATITLÁN,3679,CORPORACIÓN MUNICIPAL,12,2,2,0,1,4,277,277,262,262,1,15,12,6,14,5,1,8,29,6,3,29,1,9,102,2,11,8
1,2,0,400,400,1,https://resultados2019.blob.core.windows.net/201901/036484.jpg,OK,0,14,GUATEMALA,AMATITLÁN,3648,CORPORACIÓN MUNICIPAL,11,2,2,0,1,4,221,221,208,208,0,5,4,9,11,0,0,9,28,4,2,24,0,10,91,4,5,2
1,0,0,400,400,1,https://resultados2019.blob.core.windows.net/201901/035964.jpg,OK,0,14,GUATEMALA,AMATITLÁN,3596,CORPORACIÓN MUNICIPAL,16,2,2,0,1,4,284,284,268,268,7,12,11,9,10,5,7,6,33,5,1,26,3,9,108,4,2,10
1,2,0,400,396,1,https://resultados2019.blob.core.windows.net/201901/036434.jpg,OK,0,14,GUATEMALA,AMATITLÁN,3643,CORPORACIÓN MUNICIPAL,7,2,2,0,1,4,221,221,212,212,0,10,4,3,13,3,2,8,14,3,1,23,0,10,110,6,1,1
1,0,0,224,245,1,https://resultados2019.blob.core.windows.net/201901/036294.jpg,OK,0,14,GUATEMALA,AMATITLÁN,3629,CORPORACIÓN MUNICIPAL,1,2,2,0,1,4,145,145,144,144,1,4,2,3,7,3,2,1,17,7,0,14,1,9,59,7,4,3
1,0,0,400,398,1,https://resultados2019.blob.core.windows.net/201901/036894.jpg,OK,0,14,GUATEMALA,AMATITLÁN,3689,CORPORACIÓN MUNICIPAL,10,2,2,0,1,4,264,264,254,254,1,5,10,5,14,4,2,2,23,8,1,31,0,4,133,5,2,4
1,3,0,400,400,1,https://resultados2019.blob.core.windows.net/201901/036474.jpg,OK,0,14,GUATEMALA,AMATITLÁN,3647,CORPORACIÓN MUNICIPAL,6,2,2,0,1,4,241,241,232,232,0,4,3,11,13,1,0,8,18,3,2,19,1,8,122,9,4,6
1,6,0,380,380,1,https://resultados2019.blob.core.windows.net/201901/037404.jpg,OK,17,14,GUATEMALA,AMATITLÁN,3740,CORPORACIÓN MUNICIPAL,11,2,2,0,1,4,232,232,215,215,1,0,1,19,3,0,1,25,0,2,0,24,3,8,118,1,4,5
1,3,0,400,400,1,https://resultados2019.blob.core.windows.net/201901/036174.jpg,OK,0,14,GUATEMALA,AMATITLÁN,3617,CORPORACIÓN MUNICIPAL,8,2,2,0,1,4,272,272,261,261,5,11,13,11,7,3,2,2,42,4,0,39,0,4,82,20,9,7
0,1,0,400,397,1,https://resultados2019.blob.core.windows.net/201901/036834.jpg,OK,0,14,GUATEMALA,AMATITLÁN,3683,CORPORACIÓN MUNICIPAL,4,2,0,0,1,4,241,238,233,236,2,7,8,8,12,1,2,2,26,8,0,23,0,14,100,3,9,8
0,7,0,600,600,1,https://resultados2019.blob.core.windows.net/201901/037494.jpg,OK,0,14,GUATEMALA,AMATITLÁN,3749,CORPORACIÓN MUNICIPAL,14,1,2,0,1,4,249,254,233,233,2,8,13,7,13,5,3,3,18,5,2,25,2,8,98,5,9,7
1,2,0,400,401,1,https://resultados2019.blob.core.windows.net/201901/036264.jpg,OK,0,14,GUATEMALA,AMATITLÁN,3626,CORPORACIÓN MUNICIPAL,4,2,2,0,1,4,248,248,242,242,0,4,12,5,10,1,5,4,41,8,1,30,2,6,95,8,5,5
1,1,0,400,400,1,https://resultados2019.blob.core.windows.net/201901/036004.jpg,OK,0,14,GUATEMALA,AMATITLÁN,3600,CORPORACIÓN MUNICIPAL,11,2,2,0,1,4,283,283,271,271,0,14,13,7,14,3,5,5,38,3,0,26,2,9,109,7,11,5
1,7,0,319,320,1,https://resultados2019.blob.core.windows.net/201901/037484.jpg,OK,0,14,GUATEMALA,AMATITLÁN,3748,CORPORACIÓN MUNICIPAL,18,2,2,0,1,4,157,157,132,132,0,1,0,12,15,1,0,1,2,2,1,27,0,2,62,4,1,1
1,6,0,380,380,1,https://resultados2019.blob.core.windows.net/201901/037214.jpg,OK,0,14,GUATEMALA,AMATITLÁN,3721,CORPORACIÓN MUNICIPAL,12,2,2,0,1,4,217,217,199,199,0,5,3,26,6,3,1,9,8,3,1,22,2,3,95,5,5,2
1,2,0,400,396,1,https://resultados2019.blob.core.windows.net/201901/037074.jpg,OK,0,14,GUATEMALA,AMATITLÁN,3707,CORPORACIÓN MUNICIPAL,8,2,2,0,1,4,222,222,212,212,0,2,5,9,9,3,5,5,25,5,2,26,0,6,95,5,8,2
1,1,0,400,399,1,https://resultados2019.blob.core.windows.net/201901/036594.jpg,OK,0,14,GUATEMALA,AMATITLÁN,3659,CORPORACIÓN MUNICIPAL,13,2,2,0,1,4,293,293,279,279,2,24,25,3,6,5,4,6,33,13,0,18,1,5,119,8,3,4
1,11,0,380,380,1,https://resultados2019.blob.core.windows.net/201901/037344.jpg,OK,0,14,GUATEMALA,AMATITLÁN,3734,CORPORACIÓN MUNICIPAL,12,2,2,0,1,4,233,233,210,210,0,1,5,28,6,2,3,18,3,1,0,27,1,7,96,1,4,7
1,3,0,380,380,1,https://resultados2019.blob.core.windows.net/201901/037144.jpg,OK,0,14,GUATEMALA,AMATITLÁN,3714,CORPORACIÓN MUNICIPAL,10,2,1,0,1,4,216,216,203,203,0,6,0,24,14,2,1,5,4,4,2,10,2,0,115,3,8,3
1,1,0,400,397,1,https://resultados2019.blob.core.windows.net/201901/036654.jpg,OK,0,14,GUATEMALA,AMATITLÁN,3665,CORPORACIÓN MUNICIPAL,10,2,2,0,1,4,300,300,289,289,1,13,23,4,8,3,8,7,33,14,0,23,1,7,111,16,7,10
1,2,0,400,395,1,https://resultados2019.blob.core.windows.net/201901/036274.jpg,OK,1,14,GUATEMALA,AMATITLÁN,3627,CORPORACIÓN MUNICIPAL,5,2,2,0,1,4,269,269,262,262,1,5,8,5,11,7,1,4,47,10,0,19,2,3,111,14,10,4
1,0,0,329,329,1,https://resultados2019.blob.core.windows.net/201901/037324.jpg,OK,1,14,GUATEMALA,AMATITLÁN,3732,CORPORACIÓN MUNICIPAL,2,2,1,0,1,4,178,178,176,176,0,3,4,15,10,2,3,4,6,2,2,12,0,9,92,4,4,4
0,16,0,380,380,1,https://resultados2019.blob.core.windows.net/201901/037464.jpg,OK,0,14,GUATEMALA,AMATITLÁN,3746,CORPORACIÓN MUNICIPAL,22,2,1,0,1,4,226,224,186,188,0,5,0,10,9,2,0,1,6,2,2,48,2,2,96,0,0,1
1,2,0,400,400,1,https://resultados2019.blob.core.windows.net/201901/036134.jpg,OK,0,14,GUATEMALA,AMATITLÁN,3613,CORPORACIÓN MUNICIPAL,6,2,2,0,1,4,258,258,250,250,0,15,12,11,7,5,2,5,36,9,0,23,1,5,98,10,8,3
1,2,0,304,304,1,https://resultados2019.blob.core.windows.net/201901/036694.jpg,OK,0,14,GUATEMALA,AMATITLÁN,3669,CORPORACIÓN MUNICIPAL,4,2,2,0,1,4,201,201,195,195,0,7,7,1,6,6,5,1,23,20,0,19,0,1,81,7,5,6
1,0,4,400,400,1,https://resultados2019.blob.core.windows.net/201901/036374.jpg,OK,0,14,GUATEMALA,AMATITLÁN,3637,CORPORACIÓN MUNICIPAL,12,2,2,0,1,4,266,266,254,254,0,2,9,10,13,0,1,15,16,3,0,36,0,7,130,3,4,5
1,0,0,400,400,1,https://resultados2019.blob.core.windows.net/201901/036284.jpg,OK,0,14,GUATEMALA,AMATITLÁN,3628,CORPORACIÓN MUNICIPAL,6,2,2,0,1,4,287,287,281,281,2,9,11,8,9,6,4,3,49,11,0,25,1,6,124,8,0,5
1,3,0,400,400,1,https://resultados2019.blob.core.windows.net/201901/036384.jpg,OK,0,14,GUATEMALA,AMATITLÁN,3638,CORPORACIÓN MUNICIPAL,14,2,2,0,1,4,255,255,238,238,0,9,3,6,12,5,0,4,15,4,2,33,0,8,128,1,2,6
0,3,0,600,600,1,https://resultados2019.blob.core.windows.net/201901/037514.jpg,OK,0,14,GUATEMALA,AMATITLÁN,3751,CORPORACIÓN MUNICIPAL,10,1,2,0,1,4,298,304,291,285,2,14,0,5,12,3,1,8,18,3,1,43,2,6,96,4,66,7
1,0,0,400,396,1,https://resultados2019.blob.core.windows.net/201901/036764.jpg,OK,0,14,GUATEMALA,AMATITLÁN,3676,CORPORACIÓN MUNICIPAL,7,2,2,0,1,4,242,242,235,235,0,6,3,3,12,6,1,5,32,3,0,23,3,9,115,4,7,3
1,3,0,400,396,1,https://resultados2019.blob.core.windows.net/201901/036734.jpg,OK,0,14,GUATEMALA,AMATITLÁN,3673,CORPORACIÓN MUNICIPAL,12,2,2,0,1,4,298,298,283,283,2,16,12,6,14,2,3,6,36,4,2,30,2,21,106,5,8,8
1,4,0,400,398,1,https://resultados2019.blob.core.windows.net/201901/036824.jpg,OK,0,14,GUATEMALA,AMATITLÁN,3682,CORPORACIÓN MUNICIPAL,6,1,1,0,1,4,237,237,227,227,1,8,11,4,8,1,2,3,29,7,1,32,1,13,94,1,5,6
1,0,0,400,400,1,https://resultados2019.blob.core.windows.net/201901/036014.jpg,OK,0,14,GUATEMALA,AMATITLÁN,3601,CORPORACIÓN MUNICIPAL,9,2,2,0,1,4,294,294,285,285,2,16,18,9,7,4,4,3,46,5,1,20,2,15,101,11,9,12
1,0,0,227,227,1,https://resultados2019.blob.core.windows.net/201901/037434.jpg,OK,0,14,GUATEMALA,AMATITLÁN,3743,CORPORACIÓN MUNICIPAL,1,2,2,0,1,4,128,128,127,127,0,1,2,8,5,1,2,14,7,1,1,13,0,1,66,0,3,2
1,3,0,400,0,1,https://resultados2019.blob.core.windows.net/201901/036404.jpg,OK,0,14,GUATEMALA,AMATITLÁN,3640,CORPORACIÓN MUNICIPAL,5,2,2,0,1,4,239,239,231,231,0,7,1,8,12,2,0,5,17,4,0,20,2,9,130,4,7,3
1,2,0,400,400,1,https://resultados2019.blob.core.windows.net/201901/037034.jpg,OK,1,14,GUATEMALA,AMATITLÁN,3703,CORPORACIÓN MUNICIPAL,7,2,2,0,1,4,255,255,246,246,1,2,5,13,6,3,2,8,25,1,0,32,1,3,133,3,4,4
1,1,0,400,400,1,https://resultados2019.blob.core.windows.net/201901/036024.jpg,OK,0,14,GUATEMALA,AMATITLÁN,3602,CORPORACIÓN MUNICIPAL,13,2,2,0,1,4,295,295,281,281,1,18,9,5,5,5,8,8,40,8,0,25,2,11,111,8,6,11
1,3,0,400,400,1,https://resultados2019.blob.core.windows.net/201901/036704.jpg,OK,0,14,GUATEMALA,AMATITLÁN,3670,CORPORACIÓN MUNICIPAL,12,2,2,0,1,4,284,284,269,269,2,10,11,7,21,2,3,6,36,1,1,27,2,12,107,3,11,7
1,3,0,600,600,1,https://resultados2019.blob.core.windows.net/201901/037524.jpg,OK,0,14,GUATEMALA,AMATITLÁN,3752,CORPORACIÓN MUNICIPAL,14,1,2,0,1,4,278,278,261,261,1,18,14,5,12,1,1,6,28,7,2,29,3,6,104,9,10,5
1,12,0,319,320,1,https://resultados2019.blob.core.windows.net/201901/037474.jpg,OK,0,14,GUATEMALA,AMATITLÁN,3747,CORPORACIÓN MUNICIPAL,23,2,2,0,1,4,210,210,175,175,0,0,3,22,13,2,1,0,3,0,4,45,0,0,81,1,0,0
1,4,0,400,0,1,https://resultados2019.blob.core.windows.net/201901/036364.jpg,OK,0,14,GUATEMALA,AMATITLÁN,3636,CORPORACIÓN MUNICIPAL,6,2,2,0,1,4,248,248,238,238,1,10,7,11,17,6,1,8,13,6,0,22,3,3,121,6,2,1
1,3,0,380,380,1,https://resultados2019.blob.core.windows.net/201901/037244.jpg,OK,0,14,GUATEMALA,AMATITLÁN,3724,CORPORACIÓN MUNICIPAL,7,2,2,0,1,4,223,223,213,213,0,7,3,25,8,3,1,4,5,2,2,39,1,3,98,3,6,3
1,2,0,400,400,1,https://resultados2019.blob.core.windows.net/201901/036724.jpg,OK,0,14,GUATEMALA,AMATITLÁN,3672,CORPORACIÓN MUNICIPAL,11,2,2,0,1,4,269,269,256,256,0,13,10,5,13,4,3,8,35,5,0,19,1,21,94,9,10,6
1,0,0,264,264,1,https://resultados2019.blob.core.windows.net/201901/037204.jpg,OK,0,14,GUATEMALA,AMATITLÁN,3720,CORPORACIÓN MUNICIPAL,0,2,0,0,1,4,145,145,145,145,1,0,0,12,11,1,1,2,5,1,2,8,0,1,90,0,8,2
1,2,0,400,396,1,https://resultados2019.blob.core.windows.net/201901/036044.jpg,OK,0,14,GUATEMALA,AMATITLÁN,3604,CORPORACIÓN MUNICIPAL,10,2,2,0,1,4,290,290,278,278,2,12,11,4,10,7,3,4,54,7,0,23,1,11,107,4,13,5
1,1,0,400,400,1,https://resultados2019.blob.core.windows.net/201901/036774.jpg,OK,0,14,GUATEMALA,AMATITLÁN,3677,CORPORACIÓN MUNICIPAL,3,2,2,0,1,4,270,270,266,266,2,10,13,2,14,2,2,4,31,7,0,30,1,13,117,2,11,5
1,12,0,380,380,1,https://resultados2019.blob.core.windows.net/201901/037364.jpg,OK,0,14,GUATEMALA,AMATITLÁN,3736,CORPORACIÓN MUNICIPAL,15,2,2,0,1,4,242,242,215,215,1,8,4,20,7,2,1,22,3,0,2,33,1,8,100,1,2,0
1,2,0,400,400,1,https://resultados2019.blob.core.windows.net/201901/036514.jpg,OK,0,14,GUATEMALA,AMATITLÁN,3651,CORPORACIÓN MUNICIPAL,11,2,1,0,1,4,229,229,216,216,1,8,5,10,14,3,2,2,8,9,1,21,1,7,107,5,3,9
1,2,0,400,398,1,https://resultados2019.blob.core.windows.net/201901/036214.jpg,OK,0,14,GUATEMALA,AMATITLÁN,3621,CORPORACIÓN MUNICIPAL,9,2,2,0,1,4,269,269,258,258,1,12,7,10,9,7,6,2,38,10,0,27,2,7,97,8,12,3
1,1,0,400,398,1,https://resultados2019.blob.core.windows.net/201901/036614.jpg,OK,0,14,GUATEMALA,AMATITLÁN,3661,CORPORACIÓN MUNICIPAL,12,2,2,0,1,4,284,284,271,271,0,14,17,6,8,3,6,6,44,25,1,10,3,2,106,9,4,7
0,5,0,380,380,1,https://resultados2019.blob.core.windows.net/201901/037294.jpg,OK,0,14,GUATEMALA,AMATITLÁN,3729,CORPORACIÓN MUNICIPAL,10,2,2,0,1,4,208,207,192,193,0,3,0,29,9,2,5,0,6,1,0,41,1,2,82,6,1,4
1,3,0,400,406,1,https://resultados2019.blob.core.windows.net/201901/036604.jpg,OK,0,14,GUATEMALA,AMATITLÁN,3660,CORPORACIÓN MUNICIPAL,16,2,2,0,1,4,295,295,276,276,0,13,22,4,6,4,8,2,38,21,0,22,2,1,109,11,8,5
1,0,0,400,400,1,https://resultados2019.blob.core.windows.net/201901/036074.jpg,OK,0,14,GUATEMALA,AMATITLÁN,3607,CORPORACIÓN MUNICIPAL,7,2,2,0,1,4,301,301,294,294,3,19,15,7,12,3,4,5,38,4,4,32,2,12,100,16,11,7
1,5,0,400,400,1,https://resultados2019.blob.core.windows.net/201901/036574.jpg,OK,0,14,GUATEMALA,AMATITLÁN,3657,CORPORACIÓN MUNICIPAL,15,2,2,0,1,4,296,296,276,276,1,10,13,6,10,9,7,4,36,22,0,19,2,6,107,10,9,5
1,2,0,400,400,1,https://resultados2019.blob.core.windows.net/201901/036344.jpg,OK,0,14,GUATEMALA,AMATITLÁN,3634,CORPORACIÓN MUNICIPAL,10,2,2,0,1,4,245,245,233,233,1,7,5,9,16,5,2,4,14,2,3,22,1,9,123,4,4,2
1,1,0,400,396,1,https://resultados2019.blob.core.windows.net/201901/036234.jpg,OK,0,14,GUATEMALA,AMATITLÁN,3623,CORPORACIÓN MUNICIPAL,9,2,2,0,1,4,236,236,226,226,2,12,14,15,7,3,2,7,30,8,1,25,2,1,74,7,12,4
1,2,0,400,396,1,https://resultados2019.blob.core.windows.net/201901/036644.jpg,OK,0,14,GUATEMALA,AMATITLÁN,3664,CORPORACIÓN MUNICIPAL,8,2,2,0,1,4,291,291,281,281,1,9,28,4,7,5,8,2,45,27,0,16,4,6,89,12,5,13
1,2,0,400,400,1,https://resultados2019.blob.core.windows.net/201901/036524.jpg,OK,0,14,GUATEMALA,AMATITLÁN,3652,CORPORACIÓN MUNICIPAL,8,2,1,0,1,4,209,209,199,199,0,5,6,5,12,0,2,5,17,8,1,21,0,7,100,2,2,6
1,1,0,400,398,1,https://resultados2019.blob.core.windows.net/201901/036224.jpg,OK,0,14,GUATEMALA,AMATITLÁN,3622,CORPORACIÓN MUNICIPAL,12,1,2,0,1,4,288,288,275,275,2,9,16,9,10,7,2,6,39,3,0,26,2,10,103,14,9,8
1,2,0,400,393,1,https://resultados2019.blob.core.windows.net/201901/036114.jpg,OK,0,14,GUATEMALA,AMATITLÁN,3611,CORPORACIÓN MUNICIPAL,8,2,2,0,1,4,270,270,260,260,2,13,10,11,10,2,1,5,36,5,1,34,2,8,99,14,3,4
1,1,0,310,310,1,https://resultados2019.blob.core.windows.net/201901/037104.jpg,OK,0,14,GUATEMALA,AMATITLÁN,3710,CORPORACIÓN MUNICIPAL,0,2,0,0,1,4,190,190,189,189,1,3,7,4,6,2,0,2,19,4,0,12,0,6,117,1,2,3
1,3,0,380,380,1,https://resultados2019.blob.core.windows.net/201901/037224.jpg,OK,0,14,GUATEMALA,AMATITLÁN,3722,CORPORACIÓN MUNICIPAL,16,2,2,0,1,4,207,207,188,188,0,3,4,27,7,2,3,11,8,4,2,27,1,6,75,3,2,3
1,4,0,400,399,1,https://resultados2019.blob.core.windows.net/201901/036124.jpg,OK,0,14,GUATEMALA,AMATITLÁN,3612,CORPORACIÓN MUNICIPAL,10,2,2,0,1,4,277,277,263,263,1,7,12,5,12,1,2,7,45,8,2,36,3,7,85,15,8,7
1,5,0,400,400,1,https://resultados2019.blob.core.windows.net/201901/036954.jpg,OK,0,14,GUATEMALA,AMATITLÁN,3695,CORPORACIÓN MUNICIPAL,6,2,2,0,1,4,249,249,238,238,4,3,8,10,12,3,3,2,26,3,0,18,2,3,126,4,6,5
1,1,0,400,398,1,https://resultados2019.blob.core.windows.net/201901/036804.jpg,OK,0,14,GUATEMALA,AMATITLÁN,3680,CORPORACIÓN MUNICIPAL,5,2,2,0,1,4,288,288,282,282,2,6,8,2,14,4,1,3,37,8,2,31,1,17,118,8,12,8
1,0,0,261,262,1,https://resultados2019.blob.core.windows.net/201901/036854.jpg,OK,0,14,GUATEMALA,AMATITLÁN,3685,CORPORACIÓN MUNICIPAL,6,1,1,0,1,4,155,155,149,149,0,0,8,5,9,0,0,1,13,6,0,16,1,5,75,3,3,4
1,6,0,400,400,1,https://resultados2019.blob.core.windows.net/201901/036904.jpg,OK,0,14,GUATEMALA,AMATITLÁN,3690,CORPORACIÓN MUNICIPAL,11,2,2,0,1,4,267,267,250,250,0,8,2,13,6,3,4,7,19,7,1,17,3,2,144,2,5,7
1,1,0,400,400,1,https://resultados2019.blob.core.windows.net/201901/036634.jpg,OK,0,14,GUATEMALA,AMATITLÁN,3663,CORPORACIÓN MUNICIPAL,5,2,2,0,1,4,292,292,286,286,0,11,25,4,22,1,7,5,33,17,1,24,1,4,115,7,4,5
1,5,0,380,380,1,https://resultados2019.blob.core.windows.net/201901/037384.jpg,OK,0,14,GUATEMALA,AMATITLÁN,3738,CORPORACIÓN MUNICIPAL,10,2,2,0,1,4,212,212,197,197,0,6,5,11,4,1,0,30,3,0,0,30,0,8,93,2,2,2
1,2,0,400,396,1,https://resultados2019.blob.core.windows.net/201901/035984.jpg,OK,0,14,GUATEMALA,AMATITLÁN,3598,CORPORACIÓN MUNICIPAL,12,2,2,0,1,4,279,279,265,265,1,16,14,9,9,5,3,9,35,4,1,31,2,8,96,10,7,5
1,1,0,380,380,1,https://resultados2019.blob.core.windows.net/201901/037134.jpg,OK,0,14,GUATEMALA,AMATITLÁN,3713,CORPORACIÓN MUNICIPAL,13,2,1,0,1,4,222,222,208,208,1,4,2,14,17,1,3,10,1,2,1,25,3,7,105,0,7,5
1,4,0,600,600,1,https://resultados2019.blob.core.windows.net/201901/037504.jpg,OK,0,14,GUATEMALA,AMATITLÁN,3750,CORPORACIÓN MUNICIPAL,10,1,0,0,1,4,250,250,236,236,0,8,7,6,11,5,1,14,22,2,0,34,5,5,97,6,7,6
1,3,0,380,380,1,https://resultados2019.blob.core.windows.net/201901/037254.jpg,OK,1,14,GUATEMALA,AMATITLÁN,3725,CORPORACIÓN MUNICIPAL,11,2,2,0,1,4,226,226,212,212,1,6,3,23,11,3,4,5,7,1,1,25,2,5,107,1,6,1
1,3,0,400,400,1,https://resultados2019.blob.core.windows.net/201901/036034.jpg,OK,0,14,GUATEMALA,AMATITLÁN,3603,CORPORACIÓN MUNICIPAL,12,2,2,0,1,4,295,295,280,280,3,19,14,6,10,7,1,1,45,6,1,21,0,5,118,7,9,7
1,0,0,305,302,1,https://resultados2019.blob.core.windows.net/201901/036684.jpg,OK,0,14,GUATEMALA,AMATITLÁN,3668,CORPORACIÓN MUNICIPAL,7,2,2,0,1,4,220,220,213,213,2,7,9,3,6,4,6,3,27,26,0,7,1,2,91,10,5,4
1,1,0,400,396,1,https://resultados2019.blob.core.windows.net/201901/036664.jpg,OK,0,14,GUATEMALA,AMATITLÁN,3666,CORPORACIÓN MUNICIPAL,10,2,2,0,1,4,286,286,275,275,3,12,33,7,5,12,14,3,38,17,0,16,1,1,92,6,5,10
1,1,0,310,310,1,https://resultados2019.blob.core.windows.net/201901/037114.jpg,OK,0,14,GUATEMALA,AMATITLÁN,3711,CORPORACIÓN MUNICIPAL,2,2,0,0,1,4,168,168,165,165,1,1,4,5,7,0,2,6,11,3,0,12,0,3,101,7,1,1
1,1,0,400,400,1,https://resultados2019.blob.core.windows.net/201901/036674.jpg,OK,7,14,GUATEMALA,AMATITLÁN,3667,CORPORACIÓN MUNICIPAL,6,2,2,0,1,4,258,258,251,251,3,12,13,3,10,3,4,1,35,33,1,17,1,2,94,11,2,6
1,2,0,400,395,1,https://resultados2019.blob.core.windows.net/201901/036394.jpg,OK,0,14,GUATEMALA,AMATITLÁN,3639,CORPORACIÓN MUNICIPAL,8,2,2,0,1,4,274,274,264,264,1,9,10,6,13,2,4,11,20,5,1,39,3,6,118,4,7,5
1,9,0,400,400,1,https://resultados2019.blob.core.windows.net/201901/036914.jpg,OK,0,14,GUATEMALA,AMATITLÁN,3691,CORPORACIÓN MUNICIPAL,17,2,2,0,1,4,291,291,265,265,3,6,10,10,11,2,6,6,19,5,4,32,3,4,130,3,5,6
1,124,0,400,399,1,https://resultados2019.blob.core.windows.net/201901/036164.jpg,OK,0,14,GUATEMALA,AMATITLÁN,3616,CORPORACIÓN MUNICIPAL,15,2,2,0,1,4,399,399,260,260,0,14,12,11,13,6,1,4,34,8,0,29,2,2,106,9,4,5
1,0,0,464,464,1,https://resultados2019.blob.core.windows.net/201901/037554.jpg,OK,0,14,GUATEMALA,AMATITLÁN,3755,CORPORACIÓN MUNICIPAL,8,1,2,0,1,4,124,124,116,116,0,5,9,4,9,1,0,1,11,1,0,17,1,1,46,6,3,1
1,2,0,400,395,1,https://resultados2019.blob.core.windows.net/201901/037024.jpg,OK,0,14,GUATEMALA,AMATITLÁN,3702,CORPORACIÓN MUNICIPAL,6,2,2,0,1,4,260,260,252,252,1,4,8,7,18,1,2,4,24,7,0,33,0,3,125,6,4,5
1,1,0,464,464,1,https://resultados2019.blob.core.windows.net/201901/037564.jpg,OK,0,14,GUATEMALA,AMATITLÁN,3756,CORPORACIÓN MUNICIPAL,1,1,2,0,1,4,78,78,76,76,1,5,3,5,2,0,0,1,17,1,0,6,1,1,26,0,4,3
1,2,0,400,400,1,https://resultados2019.blob.core.windows.net/201901/036784.jpg,OK,0,14,GUATEMALA,AMATITLÁN,3678,CORPORACIÓN MUNICIPAL,5,2,2,0,1,4,277,277,270,270,2,8,7,7,15,3,3,4,46,14,1,30,2,10,101,4,7,6
1,3,0,380,383,1,https://resultados2019.blob.core.windows.net/201901/037164.jpg,OK,0,14,GUATEMALA,AMATITLÁN,3716,CORPORACIÓN MUNICIPAL,7,2,1,0,1,4,207,207,197,197,1,2,2,21,18,3,0,5,7,4,4,16,2,2,99,0,5,6
1,3,0,600,600,1,https://resultados2019.blob.core.windows.net/201901/037534.jpg,OK,0,14,GUATEMALA,AMATITLÁN,3753,CORPORACIÓN MUNICIPAL,11,1,2,0,1,4,258,258,244,244,0,10,12,5,12,3,1,6,36,6,0,27,0,9,95,8,10,4
0,4,0,400,400,1,https://resultados2019.blob.core.windows.net/201901/037044.jpg,OK,0,14,GUATEMALA,AMATITLÁN,3704,CORPORACIÓN MUNICIPAL,7,2,2,0,1,4,246,248,237,235,3,7,6,9,16,5,3,2,16,3,2,33,2,5,112,2,7,4
1,1,0,328,328,1,https://resultados2019.blob.core.windows.net/201901/037334.jpg,OK,0,14,GUATEMALA,AMATITLÁN,3733,CORPORACIÓN MUNICIPAL,2,2,1,0,1,4,173,173,170,170,0,1,4,15,11,2,1,4,16,6,0,17,0,7,78,2,5,1
1,0,0,400,400,1,https://resultados2019.blob.core.windows.net/201901/036504.jpg,OK,0,14,GUATEMALA,AMATITLÁN,3650,CORPORACIÓN MUNICIPAL,11,2,2,0,1,4,234,234,223,223,0,10,8,13,6,5,2,6,13,7,0,26,2,10,102,3,8,2
1,0,0,400,396,1,https://resultados2019.blob.core.windows.net/201901/036254.jpg,OK,0,14,GUATEMALA,AMATITLÁN,3625,CORPORACIÓN MUNICIPAL,8,2,2,0,1,4,251,251,243,243,2,11,9,12,7,4,5,4,35,6,0,25,0,2,101,7,6,7
1,1,0,400,396,1,https://resultados2019.blob.core.windows.net/201901/036864.jpg,OK,0,14,GUATEMALA,AMATITLÁN,3686,CORPORACIÓN MUNICIPAL,8,2,2,0,1,4,277,277,268,268,3,8,5,7,23,3,3,6,26,3,0,19,1,2,146,2,9,2
0,2,0,400,400,1,https://resultados2019.blob.core.windows.net/201901/037084.jpg,OK,0,14,GUATEMALA,AMATITLÁN,3708,CORPORACIÓN MUNICIPAL,6,2,1,0,1,4,339,240,232,331,1,6,8,6,12,6,1,5,22,4,1,20,1,2,121,3,10,3
1,1,0,400,393,1,https://resultados2019.blob.core.windows.net/201901/036324.jpg,OK,0,14,GUATEMALA,AMATITLÁN,3632,CORPORACIÓN MUNICIPAL,14,2,2,0,1,4,249,249,234,234,1,5,3,14,16,6,2,11,12,3,0,24,3,4,119,1,7,3
1,1,0,267,267,1,https://resultados2019.blob.core.windows.net/201901/036554.jpg,OK,0,14,GUATEMALA,AMATITLÁN,3655,CORPORACIÓN MUNICIPAL,2,2,1,0,1,4,163,163,160,160,2,3,3,10,5,1,2,5,17,5,0,12,1,1,86,2,3,2
1,3,0,400,400,1,https://resultados2019.blob.core.windows.net/201901/036874.jpg,OK,0,14,GUATEMALA,AMATITLÁN,3687,CORPORACIÓN MUNICIPAL,8,2,2,0,1,4,249,249,238,238,3,8,4,13,8,2,3,4,12,3,0,30,2,6,125,6,6,3
1,2,0,400,400,1,https://resultados2019.blob.core.windows.net/201901/036354.jpg,OK,0,14,GUATEMALA,AMATITLÁN,3635,CORPORACIÓN MUNICIPAL,18,2,2,0,1,4,263,263,243,243,4,4,6,8,9,3,2,5,18,3,0,33,1,9,120,6,6,6
1,0,0,400,400,1,https://resultados2019.blob.core.windows.net/201901/036754.jpg,OK,0,14,GUATEMALA,AMATITLÁN,3675,CORPORACIÓN MUNICIPAL,13,2,2,0,1,4,277,277,264,264,1,6,9,8,15,0,2,1,43,5,1,26,0,15,115,5,7,5
1,1,0,400,400,1,https://resultados2019.blob.core.windows.net/201901/036964.jpg,OK,0,14,GUATEMALA,AMATITLÁN,3696,CORPORACIÓN MUNICIPAL,5,2,2,0,1,4,249,249,243,243,1,4,3,6,14,4,3,3,30,6,0,18,1,4,139,4,0,3
1,1,0,600,600,1,https://resultados2019.blob.core.windows.net/201901/037544.jpg,OK,0,14,GUATEMALA,AMATITLÁN,3754,CORPORACIÓN MUNICIPAL,13,1,2,0,1,4,233,233,219,219,1,10,14,6,4,5,1,4,24,3,0,24,2,4,98,8,8,3
1,2,0,400,400,1,https://resultados2019.blob.core.windows.net/201901/035974.jpg,OK,0,14,GUATEMALA,AMATITLÁN,3597,CORPORACIÓN MUNICIPAL,8,2,2,0,1,4,280,280,270,270,1,11,14,5,12,6,1,5,48,2,2,29,2,9,100,11,6,6
1,11,0,380,380,1,https://resultados2019.blob.core.windows.net/201901/037414.jpg,OK,0,14,GUATEMALA,AMATITLÁN,3741,CORPORACIÓN MUNICIPAL,21,2,2,0,1,4,200,200,168,168,0,3,1,19,8,2,2,27,2,1,1,19,2,6,67,2,1,5
1,0,0,400,401,1,https://resultados2019.blob.core.windows.net/201901/036094.jpg,OK,0,14,GUATEMALA,AMATITLÁN,3609,CORPORACIÓN MUNICIPAL,8,2,2,0,1,4,251,251,243,243,1,8,12,11,10,7,2,0,41,9,1,24,2,4,101,3,4,3
1,1,0,400,389,1,https://resultados2019.blob.core.windows.net/201901/036944.jpg,OK,1,14,GUATEMALA,AMATITLÁN,3694,CORPORACIÓN MUNICIPAL,6,2,2,0,1,4,281,281,274,274,2,8,7,9,14,3,1,10,28,3,0,21,0,9,146,7,1,5
1,2,0,400,400,1,https://resultados2019.blob.core.windows.net/201901/036884.jpg,OK,0,14,GUATEMALA,AMATITLÁN,3688,CORPORACIÓN MUNICIPAL,7,2,2,0,1,4,248,248,239,239,0,10,8,11,7,5,9,6,17,3,1,26,4,4,120,2,3,3
1,0,0,224,224,1,https://resultados2019.blob.core.windows.net/201901/036304.jpg,OK,0,14,GUATEMALA,AMATITLÁN,3630,CORPORACIÓN MUNICIPAL,3,2,2,0,1,4,115,115,112,112,0,7,5,5,3,2,2,2,15,3,2,11,1,2,40,6,0,6
1,5,0,400,395,1,https://resultados2019.blob.core.windows.net/201901/036714.jpg,OK,0,14,GUATEMALA,AMATITLÁN,3671,CORPORACIÓN MUNICIPAL,11,2,2,0,1,4,277,277,261,261,1,15,17,3,9,3,3,9,31,7,0,28,1,14,98,9,6,7
0,4,0,400,400,1,https://resultados2019.blob.core.windows.net/201901/036064.jpg,OK,4,14,GUATEMALA,AMATITLÁN,3606,CORPORACIÓN MUNICIPAL,7,2,2,0,1,4,278,274,263,263,1,12,13,7,17,7,4,3,30,6,0,25,2,7,113,5,6,5
1,2,1,400,397,1,https://resultados2019.blob.core.windows.net/201901/036464.jpg,OK,0,14,GUATEMALA,AMATITLÁN,3646,CORPORACIÓN MUNICIPAL,5,2,2,0,1,4,222,222,215,215,2,6,6,10,4,2,2,2,22,3,2,25,1,4,117,4,1,2
1,1,0,400,0,1,https://resultados2019.blob.core.windows.net/201901/036454.jpg,OK,10,14,GUATEMALA,AMATITLÁN,3645,CORPORACIÓN MUNICIPAL,0,2,2,0,1,4,241,241,240,240,2,6,4,6,10,5,3,9,18,1,0,30,2,5,126,3,4,6
1,2,0,400,400,1,https://resultados2019.blob.core.windows.net/201901/036194.jpg,OK,0,14,GUATEMALA,AMATITLÁN,3619,CORPORACIÓN MUNICIPAL,9,2,2,0,1,4,291,291,280,280,1,16,14,7,6,8,3,7,46,6,0,24,2,4,112,9,11,4
1,9,0,380,380,1,https://resultados2019.blob.core.windows.net/201901/037284.jpg,OK,0,14,GUATEMALA,AMATITLÁN,3728,CORPORACIÓN MUNICIPAL,13,2,2,0,1,4,223,223,201,201,0,4,1,25,12,2,2,8,10,2,2,26,1,7,84,5,5,5
1,1,0,400,400,1,https://resultados2019.blob.core.windows.net/201901/036244.jpg,OK,0,14,GUATEMALA,AMATITLÁN,3624,CORPORACIÓN MUNICIPAL,10,2,2,0,1,4,260,260,249,249,3,7,6,13,8,5,3,6,30,7,1,19,2,11,108,7,7,6
1,5,0,380,380,1,https://resultados2019.blob.core.windows.net/201901/037374.jpg,OK,0,14,GUATEMALA,AMATITLÁN,3737,CORPORACIÓN MUNICIPAL,18,2,2,0,1,4,257,257,234,234,1,2,3,23,6,3,2,33,6,0,2,27,1,3,114,2,3,3
1,0,0,400,397,1,https://resultados2019.blob.core.windows.net/201901/036544.jpg,OK,0,14,GUATEMALA,AMATITLÁN,3654,CORPORACIÓN MUNICIPAL,7,2,0,0,1,4,244,244,237,237,1,5,7,10,11,2,3,4,20,11,0,16,0,6,135,1,3,2
1,3,0,400,400,1,https://resultados2019.blob.core.windows.net/201901/036624.jpg,OK,0,14,GUATEMALA,AMATITLÁN,3662,CORPORACIÓN MUNICIPAL,11,2,2,0,1,4,298,298,284,284,0,10,17,3,11,5,8,5,49,13,1,22,3,7,111,5,8,6
1,2,0,400,398,1,https://resultados2019.blob.core.windows.net/201901/036584.jpg,OK,0,14,GUATEMALA,AMATITLÁN,3658,CORPORACIÓN MUNICIPAL,8,2,2,0,1,4,299,299,289,289,2,12,26,5,15,5,6,7,26,20,1,18,2,5,117,9,3,10
1,7,0,380,378,1,https://resultados2019.blob.core.windows.net/201901/037304.jpg,OK,0,14,GUATEMALA,AMATITLÁN,3730,CORPORACIÓN MUNICIPAL,22,2,0,0,1,4,197,197,168,168,0,1,4,20,15,1,1,5,4,5,2,29,0,7,67,2,1,4
0,5,0,380,380,1,https://resultados2019.blob.core.windows.net/201901/037354.jpg,OK,0,14,GUATEMALA,AMATITLÁN,3735,CORPORACIÓN MUNICIPAL,19,2,2,0,1,4,250,260,236,226,0,3,1,24,7,3,1,28,4,2,2,32,1,5,115,0,3,5
1,1,0,400,398,1,https://resultados2019.blob.core.windows.net/201901/036994.jpg,OK,0,14,GUATEMALA,AMATITLÁN,3699,CORPORACIÓN MUNICIPAL,12,1,1,0,1,4,248,248,235,235,0,6,4,8,18,3,5,7,20,12,0,20,1,4,113,4,7,3
1,2,0,400,0,1,https://resultados2019.blob.core.windows.net/201901/036144.jpg,OK,0,14,GUATEMALA,AMATITLÁN,3614,CORPORACIÓN MUNICIPAL,13,2,2,0,1,4,279,279,264,264,1,9,7,11,9,7,2,6,47,7,1,21,1,5,109,12,4,5
1,1,0,400,396,1,https://resultados2019.blob.core.windows.net/201901/036104.jpg,OK,0,14,GUATEMALA,AMATITLÁN,3610,CORPORACIÓN MUNICIPAL,9,2,2,0,1,4,261,261,251,251,0,9,14,8,9,7,4,3,49,14,1,12,2,5,97,7,7,3
1,10,0,380,380,1,https://resultados2019.blob.core.windows.net/201901/037454.jpg,OK,0,14,GUATEMALA,AMATITLÁN,3745,CORPORACIÓN MUNICIPAL,30,2,1,0,1,4,254,254,214,214,0,1,0,23,25,1,1,2,1,1,0,61,1,1,93,1,0,2
0,4,0,400,388,1,https://resultados2019.blob.core.windows.net/201901/036424.jpg,OK,1,14,GUATEMALA,AMATITLÁN,3642,CORPORACIÓN MUNICIPAL,15,2,2,0,1,4,225,216,197,206,2,4,0,6,5,4,3,2,19,5,1,16,2,7,106,3,5,7
1,6,0,400,398,1,https://resultados2019.blob.core.windows.net/201901/036494.jpg,OK,0,14,GUATEMALA,AMATITLÁN,3649,CORPORACIÓN MUNICIPAL,8,2,2,0,1,4,229,229,215,215,1,10,0,8,8,2,7,3,9,4,0,29,1,9,114,5,3,2
1,2,0,380,380,1,https://resultados2019.blob.core.windows.net/201901/037264.jpg,OK,0,14,GUATEMALA,AMATITLÁN,3726,CORPORACIÓN MUNICIPAL,9,2,2,0,1,4,195,195,184,184,1,5,2,20,13,2,1,3,13,0,2,24,0,6,84,4,1,3
1,1,0,400,398,1,https://resultados2019.blob.core.windows.net/201901/036984.jpg,OK,0,14,GUATEMALA,AMATITLÁN,3698,CORPORACIÓN MUNICIPAL,7,2,0,0,1,4,265,265,257,257,1,3,9,7,11,2,3,2,25,9,0,27,1,6,138,1,3,9
1,16,0,380,380,1,https://resultados2019.blob.core.windows.net/201901/037444.jpg,OK,0,14,GUATEMALA,AMATITLÁN,3744,CORPORACIÓN MUNICIPAL,30,2,0,0,1,4,245,245,199,199,0,0,1,24,23,0,0,0,2,1,1,53,0,1,89,2,0,2
1,3,0,400,396,1,https://resultados2019.blob.core.windows.net/201901/036534.jpg,OK,0,14,GUATEMALA,AMATITLÁN,3653,CORPORACIÓN MUNICIPAL,3,2,1,0,1,4,228,228,222,222,1,5,5,9,18,2,4,3,15,9,2,17,1,9,110,4,5,3
1,0,0,400,400,1,https://resultados2019.blob.core.windows.net/201901/036204.jpg,OK,0,14,GUATEMALA,AMATITLÁN,3620,CORPORACIÓN MUNICIPAL,8,2,2,0,1,4,289,289,281,281,0,6,15,4,10,6,7,4,50,9,1,24,1,8,115,8,9,4
1,0,0,400,396,1,https://resultados2019.blob.core.windows.net/201901/037094.jpg,OK,0,14,GUATEMALA,AMATITLÁN,3709,CORPORACIÓN MUNICIPAL,2,2,0,0,1,4,256,256,254,254,0,3,6,8,13,5,6,3,25,9,0,17,3,4,140,6,4,2
1,4,0,400,400,1,https://resultados2019.blob.core.windows.net/201901/036934.jpg,OK,0,14,GUATEMALA,AMATITLÁN,3693,CORPORACIÓN MUNICIPAL,10,2,2,0,1,4,287,287,273,273,3,6,8,4,20,4,6,6,27,5,1,27,1,3,139,5,6,2
1,2,0,400,400,1,https://resultados2019.blob.core.windows.net/201901/036924.jpg,OK,0,14,GUATEMALA,AMATITLÁN,3692,CORPORACIÓN MUNICIPAL,11,2,2,0,1,4,266,266,253,253,2,10,13,9,7,4,3,6,18,1,0,28,0,4,134,3,1,10
0,1,0,400,428,1,https://resultados2019.blob.core.windows.net/201901/036154.jpg,OK,0,14,GUATEMALA,AMATITLÁN,3615,CORPORACIÓN MUNICIPAL,9,2,2,0,1,4,293,289,279,283,2,8,9,8,16,8,5,8,49,4,1,27,1,3,104,9,9,8
1,3,0,380,376,1,https://resultados2019.blob.core.windows.net/201901/037314.jpg,OK,0,14,GUATEMALA,AMATITLÁN,3731,CORPORACIÓN MUNICIPAL,8,2,1,0,1,4,184,184,173,173,1,6,4,29,9,1,1,4,5,3,0,27,1,5,69,2,4,2
1,2,0,265,266,1,https://resultados2019.blob.core.windows.net/201901/037194.jpg,OK,0,14,GUATEMALA,AMATITLÁN,3719,CORPORACIÓN MUNICIPAL,3,1,1,0,1,4,144,144,139,139,0,2,0,13,18,0,0,7,2,1,7,17,0,1,67,1,3,0
1,1,0,262,259,1,https://resultados2019.blob.core.windows.net/201901/036844.jpg,OK,0,14,GUATEMALA,AMATITLÁN,3684,CORPORACIÓN MUNICIPAL,3,2,1,0,1,4,182,182,178,178,0,7,10,0,10,1,3,1,22,4,0,11,0,10,91,1,4,3
1,5,0,380,380,1,https://resultados2019.blob.core.windows.net/201901/037184.jpg,OK,0,14,GUATEMALA,AMATITLÁN,3718,CORPORACIÓN MUNICIPAL,11,1,0,0,1,4,201,201,185,185,1,2,0,17,14,1,2,10,5,2,3,17,2,4,91,3,4,7
1,6,0,380,380,1,https://resultados2019.blob.core.windows.net/201901/037274.jpg,OK,0,14,GUATEMALA,AMATITLÁN,3727,CORPORACIÓN MUNICIPAL,11,2,2,0,1,4,229,229,212,212,1,3,2,31,12,2,3,8,8,3,0,27,0,3,95,4,5,5
1,4,0,400,400,1,https://resultados2019.blob.core.windows.net/201901/036054.jpg,OK,0,14,GUATEMALA,AMATITLÁN,3605,CORPORACIÓN MUNICIPAL,13,2,2,0,1,4,307,307,290,290,0,24,16,7,13,3,5,5,51,4,1,27,1,12,104,7,3,7
1,2,1,400,398,1,https://resultados2019.blob.core.windows.net/201901/036314.jpg,OK,0,14,GUATEMALA,AMATITLÁN,3631,CORPORACIÓN MUNICIPAL,13,2,2,0,1,4,260,260,245,245,1,4,8,12,15,3,2,13,10,5,1,22,2,9,125,3,5,5
1,6,0,380,377,1,https://resultados2019.blob.core.windows.net/201901/037394.jpg,OK,8,14,GUATEMALA,AMATITLÁN,3739,CORPORACIÓN MUNICIPAL,2,2,2,0,1,4,227,227,219,219,1,4,1,23,4,4,1,32,5,1,1,22,1,8,107,1,1,2
1,4,0,380,380,1,https://resultados2019.blob.core.windows.net/201901/037174.jpg,OK,0,14,GUATEMALA,AMATITLÁN,3717,CORPORACIÓN MUNICIPAL,13,1,0,0,1,4,220,220,203,203,1,5,2,15,17,4,2,6,6,1,3,23,1,2,102,3,8,2
1,1,0,266,266,1,https://resultados2019.blob.core.windows.net/201901/036564.jpg,OK,0,14,GUATEMALA,AMATITLÁN,3656,CORPORACIÓN MUNICIPAL,6,2,1,0,1,4,125,125,118,118,1,5,4,4,2,1,0,2,9,3,0,16,1,5,64,0,0,1
1,1,0,400,396,1,https://resultados2019.blob.core.windows.net/201901/036974.jpg,OK,0,14,GUATEMALA,AMATITLÁN,3697,CORPORACIÓN MUNICIPAL,6,2,2,0,1,4,222,222,215,215,5,4,9,8,14,1,3,1,14,3,0,23,4,0,107,3,9,7
1,2,0,400,400,1,https://resultados2019.blob.core.windows.net/201901/037014.jpg,OK,0,14,GUATEMALA,AMATITLÁN,3701,CORPORACIÓN MUNICIPAL,8,2,1,0,1,4,257,257,247,247,3,6,5,13,15,3,4,5,16,2,0,42,1,3,111,7,6,5
1,0,0,400,400,1,https://resultados2019.blob.core.windows.net/201901/037004.jpg,OK,0,14,GUATEMALA,AMATITLÁN,3700,CORPORACIÓN MUNICIPAL,10,2,1,0,1,4,262,262,252,252,3,6,12,8,11,4,4,2,28,4,0,25,0,4,122,4,11,4
1,2,0,400,400,1,https://resultados2019.blob.core.windows.net/201901/037064.jpg,OK,0,14,GUATEMALA,AMATITLÁN,3706,CORPORACIÓN MUNICIPAL,5,2,2,0,1,4,223,223,216,216,3,4,3,12,11,1,0,8,13,5,0,30,1,2,108,3,4,8
1,0,0,400,400,1,https://resultados2019.blob.core.windows.net/201901/035994.jpg,OK,0,14,GUATEMALA,AMATITLÁN,3599,CORPORACIÓN MUNICIPAL,3,2,2,0,1,4,293,293,290,290,0,13,16,8,14,6,4,6,40,5,1,14,2,8,126,11,8,8
1,3,0,400,400,1,https://resultados2019.blob.core.windows.net/201901/036444.jpg,OK,0,14,GUATEMALA,AMATITLÁN,3644,CORPORACIÓN MUNICIPAL,6,2,2,0,1,4,239,239,230,230,2,4,5,12,9,3,2,6,15,6,0,23,1,9,121,4,3,5
1,2,0,400,400,1,https://resultados2019.blob.core.windows.net/201901/037054.jpg,OK,0,14,GUATEMALA,AMATITLÁN,3705,CORPORACIÓN MUNICIPAL,6,2,2,0,1,4,240,240,232,232,0,5,9,8,15,2,2,4,19,5,0,30,1,6,108,6,2,10
