ACTACUADRA,BLANCOS,CNTIMPUGNA,CNTINSCRITOS,CNTPAPELETAS,DEP,IMGSRC,IMGSTATUS,INVALIDOS,MUN,NDEP,NMUN,NROMESA,NTE,NULOS,STACTA,STESCAN,STFISIC,STTRANS,TIPOELECCION,TOTALACTA,TOTALVOTOS,VOTOSVALIDOS,VOTOSVALIDOSACTA,voto_AVANZA,voto_CREO,voto_EG,voto_FCN-NACION,voto_FUERZA,voto_LIBRE,voto_PAN,voto_PC,voto_PPT,voto_SEMILLA,voto_TODOS,voto_UCN,voto_UNE,voto_UNIONISTA,voto_VALOR,voto_VAMOS,voto_VICTORIA,voto_VIVA,voto_WINAQ-URNG
1,3,0,380,380,1,https://resultados2019.blob.core.windows.net/201901/046164.jpg,OK,0,17,GUATEMALA,PETAPA,4616,CORPORACIÓN MUNICIPAL,11,1,2,0,1,4,250,250,236,236,0,5,1,7,24,2,2,0,0,7,20,3,32,104,9,4,2,7,7
1,3,0,380,376,1,https://resultados2019.blob.core.windows.net/201901/046494.jpg,OK,0,17,GUATEMALA,PETAPA,4649,CORPORACIÓN MUNICIPAL,13,1,2,0,1,4,255,255,239,239,3,12,3,4,30,14,8,1,1,16,6,2,20,17,78,6,0,10,8
1,7,0,380,371,1,https://resultados2019.blob.core.windows.net/201901/046424.jpg,OK,0,17,GUATEMALA,PETAPA,4642,CORPORACIÓN MUNICIPAL,8,1,2,0,1,4,255,255,240,240,9,11,5,8,18,5,6,1,0,5,6,3,26,17,101,2,2,7,8
1,1,0,400,395,1,https://resultados2019.blob.core.windows.net/201901/045024.jpg,OK,0,17,GUATEMALA,PETAPA,4502,CORPORACIÓN MUNICIPAL,4,1,2,0,1,4,236,236,231,231,0,8,3,2,7,3,7,1,1,12,17,6,24,99,28,3,0,3,7
1,1,0,380,380,1,https://resultados2019.blob.core.windows.net/201901/045554.jpg,OK,0,17,GUATEMALA,PETAPA,4555,CORPORACIÓN MUNICIPAL,4,1,0,0,1,4,212,212,207,207,2,5,6,1,15,11,3,0,1,25,4,4,17,12,85,7,1,4,4
1,3,0,400,400,1,https://resultados2019.blob.core.windows.net/201901/045114.jpg,OK,0,17,GUATEMALA,PETAPA,4511,CORPORACIÓN MUNICIPAL,15,1,2,0,1,4,273,273,255,255,2,3,5,6,8,3,10,1,0,5,8,8,36,87,52,5,1,12,3
1,0,0,291,291,1,https://resultados2019.blob.core.windows.net/201901/045214.jpg,OK,0,17,GUATEMALA,PETAPA,4521,CORPORACIÓN MUNICIPAL,1,1,2,0,1,4,206,206,205,205,0,3,0,3,12,1,4,0,0,1,20,7,21,84,39,4,2,4,0
1,115,0,380,377,1,https://resultados2019.blob.core.windows.net/201901/046364.jpg,OK,0,17,GUATEMALA,PETAPA,4636,CORPORACIÓN MUNICIPAL,14,1,2,0,1,4,377,377,248,248,7,8,7,3,21,15,6,1,1,8,16,6,27,11,83,7,3,15,3
0,0,0,380,372,1,https://resultados2019.blob.core.windows.net/201901/046044.jpg,OK,0,17,GUATEMALA,PETAPA,4604,CORPORACIÓN MUNICIPAL,7,1,2,0,1,4,268,263,256,261,1,17,1,3,7,3,19,2,0,3,7,2,25,114,38,5,0,9,0
1,0,0,380,375,1,https://resultados2019.blob.core.windows.net/201901/045994.jpg,OK,126,17,GUATEMALA,PETAPA,4599,CORPORACIÓN MUNICIPAL,9,1,2,0,1,4,249,249,240,240,3,17,2,0,7,5,16,4,0,6,8,3,18,119,23,2,0,5,2
1,2,0,380,376,1,https://resultados2019.blob.core.windows.net/201901/045694.jpg,OK,0,17,GUATEMALA,PETAPA,4569,CORPORACIÓN MUNICIPAL,8,1,2,0,1,4,233,233,223,223,2,14,10,3,15,16,5,3,0,15,6,1,18,19,85,5,1,2,3
0,7,0,380,381,1,https://resultados2019.blob.core.windows.net/201901/046254.jpg,OK,0,17,GUATEMALA,PETAPA,4625,CORPORACIÓN MUNICIPAL,13,2,1,0,1,4,255,254,234,235,1,3,0,4,15,5,10,1,1,16,11,1,38,13,76,9,6,17,7
0,1,0,380,363,1,https://resultados2019.blob.core.windows.net/201901/046224.jpg,OK,0,17,GUATEMALA,PETAPA,4622,CORPORACIÓN MUNICIPAL,11,2,1,0,1,4,285,295,283,273,4,15,7,7,21,11,13,3,1,11,9,2,38,23,79,8,8,15,8
1,2,0,393,394,1,https://resultados2019.blob.core.windows.net/201901/046634.jpg,OK,0,17,GUATEMALA,PETAPA,4663,CORPORACIÓN MUNICIPAL,4,1,2,0,1,4,82,82,76,76,0,2,0,1,1,0,4,2,0,1,3,5,10,30,13,1,0,1,2
1,0,0,380,373,1,https://resultados2019.blob.core.windows.net/201901/046324.jpg,OK,0,17,GUATEMALA,PETAPA,4632,CORPORACIÓN MUNICIPAL,31,1,2,0,1,4,253,253,222,222,12,12,3,2,8,1,14,0,3,17,6,1,22,29,55,5,2,18,12
1,0,0,380,376,1,https://resultados2019.blob.core.windows.net/201901/046074.jpg,OK,0,17,GUATEMALA,PETAPA,4607,CORPORACIÓN MUNICIPAL,5,1,2,0,1,4,222,222,217,217,1,15,2,0,4,4,21,1,0,1,6,1,18,93,34,6,1,5,4
1,1,0,291,288,1,https://resultados2019.blob.core.windows.net/201901/045224.jpg,OK,0,17,GUATEMALA,PETAPA,4522,CORPORACIÓN MUNICIPAL,6,1,2,0,1,4,168,168,161,161,0,1,1,2,10,2,3,2,1,3,9,4,21,59,26,2,1,6,8
1,0,0,380,373,1,https://resultados2019.blob.core.windows.net/201901/045794.jpg,OK,0,17,GUATEMALA,PETAPA,4579,CORPORACIÓN MUNICIPAL,5,1,2,0,1,4,217,217,212,212,2,9,4,1,14,3,8,1,2,21,6,3,15,21,81,5,0,10,6
1,1,0,275,275,1,https://resultados2019.blob.core.windows.net/201901/046094.jpg,OK,0,17,GUATEMALA,PETAPA,4609,CORPORACIÓN MUNICIPAL,3,1,2,0,1,4,173,173,169,169,1,8,1,2,6,0,15,0,0,3,6,6,9,85,11,1,3,6,6
1,3,0,380,373,1,https://resultados2019.blob.core.windows.net/201901/045804.jpg,OK,0,17,GUATEMALA,PETAPA,4580,CORPORACIÓN MUNICIPAL,11,1,2,0,1,4,235,235,221,221,5,8,12,6,15,10,4,0,0,27,6,2,8,19,81,6,2,4,6
1,2,0,400,396,1,https://resultados2019.blob.core.windows.net/201901/045044.jpg,OK,0,17,GUATEMALA,PETAPA,4504,CORPORACIÓN MUNICIPAL,10,1,2,0,1,4,272,272,260,260,0,4,2,2,7,4,10,0,0,7,9,10,37,98,53,2,0,5,10
1,1,0,313,313,1,https://resultados2019.blob.core.windows.net/201901/046604.jpg,OK,0,17,GUATEMALA,PETAPA,4660,CORPORACIÓN MUNICIPAL,11,1,2,0,1,4,174,174,162,162,3,6,5,2,23,14,3,0,1,12,5,4,15,10,50,3,0,1,5
0,1,0,380,372,1,https://resultados2019.blob.core.windows.net/201901/045874.jpg,OK,0,17,GUATEMALA,PETAPA,4587,CORPORACIÓN MUNICIPAL,26,2,1,0,1,4,0,279,252,279,0,13,10,4,12,9,13,2,0,29,9,10,17,20,55,12,1,17,19
1,1,0,380,375,1,https://resultados2019.blob.core.windows.net/201901/046114.jpg,OK,0,17,GUATEMALA,PETAPA,4611,CORPORACIÓN MUNICIPAL,16,1,2,0,1,4,279,279,262,262,1,2,2,8,27,0,6,1,0,3,12,6,39,115,21,2,0,8,9
1,0,0,400,393,1,https://resultados2019.blob.core.windows.net/201901/045194.jpg,OK,0,17,GUATEMALA,PETAPA,4519,CORPORACIÓN MUNICIPAL,11,1,2,0,1,4,260,260,249,249,2,7,1,2,14,9,4,2,0,12,11,4,25,81,51,1,2,10,11
1,0,0,282,282,1,https://resultados2019.blob.core.windows.net/201901/045374.jpg,OK,0,17,GUATEMALA,PETAPA,4537,CORPORACIÓN MUNICIPAL,5,1,2,0,1,4,175,175,170,170,0,7,1,0,6,0,5,1,0,1,7,8,21,68,34,1,1,4,5
1,4,0,380,390,1,https://resultados2019.blob.core.windows.net/201901/046184.jpg,OK,1,17,GUATEMALA,PETAPA,4618,CORPORACIÓN MUNICIPAL,17,1,2,0,1,4,237,237,216,216,0,2,0,8,25,0,4,3,1,0,15,2,35,101,10,3,0,7,0
1,1,0,380,374,1,https://resultados2019.blob.core.windows.net/201901/045654.jpg,OK,0,17,GUATEMALA,PETAPA,4565,CORPORACIÓN MUNICIPAL,5,1,2,0,1,4,257,257,251,251,4,8,13,1,14,16,8,3,1,15,4,4,24,18,89,5,2,11,11
1,0,0,211,211,1,https://resultados2019.blob.core.windows.net/201901/046354.jpg,OK,0,17,GUATEMALA,PETAPA,4635,CORPORACIÓN MUNICIPAL,4,1,2,0,1,4,127,127,123,123,1,4,1,2,2,4,10,1,0,11,5,0,10,26,30,3,0,8,5
1,1,0,380,380,1,https://resultados2019.blob.core.windows.net/201901/046474.jpg,OK,0,17,GUATEMALA,PETAPA,4647,CORPORACIÓN MUNICIPAL,15,1,2,0,1,4,253,253,237,237,4,8,6,2,34,14,1,0,3,8,4,2,28,20,75,5,1,8,14
1,1,0,380,376,1,https://resultados2019.blob.core.windows.net/201901/046234.jpg,OK,0,17,GUATEMALA,PETAPA,4623,CORPORACIÓN MUNICIPAL,12,2,1,0,1,4,250,250,237,237,3,13,2,3,11,5,9,0,2,4,8,2,25,29,83,5,6,13,14
1,0,1,380,380,1,https://resultados2019.blob.core.windows.net/201901/046464.jpg,OK,0,17,GUATEMALA,PETAPA,4646,CORPORACIÓN MUNICIPAL,10,1,0,0,1,4,256,256,246,246,12,6,4,3,20,9,8,1,1,13,5,3,20,11,108,3,1,12,6
1,3,0,400,396,1,https://resultados2019.blob.core.windows.net/201901/044904.jpg,OK,0,17,GUATEMALA,PETAPA,4490,CORPORACIÓN MUNICIPAL,11,1,2,0,1,4,278,278,264,264,1,6,1,1,15,6,12,0,0,8,10,8,42,105,38,2,0,8,1
1,1,0,400,0,1,https://resultados2019.blob.core.windows.net/201901/045344.jpg,OK,0,17,GUATEMALA,PETAPA,4534,CORPORACIÓN MUNICIPAL,9,1,2,0,1,4,254,254,244,244,2,12,0,5,9,5,1,2,0,3,10,12,37,86,49,4,1,5,1
1,2,0,400,392,1,https://resultados2019.blob.core.windows.net/201901/045104.jpg,OK,0,17,GUATEMALA,PETAPA,4510,CORPORACIÓN MUNICIPAL,12,1,0,0,1,4,274,274,260,260,0,5,0,2,10,3,5,0,0,3,13,8,36,103,56,2,1,9,4
1,4,0,400,396,1,https://resultados2019.blob.core.windows.net/201901/044994.jpg,OK,0,17,GUATEMALA,PETAPA,4499,CORPORACIÓN MUNICIPAL,9,1,2,0,1,4,276,276,263,263,1,4,1,5,12,3,5,0,0,5,13,8,46,111,40,0,2,6,1
1,3,0,272,272,1,https://resultados2019.blob.core.windows.net/201901/045854.jpg,OK,0,17,GUATEMALA,PETAPA,4585,CORPORACIÓN MUNICIPAL,5,1,2,0,1,4,125,125,117,117,0,0,4,3,10,3,4,0,0,15,5,3,3,11,49,2,2,1,2
1,1,0,380,376,1,https://resultados2019.blob.core.windows.net/201901/045964.jpg,OK,0,17,GUATEMALA,PETAPA,4596,CORPORACIÓN MUNICIPAL,17,1,2,0,1,4,259,259,241,241,2,19,2,3,6,0,19,3,0,5,8,4,16,111,32,2,3,5,1
1,1,0,400,396,1,https://resultados2019.blob.core.windows.net/201901/045174.jpg,OK,0,17,GUATEMALA,PETAPA,4517,CORPORACIÓN MUNICIPAL,5,1,2,0,1,4,238,238,232,232,0,8,1,3,13,4,6,3,1,8,17,6,30,81,35,3,4,6,3
1,2,0,380,376,1,https://resultados2019.blob.core.windows.net/201901/045784.jpg,OK,0,17,GUATEMALA,PETAPA,4578,CORPORACIÓN MUNICIPAL,12,1,2,0,1,4,227,227,213,213,0,7,3,2,22,9,8,1,1,12,4,6,22,19,84,6,1,5,1
1,5,0,380,376,1,https://resultados2019.blob.core.windows.net/201901/045894.jpg,OK,3,17,GUATEMALA,PETAPA,4589,CORPORACIÓN MUNICIPAL,22,2,0,0,1,4,283,283,256,256,1,11,8,5,9,10,8,3,0,26,12,16,20,28,46,11,6,21,15
1,1,0,400,396,1,https://resultados2019.blob.core.windows.net/201901/045334.jpg,OK,0,17,GUATEMALA,PETAPA,4533,CORPORACIÓN MUNICIPAL,11,1,2,0,1,4,264,264,252,252,1,5,0,5,7,6,12,1,0,6,8,12,38,83,49,5,0,10,4
1,1,1,393,394,1,https://resultados2019.blob.core.windows.net/201901/046624.jpg,OK,1,17,GUATEMALA,PETAPA,4662,CORPORACIÓN MUNICIPAL,12,1,2,0,1,4,180,180,167,167,2,7,3,4,8,1,9,0,1,3,9,11,29,44,30,0,0,5,1
1,1,0,380,381,1,https://resultados2019.blob.core.windows.net/201901/045754.jpg,OK,0,17,GUATEMALA,PETAPA,4575,CORPORACIÓN MUNICIPAL,17,1,2,0,1,4,243,243,225,225,5,2,4,6,19,13,5,2,0,13,5,5,24,13,87,11,1,7,3
1,2,0,400,400,1,https://resultados2019.blob.core.windows.net/201901/045004.jpg,OK,0,17,GUATEMALA,PETAPA,4500,CORPORACIÓN MUNICIPAL,12,1,2,0,1,4,281,281,267,267,1,4,2,3,9,0,8,0,0,1,12,14,47,105,46,5,1,8,1
1,0,0,282,284,1,https://resultados2019.blob.core.windows.net/201901/045364.jpg,OK,0,17,GUATEMALA,PETAPA,4536,CORPORACIÓN MUNICIPAL,4,2,1,0,1,4,214,214,210,210,1,4,0,3,3,5,7,1,1,7,12,5,19,58,60,5,2,12,5
1,0,0,400,395,1,https://resultados2019.blob.core.windows.net/201901/045054.jpg,OK,0,17,GUATEMALA,PETAPA,4505,CORPORACIÓN MUNICIPAL,4,1,2,0,1,4,266,266,262,262,1,6,2,4,10,3,12,1,0,8,13,13,34,94,45,2,2,7,5
0,0,0,380,380,1,https://resultados2019.blob.core.windows.net/201901/045434.jpg,OK,17,17,GUATEMALA,PETAPA,4543,CORPORACIÓN MUNICIPAL,17,1,2,0,1,4,235,250,233,252,3,4,11,6,23,7,7,1,0,21,5,2,22,18,81,9,0,10,3
1,0,0,380,377,1,https://resultados2019.blob.core.windows.net/201901/045634.jpg,OK,0,17,GUATEMALA,PETAPA,4563,CORPORACIÓN MUNICIPAL,8,1,2,0,1,4,258,258,250,250,2,8,9,6,18,5,9,1,0,18,6,4,14,24,102,5,1,10,8
1,2,0,380,373,1,https://resultados2019.blob.core.windows.net/201901/045954.jpg,OK,0,17,GUATEMALA,PETAPA,4595,CORPORACIÓN MUNICIPAL,20,1,2,0,1,4,272,272,250,250,2,12,0,0,15,2,19,1,0,5,4,10,31,104,28,3,2,6,6
1,3,0,380,380,1,https://resultados2019.blob.core.windows.net/201901/046284.jpg,OK,0,17,GUATEMALA,PETAPA,4628,CORPORACIÓN MUNICIPAL,11,1,2,0,1,4,263,263,249,249,6,17,5,1,3,2,17,3,0,24,10,5,24,36,59,7,1,13,16
1,1,0,380,380,1,https://resultados2019.blob.core.windows.net/201901/045724.jpg,OK,0,17,GUATEMALA,PETAPA,4572,CORPORACIÓN MUNICIPAL,10,1,2,0,1,4,234,234,223,223,1,5,8,2,14,6,4,0,1,13,8,4,17,26,91,3,0,7,13
1,7,1,380,376,1,https://resultados2019.blob.core.windows.net/201901/045484.jpg,OK,107,17,GUATEMALA,PETAPA,4548,CORPORACIÓN MUNICIPAL,21,1,2,0,1,4,266,266,238,238,0,8,12,5,14,13,7,0,0,15,7,2,21,20,92,6,0,10,6
1,0,0,380,376,1,https://resultados2019.blob.core.windows.net/201901/046264.jpg,OK,0,17,GUATEMALA,PETAPA,4626,CORPORACIÓN MUNICIPAL,8,2,1,0,1,4,258,258,250,250,10,17,3,3,12,4,2,0,0,15,15,3,32,33,75,4,7,9,6
1,4,0,380,376,1,https://resultados2019.blob.core.windows.net/201901/046454.jpg,OK,0,17,GUATEMALA,PETAPA,4645,CORPORACIÓN MUNICIPAL,8,1,2,0,1,4,261,261,249,249,5,12,4,7,31,15,5,0,0,18,9,6,20,10,85,6,0,6,10
1,1,0,380,380,1,https://resultados2019.blob.core.windows.net/201901/046534.jpg,OK,0,17,GUATEMALA,PETAPA,4653,CORPORACIÓN MUNICIPAL,15,1,2,0,1,4,245,245,229,229,7,14,2,2,27,12,3,0,0,12,3,5,13,13,90,5,2,10,9
1,0,0,400,400,1,https://resultados2019.blob.core.windows.net/201901/045164.jpg,OK,0,17,GUATEMALA,PETAPA,4516,CORPORACIÓN MUNICIPAL,8,1,2,0,1,4,223,223,215,215,0,4,1,0,11,3,6,2,1,8,20,5,29,72,40,4,1,4,4
1,1,0,380,376,1,https://resultados2019.blob.core.windows.net/201901/045564.jpg,OK,0,17,GUATEMALA,PETAPA,4556,CORPORACIÓN MUNICIPAL,6,1,0,0,1,4,230,230,223,223,3,4,4,3,19,6,3,1,2,24,3,4,13,24,90,8,1,2,9
1,4,0,380,380,1,https://resultados2019.blob.core.windows.net/201901/046554.jpg,OK,0,17,GUATEMALA,PETAPA,4655,CORPORACIÓN MUNICIPAL,9,1,2,0,1,4,220,220,207,207,8,17,1,5,28,8,2,1,0,12,5,4,23,14,62,5,0,7,5
1,1,0,400,400,1,https://resultados2019.blob.core.windows.net/201901/045254.jpg,OK,0,17,GUATEMALA,PETAPA,4525,CORPORACIÓN MUNICIPAL,13,1,2,0,1,4,267,267,253,253,0,3,2,0,12,3,14,2,1,3,9,10,37,96,41,2,2,10,6
1,1,0,380,380,1,https://resultados2019.blob.core.windows.net/201901/045624.jpg,OK,0,17,GUATEMALA,PETAPA,4562,CORPORACIÓN MUNICIPAL,6,1,0,0,1,4,223,223,216,216,3,6,6,3,12,8,4,0,1,19,6,3,20,20,84,8,1,7,5
1,1,0,380,373,1,https://resultados2019.blob.core.windows.net/201901/045974.jpg,OK,0,17,GUATEMALA,PETAPA,4597,CORPORACIÓN MUNICIPAL,7,1,2,0,1,4,289,289,281,281,2,25,0,1,4,3,28,4,1,6,5,6,22,128,33,4,0,4,5
1,5,0,380,380,1,https://resultados2019.blob.core.windows.net/201901/046194.jpg,OK,0,17,GUATEMALA,PETAPA,4619,CORPORACIÓN MUNICIPAL,13,2,2,0,1,4,225,225,207,207,1,2,1,5,24,0,6,2,0,1,13,2,24,108,10,4,0,2,2
1,0,0,380,373,1,https://resultados2019.blob.core.windows.net/201901/045824.jpg,OK,0,17,GUATEMALA,PETAPA,4582,CORPORACIÓN MUNICIPAL,7,1,2,0,1,4,288,288,281,281,2,9,9,4,28,10,5,0,1,42,13,1,17,30,85,5,4,7,9
1,0,0,275,272,1,https://resultados2019.blob.core.windows.net/201901/046084.jpg,OK,68,17,GUATEMALA,PETAPA,4608,CORPORACIÓN MUNICIPAL,6,1,2,0,1,4,204,204,198,198,0,19,1,0,5,2,13,2,0,5,9,1,10,96,25,8,0,1,1
1,1,0,380,376,1,https://resultados2019.blob.core.windows.net/201901/045514.jpg,OK,0,17,GUATEMALA,PETAPA,4551,CORPORACIÓN MUNICIPAL,13,1,2,0,1,4,245,245,231,231,1,7,16,4,19,11,3,1,0,14,9,3,19,22,85,8,1,6,2
0,3,0,380,376,1,https://resultados2019.blob.core.windows.net/201901/046334.jpg,OK,1,17,GUATEMALA,PETAPA,4633,CORPORACIÓN MUNICIPAL,9,1,2,0,1,4,241,240,228,228,11,16,7,2,7,3,6,3,0,16,12,2,20,34,57,3,0,13,16
0,4,0,380,380,1,https://resultados2019.blob.core.windows.net/201901/045534.jpg,OK,1,17,GUATEMALA,PETAPA,4553,CORPORACIÓN MUNICIPAL,12,1,0,0,1,4,271,271,255,271,6,6,7,4,18,14,8,0,0,11,4,0,20,27,97,15,2,7,9
1,0,0,262,264,1,https://resultados2019.blob.core.windows.net/201901/045924.jpg,OK,0,17,GUATEMALA,PETAPA,4592,CORPORACIÓN MUNICIPAL,8,2,1,0,1,4,202,202,194,194,4,10,6,3,11,8,3,0,1,24,6,8,9,16,51,8,1,10,15
1,2,0,380,375,1,https://resultados2019.blob.core.windows.net/201901/045384.jpg,OK,0,17,GUATEMALA,PETAPA,4538,CORPORACIÓN MUNICIPAL,11,1,2,0,1,4,251,251,238,238,5,14,9,7,16,9,7,1,0,13,13,2,13,16,89,11,1,7,5
1,0,0,400,397,1,https://resultados2019.blob.core.windows.net/201901/044984.jpg,OK,0,17,GUATEMALA,PETAPA,4498,CORPORACIÓN MUNICIPAL,2,1,2,0,1,4,289,289,287,287,0,4,1,2,14,5,6,2,1,5,22,15,39,115,46,4,1,3,2
1,4,0,380,376,1,https://resultados2019.blob.core.windows.net/201901/046404.jpg,OK,17,17,GUATEMALA,PETAPA,4640,CORPORACIÓN MUNICIPAL,1,1,2,0,1,4,246,246,241,241,5,7,4,0,24,15,8,2,0,10,6,3,23,14,97,5,1,7,10
1,2,0,400,396,1,https://resultados2019.blob.core.windows.net/201901/045244.jpg,OK,0,17,GUATEMALA,PETAPA,4524,CORPORACIÓN MUNICIPAL,10,1,2,0,1,4,271,271,259,259,0,8,1,2,10,0,13,2,0,8,14,15,43,84,44,4,1,7,3
1,2,0,380,370,1,https://resultados2019.blob.core.windows.net/201901/046054.jpg,OK,0,17,GUATEMALA,PETAPA,4605,CORPORACIÓN MUNICIPAL,7,1,2,0,1,4,263,263,254,254,0,25,2,0,6,2,26,1,0,8,7,9,20,113,26,1,1,6,1
1,2,0,400,396,1,https://resultados2019.blob.core.windows.net/201901/044954.jpg,OK,19,17,GUATEMALA,PETAPA,4495,CORPORACIÓN MUNICIPAL,17,1,2,0,1,4,287,287,268,268,0,7,1,1,15,4,18,0,0,9,12,9,44,93,43,2,0,9,1
1,0,0,263,264,1,https://resultados2019.blob.core.windows.net/201901/045914.jpg,OK,0,17,GUATEMALA,PETAPA,4591,CORPORACIÓN MUNICIPAL,11,2,1,0,1,4,204,204,193,193,1,16,2,2,10,7,3,1,0,30,13,6,12,15,35,13,0,12,15
1,3,0,380,376,1,https://resultados2019.blob.core.windows.net/201901/046274.jpg,OK,0,17,GUATEMALA,PETAPA,4627,CORPORACIÓN MUNICIPAL,13,1,2,0,1,4,249,249,233,233,5,8,8,3,4,0,15,1,0,29,11,0,26,39,61,4,0,13,6
1,2,0,400,398,1,https://resultados2019.blob.core.windows.net/201901/045274.jpg,OK,0,17,GUATEMALA,PETAPA,4527,CORPORACIÓN MUNICIPAL,20,1,2,0,1,4,277,277,255,255,1,7,2,2,10,4,12,2,0,6,9,11,39,100,33,1,5,9,2
1,3,0,380,376,1,https://resultados2019.blob.core.windows.net/201901/045524.jpg,OK,0,17,GUATEMALA,PETAPA,4552,CORPORACIÓN MUNICIPAL,10,1,0,0,1,4,257,257,244,244,4,10,7,5,19,17,9,0,1,16,7,3,19,14,89,8,1,9,6
1,0,1,380,376,1,https://resultados2019.blob.core.windows.net/201901/045444.jpg,OK,0,17,GUATEMALA,PETAPA,4544,CORPORACIÓN MUNICIPAL,14,1,2,0,1,4,255,255,241,241,2,11,8,7,17,9,8,1,0,11,5,4,18,21,99,7,2,4,7
0,1,0,380,374,1,https://resultados2019.blob.core.windows.net/201901/046434.jpg,OK,0,17,GUATEMALA,PETAPA,4643,CORPORACIÓN MUNICIPAL,7,1,2,0,1,4,239,245,237,231,6,8,3,4,21,12,5,1,1,27,2,6,22,14,90,3,2,5,5
1,0,0,380,376,1,https://resultados2019.blob.core.windows.net/201901/045594.jpg,OK,0,17,GUATEMALA,PETAPA,4559,CORPORACIÓN MUNICIPAL,8,1,0,0,1,4,254,254,246,246,2,7,12,6,21,5,15,2,2,21,7,0,18,15,92,7,1,8,5
1,2,0,380,376,1,https://resultados2019.blob.core.windows.net/201901/046414.jpg,OK,0,17,GUATEMALA,PETAPA,4641,CORPORACIÓN MUNICIPAL,4,1,2,0,1,4,262,262,256,256,4,13,0,4,35,12,4,0,0,12,8,2,23,13,104,7,3,8,4
1,0,0,400,0,1,https://resultados2019.blob.core.windows.net/201901/045204.jpg,OK,0,17,GUATEMALA,PETAPA,4520,CORPORACIÓN MUNICIPAL,4,1,2,0,1,4,265,265,261,261,1,4,0,0,10,6,5,1,0,4,10,9,33,122,46,0,0,5,5
1,96,0,400,396,1,https://resultados2019.blob.core.windows.net/201901/044964.jpg,OK,0,17,GUATEMALA,PETAPA,4496,CORPORACIÓN MUNICIPAL,12,1,2,0,1,4,396,396,288,288,1,14,3,2,12,4,7,3,0,9,9,16,56,102,42,0,1,4,3
1,2,0,400,400,1,https://resultados2019.blob.core.windows.net/201901/045324.jpg,OK,0,17,GUATEMALA,PETAPA,4532,CORPORACIÓN MUNICIPAL,7,1,2,0,1,4,267,267,258,258,0,7,3,8,11,3,8,4,0,5,7,11,36,76,62,5,1,6,5
1,143,0,400,400,1,https://resultados2019.blob.core.windows.net/201901/045124.jpg,OK,0,17,GUATEMALA,PETAPA,4512,CORPORACIÓN MUNICIPAL,10,1,2,0,1,4,396,396,243,243,0,5,1,3,8,4,7,3,0,8,12,10,33,95,36,2,0,10,6
1,5,0,380,379,1,https://resultados2019.blob.core.windows.net/201901/046394.jpg,OK,0,17,GUATEMALA,PETAPA,4639,CORPORACIÓN MUNICIPAL,15,1,2,0,1,4,266,266,246,246,9,11,6,7,29,13,9,0,0,18,4,2,18,16,86,5,2,2,9
1,3,0,380,380,1,https://resultados2019.blob.core.windows.net/201901/046014.jpg,OK,0,17,GUATEMALA,PETAPA,4601,CORPORACIÓN MUNICIPAL,8,1,2,0,1,4,251,251,240,240,2,11,2,3,11,3,16,3,1,3,6,5,24,104,26,2,3,8,7
1,2,0,380,380,1,https://resultados2019.blob.core.windows.net/201901/045674.jpg,OK,0,17,GUATEMALA,PETAPA,4567,CORPORACIÓN MUNICIPAL,0,1,2,0,1,4,229,229,227,227,1,8,9,4,22,10,7,1,0,16,4,0,23,18,82,10,1,6,5
0,1,0,380,363,1,https://resultados2019.blob.core.windows.net/201901/046304.jpg,OK,0,17,GUATEMALA,PETAPA,4630,CORPORACIÓN MUNICIPAL,18,1,2,0,1,4,240,238,219,219,8,6,6,3,6,5,9,3,0,20,11,1,20,25,63,11,4,6,12
1,2,0,380,380,1,https://resultados2019.blob.core.windows.net/201901/045604.jpg,OK,0,17,GUATEMALA,PETAPA,4560,CORPORACIÓN MUNICIPAL,3,1,2,0,1,4,238,238,233,233,3,7,9,1,27,6,3,1,0,12,4,2,19,23,91,10,1,9,5
1,3,0,380,380,1,https://resultados2019.blob.core.windows.net/201901/046294.jpg,OK,0,17,GUATEMALA,PETAPA,4629,CORPORACIÓN MUNICIPAL,8,1,2,0,1,4,245,245,234,234,7,12,7,4,4,2,20,4,0,25,6,3,20,26,67,4,3,6,14
1,135,0,380,377,1,https://resultados2019.blob.core.windows.net/201901/045734.jpg,OK,3,17,GUATEMALA,PETAPA,4573,CORPORACIÓN MUNICIPAL,8,1,2,0,1,4,374,374,231,231,5,4,5,4,16,8,7,5,1,13,6,1,20,16,97,5,2,13,3
1,1,0,380,376,1,https://resultados2019.blob.core.windows.net/201901/045704.jpg,OK,0,17,GUATEMALA,PETAPA,4570,CORPORACIÓN MUNICIPAL,11,1,2,0,1,4,230,230,218,218,3,4,15,4,18,10,6,2,0,19,4,0,16,17,79,6,0,12,3
1,5,0,380,377,1,https://resultados2019.blob.core.windows.net/201901/046384.jpg,OK,0,17,GUATEMALA,PETAPA,4638,CORPORACIÓN MUNICIPAL,14,1,2,0,1,4,258,258,239,239,8,10,2,6,24,12,7,2,0,10,9,5,23,15,88,9,0,9,0
1,0,0,380,376,1,https://resultados2019.blob.core.windows.net/201901/046004.jpg,OK,0,17,GUATEMALA,PETAPA,4600,CORPORACIÓN MUNICIPAL,14,1,2,0,1,4,260,260,246,246,3,13,1,1,16,1,14,1,0,7,9,10,20,108,28,5,0,7,2
1,0,0,380,380,1,https://resultados2019.blob.core.windows.net/201901/045774.jpg,OK,0,17,GUATEMALA,PETAPA,4577,CORPORACIÓN MUNICIPAL,16,1,2,0,1,4,221,221,205,205,2,7,3,3,22,7,5,1,0,10,7,5,17,17,80,6,3,7,3
1,3,0,400,397,1,https://resultados2019.blob.core.windows.net/201901/045264.jpg,OK,0,17,GUATEMALA,PETAPA,4526,CORPORACIÓN MUNICIPAL,12,1,2,0,1,4,271,271,256,256,2,3,2,4,9,4,13,0,0,6,15,10,42,87,38,3,2,12,4
1,2,0,400,400,1,https://resultados2019.blob.core.windows.net/201901/044934.jpg,OK,0,17,GUATEMALA,PETAPA,4493,CORPORACIÓN MUNICIPAL,8,1,2,0,1,4,275,275,265,265,0,12,1,3,11,1,12,1,2,6,17,9,52,89,30,2,3,7,7
1,4,0,380,377,1,https://resultados2019.blob.core.windows.net/201901/046374.jpg,OK,0,17,GUATEMALA,PETAPA,4637,CORPORACIÓN MUNICIPAL,15,1,2,0,1,4,259,259,240,240,8,7,4,6,24,14,9,1,0,7,5,3,19,14,94,6,2,12,5
1,3,0,380,380,1,https://resultados2019.blob.core.windows.net/201901/046064.jpg,OK,0,17,GUATEMALA,PETAPA,4606,CORPORACIÓN MUNICIPAL,11,1,2,0,1,4,235,235,221,221,1,15,1,0,5,4,24,3,0,5,9,7,12,98,18,5,2,9,3
1,0,0,380,380,1,https://resultados2019.blob.core.windows.net/201901/045614.jpg,OK,0,17,GUATEMALA,PETAPA,4561,CORPORACIÓN MUNICIPAL,11,1,2,0,1,4,224,224,213,213,0,3,6,4,25,8,4,1,1,16,6,2,19,20,88,3,2,1,4
1,1,0,380,380,1,https://resultados2019.blob.core.windows.net/201901/045404.jpg,OK,0,17,GUATEMALA,PETAPA,4540,CORPORACIÓN MUNICIPAL,11,1,2,0,1,4,266,266,254,254,3,8,9,5,21,9,6,1,1,15,9,3,22,12,105,9,1,9,6
1,0,0,400,400,1,https://resultados2019.blob.core.windows.net/201901/044924.jpg,OK,0,17,GUATEMALA,PETAPA,4492,CORPORACIÓN MUNICIPAL,15,1,2,0,1,4,278,278,263,263,0,9,2,2,11,2,9,0,1,8,13,7,42,93,56,2,1,3,2
1,1,0,380,374,1,https://resultados2019.blob.core.windows.net/201901/045984.jpg,OK,0,17,GUATEMALA,PETAPA,4598,CORPORACIÓN MUNICIPAL,5,1,2,0,1,4,266,266,260,260,1,18,1,1,8,2,21,2,0,6,11,6,19,123,30,1,0,4,6
1,0,0,211,211,1,https://resultados2019.blob.core.windows.net/201901/046344.jpg,OK,0,17,GUATEMALA,PETAPA,4634,CORPORACIÓN MUNICIPAL,6,1,2,0,1,4,169,169,163,163,7,10,3,1,3,1,12,0,2,17,5,2,6,18,47,3,2,5,19
1,0,0,380,380,1,https://resultados2019.blob.core.windows.net/201901/045424.jpg,OK,0,17,GUATEMALA,PETAPA,4542,CORPORACIÓN MUNICIPAL,6,1,2,0,1,4,264,264,258,258,3,10,10,9,22,12,6,3,2,15,6,2,24,21,96,7,0,6,4
1,3,0,600,600,1,https://resultados2019.blob.core.windows.net/201901/046614.jpg,OK,0,17,GUATEMALA,PETAPA,4661,CORPORACIÓN MUNICIPAL,15,1,2,0,1,4,237,237,219,219,1,9,6,2,8,3,12,2,2,5,14,9,24,61,45,4,0,10,2
1,2,0,380,373,1,https://resultados2019.blob.core.windows.net/201901/046504.jpg,OK,0,17,GUATEMALA,PETAPA,4650,CORPORACIÓN MUNICIPAL,5,1,0,0,1,4,262,262,255,255,1,8,4,6,24,12,9,0,0,17,6,10,25,20,89,1,3,9,11
1,2,0,380,376,1,https://resultados2019.blob.core.windows.net/201901/045904.jpg,OK,0,17,GUATEMALA,PETAPA,4590,CORPORACIÓN MUNICIPAL,18,2,1,0,1,4,284,284,264,264,4,18,8,2,14,8,10,0,0,30,12,2,13,26,60,13,3,21,20
1,1,0,380,380,1,https://resultados2019.blob.core.windows.net/201901/046124.jpg,OK,0,17,GUATEMALA,PETAPA,4612,CORPORACIÓN MUNICIPAL,8,1,2,0,1,4,268,268,259,259,1,3,1,6,25,1,6,0,0,2,18,2,38,127,12,3,0,10,4
1,5,0,380,373,1,https://resultados2019.blob.core.windows.net/201901/045934.jpg,OK,0,17,GUATEMALA,PETAPA,4593,CORPORACIÓN MUNICIPAL,16,1,2,0,1,4,278,278,257,257,2,13,0,3,3,4,26,1,0,3,9,6,29,104,37,5,1,7,4
1,3,0,380,380,1,https://resultados2019.blob.core.windows.net/201901/046174.jpg,OK,0,17,GUATEMALA,PETAPA,4617,CORPORACIÓN MUNICIPAL,13,1,2,0,1,4,275,275,259,259,0,2,0,6,29,0,9,3,0,3,18,5,39,124,11,3,0,4,3
1,2,0,380,376,1,https://resultados2019.blob.core.windows.net/201901/045744.jpg,OK,0,17,GUATEMALA,PETAPA,4574,CORPORACIÓN MUNICIPAL,10,1,2,0,1,4,263,263,251,251,4,15,4,4,26,11,5,1,1,14,18,2,24,12,93,9,1,7,0
1,2,0,380,376,1,https://resultados2019.blob.core.windows.net/201901/045454.jpg,OK,0,17,GUATEMALA,PETAPA,4545,CORPORACIÓN MUNICIPAL,17,1,2,0,1,4,280,280,261,261,3,11,10,3,22,12,8,1,2,17,8,3,31,11,92,12,4,8,3
1,2,0,380,380,1,https://resultados2019.blob.core.windows.net/201901/046564.jpg,OK,0,17,GUATEMALA,PETAPA,4656,CORPORACIÓN MUNICIPAL,4,1,2,0,1,4,227,227,221,221,8,6,5,2,14,12,10,1,0,15,3,2,21,13,91,3,0,8,7
1,4,0,400,393,1,https://resultados2019.blob.core.windows.net/201901/045084.jpg,OK,0,17,GUATEMALA,PETAPA,4508,CORPORACIÓN MUNICIPAL,9,1,2,0,1,4,259,259,246,246,0,6,1,4,6,4,11,1,0,5,17,11,40,89,35,3,3,4,6
1,4,279,400,395,1,https://resultados2019.blob.core.windows.net/201901/045134.jpg,OK,1,17,GUATEMALA,PETAPA,4513,CORPORACIÓN MUNICIPAL,9,1,2,0,1,4,278,278,265,265,1,3,2,1,11,3,6,0,0,7,12,6,38,110,57,4,0,3,1
1,1,0,400,400,1,https://resultados2019.blob.core.windows.net/201901/045234.jpg,OK,0,17,GUATEMALA,PETAPA,4523,CORPORACIÓN MUNICIPAL,7,1,2,0,1,4,272,272,264,264,2,14,1,2,13,4,9,1,0,4,9,6,43,91,43,1,2,11,8
1,0,0,380,380,1,https://resultados2019.blob.core.windows.net/201901/045584.jpg,OK,0,17,GUATEMALA,PETAPA,4558,CORPORACIÓN MUNICIPAL,9,1,2,0,1,4,239,239,230,230,1,6,4,6,19,3,3,0,0,17,6,3,23,25,90,10,1,6,7
1,3,0,380,385,1,https://resultados2019.blob.core.windows.net/201901/046484.jpg,OK,0,17,GUATEMALA,PETAPA,4648,CORPORACIÓN MUNICIPAL,6,1,2,0,1,4,244,244,235,235,6,12,2,4,26,7,11,1,1,17,3,6,18,10,93,4,1,13,0
1,0,3,380,377,1,https://resultados2019.blob.core.windows.net/201901/046154.jpg,OK,0,17,GUATEMALA,PETAPA,4615,CORPORACIÓN MUNICIPAL,11,1,2,0,1,4,258,258,247,247,2,2,2,4,37,1,5,3,0,2,11,5,26,117,14,5,1,5,5
1,1,0,400,396,1,https://resultados2019.blob.core.windows.net/201901/045144.jpg,OK,0,17,GUATEMALA,PETAPA,4514,CORPORACIÓN MUNICIPAL,9,1,2,0,1,4,244,244,234,234,1,7,1,0,5,3,8,0,2,4,14,6,45,82,40,5,1,7,3
1,0,0,380,376,1,https://resultados2019.blob.core.windows.net/201901/045834.jpg,OK,0,17,GUATEMALA,PETAPA,4583,CORPORACIÓN MUNICIPAL,3,1,2,0,1,4,254,254,251,251,2,9,8,5,28,11,3,0,1,21,6,1,13,29,97,6,2,3,6
1,0,0,380,380,1,https://resultados2019.blob.core.windows.net/201901/046514.jpg,OK,0,17,GUATEMALA,PETAPA,4651,CORPORACIÓN MUNICIPAL,10,1,2,0,1,4,246,246,236,236,8,12,5,3,23,9,9,1,0,15,3,7,19,13,87,6,2,6,8
1,1,0,380,373,1,https://resultados2019.blob.core.windows.net/201901/045864.jpg,OK,95,17,GUATEMALA,PETAPA,4586,CORPORACIÓN MUNICIPAL,20,2,1,0,1,4,278,278,257,257,0,14,9,6,9,5,7,0,0,26,11,10,21,28,60,12,1,18,20
1,1,0,400,401,1,https://resultados2019.blob.core.windows.net/201901/044974.jpg,OK,0,17,GUATEMALA,PETAPA,4497,CORPORACIÓN MUNICIPAL,15,1,2,0,1,4,297,297,281,281,0,6,5,3,7,5,9,0,0,5,15,10,58,106,40,3,2,4,3
1,0,0,199,199,1,https://resultados2019.blob.core.windows.net/201901/046204.jpg,OK,0,17,GUATEMALA,PETAPA,4620,CORPORACIÓN MUNICIPAL,5,2,2,0,1,4,146,146,141,141,0,0,1,2,21,0,1,0,0,1,8,2,14,70,11,7,0,3,0
1,3,0,380,290,1,https://resultados2019.blob.core.windows.net/201901/046134.jpg,OK,0,17,GUATEMALA,PETAPA,4613,CORPORACIÓN MUNICIPAL,24,1,2,0,1,4,289,289,262,262,0,2,3,4,29,1,9,2,0,3,4,1,38,140,11,2,0,8,5
0,0,0,380,373,1,https://resultados2019.blob.core.windows.net/201901/046444.jpg,OK,0,17,GUATEMALA,PETAPA,4644,CORPORACIÓN MUNICIPAL,10,1,0,0,1,4,232,225,215,222,5,7,7,2,26,9,0,2,0,15,6,3,20,10,84,2,0,11,6
1,0,0,380,383,1,https://resultados2019.blob.core.windows.net/201901/045884.jpg,OK,0,17,GUATEMALA,PETAPA,4588,CORPORACIÓN MUNICIPAL,15,2,1,0,1,4,268,268,253,253,1,8,10,2,12,6,8,3,1,23,9,13,17,22,54,19,4,20,21
0,2,0,380,373,1,https://resultados2019.blob.core.windows.net/201901/045684.jpg,OK,0,17,GUATEMALA,PETAPA,4568,CORPORACIÓN MUNICIPAL,12,1,2,0,1,4,235,234,220,221,0,7,6,2,16,11,6,0,0,13,8,1,22,17,87,9,0,9,6
1,2,0,313,313,1,https://resultados2019.blob.core.windows.net/201901/046594.jpg,OK,0,17,GUATEMALA,PETAPA,4659,CORPORACIÓN MUNICIPAL,5,1,2,0,1,4,205,205,198,198,5,8,6,7,25,10,1,1,0,20,3,3,19,15,63,3,0,2,7
1,1,0,199,194,1,https://resultados2019.blob.core.windows.net/201901/046214.jpg,OK,0,17,GUATEMALA,PETAPA,4621,CORPORACIÓN MUNICIPAL,2,1,0,0,1,4,130,130,127,127,0,1,0,1,27,1,1,0,0,3,7,0,12,62,5,3,0,3,1
1,0,0,400,400,1,https://resultados2019.blob.core.windows.net/201901/045304.jpg,OK,0,17,GUATEMALA,PETAPA,4530,CORPORACIÓN MUNICIPAL,5,1,2,0,1,4,280,280,275,275,0,4,1,8,7,3,16,3,1,6,12,8,34,96,51,5,3,14,3
1,0,0,380,380,1,https://resultados2019.blob.core.windows.net/201901/045414.jpg,OK,0,17,GUATEMALA,PETAPA,4541,CORPORACIÓN MUNICIPAL,11,1,2,0,1,4,249,249,238,238,3,9,7,3,14,12,5,1,2,15,8,2,23,23,83,9,1,12,6
1,2,0,400,396,1,https://resultados2019.blob.core.windows.net/201901/045294.jpg,OK,0,17,GUATEMALA,PETAPA,4529,CORPORACIÓN MUNICIPAL,7,1,2,0,1,4,248,248,239,239,0,4,1,7,7,3,13,0,0,6,13,10,30,77,44,3,1,14,6
1,2,0,400,400,1,https://resultados2019.blob.core.windows.net/201901/045314.jpg,OK,0,17,GUATEMALA,PETAPA,4531,CORPORACIÓN MUNICIPAL,15,1,2,0,1,4,280,280,263,263,2,13,2,2,6,6,8,4,0,4,13,6,50,80,49,3,2,5,8
1,1,0,400,400,1,https://resultados2019.blob.core.windows.net/201901/045014.jpg,OK,0,17,GUATEMALA,PETAPA,4501,CORPORACIÓN MUNICIPAL,9,1,2,0,1,4,271,271,261,261,0,2,2,0,5,4,14,2,1,6,12,10,51,99,42,3,0,6,2
1,2,1,380,376,1,https://resultados2019.blob.core.windows.net/201901/045574.jpg,OK,0,17,GUATEMALA,PETAPA,4557,CORPORACIÓN MUNICIPAL,9,1,0,0,1,4,236,236,225,225,1,5,10,4,17,7,6,1,1,23,10,3,21,13,79,10,1,5,8
1,4,0,380,30,1,https://resultados2019.blob.core.windows.net/201901/045664.jpg,OK,0,17,GUATEMALA,PETAPA,4566,CORPORACIÓN MUNICIPAL,16,1,2,0,1,4,265,265,245,245,3,3,9,5,20,9,3,1,0,15,10,4,15,15,105,11,0,9,8
1,2,0,380,376,1,https://resultados2019.blob.core.windows.net/201901/045544.jpg,OK,0,17,GUATEMALA,PETAPA,4554,CORPORACIÓN MUNICIPAL,11,1,2,0,1,4,247,247,234,234,2,8,7,4,23,11,8,1,0,16,11,5,22,20,76,7,0,7,6
1,2,0,380,376,1,https://resultados2019.blob.core.windows.net/201901/046524.jpg,OK,0,17,GUATEMALA,PETAPA,4652,CORPORACIÓN MUNICIPAL,14,1,2,0,1,4,246,246,230,230,4,11,3,7,20,11,7,2,1,10,9,0,23,10,95,2,1,8,6
1,3,0,380,375,1,https://resultados2019.blob.core.windows.net/201901/046104.jpg,OK,0,17,GUATEMALA,PETAPA,4610,CORPORACIÓN MUNICIPAL,16,1,2,0,1,4,265,265,246,246,0,3,1,11,27,1,4,1,1,0,10,2,38,123,9,5,1,5,4
0,1,0,380,380,1,https://resultados2019.blob.core.windows.net/201901/046314.jpg,OK,0,17,GUATEMALA,PETAPA,4631,CORPORACIÓN MUNICIPAL,19,1,2,0,1,4,262,265,245,242,9,8,7,4,1,2,13,3,1,19,5,5,23,45,65,8,4,10,13
1,2,0,400,392,1,https://resultados2019.blob.core.windows.net/201901/045064.jpg,OK,0,17,GUATEMALA,PETAPA,4506,CORPORACIÓN MUNICIPAL,11,1,2,0,1,4,242,242,229,229,1,8,3,1,9,1,3,1,0,8,13,8,35,79,48,3,2,2,4
1,1,0,400,395,1,https://resultados2019.blob.core.windows.net/201901/045034.jpg,OK,0,17,GUATEMALA,PETAPA,4503,CORPORACIÓN MUNICIPAL,10,1,2,0,1,4,253,253,242,242,2,4,2,3,10,2,9,3,1,7,11,7,40,80,48,4,1,4,4
1,2,0,380,375,1,https://resultados2019.blob.core.windows.net/201901/045644.jpg,OK,0,17,GUATEMALA,PETAPA,4564,CORPORACIÓN MUNICIPAL,11,1,2,0,1,4,256,256,243,243,1,11,14,2,17,7,6,2,1,18,13,2,21,24,82,7,2,5,8
1,2,0,380,375,1,https://resultados2019.blob.core.windows.net/201901/045494.jpg,OK,0,17,GUATEMALA,PETAPA,4549,CORPORACIÓN MUNICIPAL,11,1,0,0,1,4,255,255,242,242,1,5,9,4,16,13,10,0,2,18,10,4,24,19,83,9,3,9,3
1,3,0,400,393,1,https://resultados2019.blob.core.windows.net/201901/045094.jpg,OK,0,17,GUATEMALA,PETAPA,4509,CORPORACIÓN MUNICIPAL,14,1,2,0,1,4,274,274,257,257,0,7,1,4,9,6,17,2,1,9,19,8,22,89,50,1,5,7,0
1,3,0,400,396,1,https://resultados2019.blob.core.windows.net/201901/045354.jpg,OK,0,17,GUATEMALA,PETAPA,4535,CORPORACIÓN MUNICIPAL,4,2,0,0,1,4,248,248,241,241,2,1,0,5,5,3,14,2,0,6,14,7,30,84,51,4,0,10,3
1,2,0,380,372,1,https://resultados2019.blob.core.windows.net/201901/045764.jpg,OK,0,17,GUATEMALA,PETAPA,4576,CORPORACIÓN MUNICIPAL,14,1,2,0,1,4,232,232,216,216,5,2,7,8,18,7,5,0,1,18,6,3,21,15,84,6,1,5,4
1,0,0,400,396,1,https://resultados2019.blob.core.windows.net/201901/044894.jpg,OK,0,17,GUATEMALA,PETAPA,4489,CORPORACIÓN MUNICIPAL,18,1,2,0,1,4,276,276,258,258,1,5,1,3,4,1,14,1,1,10,16,13,43,86,45,1,1,6,6
1,0,0,400,399,1,https://resultados2019.blob.core.windows.net/201901/045074.jpg,OK,0,17,GUATEMALA,PETAPA,4507,CORPORACIÓN MUNICIPAL,19,1,2,0,1,4,268,268,249,249,0,10,2,4,7,4,12,6,0,7,9,13,37,86,38,5,1,6,2
1,1,0,380,376,1,https://resultados2019.blob.core.windows.net/201901/046544.jpg,OK,0,17,GUATEMALA,PETAPA,4654,CORPORACIÓN MUNICIPAL,8,1,2,0,1,4,241,241,232,232,7,8,2,1,28,9,14,3,0,11,8,4,18,9,90,4,2,7,7
1,2,0,380,370,1,https://resultados2019.blob.core.windows.net/201901/045474.jpg,OK,0,17,GUATEMALA,PETAPA,4547,CORPORACIÓN MUNICIPAL,16,1,0,0,1,4,249,249,231,231,1,10,7,2,27,6,5,0,1,16,4,6,18,16,88,11,0,8,5
1,1,0,380,380,1,https://resultados2019.blob.core.windows.net/201901/045814.jpg,OK,0,17,GUATEMALA,PETAPA,4581,CORPORACIÓN MUNICIPAL,9,1,2,0,1,4,251,251,241,241,4,5,7,1,19,17,3,1,0,21,12,2,15,25,94,3,2,3,7
1,3,0,400,40,1,https://resultados2019.blob.core.windows.net/201901/045184.jpg,OK,0,17,GUATEMALA,PETAPA,4518,CORPORACIÓN MUNICIPAL,3,1,2,0,1,4,238,238,232,232,1,4,0,4,12,2,5,0,8,7,8,5,39,91,44,0,0,2,0
1,1,0,380,376,1,https://resultados2019.blob.core.windows.net/201901/046024.jpg,OK,0,17,GUATEMALA,PETAPA,4602,CORPORACIÓN MUNICIPAL,6,1,2,0,1,4,273,273,266,266,0,10,4,2,8,5,22,5,1,7,7,8,17,127,30,4,1,5,3
1,3,0,380,376,1,https://resultados2019.blob.core.windows.net/201901/046574.jpg,OK,1,17,GUATEMALA,PETAPA,4657,CORPORACIÓN MUNICIPAL,3,1,2,0,1,4,225,225,219,219,5,6,3,5,21,8,7,0,2,19,6,3,19,16,82,1,0,8,8
0,3,1,380,376,1,https://resultados2019.blob.core.windows.net/201901/046244.jpg,OK,0,17,GUATEMALA,PETAPA,4624,CORPORACIÓN MUNICIPAL,15,2,1,0,1,4,270,269,251,242,2,21,4,8,10,7,8,0,1,14,10,4,22,27,80,0,4,20,9
1,3,0,380,375,1,https://resultados2019.blob.core.windows.net/201901/045714.jpg,OK,0,17,GUATEMALA,PETAPA,4571,CORPORACIÓN MUNICIPAL,11,1,2,0,1,4,240,240,226,226,2,8,8,0,19,13,6,1,0,17,8,2,21,22,77,11,0,3,8
1,2,0,400,397,1,https://resultados2019.blob.core.windows.net/201901/044944.jpg,OK,0,17,GUATEMALA,PETAPA,4494,CORPORACIÓN MUNICIPAL,14,1,2,0,1,4,270,270,254,254,2,4,1,2,14,2,8,4,0,8,13,9,34,103,36,1,2,7,4
1,3,0,400,400,1,https://resultados2019.blob.core.windows.net/201901/045154.jpg,OK,0,17,GUATEMALA,PETAPA,4515,CORPORACIÓN MUNICIPAL,13,1,2,0,1,4,255,255,239,239,2,3,0,2,11,2,3,4,0,7,14,11,38,70,56,4,1,9,2
1,2,0,380,376,1,https://resultados2019.blob.core.windows.net/201901/045394.jpg,OK,0,17,GUATEMALA,PETAPA,4539,CORPORACIÓN MUNICIPAL,12,1,2,0,1,4,250,250,236,236,0,8,11,4,25,8,4,1,1,11,16,6,19,14,91,6,1,6,4
1,3,0,380,380,1,https://resultados2019.blob.core.windows.net/201901/046584.jpg,OK,1,17,GUATEMALA,PETAPA,4658,CORPORACIÓN MUNICIPAL,12,1,2,0,1,4,283,283,268,268,5,11,1,7,20,8,4,1,0,23,6,4,14,17,119,7,0,13,8
0,4,0,380,373,1,https://resultados2019.blob.core.windows.net/201901/045944.jpg,OK,130,17,GUATEMALA,PETAPA,4594,CORPORACIÓN MUNICIPAL,6,1,2,0,1,4,243,242,232,233,1,15,3,4,7,8,24,1,1,1,9,2,28,102,18,1,0,5,2
1,1,0,380,376,1,https://resultados2019.blob.core.windows.net/201901/046144.jpg,OK,0,17,GUATEMALA,PETAPA,4614,CORPORACIÓN MUNICIPAL,12,1,2,0,1,4,241,241,228,228,0,5,2,5,27,3,4,1,0,3,13,4,26,103,15,6,1,4,6
0,4,0,380,377,1,https://resultados2019.blob.core.windows.net/201901/045464.jpg,OK,0,17,GUATEMALA,PETAPA,4546,CORPORACIÓN MUNICIPAL,15,1,2,0,1,4,257,270,251,238,4,6,6,3,21,10,6,0,17,17,3,5,22,20,89,9,2,8,3
1,3,0,380,373,1,https://resultados2019.blob.core.windows.net/201901/046034.jpg,OK,0,17,GUATEMALA,PETAPA,4603,CORPORACIÓN MUNICIPAL,18,1,2,0,1,4,270,270,249,249,1,23,2,1,7,3,23,1,1,5,9,3,16,106,36,0,1,9,2
1,3,0,400,401,1,https://resultados2019.blob.core.windows.net/201901/045284.jpg,OK,0,17,GUATEMALA,PETAPA,4528,CORPORACIÓN MUNICIPAL,7,1,2,0,1,4,253,253,243,243,1,5,1,3,9,1,4,1,1,6,12,7,38,98,41,2,0,6,7
0,0,0,380,373,1,https://resultados2019.blob.core.windows.net/201901/045504.jpg,OK,0,17,GUATEMALA,PETAPA,4550,CORPORACIÓN MUNICIPAL,12,1,0,0,1,4,260,256,244,248,2,12,8,1,18,9,10,3,0,20,9,1,21,20,89,9,3,9,0
1,3,0,400,396,1,https://resultados2019.blob.core.windows.net/201901/044914.jpg,OK,0,17,GUATEMALA,PETAPA,4491,CORPORACIÓN MUNICIPAL,17,1,2,0,1,4,275,275,255,255,1,6,0,3,9,3,8,1,0,4,14,8,41,95,47,4,1,3,7
1,1,0,272,272,1,https://resultados2019.blob.core.windows.net/201901/045844.jpg,OK,0,17,GUATEMALA,PETAPA,4584,CORPORACIÓN MUNICIPAL,4,1,2,0,1,4,159,159,154,154,0,5,5,3,19,5,4,0,0,14,5,3,8,13,58,4,1,4,3
