ACTACUADRA,BLANCOS,CNTIMPUGNA,CNTINSCRITOS,CNTPAPELETAS,DEP,IMGSRC,IMGSTATUS,INVALIDOS,MUN,NDEP,NMUN,NROMESA,NTE,NULOS,STACTA,STESCAN,STFISIC,STTRANS,TIPOELECCION,TOTALACTA,TOTALVOTOS,VOTOSVALIDOS,VOTOSVALIDOSACTA,voto_CONVERGENCIA,voto_CREO,voto_EG,voto_FCN-NACION,voto_FUERZA,voto_SEMILLA,voto_UCN,voto_UNE,voto_VAMOS,voto_VIVA
1,2,0,400,400,1,https://resultados2019.blob.core.windows.net/201901/024214.jpg,OK,0,7,GUATEMALA,SAN PEDRO AYAMPUC,2421,CORPORACIÓN MUNICIPAL,8,1,2,0,1,4,242,242,232,232,0,9,33,25,2,21,49,77,13,3
1,5,0,380,376,1,https://resultados2019.blob.core.windows.net/201901/024464.jpg,OK,0,7,GUATEMALA,SAN PEDRO AYAMPUC,2446,CORPORACIÓN MUNICIPAL,12,1,2,0,1,4,221,221,204,204,2,23,24,19,9,6,19,73,26,3
0,2,0,380,380,1,https://resultados2019.blob.core.windows.net/201901/024394.jpg,OK,0,7,GUATEMALA,SAN PEDRO AYAMPUC,2439,CORPORACIÓN MUNICIPAL,10,2,2,0,1,4,233,235,223,221,2,43,35,13,4,5,24,60,34,3
1,3,0,380,380,1,https://resultados2019.blob.core.windows.net/201901/024584.jpg,OK,0,7,GUATEMALA,SAN PEDRO AYAMPUC,2458,CORPORACIÓN MUNICIPAL,10,2,2,0,1,4,190,190,177,177,5,25,25,10,3,4,15,63,23,4
1,3,0,400,403,1,https://resultados2019.blob.core.windows.net/201901/024204.jpg,OK,0,7,GUATEMALA,SAN PEDRO AYAMPUC,2420,CORPORACIÓN MUNICIPAL,10,2,2,0,1,4,234,234,221,221,2,7,43,28,3,9,27,85,17,0
1,4,0,342,339,1,https://resultados2019.blob.core.windows.net/201901/024834.jpg,OK,0,7,GUATEMALA,SAN PEDRO AYAMPUC,2483,CORPORACIÓN MUNICIPAL,6,2,2,0,1,4,94,94,84,84,2,7,13,7,1,5,18,23,7,1
0,4,0,380,377,1,https://resultados2019.blob.core.windows.net/201901/024784.jpg,OK,0,7,GUATEMALA,SAN PEDRO AYAMPUC,2478,CORPORACIÓN MUNICIPAL,18,1,2,0,1,4,240,240,218,219,3,3,14,9,0,1,153,26,8,1
1,9,0,380,376,1,https://resultados2019.blob.core.windows.net/201901/024754.jpg,OK,0,7,GUATEMALA,SAN PEDRO AYAMPUC,2475,CORPORACIÓN MUNICIPAL,32,1,2,0,1,4,296,296,255,255,4,0,6,10,1,0,182,46,5,1
1,7,1,400,400,1,https://resultados2019.blob.core.windows.net/201901/024084.jpg,OK,25,7,GUATEMALA,SAN PEDRO AYAMPUC,2408,CORPORACIÓN MUNICIPAL,18,1,2,0,1,4,273,273,248,248,3,11,41,30,1,8,42,94,18,0
1,1,0,266,267,1,https://resultados2019.blob.core.windows.net/201901/024704.jpg,OK,0,7,GUATEMALA,SAN PEDRO AYAMPUC,2470,CORPORACIÓN MUNICIPAL,4,1,2,0,1,4,118,118,113,113,4,20,13,5,5,1,11,38,15,1
1,1,0,380,376,1,https://resultados2019.blob.core.windows.net/201901/024594.jpg,OK,0,7,GUATEMALA,SAN PEDRO AYAMPUC,2459,CORPORACIÓN MUNICIPAL,8,1,2,0,1,4,197,197,188,188,2,27,21,13,5,3,20,64,28,5
1,3,0,380,376,1,https://resultados2019.blob.core.windows.net/201901/024524.jpg,OK,0,7,GUATEMALA,SAN PEDRO AYAMPUC,2452,CORPORACIÓN MUNICIPAL,12,2,2,0,1,4,207,207,192,192,2,25,18,9,7,5,19,71,32,4
1,7,0,380,380,1,https://resultados2019.blob.core.windows.net/201901/024364.jpg,OK,0,7,GUATEMALA,SAN PEDRO AYAMPUC,2436,CORPORACIÓN MUNICIPAL,13,2,2,0,1,4,235,235,215,215,3,31,26,11,9,13,17,78,23,4
0,146,0,380,375,1,https://resultados2019.blob.core.windows.net/201901/024514.jpg,OK,0,7,GUATEMALA,SAN PEDRO AYAMPUC,2451,CORPORACIÓN MUNICIPAL,10,1,2,0,1,4,375,376,220,220,4,30,32,5,4,7,32,71,26,9
1,2,0,380,375,1,https://resultados2019.blob.core.windows.net/201901/024484.jpg,OK,0,7,GUATEMALA,SAN PEDRO AYAMPUC,2448,CORPORACIÓN MUNICIPAL,9,1,2,0,1,4,224,224,213,213,2,30,26,9,2,9,16,86,26,7
1,1,0,380,380,1,https://resultados2019.blob.core.windows.net/201901/024494.jpg,OK,0,7,GUATEMALA,SAN PEDRO AYAMPUC,2449,CORPORACIÓN MUNICIPAL,7,1,2,0,1,4,225,225,217,217,5,32,23,12,5,12,18,70,37,3
1,5,0,380,376,1,https://resultados2019.blob.core.windows.net/201901/024574.jpg,OK,0,7,GUATEMALA,SAN PEDRO AYAMPUC,2457,CORPORACIÓN MUNICIPAL,9,2,2,0,1,4,231,231,217,217,2,31,35,4,4,10,24,76,26,5
1,6,0,380,380,1,https://resultados2019.blob.core.windows.net/201901/024534.jpg,OK,0,7,GUATEMALA,SAN PEDRO AYAMPUC,2453,CORPORACIÓN MUNICIPAL,7,1,2,0,1,4,238,238,225,225,0,45,22,17,7,8,25,62,32,7
1,1,0,380,380,1,https://resultados2019.blob.core.windows.net/201901/024324.jpg,OK,0,7,GUATEMALA,SAN PEDRO AYAMPUC,2432,CORPORACIÓN MUNICIPAL,7,2,2,0,1,4,234,234,226,226,2,32,31,17,4,6,25,85,23,1
1,6,0,600,600,1,https://resultados2019.blob.core.windows.net/201901/024824.jpg,OK,0,7,GUATEMALA,SAN PEDRO AYAMPUC,2482,CORPORACIÓN MUNICIPAL,7,2,2,0,1,4,161,161,148,148,1,8,24,9,3,7,32,52,12,0
1,6,0,380,377,1,https://resultados2019.blob.core.windows.net/201901/024314.jpg,OK,0,7,GUATEMALA,SAN PEDRO AYAMPUC,2431,CORPORACIÓN MUNICIPAL,18,2,2,0,1,4,230,230,206,206,5,29,34,11,6,5,16,83,14,3
1,0,0,266,266,1,https://resultados2019.blob.core.windows.net/201901/024694.jpg,OK,0,7,GUATEMALA,SAN PEDRO AYAMPUC,2469,CORPORACIÓN MUNICIPAL,3,1,2,0,1,4,118,118,115,115,1,28,9,6,6,2,8,40,11,4
1,7,0,400,400,1,https://resultados2019.blob.core.windows.net/201901/024134.jpg,OK,0,7,GUATEMALA,SAN PEDRO AYAMPUC,2413,CORPORACIÓN MUNICIPAL,20,1,2,0,1,4,305,305,278,278,0,6,43,31,4,12,65,108,8,1
1,9,0,380,380,1,https://resultados2019.blob.core.windows.net/201901/024294.jpg,OK,0,7,GUATEMALA,SAN PEDRO AYAMPUC,2429,CORPORACIÓN MUNICIPAL,7,2,2,0,1,4,237,237,221,221,1,30,27,8,3,5,18,89,36,4
1,2,0,400,394,1,https://resultados2019.blob.core.windows.net/201901/024174.jpg,OK,0,7,GUATEMALA,SAN PEDRO AYAMPUC,2417,CORPORACIÓN MUNICIPAL,10,2,2,0,1,4,265,265,253,253,1,3,31,46,3,12,42,98,13,4
1,0,0,380,376,1,https://resultados2019.blob.core.windows.net/201901/024674.jpg,OK,0,7,GUATEMALA,SAN PEDRO AYAMPUC,2467,CORPORACIÓN MUNICIPAL,4,1,2,0,1,4,195,195,191,191,1,35,26,13,6,9,12,52,28,9
1,9,0,400,400,1,https://resultados2019.blob.core.windows.net/201901/024124.jpg,OK,0,7,GUATEMALA,SAN PEDRO AYAMPUC,2412,CORPORACIÓN MUNICIPAL,16,1,2,0,1,4,293,293,268,268,1,4,37,40,1,11,59,105,8,2
1,2,0,380,377,1,https://resultados2019.blob.core.windows.net/201901/024664.jpg,OK,2,7,GUATEMALA,SAN PEDRO AYAMPUC,2466,CORPORACIÓN MUNICIPAL,6,1,2,0,1,4,210,210,202,202,2,30,24,13,3,4,17,69,35,5
1,11,0,380,376,1,https://resultados2019.blob.core.windows.net/201901/024794.jpg,OK,0,7,GUATEMALA,SAN PEDRO AYAMPUC,2479,CORPORACIÓN MUNICIPAL,21,1,2,0,1,4,230,230,198,198,4,6,9,3,3,1,131,35,5,1
0,1,0,380,380,1,https://resultados2019.blob.core.windows.net/201901/024624.jpg,OK,0,7,GUATEMALA,SAN PEDRO AYAMPUC,2462,CORPORACIÓN MUNICIPAL,11,1,2,0,1,4,205,217,205,205,3,17,28,9,2,4,21,86,30,5
1,8,0,380,380,1,https://resultados2019.blob.core.windows.net/201901/024724.jpg,OK,0,7,GUATEMALA,SAN PEDRO AYAMPUC,2472,CORPORACIÓN MUNICIPAL,19,1,2,0,1,4,247,247,220,220,1,5,7,9,0,1,159,23,13,2
1,8,0,380,376,1,https://resultados2019.blob.core.windows.net/201901/024544.jpg,OK,0,7,GUATEMALA,SAN PEDRO AYAMPUC,2454,CORPORACIÓN MUNICIPAL,8,2,2,0,1,4,190,190,174,174,5,20,0,13,4,6,19,76,23,8
1,0,0,380,375,1,https://resultados2019.blob.core.windows.net/201901/024504.jpg,OK,0,7,GUATEMALA,SAN PEDRO AYAMPUC,2450,CORPORACIÓN MUNICIPAL,9,1,2,0,1,4,202,202,193,193,5,26,25,17,8,3,17,61,27,4
1,2,0,380,374,1,https://resultados2019.blob.core.windows.net/201901/024554.jpg,OK,0,7,GUATEMALA,SAN PEDRO AYAMPUC,2455,CORPORACIÓN MUNICIPAL,8,2,2,0,1,4,219,219,209,209,2,35,24,15,4,5,29,57,28,10
1,3,0,400,397,1,https://resultados2019.blob.core.windows.net/201901/024164.jpg,OK,0,7,GUATEMALA,SAN PEDRO AYAMPUC,2416,CORPORACIÓN MUNICIPAL,7,2,2,0,1,4,236,236,226,226,1,5,37,31,0,16,35,85,15,1
1,3,0,380,376,1,https://resultados2019.blob.core.windows.net/201901/024424.jpg,OK,0,7,GUATEMALA,SAN PEDRO AYAMPUC,2442,CORPORACIÓN MUNICIPAL,10,2,2,0,1,4,223,223,210,210,2,28,29,13,6,5,23,73,30,1
1,4,0,400,400,1,https://resultados2019.blob.core.windows.net/201901/024064.jpg,OK,0,7,GUATEMALA,SAN PEDRO AYAMPUC,2406,CORPORACIÓN MUNICIPAL,9,1,2,0,1,4,259,259,246,246,1,8,39,27,2,7,39,106,13,4
1,4,0,380,378,1,https://resultados2019.blob.core.windows.net/201901/024354.jpg,OK,0,7,GUATEMALA,SAN PEDRO AYAMPUC,2435,CORPORACIÓN MUNICIPAL,14,2,2,0,1,4,228,228,210,210,6,29,26,13,8,5,22,65,31,5
1,1,0,380,375,1,https://resultados2019.blob.core.windows.net/201901/024564.jpg,OK,0,7,GUATEMALA,SAN PEDRO AYAMPUC,2456,CORPORACIÓN MUNICIPAL,8,2,2,0,1,4,225,225,216,216,3,39,25,15,5,9,16,74,22,8
1,3,0,206,206,1,https://resultados2019.blob.core.windows.net/201901/024274.jpg,OK,0,7,GUATEMALA,SAN PEDRO AYAMPUC,2427,CORPORACIÓN MUNICIPAL,1,2,2,0,1,4,76,76,72,72,0,1,13,1,1,4,20,21,8,3
1,2,0,207,207,1,https://resultados2019.blob.core.windows.net/201901/024264.jpg,OK,0,7,GUATEMALA,SAN PEDRO AYAMPUC,2426,CORPORACIÓN MUNICIPAL,2,1,2,0,1,4,69,69,65,65,0,1,19,2,0,4,15,19,4,1
1,1,0,380,275,1,https://resultados2019.blob.core.windows.net/201901/024474.jpg,OK,0,7,GUATEMALA,SAN PEDRO AYAMPUC,2447,CORPORACIÓN MUNICIPAL,6,1,2,0,1,4,211,211,204,204,2,17,20,17,5,9,18,72,40,4
0,6,0,380,380,1,https://resultados2019.blob.core.windows.net/201901/024414.jpg,OK,0,7,GUATEMALA,SAN PEDRO AYAMPUC,2441,CORPORACIÓN MUNICIPAL,9,2,2,0,1,4,241,239,224,226,2,40,23,12,7,4,36,75,23,2
1,3,0,380,380,1,https://resultados2019.blob.core.windows.net/201901/024684.jpg,OK,0,7,GUATEMALA,SAN PEDRO AYAMPUC,2468,CORPORACIÓN MUNICIPAL,2,1,2,0,1,4,206,206,201,201,3,41,21,18,9,5,22,48,24,10
1,2,0,380,377,1,https://resultados2019.blob.core.windows.net/201901/024604.jpg,OK,0,7,GUATEMALA,SAN PEDRO AYAMPUC,2460,CORPORACIÓN MUNICIPAL,8,1,2,0,1,4,214,214,204,204,2,23,31,13,5,5,13,82,28,2
1,5,0,380,376,1,https://resultados2019.blob.core.windows.net/201901/024634.jpg,OK,0,7,GUATEMALA,SAN PEDRO AYAMPUC,2463,CORPORACIÓN MUNICIPAL,7,1,2,0,1,4,181,181,169,169,3,26,23,6,7,7,9,64,21,3
1,4,0,380,375,1,https://resultados2019.blob.core.windows.net/201901/024284.jpg,OK,0,7,GUATEMALA,SAN PEDRO AYAMPUC,2428,CORPORACIÓN MUNICIPAL,9,2,2,0,1,4,233,233,220,220,5,32,32,17,4,8,12,74,30,6
1,0,0,380,380,1,https://resultados2019.blob.core.windows.net/201901/024644.jpg,OK,0,7,GUATEMALA,SAN PEDRO AYAMPUC,2464,CORPORACIÓN MUNICIPAL,4,1,2,0,1,4,210,210,206,206,5,35,23,16,4,3,19,82,16,3
1,2,0,380,376,1,https://resultados2019.blob.core.windows.net/201901/024334.jpg,OK,0,7,GUATEMALA,SAN PEDRO AYAMPUC,2433,CORPORACIÓN MUNICIPAL,14,2,2,0,1,4,221,221,205,205,6,38,23,10,4,4,22,72,22,4
1,5,0,380,377,1,https://resultados2019.blob.core.windows.net/201901/024744.jpg,OK,0,7,GUATEMALA,SAN PEDRO AYAMPUC,2474,CORPORACIÓN MUNICIPAL,22,1,2,0,1,4,285,285,258,258,1,2,7,14,0,1,191,38,4,0
1,7,0,380,376,1,https://resultados2019.blob.core.windows.net/201901/024714.jpg,OK,0,7,GUATEMALA,SAN PEDRO AYAMPUC,2471,CORPORACIÓN MUNICIPAL,13,1,2,0,1,4,263,263,243,243,3,2,12,10,0,1,178,32,5,0
1,6,0,380,376,1,https://resultados2019.blob.core.windows.net/201901/024774.jpg,OK,0,7,GUATEMALA,SAN PEDRO AYAMPUC,2477,CORPORACIÓN MUNICIPAL,16,1,2,0,1,4,243,243,221,221,4,4,12,7,1,2,154,30,6,1
1,3,0,337,337,1,https://resultados2019.blob.core.windows.net/201901/024814.jpg,OK,0,7,GUATEMALA,SAN PEDRO AYAMPUC,2481,CORPORACIÓN MUNICIPAL,2,1,2,0,1,4,207,207,202,202,0,2,13,10,0,0,149,23,5,0
1,5,0,380,376,1,https://resultados2019.blob.core.windows.net/201901/024454.jpg,OK,10,7,GUATEMALA,SAN PEDRO AYAMPUC,2445,CORPORACIÓN MUNICIPAL,5,2,2,0,1,4,217,217,207,207,4,29,30,11,6,5,10,77,28,7
1,9,0,380,376,1,https://resultados2019.blob.core.windows.net/201901/024244.jpg,OK,0,7,GUATEMALA,SAN PEDRO AYAMPUC,2424,CORPORACIÓN MUNICIPAL,7,1,2,0,1,4,131,131,115,115,2,3,21,1,4,6,37,36,5,0
1,4,0,380,380,1,https://resultados2019.blob.core.windows.net/201901/024404.jpg,OK,0,7,GUATEMALA,SAN PEDRO AYAMPUC,2440,CORPORACIÓN MUNICIPAL,9,2,2,0,1,4,230,230,217,217,4,39,31,14,6,4,17,65,33,4
1,3,0,269,269,1,https://resultados2019.blob.core.windows.net/201901/024234.jpg,OK,0,7,GUATEMALA,SAN PEDRO AYAMPUC,2423,CORPORACIÓN MUNICIPAL,1,1,2,0,1,4,163,163,159,159,0,4,22,13,1,14,36,60,8,1
1,1,0,380,380,1,https://resultados2019.blob.core.windows.net/201901/024614.jpg,OK,0,7,GUATEMALA,SAN PEDRO AYAMPUC,2461,CORPORACIÓN MUNICIPAL,6,1,2,0,1,4,201,201,194,194,4,30,23,8,7,5,18,67,31,1
0,7,0,380,376,1,https://resultados2019.blob.core.windows.net/201901/024374.jpg,OK,0,7,GUATEMALA,SAN PEDRO AYAMPUC,2437,CORPORACIÓN MUNICIPAL,8,2,2,0,1,4,244,244,229,212,1,34,23,13,3,12,18,98,25,2
1,2,0,380,380,1,https://resultados2019.blob.core.windows.net/201901/024384.jpg,OK,0,7,GUATEMALA,SAN PEDRO AYAMPUC,2438,CORPORACIÓN MUNICIPAL,10,2,2,0,1,4,243,243,231,231,3,38,34,20,3,9,23,69,27,5
1,3,0,380,374,1,https://resultados2019.blob.core.windows.net/201901/024304.jpg,OK,0,7,GUATEMALA,SAN PEDRO AYAMPUC,2430,CORPORACIÓN MUNICIPAL,10,2,2,0,1,4,234,234,221,221,0,33,22,15,2,9,17,98,18,7
1,8,0,400,400,1,https://resultados2019.blob.core.windows.net/201901/024104.jpg,OK,0,7,GUATEMALA,SAN PEDRO AYAMPUC,2410,CORPORACIÓN MUNICIPAL,12,1,2,0,1,4,251,251,231,231,0,7,40,35,4,6,38,90,11,0
1,3,0,380,375,1,https://resultados2019.blob.core.windows.net/201901/024764.jpg,OK,0,7,GUATEMALA,SAN PEDRO AYAMPUC,2476,CORPORACIÓN MUNICIPAL,18,1,2,0,1,4,274,274,253,253,2,6,4,9,3,0,189,36,3,1
1,3,0,400,401,1,https://resultados2019.blob.core.windows.net/201901/024184.jpg,OK,0,7,GUATEMALA,SAN PEDRO AYAMPUC,2418,CORPORACIÓN MUNICIPAL,11,2,2,0,1,4,250,250,236,236,1,7,46,20,1,13,38,106,3,1
1,2,0,400,400,1,https://resultados2019.blob.core.windows.net/201901/024154.jpg,OK,0,7,GUATEMALA,SAN PEDRO AYAMPUC,2415,CORPORACIÓN MUNICIPAL,8,1,2,0,1,4,258,258,248,248,0,8,48,29,2,15,45,88,13,0
1,3,0,400,400,1,https://resultados2019.blob.core.windows.net/201901/024094.jpg,OK,0,7,GUATEMALA,SAN PEDRO AYAMPUC,2409,CORPORACIÓN MUNICIPAL,12,1,2,0,1,4,272,272,257,257,1,10,34,36,2,19,38,105,11,1
1,2,0,380,377,1,https://resultados2019.blob.core.windows.net/201901/024344.jpg,OK,0,7,GUATEMALA,SAN PEDRO AYAMPUC,2434,CORPORACIÓN MUNICIPAL,9,2,2,0,1,4,242,242,231,231,3,38,35,20,4,5,19,73,30,4
1,145,0,400,400,1,https://resultados2019.blob.core.windows.net/201901/024074.jpg,OK,9,7,GUATEMALA,SAN PEDRO AYAMPUC,2407,CORPORACIÓN MUNICIPAL,10,1,2,0,1,4,391,391,236,236,1,10,36,38,5,12,38,80,12,4
1,5,0,400,400,1,https://resultados2019.blob.core.windows.net/201901/024114.jpg,OK,0,7,GUATEMALA,SAN PEDRO AYAMPUC,2411,CORPORACIÓN MUNICIPAL,20,1,2,0,1,4,280,280,255,255,0,6,43,24,1,10,49,105,17,0
1,1,0,380,376,1,https://resultados2019.blob.core.windows.net/201901/024434.jpg,OK,0,7,GUATEMALA,SAN PEDRO AYAMPUC,2443,CORPORACIÓN MUNICIPAL,5,2,2,0,1,4,227,227,221,221,3,37,23,9,8,6,26,82,21,6
1,3,0,400,400,1,https://resultados2019.blob.core.windows.net/201901/024194.jpg,OK,0,7,GUATEMALA,SAN PEDRO AYAMPUC,2419,CORPORACIÓN MUNICIPAL,8,2,2,0,1,4,258,258,247,247,0,5,32,25,3,19,48,93,22,0
1,0,0,269,269,1,https://resultados2019.blob.core.windows.net/201901/024224.jpg,OK,1,7,GUATEMALA,SAN PEDRO AYAMPUC,2422,CORPORACIÓN MUNICIPAL,0,2,2,0,1,4,171,171,171,171,1,9,30,15,0,16,24,61,14,1
1,3,0,338,338,1,https://resultados2019.blob.core.windows.net/201901/024804.jpg,OK,0,7,GUATEMALA,SAN PEDRO AYAMPUC,2480,CORPORACIÓN MUNICIPAL,5,1,2,0,1,4,180,180,172,172,1,2,13,5,0,0,122,21,7,1
1,0,0,342,345,1,https://resultados2019.blob.core.windows.net/201901/024844.jpg,OK,0,7,GUATEMALA,SAN PEDRO AYAMPUC,2484,CORPORACIÓN MUNICIPAL,4,2,2,0,1,4,41,41,37,37,0,2,6,3,2,1,11,11,1,0
1,0,0,380,375,1,https://resultados2019.blob.core.windows.net/201901/024444.jpg,OK,0,7,GUATEMALA,SAN PEDRO AYAMPUC,2444,CORPORACIÓN MUNICIPAL,5,2,2,0,1,4,200,200,195,195,4,24,18,10,5,14,13,70,35,2
1,3,0,400,400,1,https://resultados2019.blob.core.windows.net/201901/024144.jpg,OK,0,7,GUATEMALA,SAN PEDRO AYAMPUC,2414,CORPORACIÓN MUNICIPAL,15,1,2,0,1,4,281,281,263,263,0,9,49,31,2,20,52,91,8,1
1,8,0,380,376,1,https://resultados2019.blob.core.windows.net/201901/024734.jpg,OK,0,7,GUATEMALA,SAN PEDRO AYAMPUC,2473,CORPORACIÓN MUNICIPAL,23,1,2,0,1,4,254,254,223,223,3,2,10,5,1,3,165,33,1,0
1,0,0,380,380,1,https://resultados2019.blob.core.windows.net/201901/024654.jpg,OK,1,7,GUATEMALA,SAN PEDRO AYAMPUC,2465,CORPORACIÓN MUNICIPAL,2,1,2,0,1,4,208,208,206,206,3,32,26,8,2,8,21,68,31,7
1,7,0,380,376,1,https://resultados2019.blob.core.windows.net/201901/024254.jpg,OK,0,7,GUATEMALA,SAN PEDRO AYAMPUC,2425,CORPORACIÓN MUNICIPAL,13,1,2,0,1,4,150,150,130,130,0,1,18,7,2,4,47,36,14,1
