ACTACUADRA,BLANCOS,CNTIMPUGNA,CNTINSCRITOS,CNTPAPELETAS,DEP,IMGSRC,IMGSTATUS,INVALIDOS,MUN,NDEP,NMUN,NROMESA,NTE,NULOS,STACTA,STESCAN,STFISIC,STTRANS,TIPOELECCION,TOTALACTA,TOTALVOTOS,VOTOSVALIDOS,VOTOSVALIDOSACTA,voto_PC,voto_UNE,voto_VAMOS
1,3,0,400,400,10,https://resultados2019.blob.core.windows.net/201901/108334.jpg,OK,0,16,SUCHITEPÉQUEZ,SAN JUAN BAUTISTA,10833,CORPORACIÓN MUNICIPAL,10,2,2,0,1,4,265,265,252,252,127,101,24
1,8,0,400,350,10,https://resultados2019.blob.core.windows.net/201901/108314.jpg,OK,0,16,SUCHITEPÉQUEZ,SAN JUAN BAUTISTA,10831,CORPORACIÓN MUNICIPAL,8,2,2,0,1,4,317,317,301,301,157,107,37
0,9,1,400,400,10,https://resultados2019.blob.core.windows.net/201901/108304.jpg,OK,0,16,SUCHITEPÉQUEZ,SAN JUAN BAUTISTA,10830,CORPORACIÓN MUNICIPAL,10,2,2,0,1,4,338,337,318,318,153,117,48
1,3,0,400,400,10,https://resultados2019.blob.core.windows.net/201901/108354.jpg,OK,0,16,SUCHITEPÉQUEZ,SAN JUAN BAUTISTA,10835,CORPORACIÓN MUNICIPAL,3,2,2,0,1,4,308,308,302,302,151,126,25
1,9,0,400,400,10,https://resultados2019.blob.core.windows.net/201901/108274.jpg,OK,0,16,SUCHITEPÉQUEZ,SAN JUAN BAUTISTA,10827,CORPORACIÓN MUNICIPAL,12,2,2,0,1,4,305,305,284,284,126,129,29
1,9,0,400,400,10,https://resultados2019.blob.core.windows.net/201901/108294.jpg,OK,14,16,SUCHITEPÉQUEZ,SAN JUAN BAUTISTA,10829,CORPORACIÓN MUNICIPAL,5,2,2,0,1,4,319,319,305,305,134,134,37
1,0,1,201,201,10,https://resultados2019.blob.core.windows.net/201901/108374.jpg,OK,0,16,SUCHITEPÉQUEZ,SAN JUAN BAUTISTA,10837,CORPORACIÓN MUNICIPAL,5,2,2,0,1,4,153,153,148,148,57,67,24
0,9,0,400,400,10,https://resultados2019.blob.core.windows.net/201901/108344.jpg,OK,0,16,SUCHITEPÉQUEZ,SAN JUAN BAUTISTA,10834,CORPORACIÓN MUNICIPAL,16,2,2,0,1,4,273,273,248,247,95,120,33
1,10,0,400,396,10,https://resultados2019.blob.core.windows.net/201901/108264.jpg,OK,0,16,SUCHITEPÉQUEZ,SAN JUAN BAUTISTA,10826,CORPORACIÓN MUNICIPAL,6,2,2,0,1,4,304,304,288,288,123,128,37
1,1,0,202,202,10,https://resultados2019.blob.core.windows.net/201901/108364.jpg,OK,0,16,SUCHITEPÉQUEZ,SAN JUAN BAUTISTA,10836,CORPORACIÓN MUNICIPAL,0,2,2,0,1,4,171,171,170,170,63,89,18
1,13,0,400,400,10,https://resultados2019.blob.core.windows.net/201901/108284.jpg,OK,0,16,SUCHITEPÉQUEZ,SAN JUAN BAUTISTA,10828,CORPORACIÓN MUNICIPAL,13,2,2,0,1,4,303,303,277,277,113,123,41
1,3,0,400,400,10,https://resultados2019.blob.core.windows.net/201901/108324.jpg,OK,0,16,SUCHITEPÉQUEZ,SAN JUAN BAUTISTA,10832,CORPORACIÓN MUNICIPAL,6,2,2,0,1,4,282,282,273,273,117,134,22
