ACTACUADRA,BLANCOS,CNTIMPUGNA,CNTINSCRITOS,CNTPAPELETAS,DEP,IMGSRC,IMGSTATUS,INVALIDOS,MUN,NDEP,NMUN,NROMESA,NTE,NULOS,STACTA,STESCAN,STFISIC,STTRANS,TIPOELECCION,TOTALACTA,TOTALVOTOS,VOTOSVALIDOS,VOTOSVALIDOSACTA,voto_CREO,voto_FCN-NACION,voto_FUERZA,voto_PHG,voto_PODEMOS,voto_SEMILLA,voto_TODOS,voto_UNE,voto_VIVA
1,4,0,400,396,10,https://resultados2019.blob.core.windows.net/201901/108494.jpg,OK,1,17,SUCHITEPÉQUEZ,SANTO TOMÁS LA UNIÓN,10849,CORPORACIÓN MUNICIPAL,4,2,2,0,1,4,282,282,274,274,24,40,11,6,8,89,46,44,6
1,5,0,400,397,10,https://resultados2019.blob.core.windows.net/201901/108484.jpg,OK,0,17,SUCHITEPÉQUEZ,SANTO TOMÁS LA UNIÓN,10848,CORPORACIÓN MUNICIPAL,9,2,2,0,1,4,300,300,286,286,25,38,17,8,4,91,44,47,12
1,1,0,347,347,10,https://resultados2019.blob.core.windows.net/201901/108544.jpg,OK,0,17,SUCHITEPÉQUEZ,SANTO TOMÁS LA UNIÓN,10854,CORPORACIÓN MUNICIPAL,6,2,2,0,1,4,259,259,252,252,33,45,28,5,6,65,27,33,10
1,7,0,400,396,10,https://resultados2019.blob.core.windows.net/201901/108444.jpg,OK,0,17,SUCHITEPÉQUEZ,SANTO TOMÁS LA UNIÓN,10844,CORPORACIÓN MUNICIPAL,10,2,2,0,1,4,334,334,317,317,36,50,34,7,10,73,50,48,9
1,3,0,400,398,10,https://resultados2019.blob.core.windows.net/201901/108524.jpg,OK,1,17,SUCHITEPÉQUEZ,SANTO TOMÁS LA UNIÓN,10852,CORPORACIÓN MUNICIPAL,7,2,2,0,1,4,304,304,294,294,25,42,28,12,14,71,47,43,12
1,3,0,259,259,10,https://resultados2019.blob.core.windows.net/201901/108574.jpg,OK,1,17,SUCHITEPÉQUEZ,SANTO TOMÁS LA UNIÓN,10857,CORPORACIÓN MUNICIPAL,2,2,2,0,1,4,149,149,144,144,47,16,5,1,0,35,13,26,1
1,4,0,400,396,10,https://resultados2019.blob.core.windows.net/201901/108554.jpg,OK,0,17,SUCHITEPÉQUEZ,SANTO TOMÁS LA UNIÓN,10855,CORPORACIÓN MUNICIPAL,11,2,2,0,1,4,300,300,285,285,81,55,7,5,3,74,13,45,2
1,2,0,400,396,10,https://resultados2019.blob.core.windows.net/201901/108384.jpg,OK,0,17,SUCHITEPÉQUEZ,SANTO TOMÁS LA UNIÓN,10838,CORPORACIÓN MUNICIPAL,15,2,2,0,1,4,311,311,294,294,24,39,24,4,5,85,61,44,8
1,3,0,400,401,10,https://resultados2019.blob.core.windows.net/201901/108394.jpg,OK,0,17,SUCHITEPÉQUEZ,SANTO TOMÁS LA UNIÓN,10839,CORPORACIÓN MUNICIPAL,14,2,2,0,1,4,335,335,318,318,32,42,21,9,6,78,60,60,10
1,2,0,400,400,10,https://resultados2019.blob.core.windows.net/201901/108414.jpg,OK,0,17,SUCHITEPÉQUEZ,SANTO TOMÁS LA UNIÓN,10841,CORPORACIÓN MUNICIPAL,12,2,2,0,1,4,329,329,315,315,38,45,37,6,9,83,37,53,7
1,3,0,400,400,10,https://resultados2019.blob.core.windows.net/201901/108504.jpg,OK,1,17,SUCHITEPÉQUEZ,SANTO TOMÁS LA UNIÓN,10850,CORPORACIÓN MUNICIPAL,4,2,2,0,1,4,314,314,307,307,35,33,25,10,7,79,55,58,5
1,8,0,400,397,10,https://resultados2019.blob.core.windows.net/201901/108454.jpg,OK,0,17,SUCHITEPÉQUEZ,SANTO TOMÁS LA UNIÓN,10845,CORPORACIÓN MUNICIPAL,6,2,2,0,1,4,338,338,324,324,40,42,34,9,13,99,44,33,10
1,1,0,347,347,10,https://resultados2019.blob.core.windows.net/201901/108534.jpg,OK,0,17,SUCHITEPÉQUEZ,SANTO TOMÁS LA UNIÓN,10853,CORPORACIÓN MUNICIPAL,1,2,2,0,1,4,311,311,309,309,34,50,43,13,4,80,35,42,8
1,6,0,400,400,10,https://resultados2019.blob.core.windows.net/201901/108464.jpg,OK,0,17,SUCHITEPÉQUEZ,SANTO TOMÁS LA UNIÓN,10846,CORPORACIÓN MUNICIPAL,13,2,2,0,1,4,312,312,293,293,23,30,30,20,5,97,34,52,2
1,5,0,400,397,10,https://resultados2019.blob.core.windows.net/201901/108514.jpg,OK,0,17,SUCHITEPÉQUEZ,SANTO TOMÁS LA UNIÓN,10851,CORPORACIÓN MUNICIPAL,12,2,2,0,1,4,295,295,278,278,27,41,26,6,4,71,56,39,8
1,6,0,400,400,10,https://resultados2019.blob.core.windows.net/201901/108424.jpg,OK,0,17,SUCHITEPÉQUEZ,SANTO TOMÁS LA UNIÓN,10842,CORPORACIÓN MUNICIPAL,14,2,2,0,1,4,329,329,309,309,33,58,40,6,7,87,29,48,1
1,1,0,400,400,10,https://resultados2019.blob.core.windows.net/201901/108474.jpg,OK,0,17,SUCHITEPÉQUEZ,SANTO TOMÁS LA UNIÓN,10847,CORPORACIÓN MUNICIPAL,8,2,2,0,1,4,294,294,285,285,37,43,26,3,3,77,44,51,1
1,4,0,400,399,10,https://resultados2019.blob.core.windows.net/201901/108404.jpg,OK,0,17,SUCHITEPÉQUEZ,SANTO TOMÁS LA UNIÓN,10840,CORPORACIÓN MUNICIPAL,16,2,2,0,1,4,320,320,300,300,29,42,29,10,7,85,44,50,4
1,7,0,400,397,10,https://resultados2019.blob.core.windows.net/201901/108434.jpg,OK,0,17,SUCHITEPÉQUEZ,SANTO TOMÁS LA UNIÓN,10843,CORPORACIÓN MUNICIPAL,11,2,2,0,1,4,351,351,333,333,37,52,34,3,14,83,33,63,14
1,3,0,260,260,10,https://resultados2019.blob.core.windows.net/201901/108564.jpg,OK,0,17,SUCHITEPÉQUEZ,SANTO TOMÁS LA UNIÓN,10856,CORPORACIÓN MUNICIPAL,6,2,2,0,1,4,170,170,161,161,31,32,6,3,2,42,12,31,2
