ACTACUADRA,BLANCOS,CNTIMPUGNA,CNTINSCRITOS,CNTPAPELETAS,DEP,IMGSRC,IMGSTATUS,INVALIDOS,MUN,NDEP,NMUN,NROMESA,NTE,NULOS,STACTA,STESCAN,STFISIC,STTRANS,TIPOELECCION,TOTALACTA,TOTALVOTOS,VOTOSVALIDOS,VOTOSVALIDOSACTA,voto_FCN-NACION,voto_MLP,voto_PAN,voto_PHG,voto_SEMILLA,voto_UCN,voto_UNE,voto_VAMOS
1,2,0,380,383,10,https://resultados2019.blob.core.windows.net/201901/106434.jpg,OK,0,11,SUCHITEPÉQUEZ,SAN MIGUEL PANÁN,10643,CORPORACIÓN MUNICIPAL,10,2,0,0,1,4,310,310,298,298,13,0,0,0,0,93,122,70
1,5,0,400,400,10,https://resultados2019.blob.core.windows.net/201901/106314.jpg,OK,0,11,SUCHITEPÉQUEZ,SAN MIGUEL PANÁN,10631,CORPORACIÓN MUNICIPAL,12,2,2,0,1,4,302,302,285,285,22,2,0,0,2,144,57,58
1,2,0,380,380,10,https://resultados2019.blob.core.windows.net/201901/106424.jpg,OK,0,11,SUCHITEPÉQUEZ,SAN MIGUEL PANÁN,10642,CORPORACIÓN MUNICIPAL,6,2,1,0,1,4,328,328,320,320,13,0,0,0,0,81,146,80
1,5,0,300,300,10,https://resultados2019.blob.core.windows.net/201901/106484.jpg,OK,0,11,SUCHITEPÉQUEZ,SAN MIGUEL PANÁN,10648,CORPORACIÓN MUNICIPAL,0,2,2,0,1,4,254,254,249,249,4,3,0,2,1,84,49,106
1,4,0,380,380,10,https://resultados2019.blob.core.windows.net/201901/106394.jpg,OK,0,11,SUCHITEPÉQUEZ,SAN MIGUEL PANÁN,10639,CORPORACIÓN MUNICIPAL,10,2,0,0,1,4,313,313,299,299,16,1,2,0,0,90,114,76
1,1,0,272,272,10,https://resultados2019.blob.core.windows.net/201901/106444.jpg,OK,0,11,SUCHITEPÉQUEZ,SAN MIGUEL PANÁN,10644,CORPORACIÓN MUNICIPAL,3,2,1,0,1,4,254,254,250,250,9,0,0,1,0,63,104,73
1,5,0,400,400,10,https://resultados2019.blob.core.windows.net/201901/106364.jpg,OK,0,11,SUCHITEPÉQUEZ,SAN MIGUEL PANÁN,10636,CORPORACIÓN MUNICIPAL,7,2,1,0,1,4,292,292,280,280,27,7,0,0,0,109,75,62
1,1,0,348,348,10,https://resultados2019.blob.core.windows.net/201901/106374.jpg,OK,0,11,SUCHITEPÉQUEZ,SAN MIGUEL PANÁN,10637,CORPORACIÓN MUNICIPAL,6,2,0,0,1,4,293,293,286,286,20,1,0,0,1,143,57,64
1,2,0,380,380,10,https://resultados2019.blob.core.windows.net/201901/106404.jpg,OK,0,11,SUCHITEPÉQUEZ,SAN MIGUEL PANÁN,10640,CORPORACIÓN MUNICIPAL,13,2,1,0,1,4,322,322,307,307,18,0,0,1,1,89,128,70
1,0,0,380,380,10,https://resultados2019.blob.core.windows.net/201901/106414.jpg,OK,0,11,SUCHITEPÉQUEZ,SAN MIGUEL PANÁN,10641,CORPORACIÓN MUNICIPAL,6,2,1,0,1,4,316,316,310,310,18,0,0,1,2,74,142,73
1,2,0,400,400,10,https://resultados2019.blob.core.windows.net/201901/106324.jpg,OK,0,11,SUCHITEPÉQUEZ,SAN MIGUEL PANÁN,10632,CORPORACIÓN MUNICIPAL,12,2,2,0,1,4,322,322,308,308,13,2,1,0,6,164,65,57
1,3,0,400,400,10,https://resultados2019.blob.core.windows.net/201901/106334.jpg,OK,0,11,SUCHITEPÉQUEZ,SAN MIGUEL PANÁN,10633,CORPORACIÓN MUNICIPAL,11,2,2,0,1,4,350,350,336,336,21,3,0,1,2,196,38,75
1,3,0,400,400,10,https://resultados2019.blob.core.windows.net/201901/106354.jpg,OK,0,11,SUCHITEPÉQUEZ,SAN MIGUEL PANÁN,10635,CORPORACIÓN MUNICIPAL,4,2,2,0,1,4,315,315,308,308,22,4,0,1,3,123,83,72
1,1,0,348,348,10,https://resultados2019.blob.core.windows.net/201901/106384.jpg,OK,0,11,SUCHITEPÉQUEZ,SAN MIGUEL PANÁN,10638,CORPORACIÓN MUNICIPAL,1,2,0,0,1,4,281,281,279,279,25,1,0,1,0,125,60,67
1,2,2,272,272,10,https://resultados2019.blob.core.windows.net/201901/106454.jpg,OK,0,11,SUCHITEPÉQUEZ,SAN MIGUEL PANÁN,10645,CORPORACIÓN MUNICIPAL,3,2,1,0,1,4,240,240,235,235,12,2,0,0,0,53,108,60
1,2,0,301,301,10,https://resultados2019.blob.core.windows.net/201901/106474.jpg,OK,0,11,SUCHITEPÉQUEZ,SAN MIGUEL PANÁN,10647,CORPORACIÓN MUNICIPAL,4,2,2,0,1,4,250,250,244,244,11,10,1,0,0,82,38,102
1,4,0,380,380,10,https://resultados2019.blob.core.windows.net/201901/106464.jpg,OK,70,11,SUCHITEPÉQUEZ,SAN MIGUEL PANÁN,10646,CORPORACIÓN MUNICIPAL,13,2,2,0,1,4,310,310,293,293,11,6,0,3,0,107,67,99
1,5,1,400,400,10,https://resultados2019.blob.core.windows.net/201901/106344.jpg,OK,0,11,SUCHITEPÉQUEZ,SAN MIGUEL PANÁN,10634,CORPORACIÓN MUNICIPAL,15,2,2,0,1,4,350,350,330,330,16,2,0,1,4,166,52,89
