ACTACUADRA,BLANCOS,CNTIMPUGNA,CNTINSCRITOS,CNTPAPELETAS,DEP,IMGSRC,IMGSTATUS,INVALIDOS,MUN,NDEP,NMUN,NROMESA,NTE,NULOS,STACTA,STESCAN,STFISIC,STTRANS,TIPOELECCION,TOTALACTA,TOTALVOTOS,VOTOSVALIDOS,VOTOSVALIDOSACTA,voto_BIEN,voto_C.C.C.,voto_CCML,voto_CC_PER-DO-MO,voto_CREO,voto_EG,voto_FUERZA,voto_LIBRE,voto_PC,voto_PODEMOS,voto_SEMILLA,voto_TODOS,voto_UCN,voto_UNE,voto_UNIONISTA,voto_URNG_MAIZ,voto_VALOR,voto_VAMOS,voto_VENADO,voto_VIVA
1,1,0,400,402,10,https://resultados2019.blob.core.windows.net/201901/102724.jpg,OK,0,1,SUCHITEPÉQUEZ,MAZATENANGO,10272,CORPORACIÓN MUNICIPAL,8,2,2,0,1,4,232,232,223,223,2,30,7,16,7,2,8,5,8,1,17,23,6,22,1,2,6,5,37,18
0,6,0,400,0,10,https://resultados2019.blob.core.windows.net/201901/102434.jpg,OK,0,1,SUCHITEPÉQUEZ,MAZATENANGO,10243,CORPORACIÓN MUNICIPAL,13,2,2,0,1,4,0,273,254,254,2,48,17,8,5,2,5,3,12,6,19,11,13,45,7,4,7,3,22,15
1,4,0,400,403,10,https://resultados2019.blob.core.windows.net/201901/102244.jpg,OK,0,1,SUCHITEPÉQUEZ,MAZATENANGO,10224,CORPORACIÓN MUNICIPAL,2,2,2,0,1,4,202,202,196,196,4,38,7,12,4,1,3,0,8,8,13,16,5,20,7,3,10,6,27,4
1,3,0,400,401,10,https://resultados2019.blob.core.windows.net/201901/102334.jpg,OK,0,1,SUCHITEPÉQUEZ,MAZATENANGO,10233,CORPORACIÓN MUNICIPAL,7,2,2,0,1,4,224,224,214,214,0,35,16,5,5,2,7,0,9,5,17,31,10,19,2,2,4,10,24,11
1,2,0,400,399,10,https://resultados2019.blob.core.windows.net/201901/102194.jpg,OK,2,1,SUCHITEPÉQUEZ,MAZATENANGO,10219,CORPORACIÓN MUNICIPAL,4,2,2,0,1,4,260,260,254,254,3,37,24,3,10,1,6,4,21,3,17,31,17,19,1,6,7,10,28,6
1,3,0,254,254,10,https://resultados2019.blob.core.windows.net/201901/102874.jpg,OK,0,1,SUCHITEPÉQUEZ,MAZATENANGO,10287,CORPORACIÓN MUNICIPAL,12,2,2,0,1,4,132,132,117,117,0,8,0,2,0,2,2,0,4,0,2,25,3,37,2,3,2,5,18,2
1,0,0,364,361,10,https://resultados2019.blob.core.windows.net/201901/102274.jpg,OK,0,1,SUCHITEPÉQUEZ,MAZATENANGO,10227,CORPORACIÓN MUNICIPAL,5,2,2,0,1,4,219,219,214,214,3,26,10,14,9,1,11,1,15,12,8,34,8,16,4,2,11,6,16,7
1,1,0,400,400,10,https://resultados2019.blob.core.windows.net/201901/102104.jpg,OK,0,1,SUCHITEPÉQUEZ,MAZATENANGO,10210,CORPORACIÓN MUNICIPAL,6,2,2,0,1,4,276,276,269,269,4,59,17,13,13,3,6,3,13,6,24,22,14,22,3,4,4,8,25,6
1,1,1,218,218,10,https://resultados2019.blob.core.windows.net/201901/103054.jpg,OK,0,1,SUCHITEPÉQUEZ,MAZATENANGO,10305,CORPORACIÓN MUNICIPAL,2,2,2,0,1,4,138,138,135,135,0,16,0,2,16,1,4,0,8,2,4,15,1,22,0,0,2,2,38,2
1,5,0,600,0,10,https://resultados2019.blob.core.windows.net/201901/103114.jpg,OK,0,1,SUCHITEPÉQUEZ,MAZATENANGO,10311,CORPORACIÓN MUNICIPAL,13,2,2,0,1,4,224,224,206,206,5,37,18,5,6,0,6,0,11,5,13,29,12,20,0,4,4,8,17,6
1,6,0,600,0,10,https://resultados2019.blob.core.windows.net/201901/103124.jpg,OK,0,1,SUCHITEPÉQUEZ,MAZATENANGO,10312,CORPORACIÓN MUNICIPAL,6,2,2,0,1,4,161,161,149,149,2,21,7,5,4,0,4,4,8,4,10,13,17,15,1,5,3,6,16,4
1,6,0,600,600,10,https://resultados2019.blob.core.windows.net/201901/103064.jpg,OK,0,1,SUCHITEPÉQUEZ,MAZATENANGO,10306,CORPORACIÓN MUNICIPAL,9,2,2,0,1,4,203,203,188,188,2,38,11,6,5,2,3,7,5,0,17,26,8,16,2,1,7,10,19,3
1,1,0,400,400,10,https://resultados2019.blob.core.windows.net/201901/102214.jpg,OK,0,1,SUCHITEPÉQUEZ,MAZATENANGO,10221,CORPORACIÓN MUNICIPAL,5,2,2,0,1,4,257,257,251,251,1,49,27,6,6,1,2,2,17,14,17,29,11,19,5,8,8,4,17,8
1,9,0,380,377,10,https://resultados2019.blob.core.windows.net/201901/102864.jpg,OK,0,1,SUCHITEPÉQUEZ,MAZATENANGO,10286,CORPORACIÓN MUNICIPAL,20,2,2,0,1,4,209,209,180,180,0,14,0,7,3,2,0,1,1,1,5,38,5,57,5,1,1,5,32,2
1,0,0,351,351,10,https://resultados2019.blob.core.windows.net/201901/102644.jpg,OK,0,1,SUCHITEPÉQUEZ,MAZATENANGO,10264,CORPORACIÓN MUNICIPAL,2,2,2,0,1,4,217,217,215,215,6,24,13,11,11,2,7,4,11,2,15,15,18,19,5,2,4,5,35,6
1,8,0,339,237,10,https://resultados2019.blob.core.windows.net/201901/102954.jpg,OK,0,1,SUCHITEPÉQUEZ,MAZATENANGO,10295,CORPORACIÓN MUNICIPAL,16,2,2,0,1,4,177,177,153,153,0,40,6,2,1,2,2,1,1,6,7,4,2,43,1,2,8,5,12,8
0,3,0,400,401,10,https://resultados2019.blob.core.windows.net/201901/102204.jpg,OK,0,1,SUCHITEPÉQUEZ,MAZATENANGO,10220,CORPORACIÓN MUNICIPAL,10,2,2,0,1,4,280,267,254,267,2,49,15,9,11,3,3,5,9,13,22,25,7,19,4,5,13,11,21,8
1,4,0,400,401,10,https://resultados2019.blob.core.windows.net/201901/102154.jpg,OK,0,1,SUCHITEPÉQUEZ,MAZATENANGO,10215,CORPORACIÓN MUNICIPAL,11,2,2,0,1,4,268,268,253,253,2,52,17,13,7,3,8,1,21,6,14,35,10,25,2,3,8,3,16,7
1,0,0,400,400,10,https://resultados2019.blob.core.windows.net/201901/102564.jpg,OK,0,1,SUCHITEPÉQUEZ,MAZATENANGO,10256,CORPORACIÓN MUNICIPAL,24,2,2,0,1,4,270,270,246,246,2,36,3,11,13,3,11,5,11,4,11,22,5,32,4,6,8,6,51,2
1,0,0,419,418,10,https://resultados2019.blob.core.windows.net/201901/103144.jpg,OK,385,1,SUCHITEPÉQUEZ,MAZATENANGO,10314,CORPORACIÓN MUNICIPAL,5,2,2,0,1,4,33,33,28,28,0,7,1,1,2,1,0,0,0,0,0,5,0,5,0,0,1,0,3,2
1,1,0,400,400,10,https://resultados2019.blob.core.windows.net/201901/102114.jpg,OK,0,1,SUCHITEPÉQUEZ,MAZATENANGO,10211,CORPORACIÓN MUNICIPAL,9,2,2,0,1,4,277,277,267,267,2,46,18,17,14,4,2,1,13,12,26,18,11,28,6,6,7,4,27,5
1,8,0,380,380,10,https://resultados2019.blob.core.windows.net/201901/102974.jpg,OK,0,1,SUCHITEPÉQUEZ,MAZATENANGO,10297,CORPORACIÓN MUNICIPAL,20,2,2,0,1,4,227,227,199,199,0,26,22,1,5,3,7,2,10,6,10,15,6,36,1,5,0,4,6,34
1,0,0,400,400,10,https://resultados2019.blob.core.windows.net/201901/102694.jpg,OK,0,1,SUCHITEPÉQUEZ,MAZATENANGO,10269,CORPORACIÓN MUNICIPAL,9,2,2,0,1,4,284,284,275,275,2,44,11,14,6,3,6,3,13,10,19,28,10,33,5,7,7,5,30,19
1,6,0,201,201,10,https://resultados2019.blob.core.windows.net/201901/102994.jpg,OK,0,1,SUCHITEPÉQUEZ,MAZATENANGO,10299,CORPORACIÓN MUNICIPAL,11,2,2,0,1,4,90,90,73,73,0,12,4,0,1,1,8,2,7,3,1,2,1,11,0,8,1,0,6,5
1,1,0,226,226,10,https://resultados2019.blob.core.windows.net/201901/102784.jpg,OK,0,1,SUCHITEPÉQUEZ,MAZATENANGO,10278,CORPORACIÓN MUNICIPAL,3,2,2,0,1,4,145,145,141,141,1,11,6,14,6,6,5,1,7,5,11,16,4,5,1,2,2,5,27,6
1,2,0,400,400,10,https://resultados2019.blob.core.windows.net/201901/102234.jpg,OK,0,1,SUCHITEPÉQUEZ,MAZATENANGO,10223,CORPORACIÓN MUNICIPAL,8,2,2,0,1,4,250,250,240,240,1,49,10,6,7,3,6,4,14,12,17,22,11,23,3,7,7,6,27,5
1,0,0,385,386,10,https://resultados2019.blob.core.windows.net/201901/102504.jpg,OK,0,1,SUCHITEPÉQUEZ,MAZATENANGO,10250,CORPORACIÓN MUNICIPAL,3,2,2,0,1,4,254,254,251,251,1,36,13,12,8,3,16,1,14,6,15,14,8,27,5,5,3,9,38,17
1,1,0,400,401,10,https://resultados2019.blob.core.windows.net/201901/102144.jpg,OK,0,1,SUCHITEPÉQUEZ,MAZATENANGO,10214,CORPORACIÓN MUNICIPAL,13,2,2,0,1,4,287,287,273,273,0,46,18,10,13,2,8,2,29,8,14,24,15,29,6,6,2,7,24,10
1,3,0,400,399,10,https://resultados2019.blob.core.windows.net/201901/102084.jpg,OK,0,1,SUCHITEPÉQUEZ,MAZATENANGO,10208,CORPORACIÓN MUNICIPAL,12,2,2,0,1,4,261,261,246,246,2,56,13,10,6,2,3,3,13,5,23,27,9,17,9,3,9,9,16,11
1,3,0,254,254,10,https://resultados2019.blob.core.windows.net/201901/102884.jpg,OK,0,1,SUCHITEPÉQUEZ,MAZATENANGO,10288,CORPORACIÓN MUNICIPAL,8,2,2,0,1,4,137,137,126,126,1,12,0,1,0,0,4,0,1,0,2,43,0,30,1,1,0,2,23,5
1,5,0,600,600,10,https://resultados2019.blob.core.windows.net/201901/103074.jpg,OK,0,1,SUCHITEPÉQUEZ,MAZATENANGO,10307,CORPORACIÓN MUNICIPAL,13,2,2,0,1,4,241,241,223,223,4,25,19,10,8,1,4,1,14,5,19,28,13,15,2,6,3,9,30,7
1,2,0,386,386,10,https://resultados2019.blob.core.windows.net/201901/102494.jpg,OK,0,1,SUCHITEPÉQUEZ,MAZATENANGO,10249,CORPORACIÓN MUNICIPAL,10,2,2,0,1,4,223,223,211,211,0,24,13,7,5,0,7,2,4,3,14,30,17,19,3,6,1,7,27,22
1,0,0,400,401,10,https://resultados2019.blob.core.windows.net/201901/102404.jpg,OK,1,1,SUCHITEPÉQUEZ,MAZATENANGO,10240,CORPORACIÓN MUNICIPAL,15,2,2,0,1,4,270,270,255,255,0,34,14,8,4,1,9,1,20,5,21,20,15,35,6,6,6,4,27,19
1,9,0,380,382,10,https://resultados2019.blob.core.windows.net/201901/102844.jpg,OK,0,1,SUCHITEPÉQUEZ,MAZATENANGO,10284,CORPORACIÓN MUNICIPAL,18,2,2,0,1,4,230,230,203,203,0,22,1,7,3,0,3,0,2,0,2,35,2,78,2,3,0,1,36,6
1,3,0,400,400,10,https://resultados2019.blob.core.windows.net/201901/102744.jpg,OK,0,1,SUCHITEPÉQUEZ,MAZATENANGO,10274,CORPORACIÓN MUNICIPAL,11,2,2,0,1,4,256,256,242,242,0,54,9,11,7,1,3,4,4,5,14,21,12,19,5,3,4,10,33,23
1,1,0,400,400,10,https://resultados2019.blob.core.windows.net/201901/102064.jpg,OK,0,1,SUCHITEPÉQUEZ,MAZATENANGO,10206,CORPORACIÓN MUNICIPAL,13,2,2,0,1,4,252,252,238,238,2,41,14,9,12,1,8,4,18,2,23,21,10,21,7,2,4,4,24,11
1,5,0,400,400,10,https://resultados2019.blob.core.windows.net/201901/102624.jpg,OK,0,1,SUCHITEPÉQUEZ,MAZATENANGO,10262,CORPORACIÓN MUNICIPAL,6,2,2,0,1,4,241,241,230,230,3,31,9,11,8,0,5,3,9,5,8,22,15,33,3,3,10,6,37,9
1,6,0,338,338,10,https://resultados2019.blob.core.windows.net/201901/102964.jpg,OK,0,1,SUCHITEPÉQUEZ,MAZATENANGO,10296,CORPORACIÓN MUNICIPAL,11,2,2,0,1,4,136,136,119,119,0,29,5,0,3,1,1,1,9,3,0,3,4,29,0,3,7,1,10,10
1,1,2,400,400,10,https://resultados2019.blob.core.windows.net/201901/102464.jpg,OK,0,1,SUCHITEPÉQUEZ,MAZATENANGO,10246,CORPORACIÓN MUNICIPAL,12,2,2,0,1,4,261,261,248,248,0,38,12,10,6,1,10,2,10,11,15,25,12,34,5,3,4,9,24,17
1,0,0,419,419,10,https://resultados2019.blob.core.windows.net/201901/103134.jpg,OK,0,1,SUCHITEPÉQUEZ,MAZATENANGO,10313,CORPORACIÓN MUNICIPAL,3,2,2,0,1,4,51,51,48,48,0,8,4,0,3,1,3,0,1,1,4,7,2,7,1,0,0,2,3,1
1,3,0,400,400,10,https://resultados2019.blob.core.windows.net/201901/102514.jpg,OK,0,1,SUCHITEPÉQUEZ,MAZATENANGO,10251,CORPORACIÓN MUNICIPAL,9,2,2,0,1,4,233,233,221,221,1,24,10,9,10,2,1,6,10,4,11,14,13,51,2,7,7,6,28,5
1,1,0,400,400,10,https://resultados2019.blob.core.windows.net/201901/102754.jpg,OK,0,1,SUCHITEPÉQUEZ,MAZATENANGO,10275,CORPORACIÓN MUNICIPAL,7,2,2,0,1,4,226,226,218,218,0,46,10,7,2,1,1,1,4,4,13,20,10,21,5,5,4,7,39,18
0,3,0,400,400,10,https://resultados2019.blob.core.windows.net/201901/102684.jpg,OK,0,1,SUCHITEPÉQUEZ,MAZATENANGO,10268,CORPORACIÓN MUNICIPAL,8,2,2,0,1,4,290,291,280,279,4,50,11,17,4,2,9,3,3,2,13,26,9,34,7,5,8,15,43,15
1,1,0,400,400,10,https://resultados2019.blob.core.windows.net/201901/102324.jpg,OK,0,1,SUCHITEPÉQUEZ,MAZATENANGO,10232,CORPORACIÓN MUNICIPAL,18,2,2,0,1,4,273,273,254,254,0,45,18,16,11,1,5,1,8,7,18,37,13,20,4,13,6,5,15,11
0,4,0,400,403,10,https://resultados2019.blob.core.windows.net/201901/102734.jpg,OK,0,1,SUCHITEPÉQUEZ,MAZATENANGO,10273,CORPORACIÓN MUNICIPAL,112,2,0,0,1,4,236,346,230,220,42,8,12,12,17,4,10,8,9,6,13,4,4,2,4,3,15,9,12,36
1,4,0,400,400,10,https://resultados2019.blob.core.windows.net/201901/102634.jpg,OK,0,1,SUCHITEPÉQUEZ,MAZATENANGO,10263,CORPORACIÓN MUNICIPAL,13,2,2,0,1,4,233,233,216,216,1,27,9,13,6,2,4,5,8,4,10,18,18,19,2,7,4,9,38,12
1,11,0,380,383,10,https://resultados2019.blob.core.windows.net/201901/102794.jpg,OK,0,1,SUCHITEPÉQUEZ,MAZATENANGO,10279,CORPORACIÓN MUNICIPAL,29,2,2,0,1,4,218,218,178,178,1,18,0,7,0,1,2,1,3,1,2,35,4,57,2,2,2,11,26,3
1,0,0,400,400,10,https://resultados2019.blob.core.windows.net/201901/102424.jpg,OK,114,1,SUCHITEPÉQUEZ,MAZATENANGO,10242,CORPORACIÓN MUNICIPAL,10,2,2,0,1,4,286,286,276,276,3,37,14,15,10,2,4,2,16,8,20,15,12,43,3,5,7,12,33,15
1,6,0,288,288,10,https://resultados2019.blob.core.windows.net/201901/102924.jpg,OK,0,1,SUCHITEPÉQUEZ,MAZATENANGO,10292,CORPORACIÓN MUNICIPAL,8,2,2,0,1,4,135,135,121,121,0,8,1,1,0,4,2,1,2,1,9,9,2,24,5,20,2,3,11,16
1,3,0,400,400,10,https://resultados2019.blob.core.windows.net/201901/102444.jpg,OK,0,1,SUCHITEPÉQUEZ,MAZATENANGO,10244,CORPORACIÓN MUNICIPAL,11,2,2,0,1,4,256,256,242,242,1,45,12,7,6,1,5,2,13,3,20,20,14,30,9,3,3,3,22,23
1,2,0,400,400,10,https://resultados2019.blob.core.windows.net/201901/102594.jpg,OK,0,1,SUCHITEPÉQUEZ,MAZATENANGO,10259,CORPORACIÓN MUNICIPAL,6,2,2,0,1,4,228,228,220,220,0,29,7,15,9,0,7,4,14,3,14,20,19,19,2,5,3,6,38,6
1,0,0,365,362,10,https://resultados2019.blob.core.windows.net/201901/102264.jpg,OK,6,1,SUCHITEPÉQUEZ,MAZATENANGO,10226,CORPORACIÓN MUNICIPAL,6,2,2,0,1,4,250,250,244,244,0,37,13,10,6,4,11,2,11,4,13,33,19,24,7,5,7,3,29,6
1,3,0,400,400,10,https://resultados2019.blob.core.windows.net/201901/102604.jpg,OK,0,1,SUCHITEPÉQUEZ,MAZATENANGO,10260,CORPORACIÓN MUNICIPAL,11,2,2,0,1,4,247,247,233,233,0,30,12,10,6,1,6,5,7,6,11,28,16,22,2,9,8,6,40,8
1,11,0,380,380,10,https://resultados2019.blob.core.windows.net/201901/102814.jpg,OK,0,1,SUCHITEPÉQUEZ,MAZATENANGO,10281,CORPORACIÓN MUNICIPAL,18,2,2,0,1,4,237,237,208,208,2,18,1,5,0,2,1,0,3,2,2,37,4,70,5,4,1,5,44,2
1,2,0,400,400,10,https://resultados2019.blob.core.windows.net/201901/102304.jpg,OK,0,1,SUCHITEPÉQUEZ,MAZATENANGO,10230,CORPORACIÓN MUNICIPAL,12,2,2,0,1,4,276,276,262,262,2,53,7,10,7,2,5,3,5,9,26,59,7,17,3,3,6,8,19,11
1,1,0,299,0,10,https://resultados2019.blob.core.windows.net/201901/102384.jpg,OK,0,1,SUCHITEPÉQUEZ,MAZATENANGO,10238,CORPORACIÓN MUNICIPAL,5,2,2,0,1,4,193,193,187,187,0,31,12,5,6,3,3,0,11,5,16,27,4,14,6,4,5,3,27,5
1,1,0,400,398,10,https://resultados2019.blob.core.windows.net/201901/102414.jpg,OK,0,1,SUCHITEPÉQUEZ,MAZATENANGO,10241,CORPORACIÓN MUNICIPAL,9,2,2,0,1,4,294,294,284,284,2,36,13,10,5,1,2,5,20,10,27,27,17,37,14,8,12,9,22,7
1,5,0,380,0,10,https://resultados2019.blob.core.windows.net/201901/102854.jpg,OK,0,1,SUCHITEPÉQUEZ,MAZATENANGO,10285,CORPORACIÓN MUNICIPAL,16,2,2,0,1,4,198,198,177,177,0,11,0,5,2,0,3,0,2,0,6,40,2,55,1,3,2,4,39,2
1,5,0,600,600,10,https://resultados2019.blob.core.windows.net/201901/103094.jpg,OK,0,1,SUCHITEPÉQUEZ,MAZATENANGO,10309,CORPORACIÓN MUNICIPAL,6,2,2,0,1,4,189,189,178,178,2,33,10,5,4,2,3,0,14,4,14,20,9,26,1,4,5,7,13,2
1,1,0,400,400,10,https://resultados2019.blob.core.windows.net/201901/102584.jpg,OK,0,1,SUCHITEPÉQUEZ,MAZATENANGO,10258,CORPORACIÓN MUNICIPAL,13,2,2,0,1,4,252,252,238,238,2,27,4,9,9,3,7,3,9,1,17,23,11,30,3,11,6,7,51,5
0,4,0,400,400,10,https://resultados2019.blob.core.windows.net/201901/102134.jpg,OK,1,1,SUCHITEPÉQUEZ,MAZATENANGO,10213,CORPORACIÓN MUNICIPAL,6,2,2,0,1,4,283,280,270,273,4,41,21,9,7,3,7,5,30,0,16,36,8,20,8,4,10,8,25,8
1,4,1,289,289,10,https://resultados2019.blob.core.windows.net/201901/102914.jpg,OK,0,1,SUCHITEPÉQUEZ,MAZATENANGO,10291,CORPORACIÓN MUNICIPAL,16,2,2,0,1,4,159,159,139,139,0,10,2,0,0,1,0,1,7,7,7,6,0,34,3,14,2,3,18,24
1,0,0,400,400,10,https://resultados2019.blob.core.windows.net/201901/102364.jpg,OK,0,1,SUCHITEPÉQUEZ,MAZATENANGO,10236,CORPORACIÓN MUNICIPAL,7,2,2,0,1,4,230,230,223,223,1,32,10,8,3,2,4,5,11,7,18,43,6,22,4,5,9,7,23,3
1,13,0,380,379,10,https://resultados2019.blob.core.windows.net/201901/102824.jpg,OK,0,1,SUCHITEPÉQUEZ,MAZATENANGO,10282,CORPORACIÓN MUNICIPAL,18,2,2,0,1,4,229,229,198,198,1,13,2,2,1,1,1,1,8,0,4,41,5,69,2,6,3,1,35,2
1,3,0,400,400,10,https://resultados2019.blob.core.windows.net/201901/102574.jpg,OK,0,1,SUCHITEPÉQUEZ,MAZATENANGO,10257,CORPORACIÓN MUNICIPAL,9,2,2,0,1,4,270,270,258,258,0,39,10,4,6,0,10,1,14,2,14,30,14,51,2,6,4,6,39,6
1,1,0,400,400,10,https://resultados2019.blob.core.windows.net/201901/102534.jpg,OK,0,1,SUCHITEPÉQUEZ,MAZATENANGO,10253,CORPORACIÓN MUNICIPAL,9,2,2,0,1,4,287,287,277,277,1,30,15,11,13,1,5,3,15,2,23,28,20,37,1,9,5,13,42,3
1,4,0,400,400,10,https://resultados2019.blob.core.windows.net/201901/102284.jpg,OK,0,1,SUCHITEPÉQUEZ,MAZATENANGO,10228,CORPORACIÓN MUNICIPAL,8,2,2,0,1,4,248,248,236,236,0,38,19,12,7,1,6,3,13,3,11,38,10,31,7,7,5,2,14,9
1,8,0,380,380,10,https://resultados2019.blob.core.windows.net/201901/102984.jpg,OK,0,1,SUCHITEPÉQUEZ,MAZATENANGO,10298,CORPORACIÓN MUNICIPAL,15,2,2,0,1,4,204,204,181,181,0,22,12,2,1,12,7,7,3,5,11,10,3,30,1,14,2,4,6,29
1,1,0,400,400,10,https://resultados2019.blob.core.windows.net/201901/102764.jpg,OK,0,1,SUCHITEPÉQUEZ,MAZATENANGO,10276,CORPORACIÓN MUNICIPAL,7,2,2,0,1,4,246,246,238,238,0,35,7,12,7,0,17,3,8,3,13,24,8,16,5,5,4,11,49,11
1,1,0,400,404,10,https://resultados2019.blob.core.windows.net/201901/102164.jpg,OK,0,1,SUCHITEPÉQUEZ,MAZATENANGO,10216,CORPORACIÓN MUNICIPAL,11,2,2,0,1,4,253,253,241,241,1,50,10,11,8,5,8,2,10,5,17,31,15,20,6,4,5,5,24,4
1,1,0,351,353,10,https://resultados2019.blob.core.windows.net/201901/102654.jpg,OK,0,1,SUCHITEPÉQUEZ,MAZATENANGO,10265,CORPORACIÓN MUNICIPAL,6,2,2,0,1,4,210,210,203,203,0,25,9,9,8,5,7,1,17,4,10,30,9,20,3,3,7,4,28,4
1,0,0,400,400,10,https://resultados2019.blob.core.windows.net/201901/102454.jpg,OK,0,1,SUCHITEPÉQUEZ,MAZATENANGO,10245,CORPORACIÓN MUNICIPAL,4,2,2,0,1,4,264,264,260,260,3,43,12,5,6,1,9,1,16,4,17,26,22,29,6,6,5,3,30,16
1,3,0,400,0,10,https://resultados2019.blob.core.windows.net/201901/102354.jpg,OK,0,1,SUCHITEPÉQUEZ,MAZATENANGO,10235,CORPORACIÓN MUNICIPAL,6,2,2,0,1,4,258,258,249,249,1,48,18,15,6,0,2,0,6,6,19,37,9,23,7,6,6,5,26,9
1,2,0,400,400,10,https://resultados2019.blob.core.windows.net/201901/102254.jpg,OK,0,1,SUCHITEPÉQUEZ,MAZATENANGO,10225,CORPORACIÓN MUNICIPAL,5,2,2,0,1,4,230,230,223,223,2,40,11,16,8,1,5,5,17,9,12,19,9,21,3,4,8,3,25,5
0,2,0,400,400,10,https://resultados2019.blob.core.windows.net/201901/102124.jpg,OK,0,1,SUCHITEPÉQUEZ,MAZATENANGO,10212,CORPORACIÓN MUNICIPAL,18,2,2,0,1,4,293,290,270,273,3,49,16,7,16,2,3,5,9,7,14,42,16,25,5,5,9,10,17,10
1,3,0,400,400,10,https://resultados2019.blob.core.windows.net/201901/102554.jpg,OK,0,1,SUCHITEPÉQUEZ,MAZATENANGO,10255,CORPORACIÓN MUNICIPAL,13,2,2,0,1,4,271,271,255,255,2,34,8,7,8,1,5,7,16,3,20,26,11,34,3,4,7,5,44,10
0,0,0,380,379,10,https://resultados2019.blob.core.windows.net/201901/102944.jpg,OK,0,1,SUCHITEPÉQUEZ,MAZATENANGO,10294,CORPORACIÓN MUNICIPAL,0,2,2,0,1,4,0,179,179,179,1,49,11,0,3,4,2,0,6,4,2,11,3,34,1,8,7,5,19,9
1,9,0,380,380,10,https://resultados2019.blob.core.windows.net/201901/102934.jpg,OK,0,1,SUCHITEPÉQUEZ,MAZATENANGO,10293,CORPORACIÓN MUNICIPAL,27,2,2,0,1,4,206,206,170,170,1,43,8,1,1,3,4,0,5,8,2,8,6,34,1,7,7,6,17,8
1,2,0,400,400,10,https://resultados2019.blob.core.windows.net/201901/102484.jpg,OK,0,1,SUCHITEPÉQUEZ,MAZATENANGO,10248,CORPORACIÓN MUNICIPAL,9,2,2,0,1,4,265,265,254,254,0,41,17,4,3,2,8,2,8,6,15,26,19,32,9,2,7,2,31,20
1,4,0,400,400,10,https://resultados2019.blob.core.windows.net/201901/102714.jpg,OK,0,1,SUCHITEPÉQUEZ,MAZATENANGO,10271,CORPORACIÓN MUNICIPAL,12,2,2,0,1,4,275,275,259,259,1,46,10,13,15,2,6,4,6,3,16,15,10,26,10,8,15,7,33,13
0,4,0,380,380,10,https://resultados2019.blob.core.windows.net/201901/102904.jpg,OK,0,1,SUCHITEPÉQUEZ,MAZATENANGO,10290,CORPORACIÓN MUNICIPAL,15,2,2,0,1,4,195,190,171,176,0,14,2,0,1,5,3,1,9,11,7,6,4,44,3,12,0,4,21,24
1,1,1,400,402,10,https://resultados2019.blob.core.windows.net/201901/102174.jpg,OK,0,1,SUCHITEPÉQUEZ,MAZATENANGO,10217,CORPORACIÓN MUNICIPAL,8,2,2,0,1,4,224,224,215,215,1,34,10,5,4,4,13,3,18,4,19,29,15,19,5,1,3,1,22,5
1,0,0,400,400,10,https://resultados2019.blob.core.windows.net/201901/102074.jpg,OK,0,1,SUCHITEPÉQUEZ,MAZATENANGO,10207,CORPORACIÓN MUNICIPAL,17,2,2,0,1,4,268,268,251,251,4,48,16,6,6,3,5,3,16,8,22,29,8,32,4,5,7,6,19,4
1,9,0,400,400,10,https://resultados2019.blob.core.windows.net/201901/103024.jpg,OK,0,1,SUCHITEPÉQUEZ,MAZATENANGO,10302,CORPORACIÓN MUNICIPAL,18,2,2,0,1,4,255,255,228,228,0,32,5,1,16,1,2,2,5,1,1,24,7,56,0,1,4,2,68,0
1,3,2,218,217,10,https://resultados2019.blob.core.windows.net/201901/103044.jpg,OK,0,1,SUCHITEPÉQUEZ,MAZATENANGO,10304,CORPORACIÓN MUNICIPAL,9,2,2,0,1,4,141,141,129,129,1,17,2,0,8,0,4,1,2,1,4,6,1,35,1,1,2,2,41,0
1,3,0,400,400,10,https://resultados2019.blob.core.windows.net/201901/102674.jpg,OK,0,1,SUCHITEPÉQUEZ,MAZATENANGO,10267,CORPORACIÓN MUNICIPAL,7,2,2,0,1,4,284,284,274,274,3,39,14,21,6,2,2,3,10,7,20,16,16,34,7,8,5,8,40,13
1,3,0,400,398,10,https://resultados2019.blob.core.windows.net/201901/102474.jpg,OK,0,1,SUCHITEPÉQUEZ,MAZATENANGO,10247,CORPORACIÓN MUNICIPAL,6,2,2,0,1,4,258,258,249,249,3,48,20,4,8,0,5,2,10,3,21,19,14,23,9,3,6,10,35,6
1,9,2,400,401,10,https://resultados2019.blob.core.windows.net/201901/103014.jpg,OK,0,1,SUCHITEPÉQUEZ,MAZATENANGO,10301,CORPORACIÓN MUNICIPAL,22,2,2,0,1,4,244,244,213,213,0,23,1,2,21,0,2,0,4,2,1,31,4,52,0,4,2,2,60,2
1,5,0,600,601,10,https://resultados2019.blob.core.windows.net/201901/103084.jpg,OK,0,1,SUCHITEPÉQUEZ,MAZATENANGO,10308,CORPORACIÓN MUNICIPAL,16,2,2,0,1,4,232,232,211,211,2,38,14,9,6,4,2,2,8,4,16,13,9,27,3,4,4,9,27,10
1,2,0,400,400,10,https://resultados2019.blob.core.windows.net/201901/102704.jpg,OK,0,1,SUCHITEPÉQUEZ,MAZATENANGO,10270,CORPORACIÓN MUNICIPAL,13,2,2,0,1,4,267,267,252,252,0,43,9,17,2,2,12,2,12,4,10,28,8,33,2,6,1,6,34,21
1,10,0,380,380,10,https://resultados2019.blob.core.windows.net/201901/102894.jpg,OK,0,1,SUCHITEPÉQUEZ,MAZATENANGO,10289,CORPORACIÓN MUNICIPAL,25,2,2,0,1,4,198,198,163,163,1,9,5,1,3,3,0,4,7,6,11,8,4,42,2,20,2,2,15,18
1,0,0,400,400,10,https://resultados2019.blob.core.windows.net/201901/102614.jpg,OK,0,1,SUCHITEPÉQUEZ,MAZATENANGO,10261,CORPORACIÓN MUNICIPAL,12,2,2,0,1,4,243,243,231,231,1,35,17,12,6,0,5,3,15,3,14,21,17,24,6,3,11,4,32,2
1,3,0,600,600,10,https://resultados2019.blob.core.windows.net/201901/103104.jpg,OK,0,1,SUCHITEPÉQUEZ,MAZATENANGO,10310,CORPORACIÓN MUNICIPAL,9,2,2,0,1,4,218,218,206,206,2,34,20,6,9,1,0,2,9,4,17,21,8,27,3,5,6,7,15,10
1,0,0,299,0,10,https://resultados2019.blob.core.windows.net/201901/102374.jpg,OK,0,1,SUCHITEPÉQUEZ,MAZATENANGO,10237,CORPORACIÓN MUNICIPAL,8,2,2,0,1,4,176,176,168,168,1,23,7,7,4,1,2,5,5,3,15,35,5,18,3,4,2,2,16,10
1,1,0,400,400,10,https://resultados2019.blob.core.windows.net/201901/102094.jpg,OK,13,1,SUCHITEPÉQUEZ,MAZATENANGO,10209,CORPORACIÓN MUNICIPAL,12,2,2,0,1,4,282,282,269,269,2,63,21,14,10,1,5,2,11,9,20,25,6,23,4,4,8,10,28,3
1,0,0,400,400,10,https://resultados2019.blob.core.windows.net/201901/102184.jpg,OK,0,1,SUCHITEPÉQUEZ,MAZATENANGO,10218,CORPORACIÓN MUNICIPAL,9,2,2,0,1,4,245,245,236,236,4,54,15,12,7,2,2,1,20,1,15,26,9,14,6,6,7,10,19,6
1,6,0,400,400,10,https://resultados2019.blob.core.windows.net/201901/102524.jpg,OK,0,1,SUCHITEPÉQUEZ,MAZATENANGO,10252,CORPORACIÓN MUNICIPAL,10,2,2,0,1,4,253,253,237,237,0,37,10,9,13,2,2,5,13,4,8,26,12,34,0,4,8,8,38,4
1,5,0,400,400,10,https://resultados2019.blob.core.windows.net/201901/102314.jpg,OK,0,1,SUCHITEPÉQUEZ,MAZATENANGO,10231,CORPORACIÓN MUNICIPAL,25,2,2,0,1,4,300,300,270,270,3,47,15,23,8,1,6,1,13,4,17,51,12,15,6,9,9,5,18,7
1,11,0,380,380,10,https://resultados2019.blob.core.windows.net/201901/102804.jpg,OK,0,1,SUCHITEPÉQUEZ,MAZATENANGO,10280,CORPORACIÓN MUNICIPAL,22,2,2,0,1,4,226,226,193,193,3,11,1,6,2,1,3,0,6,2,2,41,5,66,1,1,1,6,33,2
0,1,0,400,400,10,https://resultados2019.blob.core.windows.net/201901/102664.jpg,OK,0,1,SUCHITEPÉQUEZ,MAZATENANGO,10266,CORPORACIÓN MUNICIPAL,7,2,2,0,1,4,242,241,233,234,1,35,10,17,1,0,11,2,8,6,12,21,8,26,7,6,5,8,35,14
1,2,0,400,403,10,https://resultados2019.blob.core.windows.net/201901/102394.jpg,OK,0,1,SUCHITEPÉQUEZ,MAZATENANGO,10239,CORPORACIÓN MUNICIPAL,9,2,2,0,1,4,269,269,258,258,0,41,17,10,4,0,6,1,23,6,16,24,13,37,6,12,2,4,25,11
1,3,0,400,402,10,https://resultados2019.blob.core.windows.net/201901/102224.jpg,OK,0,1,SUCHITEPÉQUEZ,MAZATENANGO,10222,CORPORACIÓN MUNICIPAL,5,2,2,0,1,4,266,266,258,258,2,48,7,9,9,1,9,3,9,15,27,32,11,24,4,7,5,5,21,10
1,0,0,400,400,10,https://resultados2019.blob.core.windows.net/201901/102344.jpg,OK,0,1,SUCHITEPÉQUEZ,MAZATENANGO,10234,CORPORACIÓN MUNICIPAL,3,2,2,0,1,4,254,254,251,251,0,50,11,6,7,0,5,0,7,5,16,53,10,14,8,9,5,5,28,12
1,9,0,380,384,10,https://resultados2019.blob.core.windows.net/201901/102834.jpg,OK,0,1,SUCHITEPÉQUEZ,MAZATENANGO,10283,CORPORACIÓN MUNICIPAL,31,2,2,0,1,4,235,235,195,195,0,22,1,5,2,1,0,0,5,2,3,42,2,71,3,3,0,6,22,5
1,1,0,400,0,10,https://resultados2019.blob.core.windows.net/201901/102294.jpg,OK,0,1,SUCHITEPÉQUEZ,MAZATENANGO,10229,CORPORACIÓN MUNICIPAL,12,2,2,0,1,4,289,289,276,276,2,49,16,9,5,2,8,1,8,6,16,51,14,34,8,2,6,10,23,6
1,0,0,226,226,10,https://resultados2019.blob.core.windows.net/201901/102774.jpg,OK,0,1,SUCHITEPÉQUEZ,MAZATENANGO,10277,CORPORACIÓN MUNICIPAL,2,2,2,0,1,4,148,148,146,146,1,13,10,5,11,1,12,2,6,0,7,12,3,10,3,7,3,5,24,11
1,1,0,200,201,10,https://resultados2019.blob.core.windows.net/201901/103004.jpg,OK,0,1,SUCHITEPÉQUEZ,MAZATENANGO,10300,CORPORACIÓN MUNICIPAL,7,2,2,0,1,4,105,105,97,97,0,12,8,2,0,6,7,1,3,1,5,3,0,11,1,3,1,2,13,18
1,5,0,400,400,10,https://resultados2019.blob.core.windows.net/201901/102544.jpg,OK,0,1,SUCHITEPÉQUEZ,MAZATENANGO,10254,CORPORACIÓN MUNICIPAL,12,2,2,0,1,4,278,278,261,261,2,29,6,9,11,2,5,2,11,3,15,10,25,49,3,10,7,12,44,6
1,4,2,400,398,10,https://resultados2019.blob.core.windows.net/201901/103034.jpg,OK,0,1,SUCHITEPÉQUEZ,MAZATENANGO,10303,CORPORACIÓN MUNICIPAL,10,2,2,0,1,4,239,239,225,225,0,29,5,2,23,1,6,1,3,1,3,21,1,46,0,5,3,3,68,4
