ACTACUADRA,BLANCOS,CNTIMPUGNA,CNTINSCRITOS,CNTPAPELETAS,DEP,IMGSRC,IMGSTATUS,INVALIDOS,MUN,NDEP,NMUN,NROMESA,NTE,NULOS,STACTA,STESCAN,STFISIC,STTRANS,TIPOELECCION,TOTALACTA,TOTALVOTOS,VOTOSVALIDOS,VOTOSVALIDOSACTA,voto_BIEN,voto_FCN-NACION,voto_MLP,voto_PAN,voto_PC,voto_PHG,voto_SEMILLA,voto_UCN,voto_UNE,voto_UNIONISTA,voto_VAMOS
1,6,0,400,400,10,https://resultados2019.blob.core.windows.net/201901/107674.jpg,OK,0,14,SUCHITEPÉQUEZ,PATULUL,10767,CORPORACIÓN MUNICIPAL,10,2,2,0,1,4,279,279,263,263,18,36,5,73,19,43,0,6,43,1,19
1,10,0,583,583,10,https://resultados2019.blob.core.windows.net/201901/107884.jpg,OK,0,14,SUCHITEPÉQUEZ,PATULUL,10788,CORPORACIÓN MUNICIPAL,18,2,2,0,1,4,255,255,227,227,10,18,4,60,25,28,1,4,41,6,30
1,2,0,400,405,10,https://resultados2019.blob.core.windows.net/201901/107634.jpg,OK,0,14,SUCHITEPÉQUEZ,PATULUL,10763,CORPORACIÓN MUNICIPAL,12,2,2,0,1,4,265,265,251,251,10,35,4,60,18,35,0,5,67,3,14
1,1,0,400,400,10,https://resultados2019.blob.core.windows.net/201901/107504.jpg,OK,0,14,SUCHITEPÉQUEZ,PATULUL,10750,CORPORACIÓN MUNICIPAL,8,2,2,0,1,4,285,285,276,276,19,30,4,63,36,34,2,6,44,16,22
1,3,0,583,580,10,https://resultados2019.blob.core.windows.net/201901/107894.jpg,OK,0,14,SUCHITEPÉQUEZ,PATULUL,10789,CORPORACIÓN MUNICIPAL,12,2,2,0,1,4,168,168,153,153,8,13,3,38,22,8,5,7,24,7,18
1,2,0,400,399,10,https://resultados2019.blob.core.windows.net/201901/107434.jpg,OK,0,14,SUCHITEPÉQUEZ,PATULUL,10743,CORPORACIÓN MUNICIPAL,18,2,2,0,1,4,287,287,267,267,13,33,3,68,37,21,1,11,48,12,20
1,2,0,400,400,10,https://resultados2019.blob.core.windows.net/201901/107564.jpg,OK,0,14,SUCHITEPÉQUEZ,PATULUL,10756,CORPORACIÓN MUNICIPAL,21,2,2,0,1,4,294,294,271,271,9,36,5,66,11,36,1,14,63,7,23
1,4,0,400,400,10,https://resultados2019.blob.core.windows.net/201901/107604.jpg,OK,0,14,SUCHITEPÉQUEZ,PATULUL,10760,CORPORACIÓN MUNICIPAL,33,2,2,0,1,4,294,294,257,257,13,41,2,83,11,29,1,5,51,1,20
1,5,0,400,400,10,https://resultados2019.blob.core.windows.net/201901/107684.jpg,OK,0,14,SUCHITEPÉQUEZ,PATULUL,10768,CORPORACIÓN MUNICIPAL,16,2,2,0,1,4,274,274,253,253,13,25,5,71,22,29,0,6,52,1,29
1,5,0,380,380,10,https://resultados2019.blob.core.windows.net/201901/107744.jpg,OK,0,14,SUCHITEPÉQUEZ,PATULUL,10774,CORPORACIÓN MUNICIPAL,16,2,2,0,1,4,237,237,216,216,11,7,20,71,19,23,2,14,36,2,11
1,2,0,400,400,10,https://resultados2019.blob.core.windows.net/201901/107514.jpg,OK,0,14,SUCHITEPÉQUEZ,PATULUL,10751,CORPORACIÓN MUNICIPAL,7,2,2,0,1,4,250,250,241,241,18,36,2,65,25,26,3,5,36,7,18
1,4,0,400,400,10,https://resultados2019.blob.core.windows.net/201901/107484.jpg,OK,0,14,SUCHITEPÉQUEZ,PATULUL,10748,CORPORACIÓN MUNICIPAL,9,2,2,0,1,4,278,278,265,265,20,33,1,88,39,26,2,8,28,6,14
1,7,0,400,400,10,https://resultados2019.blob.core.windows.net/201901/107444.jpg,OK,110,14,SUCHITEPÉQUEZ,PATULUL,10744,CORPORACIÓN MUNICIPAL,9,2,2,0,1,4,290,290,274,274,10,36,1,83,36,28,2,5,49,8,16
1,8,0,380,380,10,https://resultados2019.blob.core.windows.net/201901/107844.jpg,OK,0,14,SUCHITEPÉQUEZ,PATULUL,10784,CORPORACIÓN MUNICIPAL,16,2,2,0,1,4,263,263,239,239,9,48,7,41,12,20,0,4,74,2,22
1,4,0,400,400,10,https://resultados2019.blob.core.windows.net/201901/107654.jpg,OK,0,14,SUCHITEPÉQUEZ,PATULUL,10765,CORPORACIÓN MUNICIPAL,12,2,2,0,1,4,265,265,249,249,8,34,4,71,15,35,1,5,47,4,25
1,2,0,400,399,10,https://resultados2019.blob.core.windows.net/201901/107464.jpg,OK,0,14,SUCHITEPÉQUEZ,PATULUL,10746,CORPORACIÓN MUNICIPAL,9,2,2,0,1,4,268,268,257,257,13,24,2,69,33,39,2,8,46,6,15
1,5,1,400,399,10,https://resultados2019.blob.core.windows.net/201901/107494.jpg,OK,0,14,SUCHITEPÉQUEZ,PATULUL,10749,CORPORACIÓN MUNICIPAL,9,2,2,0,1,4,265,265,251,251,8,39,2,70,34,26,5,8,37,9,13
1,3,0,400,400,10,https://resultados2019.blob.core.windows.net/201901/107454.jpg,OK,0,14,SUCHITEPÉQUEZ,PATULUL,10745,CORPORACIÓN MUNICIPAL,9,2,2,0,1,4,289,289,277,277,21,36,3,68,42,27,2,6,56,6,10
1,11,0,400,400,10,https://resultados2019.blob.core.windows.net/201901/107614.jpg,OK,0,14,SUCHITEPÉQUEZ,PATULUL,10761,CORPORACIÓN MUNICIPAL,29,2,2,0,1,4,273,273,233,233,8,34,4,65,0,27,0,10,58,7,20
1,6,0,380,380,10,https://resultados2019.blob.core.windows.net/201901/107724.jpg,OK,0,14,SUCHITEPÉQUEZ,PATULUL,10772,CORPORACIÓN MUNICIPAL,13,2,2,0,1,4,223,223,204,204,5,19,25,55,9,29,3,7,46,1,5
1,1,0,380,380,10,https://resultados2019.blob.core.windows.net/201901/107754.jpg,OK,0,14,SUCHITEPÉQUEZ,PATULUL,10775,CORPORACIÓN MUNICIPAL,15,2,2,0,1,4,198,198,182,182,5,11,24,60,11,0,1,5,43,19,3
1,0,0,283,283,10,https://resultados2019.blob.core.windows.net/201901/107774.jpg,OK,0,14,SUCHITEPÉQUEZ,PATULUL,10777,CORPORACIÓN MUNICIPAL,5,2,2,0,1,4,167,167,162,162,3,8,13,54,12,18,1,6,38,1,8
1,9,0,400,400,10,https://resultados2019.blob.core.windows.net/201901/107404.jpg,OK,0,14,SUCHITEPÉQUEZ,PATULUL,10740,CORPORACIÓN MUNICIPAL,19,2,2,0,1,4,278,278,250,250,12,32,3,71,34,31,1,4,39,4,19
1,2,0,290,282,10,https://resultados2019.blob.core.windows.net/201901/107534.jpg,OK,0,14,SUCHITEPÉQUEZ,PATULUL,10753,CORPORACIÓN MUNICIPAL,3,2,2,0,1,4,205,205,200,200,9,30,3,57,30,21,1,8,32,1,8
1,6,0,400,400,10,https://resultados2019.blob.core.windows.net/201901/107584.jpg,OK,0,14,SUCHITEPÉQUEZ,PATULUL,10758,CORPORACIÓN MUNICIPAL,31,2,2,0,1,4,308,308,271,271,7,38,4,79,18,28,1,12,56,5,23
1,6,0,400,400,10,https://resultados2019.blob.core.windows.net/201901/107574.jpg,OK,0,14,SUCHITEPÉQUEZ,PATULUL,10757,CORPORACIÓN MUNICIPAL,26,2,2,0,1,4,312,312,280,280,14,38,4,63,14,40,1,12,67,6,21
1,2,0,400,400,10,https://resultados2019.blob.core.windows.net/201901/107424.jpg,OK,0,14,SUCHITEPÉQUEZ,PATULUL,10742,CORPORACIÓN MUNICIPAL,12,2,2,0,1,4,303,303,289,289,18,33,3,83,39,30,2,7,53,8,13
1,9,0,400,400,10,https://resultados2019.blob.core.windows.net/201901/107554.jpg,OK,0,14,SUCHITEPÉQUEZ,PATULUL,10755,CORPORACIÓN MUNICIPAL,15,2,2,0,1,4,276,276,252,252,9,32,6,76,7,29,2,7,58,7,19
1,5,0,400,400,10,https://resultados2019.blob.core.windows.net/201901/107664.jpg,OK,0,14,SUCHITEPÉQUEZ,PATULUL,10766,CORPORACIÓN MUNICIPAL,13,2,2,0,1,4,264,264,246,246,8,52,0,73,25,27,0,4,45,2,10
1,0,0,247,247,10,https://resultados2019.blob.core.windows.net/201901/107864.jpg,OK,0,14,SUCHITEPÉQUEZ,PATULUL,10786,CORPORACIÓN MUNICIPAL,1,2,1,0,1,4,148,148,147,147,4,42,1,29,9,13,0,0,42,0,7
1,3,0,400,400,10,https://resultados2019.blob.core.windows.net/201901/107544.jpg,OK,0,14,SUCHITEPÉQUEZ,PATULUL,10754,CORPORACIÓN MUNICIPAL,28,2,2,0,1,4,297,297,266,266,5,36,3,76,10,31,2,5,64,2,32
1,6,0,400,400,10,https://resultados2019.blob.core.windows.net/201901/107644.jpg,OK,0,14,SUCHITEPÉQUEZ,PATULUL,10764,CORPORACIÓN MUNICIPAL,11,2,2,0,1,4,268,268,251,251,7,36,9,70,18,34,1,4,47,1,24
1,1,0,400,400,10,https://resultados2019.blob.core.windows.net/201901/107474.jpg,OK,0,14,SUCHITEPÉQUEZ,PATULUL,10747,CORPORACIÓN MUNICIPAL,13,2,2,0,1,4,284,284,270,270,13,28,2,80,49,18,6,8,43,5,18
1,7,0,380,380,10,https://resultados2019.blob.core.windows.net/201901/107794.jpg,OK,0,14,SUCHITEPÉQUEZ,PATULUL,10779,CORPORACIÓN MUNICIPAL,15,2,1,0,1,4,220,220,198,198,3,40,30,12,4,40,2,5,34,1,27
1,2,0,400,400,10,https://resultados2019.blob.core.windows.net/201901/107414.jpg,OK,0,14,SUCHITEPÉQUEZ,PATULUL,10741,CORPORACIÓN MUNICIPAL,11,2,2,0,1,4,292,292,279,279,12,32,2,87,35,24,1,11,49,11,15
1,5,0,251,251,10,https://resultados2019.blob.core.windows.net/201901/107814.jpg,OK,0,14,SUCHITEPÉQUEZ,PATULUL,10781,CORPORACIÓN MUNICIPAL,3,2,2,0,1,4,106,106,98,98,2,17,14,5,2,21,0,6,21,4,6
1,5,0,380,400,10,https://resultados2019.blob.core.windows.net/201901/107824.jpg,OK,0,14,SUCHITEPÉQUEZ,PATULUL,10782,CORPORACIÓN MUNICIPAL,25,2,1,0,1,4,294,294,264,264,10,48,8,46,14,26,3,4,86,2,17
1,0,0,291,290,10,https://resultados2019.blob.core.windows.net/201901/107524.jpg,OK,0,14,SUCHITEPÉQUEZ,PATULUL,10752,CORPORACIÓN MUNICIPAL,2,2,2,0,1,4,206,206,204,204,11,16,2,53,34,25,4,9,31,8,11
1,6,0,251,251,10,https://resultados2019.blob.core.windows.net/201901/107804.jpg,OK,0,14,SUCHITEPÉQUEZ,PATULUL,10780,CORPORACIÓN MUNICIPAL,12,2,2,0,1,4,114,114,96,96,0,13,26,7,0,22,1,7,16,2,2
1,4,0,600,598,10,https://resultados2019.blob.core.windows.net/201901/107874.jpg,OK,0,14,SUCHITEPÉQUEZ,PATULUL,10787,CORPORACIÓN MUNICIPAL,34,2,2,0,1,4,252,252,214,214,7,15,4,62,15,40,1,5,39,6,20
1,16,0,380,379,10,https://resultados2019.blob.core.windows.net/201901/107784.jpg,OK,0,14,SUCHITEPÉQUEZ,PATULUL,10778,CORPORACIÓN MUNICIPAL,23,2,1,0,1,4,189,189,150,150,1,15,46,13,4,24,0,7,32,0,8
1,1,0,292,400,10,https://resultados2019.blob.core.windows.net/201901/107714.jpg,OK,0,14,SUCHITEPÉQUEZ,PATULUL,10771,CORPORACIÓN MUNICIPAL,3,2,2,0,1,4,211,211,207,207,9,29,1,61,20,20,2,10,37,2,16
1,2,0,400,400,10,https://resultados2019.blob.core.windows.net/201901/107694.jpg,OK,0,14,SUCHITEPÉQUEZ,PATULUL,10769,CORPORACIÓN MUNICIPAL,20,2,2,0,1,4,249,249,227,227,8,31,1,54,26,24,0,6,59,1,17
1,5,0,380,385,10,https://resultados2019.blob.core.windows.net/201901/107834.jpg,OK,23,14,SUCHITEPÉQUEZ,PATULUL,10783,CORPORACIÓN MUNICIPAL,0,2,1,0,1,4,250,250,245,245,14,60,8,44,7,27,1,1,68,2,13
1,5,0,400,400,10,https://resultados2019.blob.core.windows.net/201901/107624.jpg,OK,0,14,SUCHITEPÉQUEZ,PATULUL,10762,CORPORACIÓN MUNICIPAL,19,2,2,0,1,4,302,302,278,278,12,32,4,89,16,36,1,6,58,5,19
0,4,0,400,400,10,https://resultados2019.blob.core.windows.net/201901/107594.jpg,OK,0,14,SUCHITEPÉQUEZ,PATULUL,10759,CORPORACIÓN MUNICIPAL,21,2,2,0,1,4,257,282,257,257,9,23,3,82,18,37,0,4,65,3,13
1,5,0,284,284,10,https://resultados2019.blob.core.windows.net/201901/107764.jpg,OK,0,14,SUCHITEPÉQUEZ,PATULUL,10776,CORPORACIÓN MUNICIPAL,6,2,2,0,1,4,158,158,147,147,7,11,11,38,9,32,0,3,30,1,5
1,3,0,293,400,10,https://resultados2019.blob.core.windows.net/201901/107704.jpg,OK,0,14,SUCHITEPÉQUEZ,PATULUL,10770,CORPORACIÓN MUNICIPAL,4,2,2,0,1,4,200,200,193,193,12,25,2,51,13,26,1,12,34,1,16
1,1,0,248,248,10,https://resultados2019.blob.core.windows.net/201901/107854.jpg,OK,0,14,SUCHITEPÉQUEZ,PATULUL,10785,CORPORACIÓN MUNICIPAL,7,2,2,0,1,4,166,166,158,158,5,34,4,38,2,8,0,4,43,1,19
1,3,0,380,380,10,https://resultados2019.blob.core.windows.net/201901/107734.jpg,OK,0,14,SUCHITEPÉQUEZ,PATULUL,10773,CORPORACIÓN MUNICIPAL,23,2,2,0,1,4,243,243,217,217,10,13,29,55,6,37,0,4,49,0,14
