ACTACUADRA,BLANCOS,CNTIMPUGNA,CNTINSCRITOS,CNTPAPELETAS,DEP,IMGSRC,IMGSTATUS,INVALIDOS,MUN,NDEP,NMUN,NROMESA,NTE,NULOS,STACTA,STESCAN,STFISIC,STTRANS,TIPOELECCION,TOTALACTA,TOTALVOTOS,VOTOSVALIDOS,VOTOSVALIDOSACTA,voto_PC,voto_PHG,voto_UNE,voto_UNIONISTA
1,1,0,400,400,10,https://resultados2019.blob.core.windows.net/201901/108784.jpg,OK,1,19,SUCHITEPÉQUEZ,PUEBLO NUEVO,10878,CORPORACIÓN MUNICIPAL,3,2,2,0,1,4,331,331,327,327,71,179,72,5
1,4,2,400,400,10,https://resultados2019.blob.core.windows.net/201901/108764.jpg,OK,0,19,SUCHITEPÉQUEZ,PUEBLO NUEVO,10876,CORPORACIÓN MUNICIPAL,9,2,1,0,1,4,328,328,315,315,48,173,92,2
1,5,0,400,400,10,https://resultados2019.blob.core.windows.net/201901/108854.jpg,OK,0,19,SUCHITEPÉQUEZ,PUEBLO NUEVO,10885,CORPORACIÓN MUNICIPAL,5,2,1,0,1,4,295,295,285,285,41,160,76,8
1,3,0,400,400,10,https://resultados2019.blob.core.windows.net/201901/108844.jpg,OK,0,19,SUCHITEPÉQUEZ,PUEBLO NUEVO,10884,CORPORACIÓN MUNICIPAL,2,2,1,0,1,4,309,309,304,304,42,160,98,4
1,4,0,400,400,10,https://resultados2019.blob.core.windows.net/201901/108754.jpg,OK,0,19,SUCHITEPÉQUEZ,PUEBLO NUEVO,10875,CORPORACIÓN MUNICIPAL,9,2,2,0,1,4,303,303,290,290,44,157,80,9
1,6,0,400,400,10,https://resultados2019.blob.core.windows.net/201901/108814.jpg,OK,0,19,SUCHITEPÉQUEZ,PUEBLO NUEVO,10881,CORPORACIÓN MUNICIPAL,3,2,2,0,1,4,336,336,327,327,48,176,98,5
1,5,0,400,400,10,https://resultados2019.blob.core.windows.net/201901/108804.jpg,OK,0,19,SUCHITEPÉQUEZ,PUEBLO NUEVO,10880,CORPORACIÓN MUNICIPAL,8,2,2,0,1,4,348,348,335,335,52,196,79,8
1,1,0,291,291,10,https://resultados2019.blob.core.windows.net/201901/108924.jpg,OK,0,19,SUCHITEPÉQUEZ,PUEBLO NUEVO,10892,CORPORACIÓN MUNICIPAL,4,2,2,0,1,4,127,127,122,122,19,72,28,3
1,12,0,400,0,10,https://resultados2019.blob.core.windows.net/201901/108794.jpg,OK,0,19,SUCHITEPÉQUEZ,PUEBLO NUEVO,10879,CORPORACIÓN MUNICIPAL,2,2,2,0,1,4,350,350,336,336,80,187,63,6
1,4,0,400,400,10,https://resultados2019.blob.core.windows.net/201901/108824.jpg,OK,0,19,SUCHITEPÉQUEZ,PUEBLO NUEVO,10882,CORPORACIÓN MUNICIPAL,8,2,2,0,1,4,343,343,331,331,44,190,90,7
1,3,0,400,400,10,https://resultados2019.blob.core.windows.net/201901/108834.jpg,OK,0,19,SUCHITEPÉQUEZ,PUEBLO NUEVO,10883,CORPORACIÓN MUNICIPAL,0,2,2,0,1,4,317,317,314,314,41,160,108,5
1,2,1,339,339,10,https://resultados2019.blob.core.windows.net/201901/108904.jpg,OK,0,19,SUCHITEPÉQUEZ,PUEBLO NUEVO,10890,CORPORACIÓN MUNICIPAL,3,2,1,0,1,4,288,288,283,283,12,173,92,6
1,0,0,391,391,10,https://resultados2019.blob.core.windows.net/201901/108884.jpg,OK,0,19,SUCHITEPÉQUEZ,PUEBLO NUEVO,10888,CORPORACIÓN MUNICIPAL,2,2,2,0,1,4,323,323,321,321,45,171,100,5
1,5,0,400,400,10,https://resultados2019.blob.core.windows.net/201901/108774.jpg,OK,0,19,SUCHITEPÉQUEZ,PUEBLO NUEVO,10877,CORPORACIÓN MUNICIPAL,6,2,1,0,1,4,341,341,330,330,65,173,83,9
1,6,0,400,400,10,https://resultados2019.blob.core.windows.net/201901/108864.jpg,OK,0,19,SUCHITEPÉQUEZ,PUEBLO NUEVO,10886,CORPORACIÓN MUNICIPAL,7,2,2,0,1,4,311,311,298,298,39,165,92,2
1,3,0,400,399,10,https://resultados2019.blob.core.windows.net/201901/108894.jpg,OK,0,19,SUCHITEPÉQUEZ,PUEBLO NUEVO,10889,CORPORACIÓN MUNICIPAL,4,2,1,0,1,4,348,348,341,341,13,218,106,4
1,2,0,392,392,10,https://resultados2019.blob.core.windows.net/201901/108874.jpg,OK,0,19,SUCHITEPÉQUEZ,PUEBLO NUEVO,10887,CORPORACIÓN MUNICIPAL,2,2,1,0,1,4,324,324,320,320,52,168,94,6
1,1,0,338,338,10,https://resultados2019.blob.core.windows.net/201901/108914.jpg,OK,0,19,SUCHITEPÉQUEZ,PUEBLO NUEVO,10891,CORPORACIÓN MUNICIPAL,1,2,2,0,1,4,286,286,284,284,21,155,105,3
