ACTACUADRA,BLANCOS,CNTIMPUGNA,CNTINSCRITOS,CNTPAPELETAS,DEP,IMGSRC,IMGSTATUS,INVALIDOS,MUN,NDEP,NMUN,NROMESA,NTE,NULOS,STACTA,STESCAN,STFISIC,STTRANS,TIPOELECCION,TOTALACTA,TOTALVOTOS,VOTOSVALIDOS,VOTOSVALIDOSACTA,voto_CREO,voto_FCN-NACION,voto_LIBRE,voto_MLP,voto_PHG,voto_SEMILLA,voto_TODOS,voto_UCN,voto_UNE,voto_UNIONISTA,voto_VAMOS
1,2,0,380,380,10,https://resultados2019.blob.core.windows.net/201901/109554.jpg,OK,0,21,SUCHITEPÉQUEZ,SAN JOSÉ LA MÁQUINA,10955,CORPORACIÓN MUNICIPAL,9,2,2,0,1,4,242,242,231,231,4,11,3,1,90,28,23,33,34,0,4
1,3,0,400,400,10,https://resultados2019.blob.core.windows.net/201901/109354.jpg,OK,0,21,SUCHITEPÉQUEZ,SAN JOSÉ LA MÁQUINA,10935,CORPORACIÓN MUNICIPAL,10,2,2,0,1,4,209,209,196,196,11,6,2,2,20,66,4,58,19,2,6
1,0,0,400,400,10,https://resultados2019.blob.core.windows.net/201901/109334.jpg,OK,0,21,SUCHITEPÉQUEZ,SAN JOSÉ LA MÁQUINA,10933,CORPORACIÓN MUNICIPAL,10,2,2,0,1,4,210,210,200,200,11,8,0,2,14,66,7,62,24,1,5
1,3,0,380,378,10,https://resultados2019.blob.core.windows.net/201901/109564.jpg,OK,0,21,SUCHITEPÉQUEZ,SAN JOSÉ LA MÁQUINA,10956,CORPORACIÓN MUNICIPAL,21,2,2,0,1,4,244,244,220,220,3,10,0,0,74,33,23,33,41,0,3
1,1,0,400,398,10,https://resultados2019.blob.core.windows.net/201901/109454.jpg,OK,0,21,SUCHITEPÉQUEZ,SAN JOSÉ LA MÁQUINA,10945,CORPORACIÓN MUNICIPAL,7,2,2,0,1,4,211,211,203,203,6,4,3,1,44,63,10,44,18,0,10
1,10,0,400,400,10,https://resultados2019.blob.core.windows.net/201901/109314.jpg,OK,0,21,SUCHITEPÉQUEZ,SAN JOSÉ LA MÁQUINA,10931,CORPORACIÓN MUNICIPAL,12,2,2,0,1,4,241,241,219,219,11,4,2,4,25,57,6,71,31,2,6
1,3,0,279,279,10,https://resultados2019.blob.core.windows.net/201901/109594.jpg,OK,0,21,SUCHITEPÉQUEZ,SAN JOSÉ LA MÁQUINA,10959,CORPORACIÓN MUNICIPAL,6,2,2,0,1,4,162,162,153,153,1,3,0,3,44,25,17,23,34,0,3
1,6,0,400,400,10,https://resultados2019.blob.core.windows.net/201901/109484.jpg,OK,0,21,SUCHITEPÉQUEZ,SAN JOSÉ LA MÁQUINA,10948,CORPORACIÓN MUNICIPAL,24,2,2,0,1,4,271,271,241,241,3,5,2,1,71,61,16,50,21,1,10
1,1,0,233,231,10,https://resultados2019.blob.core.windows.net/201901/109514.jpg,OK,0,21,SUCHITEPÉQUEZ,SAN JOSÉ LA MÁQUINA,10951,CORPORACIÓN MUNICIPAL,0,2,2,0,1,4,158,158,157,157,6,4,0,1,32,49,10,30,15,2,8
1,2,0,232,232,10,https://resultados2019.blob.core.windows.net/201901/109524.jpg,OK,0,21,SUCHITEPÉQUEZ,SAN JOSÉ LA MÁQUINA,10952,CORPORACIÓN MUNICIPAL,7,2,2,0,1,4,138,138,129,129,6,4,1,0,31,33,9,33,9,0,3
1,10,0,400,400,10,https://resultados2019.blob.core.windows.net/201901/109434.jpg,OK,0,21,SUCHITEPÉQUEZ,SAN JOSÉ LA MÁQUINA,10943,CORPORACIÓN MUNICIPAL,25,2,2,0,1,4,295,295,260,260,3,6,3,0,51,79,7,82,22,1,6
1,0,1,380,380,10,https://resultados2019.blob.core.windows.net/201901/109584.jpg,OK,0,21,SUCHITEPÉQUEZ,SAN JOSÉ LA MÁQUINA,10958,CORPORACIÓN MUNICIPAL,21,2,2,0,1,4,253,253,232,232,5,5,1,1,84,30,25,35,41,1,4
1,1,0,278,278,10,https://resultados2019.blob.core.windows.net/201901/109604.jpg,OK,0,21,SUCHITEPÉQUEZ,SAN JOSÉ LA MÁQUINA,10960,CORPORACIÓN MUNICIPAL,5,2,2,0,1,4,172,172,166,166,3,4,0,0,67,20,13,35,22,0,2
1,9,0,380,380,10,https://resultados2019.blob.core.windows.net/201901/109534.jpg,OK,0,21,SUCHITEPÉQUEZ,SAN JOSÉ LA MÁQUINA,10953,CORPORACIÓN MUNICIPAL,17,2,2,0,1,4,247,247,221,221,2,2,1,6,66,28,17,36,60,1,2
1,10,0,400,400,10,https://resultados2019.blob.core.windows.net/201901/109394.jpg,OK,0,21,SUCHITEPÉQUEZ,SAN JOSÉ LA MÁQUINA,10939,CORPORACIÓN MUNICIPAL,18,2,2,0,1,4,282,282,254,254,7,12,1,3,59,61,10,47,35,2,17
1,4,2,400,400,10,https://resultados2019.blob.core.windows.net/201901/109324.jpg,OK,0,21,SUCHITEPÉQUEZ,SAN JOSÉ LA MÁQUINA,10932,CORPORACIÓN MUNICIPAL,10,2,2,0,1,4,256,256,242,242,16,3,2,3,29,77,5,69,29,4,5
1,0,0,400,400,10,https://resultados2019.blob.core.windows.net/201901/109504.jpg,OK,0,21,SUCHITEPÉQUEZ,SAN JOSÉ LA MÁQUINA,10950,CORPORACIÓN MUNICIPAL,4,2,2,0,1,4,242,242,238,238,4,1,0,1,63,76,24,42,20,2,5
1,6,0,400,400,10,https://resultados2019.blob.core.windows.net/201901/109424.jpg,OK,0,21,SUCHITEPÉQUEZ,SAN JOSÉ LA MÁQUINA,10942,CORPORACIÓN MUNICIPAL,21,2,2,0,1,4,304,304,277,277,6,8,9,2,54,94,10,69,20,1,4
1,2,0,285,285,10,https://resultados2019.blob.core.windows.net/201901/109384.jpg,OK,0,21,SUCHITEPÉQUEZ,SAN JOSÉ LA MÁQUINA,10938,CORPORACIÓN MUNICIPAL,5,2,2,0,1,4,187,187,180,180,7,3,0,0,11,65,7,62,21,1,3
1,6,0,400,400,10,https://resultados2019.blob.core.windows.net/201901/109364.jpg,OK,0,21,SUCHITEPÉQUEZ,SAN JOSÉ LA MÁQUINA,10936,CORPORACIÓN MUNICIPAL,16,2,2,0,1,4,213,213,191,191,4,3,2,0,29,65,6,55,23,1,3
1,4,0,400,400,10,https://resultados2019.blob.core.windows.net/201901/109444.jpg,OK,0,21,SUCHITEPÉQUEZ,SAN JOSÉ LA MÁQUINA,10944,CORPORACIÓN MUNICIPAL,21,2,2,0,1,4,271,271,246,246,4,12,2,2,33,68,12,76,28,1,8
1,3,0,400,398,10,https://resultados2019.blob.core.windows.net/201901/109464.jpg,OK,0,21,SUCHITEPÉQUEZ,SAN JOSÉ LA MÁQUINA,10946,CORPORACIÓN MUNICIPAL,27,2,2,0,1,4,257,257,227,227,10,4,0,1,48,62,12,47,27,0,16
1,5,0,400,400,10,https://resultados2019.blob.core.windows.net/201901/109414.jpg,OK,0,21,SUCHITEPÉQUEZ,SAN JOSÉ LA MÁQUINA,10941,CORPORACIÓN MUNICIPAL,27,2,2,0,1,4,298,298,266,266,8,13,2,2,47,69,16,59,28,1,21
1,6,0,400,398,10,https://resultados2019.blob.core.windows.net/201901/109304.jpg,OK,17,21,SUCHITEPÉQUEZ,SAN JOSÉ LA MÁQUINA,10930,CORPORACIÓN MUNICIPAL,0,2,2,0,1,4,228,228,222,222,12,4,3,1,22,74,9,65,27,2,3
1,4,0,400,400,10,https://resultados2019.blob.core.windows.net/201901/109344.jpg,OK,0,21,SUCHITEPÉQUEZ,SAN JOSÉ LA MÁQUINA,10934,CORPORACIÓN MUNICIPAL,11,2,2,0,1,4,230,230,215,215,11,7,1,2,21,64,10,59,33,2,5
1,5,0,400,398,10,https://resultados2019.blob.core.windows.net/201901/109404.jpg,OK,0,21,SUCHITEPÉQUEZ,SAN JOSÉ LA MÁQUINA,10940,CORPORACIÓN MUNICIPAL,19,2,2,0,1,4,293,293,269,269,14,5,1,1,65,72,17,54,22,1,17
1,3,0,400,400,10,https://resultados2019.blob.core.windows.net/201901/109474.jpg,OK,0,21,SUCHITEPÉQUEZ,SAN JOSÉ LA MÁQUINA,10947,CORPORACIÓN MUNICIPAL,24,2,2,0,1,4,268,268,241,241,4,9,1,0,55,75,12,48,23,3,11
1,4,0,380,380,10,https://resultados2019.blob.core.windows.net/201901/109574.jpg,OK,0,21,SUCHITEPÉQUEZ,SAN JOSÉ LA MÁQUINA,10957,CORPORACIÓN MUNICIPAL,9,2,2,0,1,4,229,229,216,216,6,7,2,4,73,21,16,40,42,1,4
1,5,0,380,380,10,https://resultados2019.blob.core.windows.net/201901/109544.jpg,OK,0,21,SUCHITEPÉQUEZ,SAN JOSÉ LA MÁQUINA,10954,CORPORACIÓN MUNICIPAL,19,2,2,0,1,4,246,246,222,222,2,5,3,5,63,24,15,50,48,1,6
1,8,0,286,286,10,https://resultados2019.blob.core.windows.net/201901/109374.jpg,OK,9,21,SUCHITEPÉQUEZ,SAN JOSÉ LA MÁQUINA,10937,CORPORACIÓN MUNICIPAL,1,2,2,0,1,4,147,147,138,138,12,6,1,1,13,40,6,44,11,2,2
1,3,0,400,400,10,https://resultados2019.blob.core.windows.net/201901/109494.jpg,OK,0,21,SUCHITEPÉQUEZ,SAN JOSÉ LA MÁQUINA,10949,CORPORACIÓN MUNICIPAL,19,2,2,0,1,4,237,237,215,215,2,10,1,2,38,68,7,63,17,1,6
