ACTACUADRA,BLANCOS,CNTIMPUGNA,CNTINSCRITOS,CNTPAPELETAS,DEP,IMGSRC,IMGSTATUS,INVALIDOS,MUN,NDEP,NMUN,NROMESA,NTE,NULOS,STACTA,STESCAN,STFISIC,STTRANS,TIPOELECCION,TOTALACTA,TOTALVOTOS,VOTOSVALIDOS,VOTOSVALIDOSACTA,voto_FCN-NACION,voto_MLP,voto_UCN,voto_UNE,voto_VALOR
1,5,0,400,400,10,https://resultados2019.blob.core.windows.net/201901/103184.jpg,OK,0,2,SUCHITEPÉQUEZ,CUYOTENANGO,10318,CORPORACIÓN MUNICIPAL,12,2,2,0,1,4,304,304,287,287,19,4,141,111,12
1,3,0,400,400,10,https://resultados2019.blob.core.windows.net/201901/103494.jpg,OK,0,2,SUCHITEPÉQUEZ,CUYOTENANGO,10349,CORPORACIÓN MUNICIPAL,13,2,2,0,1,4,230,230,214,214,18,2,91,91,12
1,1,2,416,416,10,https://resultados2019.blob.core.windows.net/201901/103564.jpg,OK,0,2,SUCHITEPÉQUEZ,CUYOTENANGO,10356,CORPORACIÓN MUNICIPAL,2,2,2,0,1,4,32,32,29,29,3,1,8,12,5
1,4,2,400,400,10,https://resultados2019.blob.core.windows.net/201901/103254.jpg,OK,0,2,SUCHITEPÉQUEZ,CUYOTENANGO,10325,CORPORACIÓN MUNICIPAL,10,2,2,0,1,4,269,269,255,255,19,6,126,98,6
1,5,0,400,400,10,https://resultados2019.blob.core.windows.net/201901/103224.jpg,OK,0,2,SUCHITEPÉQUEZ,CUYOTENANGO,10322,CORPORACIÓN MUNICIPAL,10,2,2,0,1,4,307,307,292,292,24,1,139,109,19
1,5,0,400,398,10,https://resultados2019.blob.core.windows.net/201901/103174.jpg,OK,0,2,SUCHITEPÉQUEZ,CUYOTENANGO,10317,CORPORACIÓN MUNICIPAL,15,2,2,0,1,4,284,284,264,264,33,5,117,97,12
1,2,0,400,400,10,https://resultados2019.blob.core.windows.net/201901/103334.jpg,OK,0,2,SUCHITEPÉQUEZ,CUYOTENANGO,10333,CORPORACIÓN MUNICIPAL,24,2,2,0,1,4,256,256,230,230,14,5,95,107,9
1,0,0,395,395,10,https://resultados2019.blob.core.windows.net/201901/103324.jpg,OK,1,2,SUCHITEPÉQUEZ,CUYOTENANGO,10332,CORPORACIÓN MUNICIPAL,3,2,2,0,1,4,267,267,264,264,29,4,133,83,15
1,1,1,338,340,10,https://resultados2019.blob.core.windows.net/201901/103514.jpg,OK,0,2,SUCHITEPÉQUEZ,CUYOTENANGO,10351,CORPORACIÓN MUNICIPAL,6,2,2,0,1,4,215,215,208,208,9,0,98,92,9
0,13,0,400,400,10,https://resultados2019.blob.core.windows.net/201901/103444.jpg,OK,0,2,SUCHITEPÉQUEZ,CUYOTENANGO,10344,CORPORACIÓN MUNICIPAL,8,2,2,0,1,4,229,237,216,216,34,1,89,87,5
1,6,0,400,400,10,https://resultados2019.blob.core.windows.net/201901/103354.jpg,OK,0,2,SUCHITEPÉQUEZ,CUYOTENANGO,10335,CORPORACIÓN MUNICIPAL,12,2,2,0,1,4,263,263,245,245,37,5,103,91,9
1,2,0,400,400,10,https://resultados2019.blob.core.windows.net/201901/103344.jpg,OK,0,2,SUCHITEPÉQUEZ,CUYOTENANGO,10334,CORPORACIÓN MUNICIPAL,25,2,2,0,1,4,274,274,247,247,24,8,117,85,13
0,1,1,395,395,10,https://resultados2019.blob.core.windows.net/201901/103314.jpg,OK,0,2,SUCHITEPÉQUEZ,CUYOTENANGO,10331,CORPORACIÓN MUNICIPAL,5,2,2,0,1,4,258,257,251,251,24,5,128,81,13
0,6,0,400,400,10,https://resultados2019.blob.core.windows.net/201901/103454.jpg,OK,0,2,SUCHITEPÉQUEZ,CUYOTENANGO,10345,CORPORACIÓN MUNICIPAL,24,2,2,0,1,4,0,249,219,219,27,3,88,90,11
1,3,0,400,400,10,https://resultados2019.blob.core.windows.net/201901/103234.jpg,OK,0,2,SUCHITEPÉQUEZ,CUYOTENANGO,10323,CORPORACIÓN MUNICIPAL,15,2,2,0,1,4,283,283,265,265,19,6,149,83,8
1,4,0,400,398,10,https://resultados2019.blob.core.windows.net/201901/103214.jpg,OK,0,2,SUCHITEPÉQUEZ,CUYOTENANGO,10321,CORPORACIÓN MUNICIPAL,16,2,2,0,1,4,300,300,280,280,22,8,128,104,18
1,3,1,416,416,10,https://resultados2019.blob.core.windows.net/201901/103554.jpg,OK,0,2,SUCHITEPÉQUEZ,CUYOTENANGO,10355,CORPORACIÓN MUNICIPAL,4,2,2,0,1,4,73,73,66,66,4,0,30,27,5
1,3,0,400,396,10,https://resultados2019.blob.core.windows.net/201901/103364.jpg,OK,0,2,SUCHITEPÉQUEZ,CUYOTENANGO,10336,CORPORACIÓN MUNICIPAL,12,2,2,0,1,4,282,282,267,267,24,4,118,114,7
1,8,1,400,400,10,https://resultados2019.blob.core.windows.net/201901/103374.jpg,OK,0,2,SUCHITEPÉQUEZ,CUYOTENANGO,10337,CORPORACIÓN MUNICIPAL,19,2,2,0,1,4,276,276,249,249,25,11,97,101,15
1,3,7,400,400,10,https://resultados2019.blob.core.windows.net/201901/103414.jpg,OK,0,2,SUCHITEPÉQUEZ,CUYOTENANGO,10341,CORPORACIÓN MUNICIPAL,10,2,2,0,1,4,236,236,223,223,26,6,92,91,8
1,8,0,400,400,10,https://resultados2019.blob.core.windows.net/201901/103484.jpg,OK,0,2,SUCHITEPÉQUEZ,CUYOTENANGO,10348,CORPORACIÓN MUNICIPAL,18,2,2,0,1,4,237,237,211,211,22,5,80,91,13
1,3,2,600,600,10,https://resultados2019.blob.core.windows.net/201901/103544.jpg,OK,0,2,SUCHITEPÉQUEZ,CUYOTENANGO,10354,CORPORACIÓN MUNICIPAL,4,2,2,0,1,4,100,100,93,93,9,3,44,31,6
1,1,2,400,400,10,https://resultados2019.blob.core.windows.net/201901/103284.jpg,OK,0,2,SUCHITEPÉQUEZ,CUYOTENANGO,10328,CORPORACIÓN MUNICIPAL,10,2,2,0,1,4,255,255,244,244,25,6,112,88,13
1,3,0,400,0,10,https://resultados2019.blob.core.windows.net/201901/103394.jpg,OK,0,2,SUCHITEPÉQUEZ,CUYOTENANGO,10339,CORPORACIÓN MUNICIPAL,23,2,2,0,1,4,266,266,240,240,28,8,114,83,7
1,2,6,400,400,10,https://resultados2019.blob.core.windows.net/201901/103434.jpg,OK,0,2,SUCHITEPÉQUEZ,CUYOTENANGO,10343,CORPORACIÓN MUNICIPAL,10,2,2,0,1,4,238,238,226,226,16,5,97,98,10
1,2,1,400,400,10,https://resultados2019.blob.core.windows.net/201901/103464.jpg,OK,0,2,SUCHITEPÉQUEZ,CUYOTENANGO,10346,CORPORACIÓN MUNICIPAL,19,2,2,0,1,4,248,248,227,227,22,10,78,104,13
1,5,7,600,600,10,https://resultados2019.blob.core.windows.net/201901/103534.jpg,OK,0,2,SUCHITEPÉQUEZ,CUYOTENANGO,10353,CORPORACIÓN MUNICIPAL,2,2,2,0,1,4,117,117,110,110,9,4,47,45,5
1,5,0,400,400,10,https://resultados2019.blob.core.windows.net/201901/103424.jpg,OK,0,2,SUCHITEPÉQUEZ,CUYOTENANGO,10342,CORPORACIÓN MUNICIPAL,23,2,2,0,1,4,269,269,241,241,13,2,65,151,10
1,5,2,400,400,10,https://resultados2019.blob.core.windows.net/201901/103154.jpg,OK,0,2,SUCHITEPÉQUEZ,CUYOTENANGO,10315,CORPORACIÓN MUNICIPAL,20,2,2,0,1,4,270,270,245,245,18,9,108,101,9
1,4,1,400,400,10,https://resultados2019.blob.core.windows.net/201901/103304.jpg,OK,0,2,SUCHITEPÉQUEZ,CUYOTENANGO,10330,CORPORACIÓN MUNICIPAL,10,2,2,0,1,4,253,253,239,239,17,7,129,81,5
1,4,0,400,400,10,https://resultados2019.blob.core.windows.net/201901/103164.jpg,OK,0,2,SUCHITEPÉQUEZ,CUYOTENANGO,10316,CORPORACIÓN MUNICIPAL,11,2,2,0,1,4,260,260,245,245,29,9,111,85,11
1,0,0,337,339,10,https://resultados2019.blob.core.windows.net/201901/103524.jpg,OK,0,2,SUCHITEPÉQUEZ,CUYOTENANGO,10352,CORPORACIÓN MUNICIPAL,6,2,2,0,1,4,191,191,185,185,14,3,77,82,9
1,6,1,400,400,10,https://resultados2019.blob.core.windows.net/201901/103384.jpg,OK,0,2,SUCHITEPÉQUEZ,CUYOTENANGO,10338,CORPORACIÓN MUNICIPAL,16,2,2,0,1,4,288,288,266,266,20,5,120,112,9
1,0,0,400,400,10,https://resultados2019.blob.core.windows.net/201901/103294.jpg,OK,0,2,SUCHITEPÉQUEZ,CUYOTENANGO,10329,CORPORACIÓN MUNICIPAL,10,2,2,0,1,4,241,241,231,231,19,5,120,77,10
1,1,1,400,400,10,https://resultados2019.blob.core.windows.net/201901/103264.jpg,OK,0,2,SUCHITEPÉQUEZ,CUYOTENANGO,10326,CORPORACIÓN MUNICIPAL,16,2,2,0,1,4,257,257,240,240,18,5,128,77,12
1,1,2,400,400,10,https://resultados2019.blob.core.windows.net/201901/103244.jpg,OK,0,2,SUCHITEPÉQUEZ,CUYOTENANGO,10324,CORPORACIÓN MUNICIPAL,5,2,2,0,1,4,247,247,241,241,27,5,109,88,12
1,5,0,400,400,10,https://resultados2019.blob.core.windows.net/201901/103504.jpg,OK,0,2,SUCHITEPÉQUEZ,CUYOTENANGO,10350,CORPORACIÓN MUNICIPAL,10,2,2,0,1,4,211,211,196,196,21,4,84,82,5
1,6,0,400,400,10,https://resultados2019.blob.core.windows.net/201901/103204.jpg,OK,0,2,SUCHITEPÉQUEZ,CUYOTENANGO,10320,CORPORACIÓN MUNICIPAL,23,2,2,0,1,4,293,293,264,264,16,6,120,111,11
1,3,0,400,400,10,https://resultados2019.blob.core.windows.net/201901/103194.jpg,OK,0,2,SUCHITEPÉQUEZ,CUYOTENANGO,10319,CORPORACIÓN MUNICIPAL,12,2,2,0,1,4,286,286,271,271,21,4,130,101,15
1,6,0,400,400,10,https://resultados2019.blob.core.windows.net/201901/103404.jpg,OK,20,2,SUCHITEPÉQUEZ,CUYOTENANGO,10340,CORPORACIÓN MUNICIPAL,0,2,2,0,1,4,253,253,247,247,27,5,97,100,18
1,0,2,400,400,10,https://resultados2019.blob.core.windows.net/201901/103474.jpg,OK,0,2,SUCHITEPÉQUEZ,CUYOTENANGO,10347,CORPORACIÓN MUNICIPAL,19,2,2,0,1,4,228,228,209,209,20,5,91,83,10
1,5,3,400,400,10,https://resultados2019.blob.core.windows.net/201901/103274.jpg,OK,0,2,SUCHITEPÉQUEZ,CUYOTENANGO,10327,CORPORACIÓN MUNICIPAL,15,2,2,0,1,4,249,249,229,229,25,6,97,91,10
