ACTACUADRA,BLANCOS,CNTIMPUGNA,CNTINSCRITOS,CNTPAPELETAS,DEP,IMGSRC,IMGSTATUS,INVALIDOS,MUN,NDEP,NMUN,NROMESA,NTE,NULOS,STACTA,STESCAN,STFISIC,STTRANS,TIPOELECCION,TOTALACTA,TOTALVOTOS,VOTOSVALIDOS,VOTOSVALIDOSACTA,voto_FCN-NACION,voto_LIBRE,voto_PHG,voto_PODEMOS,voto_SEMILLA,voto_UCN,voto_UNE,voto_VIVA
1,5,0,400,394,10,https://resultados2019.blob.core.windows.net/201901/104264.jpg,OK,0,5,SUCHITEPÉQUEZ,SAN JOSÉ EL ÍDOLO,10426,CORPORACIÓN MUNICIPAL,9,2,0,0,1,4,284,284,270,270,9,3,6,15,47,96,87,7
1,2,0,400,400,10,https://resultados2019.blob.core.windows.net/201901/104164.jpg,OK,0,5,SUCHITEPÉQUEZ,SAN JOSÉ EL ÍDOLO,10416,CORPORACIÓN MUNICIPAL,14,2,2,0,1,4,288,288,272,272,9,1,5,13,45,94,103,2
1,4,0,400,0,10,https://resultados2019.blob.core.windows.net/201901/104174.jpg,OK,0,5,SUCHITEPÉQUEZ,SAN JOSÉ EL ÍDOLO,10417,CORPORACIÓN MUNICIPAL,17,2,2,0,1,4,286,286,265,265,6,2,8,7,52,95,88,7
1,5,0,370,371,10,https://resultados2019.blob.core.windows.net/201901/104284.jpg,OK,0,5,SUCHITEPÉQUEZ,SAN JOSÉ EL ÍDOLO,10428,CORPORACIÓN MUNICIPAL,1,2,0,0,1,4,270,270,264,264,9,3,7,8,58,79,93,7
0,4,0,400,0,10,https://resultados2019.blob.core.windows.net/201901/104194.jpg,OK,0,5,SUCHITEPÉQUEZ,SAN JOSÉ EL ÍDOLO,10419,CORPORACIÓN MUNICIPAL,19,2,2,0,1,4,346,323,300,323,12,0,4,11,75,82,108,8
1,5,0,400,0,10,https://resultados2019.blob.core.windows.net/201901/104214.jpg,OK,2,5,SUCHITEPÉQUEZ,SAN JOSÉ EL ÍDOLO,10421,CORPORACIÓN MUNICIPAL,13,2,2,0,1,4,321,321,303,303,5,2,14,9,111,74,85,3
0,8,2,400,396,10,https://resultados2019.blob.core.windows.net/201901/104154.jpg,OK,0,5,SUCHITEPÉQUEZ,SAN JOSÉ EL ÍDOLO,10415,CORPORACIÓN MUNICIPAL,9,2,2,0,1,4,282,282,265,0,9,1,12,8,40,75,112,8
1,3,0,370,0,10,https://resultados2019.blob.core.windows.net/201901/104274.jpg,OK,0,5,SUCHITEPÉQUEZ,SAN JOSÉ EL ÍDOLO,10427,CORPORACIÓN MUNICIPAL,3,2,0,0,1,4,307,307,301,301,9,4,10,10,64,96,102,6
1,1,0,400,394,10,https://resultados2019.blob.core.windows.net/201901/104254.jpg,OK,0,5,SUCHITEPÉQUEZ,SAN JOSÉ EL ÍDOLO,10425,CORPORACIÓN MUNICIPAL,3,2,2,0,1,4,261,261,257,257,6,1,9,8,44,94,93,2
1,3,0,400,400,10,https://resultados2019.blob.core.windows.net/201901/104234.jpg,OK,0,5,SUCHITEPÉQUEZ,SAN JOSÉ EL ÍDOLO,10423,CORPORACIÓN MUNICIPAL,12,2,2,0,1,4,269,269,254,254,13,2,6,11,62,87,69,4
1,0,0,334,334,10,https://resultados2019.blob.core.windows.net/201901/104304.jpg,OK,0,5,SUCHITEPÉQUEZ,SAN JOSÉ EL ÍDOLO,10430,CORPORACIÓN MUNICIPAL,1,2,2,0,1,4,46,46,45,45,1,0,2,1,14,7,20,0
0,3,2,400,0,10,https://resultados2019.blob.core.windows.net/201901/104204.jpg,OK,0,5,SUCHITEPÉQUEZ,SAN JOSÉ EL ÍDOLO,10420,CORPORACIÓN MUNICIPAL,12,2,2,0,1,4,325,323,308,308,8,1,7,10,66,107,102,7
1,6,0,335,335,10,https://resultados2019.blob.core.windows.net/201901/104294.jpg,OK,0,5,SUCHITEPÉQUEZ,SAN JOSÉ EL ÍDOLO,10429,CORPORACIÓN MUNICIPAL,6,2,2,0,1,4,93,93,81,81,5,0,5,1,18,14,36,2
1,6,1,400,394,10,https://resultados2019.blob.core.windows.net/201901/104224.jpg,OK,0,5,SUCHITEPÉQUEZ,SAN JOSÉ EL ÍDOLO,10422,CORPORACIÓN MUNICIPAL,14,2,2,0,1,4,316,316,296,296,7,3,21,13,62,70,113,7
1,7,1,400,398,10,https://resultados2019.blob.core.windows.net/201901/104144.jpg,OK,0,5,SUCHITEPÉQUEZ,SAN JOSÉ EL ÍDOLO,10414,CORPORACIÓN MUNICIPAL,10,2,2,0,1,4,265,265,248,248,9,2,12,9,44,80,88,4
1,0,0,400,398,10,https://resultados2019.blob.core.windows.net/201901/104184.jpg,OK,0,5,SUCHITEPÉQUEZ,SAN JOSÉ EL ÍDOLO,10418,CORPORACIÓN MUNICIPAL,14,2,2,0,1,4,313,313,299,299,14,0,10,6,61,100,101,7
1,4,0,400,394,10,https://resultados2019.blob.core.windows.net/201901/104244.jpg,OK,0,5,SUCHITEPÉQUEZ,SAN JOSÉ EL ÍDOLO,10424,CORPORACIÓN MUNICIPAL,10,2,0,0,1,4,293,293,279,279,11,1,9,5,53,91,104,5
