ACTACUADRA,BLANCOS,CNTIMPUGNA,CNTINSCRITOS,CNTPAPELETAS,DEP,IMGSRC,IMGSTATUS,INVALIDOS,MUN,NDEP,NMUN,NROMESA,NTE,NULOS,STACTA,STESCAN,STFISIC,STTRANS,TIPOELECCION,TOTALACTA,TOTALVOTOS,VOTOSVALIDOS,VOTOSVALIDOSACTA,voto_BIEN,voto_CNC,voto_FCN-NACION,voto_MLP,voto_PODEMOS,voto_SEMILLA,voto_TODOS,voto_UCN,voto_UNE,voto_UNIONISTA,voto_URNG_MAIZ
1,6,0,600,600,10,https://resultados2019.blob.core.windows.net/201901/104804.jpg,OK,0,6,SUCHITEPÉQUEZ,SANTO DOMINGO SUCHITEPÉQUEZ,10480,CORPORACIÓN MUNICIPAL,7,2,2,0,1,4,135,135,122,122,13,6,8,22,8,2,6,39,9,0,9
1,4,0,291,291,10,https://resultados2019.blob.core.windows.net/201901/104724.jpg,OK,0,6,SUCHITEPÉQUEZ,SANTO DOMINGO SUCHITEPÉQUEZ,10472,CORPORACIÓN MUNICIPAL,9,2,2,0,1,4,171,171,158,158,4,0,9,52,17,1,22,31,19,0,3
1,7,0,400,400,10,https://resultados2019.blob.core.windows.net/201901/104354.jpg,OK,0,6,SUCHITEPÉQUEZ,SANTO DOMINGO SUCHITEPÉQUEZ,10435,CORPORACIÓN MUNICIPAL,23,2,2,0,1,4,288,288,258,258,4,5,7,50,31,2,11,100,34,1,13
1,7,0,380,380,10,https://resultados2019.blob.core.windows.net/201901/104664.jpg,OK,0,6,SUCHITEPÉQUEZ,SANTO DOMINGO SUCHITEPÉQUEZ,10466,CORPORACIÓN MUNICIPAL,24,2,1,0,1,4,225,225,194,194,10,0,12,58,14,0,31,28,32,0,9
1,5,0,274,273,10,https://resultados2019.blob.core.windows.net/201901/104634.jpg,OK,0,6,SUCHITEPÉQUEZ,SANTO DOMINGO SUCHITEPÉQUEZ,10463,CORPORACIÓN MUNICIPAL,17,2,2,0,1,4,101,101,79,79,1,1,1,4,5,1,8,42,13,0,3
1,4,0,363,363,10,https://resultados2019.blob.core.windows.net/201901/104654.jpg,OK,0,6,SUCHITEPÉQUEZ,SANTO DOMINGO SUCHITEPÉQUEZ,10465,CORPORACIÓN MUNICIPAL,17,2,2,0,1,4,179,179,158,158,4,0,4,32,7,8,20,40,32,6,5
1,1,0,400,400,10,https://resultados2019.blob.core.windows.net/201901/104404.jpg,OK,1,6,SUCHITEPÉQUEZ,SANTO DOMINGO SUCHITEPÉQUEZ,10440,CORPORACIÓN MUNICIPAL,8,2,2,0,1,4,244,244,235,235,13,10,6,42,17,4,5,105,21,1,11
1,2,0,380,380,10,https://resultados2019.blob.core.windows.net/201901/104734.jpg,OK,1,6,SUCHITEPÉQUEZ,SANTO DOMINGO SUCHITEPÉQUEZ,10473,CORPORACIÓN MUNICIPAL,11,2,2,0,1,4,187,187,174,174,85,2,11,17,4,0,7,28,12,7,1
1,4,0,400,405,10,https://resultados2019.blob.core.windows.net/201901/104364.jpg,OK,0,6,SUCHITEPÉQUEZ,SANTO DOMINGO SUCHITEPÉQUEZ,10436,CORPORACIÓN MUNICIPAL,27,2,2,0,1,4,308,308,277,277,7,11,12,48,23,2,10,99,50,1,14
1,6,0,258,258,10,https://resultados2019.blob.core.windows.net/201901/104524.jpg,OK,0,6,SUCHITEPÉQUEZ,SANTO DOMINGO SUCHITEPÉQUEZ,10452,CORPORACIÓN MUNICIPAL,15,2,2,0,1,4,127,127,106,106,10,1,5,26,3,1,6,31,19,0,4
1,6,0,400,401,10,https://resultados2019.blob.core.windows.net/201901/104334.jpg,OK,0,6,SUCHITEPÉQUEZ,SANTO DOMINGO SUCHITEPÉQUEZ,10433,CORPORACIÓN MUNICIPAL,15,2,2,0,1,4,249,249,228,228,18,12,10,40,16,2,7,88,27,0,8
1,3,0,347,353,10,https://resultados2019.blob.core.windows.net/201901/104824.jpg,OK,0,6,SUCHITEPÉQUEZ,SANTO DOMINGO SUCHITEPÉQUEZ,10482,CORPORACIÓN MUNICIPAL,4,2,2,0,1,4,46,46,39,39,5,4,1,8,1,0,2,11,6,0,1
1,4,0,400,397,10,https://resultados2019.blob.core.windows.net/201901/104424.jpg,OK,0,6,SUCHITEPÉQUEZ,SANTO DOMINGO SUCHITEPÉQUEZ,10442,CORPORACIÓN MUNICIPAL,13,2,2,0,1,4,234,234,217,217,14,7,6,41,15,4,16,80,26,0,8
1,2,0,347,347,10,https://resultados2019.blob.core.windows.net/201901/104814.jpg,OK,0,6,SUCHITEPÉQUEZ,SANTO DOMINGO SUCHITEPÉQUEZ,10481,CORPORACIÓN MUNICIPAL,3,2,2,0,1,4,71,71,66,66,4,1,3,14,4,1,5,24,6,0,4
1,3,0,380,380,10,https://resultados2019.blob.core.windows.net/201901/104494.jpg,OK,0,6,SUCHITEPÉQUEZ,SANTO DOMINGO SUCHITEPÉQUEZ,10449,CORPORACIÓN MUNICIPAL,19,2,2,0,1,4,219,219,197,197,8,2,6,56,4,4,8,67,30,1,11
1,7,0,400,399,10,https://resultados2019.blob.core.windows.net/201901/104394.jpg,OK,0,6,SUCHITEPÉQUEZ,SANTO DOMINGO SUCHITEPÉQUEZ,10439,CORPORACIÓN MUNICIPAL,19,2,2,0,1,4,284,284,258,258,10,5,10,47,17,3,10,112,27,4,13
1,4,0,291,291,10,https://resultados2019.blob.core.windows.net/201901/104714.jpg,OK,0,6,SUCHITEPÉQUEZ,SANTO DOMINGO SUCHITEPÉQUEZ,10471,CORPORACIÓN MUNICIPAL,20,2,1,0,1,4,170,170,146,146,4,1,10,49,12,0,15,31,20,0,4
0,4,0,400,397,10,https://resultados2019.blob.core.windows.net/201901/104314.jpg,OK,1,6,SUCHITEPÉQUEZ,SANTO DOMINGO SUCHITEPÉQUEZ,10431,CORPORACIÓN MUNICIPAL,13,2,1,0,1,4,239,220,203,222,8,17,5,27,21,1,11,73,31,1,8
0,3,0,400,400,10,https://resultados2019.blob.core.windows.net/201901/104344.jpg,OK,1,6,SUCHITEPÉQUEZ,SANTO DOMINGO SUCHITEPÉQUEZ,10434,CORPORACIÓN MUNICIPAL,11,2,1,0,1,4,156,256,242,142,13,14,8,41,16,2,9,83,37,3,16
1,5,0,364,364,10,https://resultados2019.blob.core.windows.net/201901/104644.jpg,OK,0,6,SUCHITEPÉQUEZ,SANTO DOMINGO SUCHITEPÉQUEZ,10464,CORPORACIÓN MUNICIPAL,27,2,1,0,1,4,194,194,162,162,2,1,6,32,5,9,17,57,26,4,3
1,12,0,380,385,10,https://resultados2019.blob.core.windows.net/201901/104614.jpg,OK,0,6,SUCHITEPÉQUEZ,SANTO DOMINGO SUCHITEPÉQUEZ,10461,CORPORACIÓN MUNICIPAL,14,2,2,0,1,4,153,153,127,127,3,0,4,17,10,0,10,61,16,0,6
1,6,0,380,380,10,https://resultados2019.blob.core.windows.net/201901/104504.jpg,OK,0,6,SUCHITEPÉQUEZ,SANTO DOMINGO SUCHITEPÉQUEZ,10450,CORPORACIÓN MUNICIPAL,11,2,1,0,1,4,181,181,164,164,15,1,1,40,7,6,8,43,32,2,9
0,9,0,380,379,10,https://resultados2019.blob.core.windows.net/201901/104594.jpg,OK,0,6,SUCHITEPÉQUEZ,SANTO DOMINGO SUCHITEPÉQUEZ,10459,CORPORACIÓN MUNICIPAL,20,2,1,0,1,4,198,197,168,169,1,0,8,22,9,0,11,81,28,0,8
1,4,0,380,380,10,https://resultados2019.blob.core.windows.net/201901/104564.jpg,OK,0,6,SUCHITEPÉQUEZ,SANTO DOMINGO SUCHITEPÉQUEZ,10456,CORPORACIÓN MUNICIPAL,14,2,1,0,1,4,223,223,205,205,0,9,3,45,16,0,14,47,61,1,9
1,5,1,380,380,10,https://resultados2019.blob.core.windows.net/201901/104674.jpg,OK,0,6,SUCHITEPÉQUEZ,SANTO DOMINGO SUCHITEPÉQUEZ,10467,CORPORACIÓN MUNICIPAL,22,2,1,0,1,4,244,244,217,217,2,3,9,89,12,0,36,31,30,0,5
1,9,0,380,380,10,https://resultados2019.blob.core.windows.net/201901/104534.jpg,OK,0,6,SUCHITEPÉQUEZ,SANTO DOMINGO SUCHITEPÉQUEZ,10453,CORPORACIÓN MUNICIPAL,18,2,1,0,1,4,235,235,208,208,5,14,11,39,8,0,22,45,56,2,6
1,4,0,235,235,10,https://resultados2019.blob.core.windows.net/201901/104574.jpg,OK,0,6,SUCHITEPÉQUEZ,SANTO DOMINGO SUCHITEPÉQUEZ,10457,CORPORACIÓN MUNICIPAL,7,2,1,0,1,4,139,139,128,128,2,7,5,23,10,3,16,24,31,2,5
1,6,0,400,400,10,https://resultados2019.blob.core.windows.net/201901/104444.jpg,OK,0,6,SUCHITEPÉQUEZ,SANTO DOMINGO SUCHITEPÉQUEZ,10444,CORPORACIÓN MUNICIPAL,24,2,2,0,1,4,264,264,234,234,16,8,8,36,28,2,6,83,26,0,21
1,2,0,395,395,10,https://resultados2019.blob.core.windows.net/201901/104474.jpg,OK,0,6,SUCHITEPÉQUEZ,SANTO DOMINGO SUCHITEPÉQUEZ,10447,CORPORACIÓN MUNICIPAL,4,2,2,0,1,4,246,246,240,240,10,11,8,51,23,1,16,75,34,1,10
1,6,0,380,380,10,https://resultados2019.blob.core.windows.net/201901/104544.jpg,OK,1,6,SUCHITEPÉQUEZ,SANTO DOMINGO SUCHITEPÉQUEZ,10454,CORPORACIÓN MUNICIPAL,34,2,2,0,1,4,262,262,222,222,5,13,7,35,16,0,15,57,60,0,14
1,3,0,258,258,10,https://resultados2019.blob.core.windows.net/201901/104514.jpg,OK,0,6,SUCHITEPÉQUEZ,SANTO DOMINGO SUCHITEPÉQUEZ,10451,CORPORACIÓN MUNICIPAL,18,2,1,0,1,4,132,132,111,111,7,0,3,19,6,5,8,30,28,0,5
1,13,0,380,0,10,https://resultados2019.blob.core.windows.net/201901/104694.jpg,OK,0,6,SUCHITEPÉQUEZ,SANTO DOMINGO SUCHITEPÉQUEZ,10469,CORPORACIÓN MUNICIPAL,32,2,2,0,1,4,270,270,225,225,8,1,17,56,23,3,43,27,44,0,3
1,3,0,241,241,10,https://resultados2019.blob.core.windows.net/201901/104754.jpg,OK,0,6,SUCHITEPÉQUEZ,SANTO DOMINGO SUCHITEPÉQUEZ,10475,CORPORACIÓN MUNICIPAL,11,2,1,0,1,4,110,110,96,96,41,0,1,11,9,0,4,10,11,8,1
1,6,0,400,400,10,https://resultados2019.blob.core.windows.net/201901/104324.jpg,OK,0,6,SUCHITEPÉQUEZ,SANTO DOMINGO SUCHITEPÉQUEZ,10432,CORPORACIÓN MUNICIPAL,13,2,2,0,1,4,235,235,216,216,21,9,11,38,14,1,8,79,27,1,7
1,2,0,380,380,10,https://resultados2019.blob.core.windows.net/201901/104684.jpg,OK,0,6,SUCHITEPÉQUEZ,SANTO DOMINGO SUCHITEPÉQUEZ,10468,CORPORACIÓN MUNICIPAL,34,2,1,0,1,4,284,284,248,248,5,0,8,125,14,0,26,35,29,0,6
1,4,0,352,349,10,https://resultados2019.blob.core.windows.net/201901/104794.jpg,OK,2,6,SUCHITEPÉQUEZ,SANTO DOMINGO SUCHITEPÉQUEZ,10479,CORPORACIÓN MUNICIPAL,11,2,1,0,1,4,181,181,166,166,6,1,6,68,9,2,4,49,16,0,5
1,8,0,353,353,10,https://resultados2019.blob.core.windows.net/201901/104784.jpg,OK,0,6,SUCHITEPÉQUEZ,SANTO DOMINGO SUCHITEPÉQUEZ,10478,CORPORACIÓN MUNICIPAL,16,2,2,0,1,4,195,195,171,171,3,1,5,52,9,0,11,48,40,1,1
1,10,0,380,380,10,https://resultados2019.blob.core.windows.net/201901/104554.jpg,OK,0,6,SUCHITEPÉQUEZ,SANTO DOMINGO SUCHITEPÉQUEZ,10455,CORPORACIÓN MUNICIPAL,11,2,1,0,1,4,237,237,216,216,3,23,7,48,10,0,19,47,50,0,9
1,3,0,380,385,10,https://resultados2019.blob.core.windows.net/201901/104774.jpg,OK,0,6,SUCHITEPÉQUEZ,SANTO DOMINGO SUCHITEPÉQUEZ,10477,CORPORACIÓN MUNICIPAL,25,2,2,0,1,4,245,245,217,217,6,1,7,71,9,2,11,51,54,0,5
1,2,0,400,400,10,https://resultados2019.blob.core.windows.net/201901/104434.jpg,OK,0,6,SUCHITEPÉQUEZ,SANTO DOMINGO SUCHITEPÉQUEZ,10443,CORPORACIÓN MUNICIPAL,13,2,2,0,1,4,248,248,233,233,12,9,11,43,11,4,14,89,28,4,8
1,3,0,380,380,10,https://resultados2019.blob.core.windows.net/201901/104704.jpg,OK,0,6,SUCHITEPÉQUEZ,SANTO DOMINGO SUCHITEPÉQUEZ,10470,CORPORACIÓN MUNICIPAL,12,2,2,0,1,4,211,211,196,196,10,0,9,66,16,0,29,40,21,0,5
1,3,0,380,380,10,https://resultados2019.blob.core.windows.net/201901/104484.jpg,OK,0,6,SUCHITEPÉQUEZ,SANTO DOMINGO SUCHITEPÉQUEZ,10448,CORPORACIÓN MUNICIPAL,26,2,1,0,1,4,198,198,169,169,14,1,4,45,3,4,3,43,41,2,9
1,6,0,400,400,10,https://resultados2019.blob.core.windows.net/201901/104384.jpg,OK,0,6,SUCHITEPÉQUEZ,SANTO DOMINGO SUCHITEPÉQUEZ,10438,CORPORACIÓN MUNICIPAL,19,2,2,0,1,4,293,293,268,268,12,8,13,53,23,2,11,91,39,1,15
1,6,0,396,396,10,https://resultados2019.blob.core.windows.net/201901/104464.jpg,OK,0,6,SUCHITEPÉQUEZ,SANTO DOMINGO SUCHITEPÉQUEZ,10446,CORPORACIÓN MUNICIPAL,5,2,2,0,1,4,255,255,244,244,12,11,9,46,32,2,13,83,23,3,10
1,3,0,275,275,10,https://resultados2019.blob.core.windows.net/201901/104624.jpg,OK,0,6,SUCHITEPÉQUEZ,SANTO DOMINGO SUCHITEPÉQUEZ,10462,CORPORACIÓN MUNICIPAL,14,2,1,0,1,4,140,140,123,123,0,1,8,5,15,1,6,69,17,0,1
1,6,0,400,400,10,https://resultados2019.blob.core.windows.net/201901/104374.jpg,OK,0,6,SUCHITEPÉQUEZ,SANTO DOMINGO SUCHITEPÉQUEZ,10437,CORPORACIÓN MUNICIPAL,22,2,2,0,1,4,314,314,286,286,8,4,5,68,24,1,7,102,48,1,18
1,6,0,400,400,10,https://resultados2019.blob.core.windows.net/201901/104454.jpg,OK,0,6,SUCHITEPÉQUEZ,SANTO DOMINGO SUCHITEPÉQUEZ,10445,CORPORACIÓN MUNICIPAL,16,2,2,0,1,4,235,235,213,213,9,10,6,41,17,1,9,79,22,3,16
1,5,0,380,379,10,https://resultados2019.blob.core.windows.net/201901/104604.jpg,OK,0,6,SUCHITEPÉQUEZ,SANTO DOMINGO SUCHITEPÉQUEZ,10460,CORPORACIÓN MUNICIPAL,18,2,1,0,1,4,194,194,171,171,4,0,2,7,25,0,20,85,21,0,7
1,8,0,380,380,10,https://resultados2019.blob.core.windows.net/201901/104764.jpg,OK,0,6,SUCHITEPÉQUEZ,SANTO DOMINGO SUCHITEPÉQUEZ,10476,CORPORACIÓN MUNICIPAL,20,2,2,0,1,4,236,236,208,208,1,0,3,66,12,0,11,64,39,2,10
1,3,0,234,234,10,https://resultados2019.blob.core.windows.net/201901/104584.jpg,OK,0,6,SUCHITEPÉQUEZ,SANTO DOMINGO SUCHITEPÉQUEZ,10458,CORPORACIÓN MUNICIPAL,3,2,1,0,1,4,154,154,148,148,3,3,4,53,12,0,17,17,36,0,3
1,10,0,241,241,10,https://resultados2019.blob.core.windows.net/201901/104744.jpg,OK,0,6,SUCHITEPÉQUEZ,SANTO DOMINGO SUCHITEPÉQUEZ,10474,CORPORACIÓN MUNICIPAL,16,2,1,0,1,4,131,131,105,105,30,1,6,19,6,1,7,15,15,4,1
1,5,0,400,400,10,https://resultados2019.blob.core.windows.net/201901/104414.jpg,OK,0,6,SUCHITEPÉQUEZ,SANTO DOMINGO SUCHITEPÉQUEZ,10441,CORPORACIÓN MUNICIPAL,4,2,2,0,1,4,218,218,209,209,7,9,7,50,22,1,10,73,19,1,10
