ACTACUADRA,BLANCOS,CNTIMPUGNA,CNTINSCRITOS,CNTPAPELETAS,DEP,IMGSRC,IMGSTATUS,INVALIDOS,MUN,NDEP,NMUN,NROMESA,NTE,NULOS,STACTA,STESCAN,STFISIC,STTRANS,TIPOELECCION,TOTALACTA,TOTALVOTOS,VOTOSVALIDOS,VOTOSVALIDOSACTA,voto_BIEN,voto_CREO,voto_EG,voto_FCN-NACION,voto_MLP,voto_PODEMOS,voto_SEMILLA,voto_TODOS,voto_UNE,voto_UNIONISTA,voto_VALOR,voto_VAMOS,voto_VIVA
1,7,0,380,380,11,https://resultados2019.blob.core.windows.net/201901/111114.jpg,OK,0,2,RETALHULEU,SAN SEBASTIÁN,11111,CORPORACIÓN MUNICIPAL,23,2,2,0,1,4,305,305,275,275,68,2,3,9,2,3,0,79,4,29,69,4,3
1,3,0,400,400,11,https://resultados2019.blob.core.windows.net/201901/111054.jpg,OK,3,2,RETALHULEU,SAN SEBASTIÁN,11105,CORPORACIÓN MUNICIPAL,2,2,2,0,1,4,283,283,278,278,28,5,0,34,4,10,0,41,2,69,85,0,0
1,4,0,400,400,11,https://resultados2019.blob.core.windows.net/201901/110924.jpg,OK,0,2,RETALHULEU,SAN SEBASTIÁN,11092,CORPORACIÓN MUNICIPAL,13,2,2,0,1,4,324,324,307,307,48,13,5,35,18,8,4,23,2,79,70,2,0
1,3,0,380,380,11,https://resultados2019.blob.core.windows.net/201901/111144.jpg,OK,0,2,RETALHULEU,SAN SEBASTIÁN,11114,CORPORACIÓN MUNICIPAL,15,2,2,0,1,4,284,284,266,266,67,2,1,21,2,4,1,72,3,27,61,1,4
1,2,0,400,400,11,https://resultados2019.blob.core.windows.net/201901/111064.jpg,OK,0,2,RETALHULEU,SAN SEBASTIÁN,11106,CORPORACIÓN MUNICIPAL,2,2,2,0,1,4,306,306,302,302,43,5,0,41,1,7,8,39,4,84,66,2,2
1,7,0,317,317,11,https://resultados2019.blob.core.windows.net/201901/111214.jpg,OK,0,2,RETALHULEU,SAN SEBASTIÁN,11121,CORPORACIÓN MUNICIPAL,6,2,2,0,1,4,149,149,136,136,28,5,0,13,4,2,1,16,2,28,34,3,0
1,3,0,388,388,11,https://resultados2019.blob.core.windows.net/201901/111084.jpg,OK,0,2,RETALHULEU,SAN SEBASTIÁN,11108,CORPORACIÓN MUNICIPAL,4,2,2,0,1,4,250,250,243,243,35,5,0,28,4,10,1,33,3,53,70,0,1
1,4,0,400,400,11,https://resultados2019.blob.core.windows.net/201901/111044.jpg,OK,0,2,RETALHULEU,SAN SEBASTIÁN,11104,CORPORACIÓN MUNICIPAL,13,2,2,0,1,4,271,271,254,254,31,8,0,45,5,3,1,25,2,75,58,1,0
1,6,0,400,400,11,https://resultados2019.blob.core.windows.net/201901/110824.jpg,OK,0,2,RETALHULEU,SAN SEBASTIÁN,11082,CORPORACIÓN MUNICIPAL,12,2,2,0,1,4,285,285,267,267,31,4,2,35,8,9,6,50,3,59,55,5,0
1,2,0,400,400,11,https://resultados2019.blob.core.windows.net/201901/110934.jpg,OK,0,2,RETALHULEU,SAN SEBASTIÁN,11093,CORPORACIÓN MUNICIPAL,5,2,2,0,1,4,284,284,277,277,37,12,0,32,5,4,1,39,3,72,70,2,0
1,2,0,372,372,11,https://resultados2019.blob.core.windows.net/201901/111184.jpg,OK,0,2,RETALHULEU,SAN SEBASTIÁN,11118,CORPORACIÓN MUNICIPAL,2,2,2,0,1,4,269,269,265,265,56,2,2,22,2,4,0,52,2,41,77,3,2
1,0,0,380,380,11,https://resultados2019.blob.core.windows.net/201901/111164.jpg,OK,0,2,RETALHULEU,SAN SEBASTIÁN,11116,CORPORACIÓN MUNICIPAL,14,2,2,0,1,4,285,285,271,271,64,1,1,17,2,3,2,65,4,29,76,2,5
1,7,0,400,400,11,https://resultados2019.blob.core.windows.net/201901/111004.jpg,OK,0,2,RETALHULEU,SAN SEBASTIÁN,11100,CORPORACIÓN MUNICIPAL,14,2,2,0,1,4,298,298,277,277,34,5,1,38,7,5,3,41,5,74,61,2,1
1,7,0,400,398,11,https://resultados2019.blob.core.windows.net/201901/111014.jpg,OK,0,2,RETALHULEU,SAN SEBASTIÁN,11101,CORPORACIÓN MUNICIPAL,22,2,2,0,1,4,294,294,265,265,33,2,3,37,3,6,1,40,6,73,61,0,0
1,6,0,400,400,11,https://resultados2019.blob.core.windows.net/201901/110884.jpg,OK,0,2,RETALHULEU,SAN SEBASTIÁN,11088,CORPORACIÓN MUNICIPAL,16,2,2,0,1,4,339,339,317,317,28,1,3,58,10,8,5,43,5,72,79,3,2
1,2,0,380,380,11,https://resultados2019.blob.core.windows.net/201901/111154.jpg,OK,0,2,RETALHULEU,SAN SEBASTIÁN,11115,CORPORACIÓN MUNICIPAL,12,2,2,0,1,4,286,286,272,272,70,5,2,18,5,6,0,60,5,27,70,2,2
1,0,0,400,400,11,https://resultados2019.blob.core.windows.net/201901/110944.jpg,OK,0,2,RETALHULEU,SAN SEBASTIÁN,11094,CORPORACIÓN MUNICIPAL,3,2,2,0,1,4,263,263,260,260,30,4,0,35,11,5,2,37,1,68,66,1,0
1,3,0,380,380,11,https://resultados2019.blob.core.windows.net/201901/111094.jpg,OK,0,2,RETALHULEU,SAN SEBASTIÁN,11109,CORPORACIÓN MUNICIPAL,14,2,2,0,1,4,302,302,285,285,77,3,3,26,2,2,2,56,5,27,75,5,2
1,6,0,400,400,11,https://resultados2019.blob.core.windows.net/201901/110894.jpg,OK,0,2,RETALHULEU,SAN SEBASTIÁN,11089,CORPORACIÓN MUNICIPAL,7,2,2,0,1,4,316,316,303,303,30,9,1,34,4,1,2,32,2,98,86,3,1
1,1,0,400,400,11,https://resultados2019.blob.core.windows.net/201901/110954.jpg,OK,0,2,RETALHULEU,SAN SEBASTIÁN,11095,CORPORACIÓN MUNICIPAL,7,2,2,0,1,4,270,270,262,262,29,1,1,36,4,7,4,33,2,80,61,3,1
1,3,0,380,380,11,https://resultados2019.blob.core.windows.net/201901/111124.jpg,OK,0,2,RETALHULEU,SAN SEBASTIÁN,11112,CORPORACIÓN MUNICIPAL,19,2,2,0,1,4,301,301,279,279,65,7,3,20,4,0,1,81,4,22,69,1,2
1,6,0,400,400,11,https://resultados2019.blob.core.windows.net/201901/110914.jpg,OK,0,2,RETALHULEU,SAN SEBASTIÁN,11091,CORPORACIÓN MUNICIPAL,19,2,2,0,1,4,328,328,303,303,30,6,2,15,9,7,3,41,2,93,94,1,0
1,1,0,400,400,11,https://resultados2019.blob.core.windows.net/201901/111034.jpg,OK,0,2,RETALHULEU,SAN SEBASTIÁN,11103,CORPORACIÓN MUNICIPAL,15,2,2,0,1,4,275,275,259,259,31,2,1,29,1,9,1,35,4,78,67,1,0
1,7,0,600,599,11,https://resultados2019.blob.core.windows.net/201901/111204.jpg,OK,0,2,RETALHULEU,SAN SEBASTIÁN,11120,CORPORACIÓN MUNICIPAL,11,2,2,0,1,4,255,255,237,237,23,6,1,18,8,6,6,25,5,83,52,2,2
1,3,0,400,400,11,https://resultados2019.blob.core.windows.net/201901/110874.jpg,OK,0,2,RETALHULEU,SAN SEBASTIÁN,11087,CORPORACIÓN MUNICIPAL,25,2,2,0,1,4,320,320,292,292,37,4,1,34,5,2,3,55,5,67,77,2,0
1,5,0,380,380,11,https://resultados2019.blob.core.windows.net/201901/111174.jpg,OK,0,2,RETALHULEU,SAN SEBASTIÁN,11117,CORPORACIÓN MUNICIPAL,26,2,2,0,1,4,294,294,263,263,63,2,0,23,3,4,2,58,3,35,63,3,4
1,6,0,400,400,11,https://resultados2019.blob.core.windows.net/201901/110814.jpg,OK,0,2,RETALHULEU,SAN SEBASTIÁN,11081,CORPORACIÓN MUNICIPAL,18,2,2,0,1,4,296,296,272,272,22,5,2,41,5,5,2,42,4,83,61,0,0
1,6,0,400,400,11,https://resultados2019.blob.core.windows.net/201901/111024.jpg,OK,0,2,RETALHULEU,SAN SEBASTIÁN,11102,CORPORACIÓN MUNICIPAL,27,2,2,0,1,4,293,293,260,260,31,2,1,35,9,8,3,33,3,71,64,0,0
1,3,0,389,389,11,https://resultados2019.blob.core.windows.net/201901/111074.jpg,OK,0,2,RETALHULEU,SAN SEBASTIÁN,11107,CORPORACIÓN MUNICIPAL,1,2,2,0,1,4,312,312,308,308,33,9,1,42,2,4,1,40,4,97,73,2,0
1,1,0,400,400,11,https://resultados2019.blob.core.windows.net/201901/110964.jpg,OK,0,2,RETALHULEU,SAN SEBASTIÁN,11096,CORPORACIÓN MUNICIPAL,8,2,2,0,1,4,306,306,297,297,28,1,2,45,8,9,3,29,1,90,78,2,1
1,4,0,400,400,11,https://resultados2019.blob.core.windows.net/201901/110844.jpg,OK,0,2,RETALHULEU,SAN SEBASTIÁN,11084,CORPORACIÓN MUNICIPAL,11,2,2,0,1,4,299,299,284,284,22,5,1,42,5,10,2,55,3,72,66,1,0
1,3,0,372,372,11,https://resultados2019.blob.core.windows.net/201901/111194.jpg,OK,0,2,RETALHULEU,SAN SEBASTIÁN,11119,CORPORACIÓN MUNICIPAL,6,2,2,0,1,4,295,295,286,286,69,2,3,18,3,6,1,62,3,30,85,2,2
1,3,0,400,400,11,https://resultados2019.blob.core.windows.net/201901/110854.jpg,OK,0,2,RETALHULEU,SAN SEBASTIÁN,11085,CORPORACIÓN MUNICIPAL,18,2,2,0,1,4,307,307,286,286,28,3,2,48,12,8,1,35,6,66,75,2,0
1,1,0,316,317,11,https://resultados2019.blob.core.windows.net/201901/111224.jpg,OK,0,2,RETALHULEU,SAN SEBASTIÁN,11122,CORPORACIÓN MUNICIPAL,6,2,2,0,1,4,106,106,99,99,13,3,1,9,1,3,4,10,1,32,20,2,0
1,4,0,380,380,11,https://resultados2019.blob.core.windows.net/201901/111134.jpg,OK,0,2,RETALHULEU,SAN SEBASTIÁN,11113,CORPORACIÓN MUNICIPAL,11,2,2,0,1,4,294,294,279,279,77,5,5,19,2,2,2,64,1,30,63,6,3
1,8,0,400,400,11,https://resultados2019.blob.core.windows.net/201901/110834.jpg,OK,0,2,RETALHULEU,SAN SEBASTIÁN,11083,CORPORACIÓN MUNICIPAL,17,2,2,0,1,4,296,296,271,271,19,5,3,49,3,7,2,42,8,70,60,3,0
1,6,0,380,380,11,https://resultados2019.blob.core.windows.net/201901/111104.jpg,OK,0,2,RETALHULEU,SAN SEBASTIÁN,11110,CORPORACIÓN MUNICIPAL,18,2,2,0,1,4,313,313,289,289,72,3,2,13,3,6,0,73,6,36,67,3,5
1,4,0,400,400,11,https://resultados2019.blob.core.windows.net/201901/110974.jpg,OK,0,2,RETALHULEU,SAN SEBASTIÁN,11097,CORPORACIÓN MUNICIPAL,13,2,2,0,1,4,301,301,284,284,34,5,1,49,6,0,2,38,4,75,68,2,0
1,1,0,400,400,11,https://resultados2019.blob.core.windows.net/201901/110984.jpg,OK,0,2,RETALHULEU,SAN SEBASTIÁN,11098,CORPORACIÓN MUNICIPAL,14,2,2,0,1,4,296,296,281,281,28,5,0,39,10,8,4,52,2,73,58,1,1
1,4,0,400,400,11,https://resultados2019.blob.core.windows.net/201901/110994.jpg,OK,0,2,RETALHULEU,SAN SEBASTIÁN,11099,CORPORACIÓN MUNICIPAL,3,2,2,0,1,4,293,293,286,286,34,6,1,50,3,7,2,36,4,75,65,2,1
1,4,0,400,400,11,https://resultados2019.blob.core.windows.net/201901/110904.jpg,OK,0,2,RETALHULEU,SAN SEBASTIÁN,11090,CORPORACIÓN MUNICIPAL,12,2,2,0,1,4,337,337,321,321,16,8,1,28,11,9,5,33,6,137,64,2,1
1,7,0,400,400,11,https://resultados2019.blob.core.windows.net/201901/110864.jpg,OK,0,2,RETALHULEU,SAN SEBASTIÁN,11086,CORPORACIÓN MUNICIPAL,14,2,2,0,1,4,310,310,289,289,31,5,1,44,9,4,2,51,5,64,68,3,2
