ACTACUADRA,BLANCOS,CNTIMPUGNA,CNTINSCRITOS,CNTPAPELETAS,DEP,IMGSRC,IMGSTATUS,INVALIDOS,MUN,NDEP,NMUN,NROMESA,NTE,NULOS,STACTA,STESCAN,STFISIC,STTRANS,TIPOELECCION,TOTALACTA,TOTALVOTOS,VOTOSVALIDOS,VOTOSVALIDOSACTA,voto_FCN-NACION,voto_MLP,voto_PC,voto_UNE,voto_VALOR,voto_VAMOS
1,7,0,366,363,11,https://resultados2019.blob.core.windows.net/201901/111434.jpg,OK,0,3,RETALHULEU,SANTA CRUZ MULUÁ,11143,CORPORACIÓN MUNICIPAL,14,2,2,0,1,4,231,231,210,210,1,97,28,8,70,6
1,6,0,400,400,11,https://resultados2019.blob.core.windows.net/201901/111274.jpg,OK,0,3,RETALHULEU,SANTA CRUZ MULUÁ,11127,CORPORACIÓN MUNICIPAL,11,2,2,0,1,4,281,281,264,264,1,10,84,6,115,48
1,11,0,400,400,11,https://resultados2019.blob.core.windows.net/201901/111414.jpg,OK,0,3,RETALHULEU,SANTA CRUZ MULUÁ,11141,CORPORACIÓN MUNICIPAL,12,2,2,0,1,4,257,257,234,234,2,81,31,15,100,5
1,2,0,400,400,11,https://resultados2019.blob.core.windows.net/201901/111314.jpg,OK,0,3,RETALHULEU,SANTA CRUZ MULUÁ,11131,CORPORACIÓN MUNICIPAL,8,2,2,0,1,4,246,246,236,236,3,8,72,7,104,42
1,9,0,400,401,11,https://resultados2019.blob.core.windows.net/201901/111404.jpg,OK,0,3,RETALHULEU,SANTA CRUZ MULUÁ,11140,CORPORACIÓN MUNICIPAL,19,2,2,0,1,4,280,280,252,252,0,112,26,20,88,6
1,8,0,400,400,11,https://resultados2019.blob.core.windows.net/201901/111284.jpg,OK,0,3,RETALHULEU,SANTA CRUZ MULUÁ,11128,CORPORACIÓN MUNICIPAL,12,2,2,0,1,4,333,333,313,313,3,9,96,9,147,49
1,8,0,400,400,11,https://resultados2019.blob.core.windows.net/201901/111304.jpg,OK,0,3,RETALHULEU,SANTA CRUZ MULUÁ,11130,CORPORACIÓN MUNICIPAL,9,2,2,0,1,4,309,309,292,292,8,9,94,7,128,46
1,6,0,400,400,11,https://resultados2019.blob.core.windows.net/201901/111334.jpg,OK,0,3,RETALHULEU,SANTA CRUZ MULUÁ,11133,CORPORACIÓN MUNICIPAL,5,2,2,0,1,4,277,277,266,266,5,7,96,8,104,46
1,5,0,400,400,11,https://resultados2019.blob.core.windows.net/201901/111254.jpg,OK,0,3,RETALHULEU,SANTA CRUZ MULUÁ,11125,CORPORACIÓN MUNICIPAL,7,2,2,0,1,4,294,294,282,282,9,14,87,6,132,34
1,1,0,257,257,11,https://resultados2019.blob.core.windows.net/201901/111374.jpg,OK,0,3,RETALHULEU,SANTA CRUZ MULUÁ,11137,CORPORACIÓN MUNICIPAL,2,2,2,0,1,4,214,214,211,211,3,6,77,2,94,29
1,16,0,400,400,11,https://resultados2019.blob.core.windows.net/201901/111394.jpg,OK,0,3,RETALHULEU,SANTA CRUZ MULUÁ,11139,CORPORACIÓN MUNICIPAL,31,2,2,0,1,4,305,305,258,258,2,107,21,18,101,9
1,5,0,400,400,11,https://resultados2019.blob.core.windows.net/201901/111324.jpg,OK,0,3,RETALHULEU,SANTA CRUZ MULUÁ,11132,CORPORACIÓN MUNICIPAL,8,2,2,0,1,4,264,264,251,251,6,18,87,5,100,35
1,2,0,404,401,11,https://resultados2019.blob.core.windows.net/201901/111444.jpg,OK,0,3,RETALHULEU,SANTA CRUZ MULUÁ,11144,CORPORACIÓN MUNICIPAL,2,2,2,0,1,4,107,107,103,103,1,14,31,3,43,11
1,2,0,400,400,11,https://resultados2019.blob.core.windows.net/201901/111354.jpg,OK,0,3,RETALHULEU,SANTA CRUZ MULUÁ,11135,CORPORACIÓN MUNICIPAL,6,2,2,0,1,4,270,270,262,262,5,12,111,5,99,30
1,10,0,367,367,11,https://resultados2019.blob.core.windows.net/201901/111424.jpg,OK,0,3,RETALHULEU,SANTA CRUZ MULUÁ,11142,CORPORACIÓN MUNICIPAL,26,2,2,0,1,4,238,238,202,202,2,78,25,5,87,5
1,1,0,400,396,11,https://resultados2019.blob.core.windows.net/201901/111364.jpg,OK,0,3,RETALHULEU,SANTA CRUZ MULUÁ,11136,CORPORACIÓN MUNICIPAL,4,2,2,0,1,4,273,273,268,268,1,8,90,4,123,42
1,5,0,400,401,11,https://resultados2019.blob.core.windows.net/201901/111234.jpg,OK,0,3,RETALHULEU,SANTA CRUZ MULUÁ,11123,CORPORACIÓN MUNICIPAL,23,2,2,0,1,4,278,278,250,250,4,5,90,8,108,35
1,0,0,257,257,11,https://resultados2019.blob.core.windows.net/201901/111384.jpg,OK,0,3,RETALHULEU,SANTA CRUZ MULUÁ,11138,CORPORACIÓN MUNICIPAL,6,2,2,0,1,4,195,195,189,189,2,6,66,7,81,27
1,7,0,400,400,11,https://resultados2019.blob.core.windows.net/201901/111244.jpg,OK,0,3,RETALHULEU,SANTA CRUZ MULUÁ,11124,CORPORACIÓN MUNICIPAL,15,2,2,0,1,4,275,275,253,253,2,10,85,7,111,38
1,7,0,400,400,11,https://resultados2019.blob.core.windows.net/201901/111294.jpg,OK,0,3,RETALHULEU,SANTA CRUZ MULUÁ,11129,CORPORACIÓN MUNICIPAL,9,2,2,0,1,4,339,339,323,323,9,5,109,5,146,49
1,2,0,400,400,11,https://resultados2019.blob.core.windows.net/201901/111264.jpg,OK,0,3,RETALHULEU,SANTA CRUZ MULUÁ,11126,CORPORACIÓN MUNICIPAL,15,2,2,0,1,4,308,308,291,291,2,11,104,9,130,35
1,4,0,400,400,11,https://resultados2019.blob.core.windows.net/201901/111344.jpg,OK,0,3,RETALHULEU,SANTA CRUZ MULUÁ,11134,CORPORACIÓN MUNICIPAL,17,2,2,0,1,4,275,275,254,254,3,14,96,7,92,42
