ACTACUADRA,BLANCOS,CNTIMPUGNA,CNTINSCRITOS,CNTPAPELETAS,DEP,IMGSRC,IMGSTATUS,INVALIDOS,MUN,NDEP,NMUN,NROMESA,NTE,NULOS,STACTA,STESCAN,STFISIC,STTRANS,TIPOELECCION,TOTALACTA,TOTALVOTOS,VOTOSVALIDOS,VOTOSVALIDOSACTA,voto_BIEN,voto_FUERZA,voto_PODEMOS,voto_UCN,voto_UNE,voto_URNG_MAIZ,voto_VALOR,voto_VAMOS
1,1,8,400,400,11,https://resultados2019.blob.core.windows.net/201901/111874.jpg,OK,0,5,RETALHULEU,SAN FELIPE,11187,CORPORACIÓN MUNICIPAL,9,2,2,0,1,4,308,308,298,298,84,0,62,8,40,2,91,11
1,3,6,400,400,11,https://resultados2019.blob.core.windows.net/201901/111674.jpg,OK,0,5,RETALHULEU,SAN FELIPE,11167,CORPORACIÓN MUNICIPAL,5,2,2,0,1,4,293,293,285,285,77,0,51,4,43,5,98,7
1,8,52,600,600,11,https://resultados2019.blob.core.windows.net/201901/111994.jpg,OK,0,5,RETALHULEU,SAN FELIPE,11199,CORPORACIÓN MUNICIPAL,7,2,2,0,1,4,221,221,206,206,70,4,37,5,12,2,52,24
1,5,0,400,400,11,https://resultados2019.blob.core.windows.net/201901/111794.jpg,OK,0,5,RETALHULEU,SAN FELIPE,11179,CORPORACIÓN MUNICIPAL,11,2,2,0,1,4,322,322,306,306,93,0,66,9,40,1,83,14
1,1,97,400,400,11,https://resultados2019.blob.core.windows.net/201901/111854.jpg,OK,0,5,RETALHULEU,SAN FELIPE,11185,CORPORACIÓN MUNICIPAL,5,2,2,0,1,4,299,299,293,293,83,1,66,7,32,0,97,7
1,3,2,400,396,11,https://resultados2019.blob.core.windows.net/201901/111764.jpg,OK,0,5,RETALHULEU,SAN FELIPE,11176,CORPORACIÓN MUNICIPAL,5,2,2,0,1,4,335,335,327,327,81,2,65,10,49,1,103,16
1,2,8,400,400,11,https://resultados2019.blob.core.windows.net/201901/111884.jpg,OK,0,5,RETALHULEU,SAN FELIPE,11188,CORPORACIÓN MUNICIPAL,10,2,2,0,1,4,286,286,274,274,72,0,57,7,35,2,89,12
1,5,93,400,396,11,https://resultados2019.blob.core.windows.net/201901/111864.jpg,OK,0,5,RETALHULEU,SAN FELIPE,11186,CORPORACIÓN MUNICIPAL,6,2,2,0,1,4,308,308,297,297,81,0,71,3,39,0,93,10
1,2,125,400,400,11,https://resultados2019.blob.core.windows.net/201901/111964.jpg,OK,0,5,RETALHULEU,SAN FELIPE,11196,CORPORACIÓN MUNICIPAL,1,2,2,0,1,4,338,338,335,335,76,1,93,1,32,2,125,5
1,6,0,400,400,11,https://resultados2019.blob.core.windows.net/201901/111724.jpg,OK,0,5,RETALHULEU,SAN FELIPE,11172,CORPORACIÓN MUNICIPAL,16,2,2,0,1,4,316,316,294,294,64,2,76,4,38,3,90,17
1,5,1,400,395,11,https://resultados2019.blob.core.windows.net/201901/111744.jpg,OK,1,5,RETALHULEU,SAN FELIPE,11174,CORPORACIÓN MUNICIPAL,13,2,2,0,1,4,327,327,309,309,64,3,61,6,34,3,127,11
1,2,77,248,249,11,https://resultados2019.blob.core.windows.net/201901/111974.jpg,OK,1,5,RETALHULEU,SAN FELIPE,11197,CORPORACIÓN MUNICIPAL,2,2,2,0,1,4,199,199,195,195,51,1,46,3,16,0,77,1
1,3,2,400,400,11,https://resultados2019.blob.core.windows.net/201901/111704.jpg,OK,0,5,RETALHULEU,SAN FELIPE,11170,CORPORACIÓN MUNICIPAL,18,2,2,0,1,4,325,325,304,304,79,2,73,6,27,0,101,16
1,1,7,400,400,11,https://resultados2019.blob.core.windows.net/201901/111814.jpg,OK,0,5,RETALHULEU,SAN FELIPE,11181,CORPORACIÓN MUNICIPAL,4,2,2,0,1,4,288,288,283,283,71,0,61,6,33,2,100,10
1,3,0,247,247,11,https://resultados2019.blob.core.windows.net/201901/111984.jpg,OK,1,5,RETALHULEU,SAN FELIPE,11198,CORPORACIÓN MUNICIPAL,3,2,2,0,1,4,172,172,166,166,39,0,50,2,10,1,63,1
1,5,8,400,401,11,https://resultados2019.blob.core.windows.net/201901/111904.jpg,OK,0,5,RETALHULEU,SAN FELIPE,11190,CORPORACIÓN MUNICIPAL,5,2,2,0,1,4,304,304,294,294,79,1,60,4,40,1,99,10
1,6,0,400,400,11,https://resultados2019.blob.core.windows.net/201901/111684.jpg,OK,0,5,RETALHULEU,SAN FELIPE,11168,CORPORACIÓN MUNICIPAL,20,2,2,0,1,4,294,294,268,268,62,1,57,12,14,1,108,13
1,3,90,400,401,11,https://resultados2019.blob.core.windows.net/201901/111934.jpg,OK,0,5,RETALHULEU,SAN FELIPE,11193,CORPORACIÓN MUNICIPAL,9,2,2,0,1,4,290,290,278,278,73,0,54,7,40,1,90,13
1,4,81,400,396,11,https://resultados2019.blob.core.windows.net/201901/111824.jpg,OK,0,5,RETALHULEU,SAN FELIPE,11182,CORPORACIÓN MUNICIPAL,4,2,2,0,1,4,284,284,276,276,75,1,63,6,36,1,81,13
1,6,93,400,400,11,https://resultados2019.blob.core.windows.net/201901/111714.jpg,OK,0,5,RETALHULEU,SAN FELIPE,11171,CORPORACIÓN MUNICIPAL,17,2,2,0,1,4,332,332,309,309,105,3,56,4,31,4,92,14
1,3,0,400,400,11,https://resultados2019.blob.core.windows.net/201901/111784.jpg,OK,0,5,RETALHULEU,SAN FELIPE,11178,CORPORACIÓN MUNICIPAL,11,2,2,0,1,4,317,317,303,303,84,4,72,4,37,3,89,10
1,6,102,400,400,11,https://resultados2019.blob.core.windows.net/201901/111914.jpg,OK,102,5,RETALHULEU,SAN FELIPE,11191,CORPORACIÓN MUNICIPAL,10,2,2,0,1,4,298,298,282,282,73,1,54,9,39,0,102,4
1,2,0,400,400,11,https://resultados2019.blob.core.windows.net/201901/111834.jpg,OK,0,5,RETALHULEU,SAN FELIPE,11183,CORPORACIÓN MUNICIPAL,8,2,2,0,1,4,281,281,271,271,82,0,56,5,28,2,91,7
1,3,2,400,400,11,https://resultados2019.blob.core.windows.net/201901/111924.jpg,OK,0,5,RETALHULEU,SAN FELIPE,11192,CORPORACIÓN MUNICIPAL,15,2,2,0,1,4,287,287,269,269,68,1,53,3,27,0,106,11
1,2,55,407,407,11,https://resultados2019.blob.core.windows.net/201901/112004.jpg,OK,0,5,RETALHULEU,SAN FELIPE,11200,CORPORACIÓN MUNICIPAL,4,2,2,0,1,4,179,179,173,173,51,0,32,1,18,2,55,14
1,0,93,400,400,11,https://resultados2019.blob.core.windows.net/201901/111954.jpg,OK,0,5,RETALHULEU,SAN FELIPE,11195,CORPORACIÓN MUNICIPAL,2,2,2,0,1,4,310,310,308,308,87,0,66,8,39,0,93,15
1,2,0,400,399,11,https://resultados2019.blob.core.windows.net/201901/111694.jpg,OK,0,5,RETALHULEU,SAN FELIPE,11169,CORPORACIÓN MUNICIPAL,13,2,2,0,1,4,322,322,307,307,95,1,72,11,27,1,87,13
1,2,28,407,407,11,https://resultados2019.blob.core.windows.net/201901/112014.jpg,OK,0,5,RETALHULEU,SAN FELIPE,11201,CORPORACIÓN MUNICIPAL,7,2,2,0,1,4,128,128,119,119,34,0,32,5,8,0,28,12
1,4,84,400,403,11,https://resultados2019.blob.core.windows.net/201901/111894.jpg,OK,0,5,RETALHULEU,SAN FELIPE,11189,CORPORACIÓN MUNICIPAL,12,2,2,0,1,4,289,289,273,273,81,2,63,5,25,2,84,11
1,3,104,400,400,11,https://resultados2019.blob.core.windows.net/201901/111844.jpg,OK,0,5,RETALHULEU,SAN FELIPE,11184,CORPORACIÓN MUNICIPAL,6,2,2,0,1,4,300,300,291,291,74,1,64,6,23,4,104,15
1,11,0,400,400,11,https://resultados2019.blob.core.windows.net/201901/111754.jpg,OK,0,5,RETALHULEU,SAN FELIPE,11175,CORPORACIÓN MUNICIPAL,16,2,2,0,1,4,327,327,300,300,64,0,77,9,30,1,108,11
1,1,4,400,400,11,https://resultados2019.blob.core.windows.net/201901/111804.jpg,OK,0,5,RETALHULEU,SAN FELIPE,11180,CORPORACIÓN MUNICIPAL,2,2,2,0,1,4,293,293,290,290,75,0,70,3,32,1,94,15
1,6,111,400,400,11,https://resultados2019.blob.core.windows.net/201901/111774.jpg,OK,0,5,RETALHULEU,SAN FELIPE,11177,CORPORACIÓN MUNICIPAL,17,2,2,0,1,4,322,322,299,299,66,0,75,7,28,2,111,10
1,12,0,400,400,11,https://resultados2019.blob.core.windows.net/201901/111734.jpg,OK,0,5,RETALHULEU,SAN FELIPE,11173,CORPORACIÓN MUNICIPAL,11,2,2,0,1,4,311,311,288,288,80,3,66,4,17,1,100,17
1,1,10,400,401,11,https://resultados2019.blob.core.windows.net/201901/111944.jpg,OK,109,5,RETALHULEU,SAN FELIPE,11194,CORPORACIÓN MUNICIPAL,12,2,2,0,1,4,292,292,279,279,66,1,66,5,28,4,103,6
