ACTACUADRA,BLANCOS,CNTIMPUGNA,CNTINSCRITOS,CNTPAPELETAS,DEP,IMGSRC,IMGSTATUS,INVALIDOS,MUN,NDEP,NMUN,NROMESA,NTE,NULOS,STACTA,STESCAN,STFISIC,STTRANS,TIPOELECCION,TOTALACTA,TOTALVOTOS,VOTOSVALIDOS,VOTOSVALIDOSACTA,voto_BIEN,voto_FCN-NACION,voto_FUERZA,voto_MLP,voto_PODEMOS,voto_PPT,voto_TODOS,voto_UCN,voto_UNE,voto_UNIDOS,voto_VALOR,voto_VAMOS
1,6,0,348,348,11,https://resultados2019.blob.core.windows.net/201901/112344.jpg,OK,0,6,RETALHULEU,SAN ANDRÉS VILLA SECA,11234,CORPORACIÓN MUNICIPAL,4,2,2,0,1,4,215,215,205,205,2,30,12,6,26,13,47,2,18,0,10,39
1,6,0,380,380,11,https://resultados2019.blob.core.windows.net/201901/112294.jpg,OK,0,6,RETALHULEU,SAN ANDRÉS VILLA SECA,11229,CORPORACIÓN MUNICIPAL,6,2,2,0,1,4,244,244,232,232,4,41,13,12,26,18,36,1,31,1,14,35
1,8,0,380,380,11,https://resultados2019.blob.core.windows.net/201901/112424.jpg,OK,0,6,RETALHULEU,SAN ANDRÉS VILLA SECA,11242,CORPORACIÓN MUNICIPAL,27,2,2,0,1,4,263,263,228,228,0,61,22,8,20,5,20,0,16,0,8,68
1,6,0,380,380,11,https://resultados2019.blob.core.windows.net/201901/112284.jpg,OK,0,6,RETALHULEU,SAN ANDRÉS VILLA SECA,11228,CORPORACIÓN MUNICIPAL,23,2,2,0,1,4,241,241,212,212,6,51,11,14,17,18,46,1,12,1,18,17
1,5,0,380,380,11,https://resultados2019.blob.core.windows.net/201901/112514.jpg,OK,0,6,RETALHULEU,SAN ANDRÉS VILLA SECA,11251,CORPORACIÓN MUNICIPAL,8,2,2,0,1,4,231,231,218,218,6,61,15,13,24,7,11,0,8,1,14,58
1,1,0,298,298,11,https://resultados2019.blob.core.windows.net/201901/112564.jpg,OK,0,6,RETALHULEU,SAN ANDRÉS VILLA SECA,11256,CORPORACIÓN MUNICIPAL,4,2,2,0,1,4,202,202,197,197,2,50,11,9,19,1,17,0,4,0,6,78
1,6,0,233,233,11,https://resultados2019.blob.core.windows.net/201901/112254.jpg,OK,0,6,RETALHULEU,SAN ANDRÉS VILLA SECA,11225,CORPORACIÓN MUNICIPAL,14,2,2,0,1,4,151,151,131,131,3,45,7,5,5,3,27,0,15,1,11,9
1,3,0,380,380,11,https://resultados2019.blob.core.windows.net/201901/112244.jpg,OK,0,6,RETALHULEU,SAN ANDRÉS VILLA SECA,11224,CORPORACIÓN MUNICIPAL,19,2,2,0,1,4,217,217,195,195,7,69,9,2,10,1,53,5,16,0,10,13
1,4,0,600,596,11,https://resultados2019.blob.core.windows.net/201901/112594.jpg,OK,0,6,RETALHULEU,SAN ANDRÉS VILLA SECA,11259,CORPORACIÓN MUNICIPAL,8,2,2,0,1,4,107,107,95,95,6,10,6,9,3,4,7,2,19,0,22,7
1,5,0,380,380,11,https://resultados2019.blob.core.windows.net/201901/112534.jpg,OK,0,6,RETALHULEU,SAN ANDRÉS VILLA SECA,11253,CORPORACIÓN MUNICIPAL,10,2,2,0,1,4,229,229,214,214,10,53,14,6,17,3,22,2,11,0,8,68
1,7,0,400,400,11,https://resultados2019.blob.core.windows.net/201901/112064.jpg,OK,0,6,RETALHULEU,SAN ANDRÉS VILLA SECA,11206,CORPORACIÓN MUNICIPAL,30,2,2,0,1,4,283,283,246,246,7,9,1,10,14,4,8,0,116,2,69,6
1,8,0,380,380,11,https://resultados2019.blob.core.windows.net/201901/112274.jpg,OK,0,6,RETALHULEU,SAN ANDRÉS VILLA SECA,11227,CORPORACIÓN MUNICIPAL,14,2,2,0,1,4,244,244,222,222,1,55,12,16,16,24,38,0,14,1,16,29
1,16,0,311,311,11,https://resultados2019.blob.core.windows.net/201901/112404.jpg,OK,0,6,RETALHULEU,SAN ANDRÉS VILLA SECA,11240,CORPORACIÓN MUNICIPAL,21,2,2,0,1,4,211,211,174,174,0,9,10,10,8,4,8,0,55,0,50,20
1,8,0,380,380,11,https://resultados2019.blob.core.windows.net/201901/112324.jpg,OK,0,6,RETALHULEU,SAN ANDRÉS VILLA SECA,11232,CORPORACIÓN MUNICIPAL,17,2,2,0,1,4,216,216,191,191,1,43,12,15,12,10,34,2,18,0,14,30
1,4,2,400,400,11,https://resultados2019.blob.core.windows.net/201901/112034.jpg,OK,0,6,RETALHULEU,SAN ANDRÉS VILLA SECA,11203,CORPORACIÓN MUNICIPAL,23,2,2,0,1,4,270,270,243,243,10,17,1,5,19,5,4,2,106,0,66,8
1,11,0,400,400,11,https://resultados2019.blob.core.windows.net/201901/112054.jpg,OK,0,6,RETALHULEU,SAN ANDRÉS VILLA SECA,11205,CORPORACIÓN MUNICIPAL,18,2,2,0,1,4,294,294,265,265,7,24,3,7,21,12,9,4,99,2,69,8
1,8,0,380,380,11,https://resultados2019.blob.core.windows.net/201901/112224.jpg,OK,0,6,RETALHULEU,SAN ANDRÉS VILLA SECA,11222,CORPORACIÓN MUNICIPAL,13,2,2,0,1,4,237,237,216,216,13,78,7,9,12,3,53,5,8,2,13,13
1,3,0,400,400,11,https://resultados2019.blob.core.windows.net/201901/112094.jpg,OK,0,6,RETALHULEU,SAN ANDRÉS VILLA SECA,11209,CORPORACIÓN MUNICIPAL,15,2,2,0,1,4,254,254,236,236,5,19,3,5,15,12,9,2,89,5,65,7
1,10,0,400,400,11,https://resultados2019.blob.core.windows.net/201901/112074.jpg,OK,0,6,RETALHULEU,SAN ANDRÉS VILLA SECA,11207,CORPORACIÓN MUNICIPAL,25,2,2,0,1,4,288,288,253,253,7,29,2,11,33,2,6,5,79,3,68,8
1,4,0,297,297,11,https://resultados2019.blob.core.windows.net/201901/112574.jpg,OK,0,6,RETALHULEU,SAN ANDRÉS VILLA SECA,11257,CORPORACIÓN MUNICIPAL,2,2,2,0,1,4,194,194,188,188,2,53,7,7,21,2,7,0,3,0,9,77
1,1,1,311,311,11,https://resultados2019.blob.core.windows.net/201901/112414.jpg,OK,0,6,RETALHULEU,SAN ANDRÉS VILLA SECA,11241,CORPORACIÓN MUNICIPAL,10,2,2,0,1,4,177,177,166,166,2,7,17,12,7,2,6,1,51,0,47,14
1,3,0,400,400,11,https://resultados2019.blob.core.windows.net/201901/112104.jpg,OK,0,6,RETALHULEU,SAN ANDRÉS VILLA SECA,11210,CORPORACIÓN MUNICIPAL,9,2,2,0,1,4,249,249,237,237,7,18,1,3,24,3,6,2,85,2,75,11
1,1,0,234,231,11,https://resultados2019.blob.core.windows.net/201901/112214.jpg,OK,0,6,RETALHULEU,SAN ANDRÉS VILLA SECA,11221,CORPORACIÓN MUNICIPAL,8,2,2,0,1,4,160,160,151,151,11,15,3,4,6,4,7,0,75,0,24,2
1,9,0,380,380,11,https://resultados2019.blob.core.windows.net/201901/112484.jpg,OK,0,6,RETALHULEU,SAN ANDRÉS VILLA SECA,11248,CORPORACIÓN MUNICIPAL,13,2,2,0,1,4,265,265,243,243,3,68,17,9,17,9,23,0,12,0,4,81
1,6,0,380,380,11,https://resultados2019.blob.core.windows.net/201901/112354.jpg,OK,0,6,RETALHULEU,SAN ANDRÉS VILLA SECA,11235,CORPORACIÓN MUNICIPAL,31,2,2,0,1,4,261,261,224,224,8,7,24,19,14,4,11,6,56,1,55,19
1,7,0,400,400,11,https://resultados2019.blob.core.windows.net/201901/112144.jpg,OK,0,6,RETALHULEU,SAN ANDRÉS VILLA SECA,11214,CORPORACIÓN MUNICIPAL,22,2,2,0,1,4,241,241,212,212,11,10,2,7,13,7,9,2,111,0,31,9
1,8,0,400,396,11,https://resultados2019.blob.core.windows.net/201901/112154.jpg,OK,0,6,RETALHULEU,SAN ANDRÉS VILLA SECA,11215,CORPORACIÓN MUNICIPAL,14,2,2,0,1,4,272,272,250,250,12,20,0,6,21,8,20,4,108,2,40,9
1,4,0,324,324,11,https://resultados2019.blob.core.windows.net/201901/112134.jpg,OK,0,6,RETALHULEU,SAN ANDRÉS VILLA SECA,11213,CORPORACIÓN MUNICIPAL,6,2,2,0,1,4,209,209,199,199,3,4,1,3,25,2,2,3,84,2,65,5
1,6,0,380,380,11,https://resultados2019.blob.core.windows.net/201901/112504.jpg,OK,0,6,RETALHULEU,SAN ANDRÉS VILLA SECA,11250,CORPORACIÓN MUNICIPAL,9,2,2,0,1,4,231,231,216,216,3,62,11,12,14,5,14,4,7,0,8,76
1,7,0,400,400,11,https://resultados2019.blob.core.windows.net/201901/112114.jpg,OK,0,6,RETALHULEU,SAN ANDRÉS VILLA SECA,11211,CORPORACIÓN MUNICIPAL,17,2,2,0,1,4,246,246,222,222,8,17,1,13,18,4,11,0,87,2,56,5
1,9,0,380,380,11,https://resultados2019.blob.core.windows.net/201901/112364.jpg,OK,0,6,RETALHULEU,SAN ANDRÉS VILLA SECA,11236,CORPORACIÓN MUNICIPAL,29,2,2,0,1,4,251,251,213,213,4,8,21,21,12,2,13,0,52,2,70,8
1,0,0,380,380,11,https://resultados2019.blob.core.windows.net/201901/112494.jpg,OK,0,6,RETALHULEU,SAN ANDRÉS VILLA SECA,11249,CORPORACIÓN MUNICIPAL,6,2,2,0,1,4,203,203,197,197,1,47,18,8,20,4,15,1,7,0,4,72
1,9,0,380,380,11,https://resultados2019.blob.core.windows.net/201901/112314.jpg,OK,0,6,RETALHULEU,SAN ANDRÉS VILLA SECA,11231,CORPORACIÓN MUNICIPAL,14,2,2,0,1,4,232,232,209,209,3,38,9,16,28,17,33,3,22,1,15,24
1,5,0,380,380,11,https://resultados2019.blob.core.windows.net/201901/112304.jpg,OK,0,6,RETALHULEU,SAN ANDRÉS VILLA SECA,11230,CORPORACIÓN MUNICIPAL,16,2,2,0,1,4,208,208,187,187,4,41,13,12,24,9,39,0,8,0,13,24
1,2,0,600,600,11,https://resultados2019.blob.core.windows.net/201901/112584.jpg,OK,0,6,RETALHULEU,SAN ANDRÉS VILLA SECA,11258,CORPORACIÓN MUNICIPAL,10,2,2,0,1,4,121,121,109,109,5,11,3,4,11,5,8,5,23,1,29,4
1,2,0,324,324,11,https://resultados2019.blob.core.windows.net/201901/112124.jpg,OK,0,6,RETALHULEU,SAN ANDRÉS VILLA SECA,11212,CORPORACIÓN MUNICIPAL,2,2,2,0,1,4,207,207,203,203,3,24,1,5,16,6,6,1,80,3,50,8
1,6,0,380,380,11,https://resultados2019.blob.core.windows.net/201901/112524.jpg,OK,1,6,RETALHULEU,SAN ANDRÉS VILLA SECA,11252,CORPORACIÓN MUNICIPAL,16,2,2,0,1,4,256,256,234,234,6,48,16,9,31,7,23,2,9,0,8,75
1,5,0,380,380,11,https://resultados2019.blob.core.windows.net/201901/112394.jpg,OK,0,6,RETALHULEU,SAN ANDRÉS VILLA SECA,11239,CORPORACIÓN MUNICIPAL,16,2,2,0,1,4,229,229,208,208,1,9,13,14,15,3,14,0,55,2,63,19
1,12,0,380,380,11,https://resultados2019.blob.core.windows.net/201901/112384.jpg,OK,0,6,RETALHULEU,SAN ANDRÉS VILLA SECA,11238,CORPORACIÓN MUNICIPAL,31,2,2,0,1,4,261,261,218,218,8,3,5,12,16,9,26,0,65,1,53,20
1,4,0,380,380,11,https://resultados2019.blob.core.windows.net/201901/112234.jpg,OK,0,6,RETALHULEU,SAN ANDRÉS VILLA SECA,11223,CORPORACIÓN MUNICIPAL,19,2,2,0,1,4,258,258,235,235,5,99,10,2,28,3,34,4,20,0,11,19
1,6,0,380,380,11,https://resultados2019.blob.core.windows.net/201901/112454.jpg,OK,0,6,RETALHULEU,SAN ANDRÉS VILLA SECA,11245,CORPORACIÓN MUNICIPAL,24,2,2,0,1,4,265,265,235,235,9,65,24,5,22,5,19,3,14,0,7,62
1,9,0,400,400,11,https://resultados2019.blob.core.windows.net/201901/112024.jpg,OK,0,6,RETALHULEU,SAN ANDRÉS VILLA SECA,11202,CORPORACIÓN MUNICIPAL,21,2,2,0,1,4,258,258,228,228,5,16,1,8,22,5,9,0,81,0,72,9
1,13,0,400,400,11,https://resultados2019.blob.core.windows.net/201901/112174.jpg,OK,0,6,RETALHULEU,SAN ANDRÉS VILLA SECA,11217,CORPORACIÓN MUNICIPAL,21,2,2,0,1,4,292,292,258,258,13,20,1,3,14,3,12,0,144,0,38,10
1,7,0,400,400,11,https://resultados2019.blob.core.windows.net/201901/112084.jpg,OK,0,6,RETALHULEU,SAN ANDRÉS VILLA SECA,11208,CORPORACIÓN MUNICIPAL,11,2,2,0,1,4,278,278,260,260,19,28,1,7,9,6,8,0,127,2,49,4
1,9,0,400,400,11,https://resultados2019.blob.core.windows.net/201901/112044.jpg,OK,0,6,RETALHULEU,SAN ANDRÉS VILLA SECA,11204,CORPORACIÓN MUNICIPAL,19,2,2,0,1,4,278,278,250,250,11,20,1,5,21,8,12,2,100,1,59,10
1,10,0,380,380,11,https://resultados2019.blob.core.windows.net/201901/112374.jpg,OK,0,6,RETALHULEU,SAN ANDRÉS VILLA SECA,11237,CORPORACIÓN MUNICIPAL,31,2,2,0,1,4,256,256,215,215,6,3,18,11,20,2,14,5,72,1,44,19
1,1,0,383,383,11,https://resultados2019.blob.core.windows.net/201901/112604.jpg,OK,0,6,RETALHULEU,SAN ANDRÉS VILLA SECA,11260,CORPORACIÓN MUNICIPAL,2,2,2,0,1,4,52,52,49,49,2,5,1,2,9,4,3,0,16,0,5,2
1,4,0,400,409,11,https://resultados2019.blob.core.windows.net/201901/112194.jpg,OK,0,6,RETALHULEU,SAN ANDRÉS VILLA SECA,11219,CORPORACIÓN MUNICIPAL,15,2,2,0,1,4,229,229,210,210,14,15,3,9,15,4,4,0,109,4,29,4
1,4,0,380,377,11,https://resultados2019.blob.core.windows.net/201901/112464.jpg,OK,0,6,RETALHULEU,SAN ANDRÉS VILLA SECA,11246,CORPORACIÓN MUNICIPAL,12,2,2,0,1,4,252,252,236,236,1,76,26,8,19,3,11,1,9,0,8,74
1,3,0,235,235,11,https://resultados2019.blob.core.windows.net/201901/112204.jpg,OK,0,6,RETALHULEU,SAN ANDRÉS VILLA SECA,11220,CORPORACIÓN MUNICIPAL,9,2,2,0,1,4,134,134,122,122,5,14,3,2,3,3,5,4,55,1,22,5
1,10,0,400,384,11,https://resultados2019.blob.core.windows.net/201901/112184.jpg,OK,0,6,RETALHULEU,SAN ANDRÉS VILLA SECA,11218,CORPORACIÓN MUNICIPAL,14,2,2,0,1,4,248,248,224,224,9,15,1,3,12,7,10,2,121,3,34,7
1,8,0,380,380,11,https://resultados2019.blob.core.windows.net/201901/112444.jpg,OK,0,6,RETALHULEU,SAN ANDRÉS VILLA SECA,11244,CORPORACIÓN MUNICIPAL,22,2,2,0,1,4,251,251,221,221,8,59,22,14,20,4,15,1,10,1,17,50
1,0,0,382,381,11,https://resultados2019.blob.core.windows.net/201901/112614.jpg,OK,0,6,RETALHULEU,SAN ANDRÉS VILLA SECA,11261,CORPORACIÓN MUNICIPAL,1,2,2,0,1,4,25,25,24,24,1,4,2,1,1,0,2,1,6,1,1,4
1,5,0,400,400,11,https://resultados2019.blob.core.windows.net/201901/112164.jpg,OK,0,6,RETALHULEU,SAN ANDRÉS VILLA SECA,11216,CORPORACIÓN MUNICIPAL,16,2,2,0,1,4,266,266,245,245,17,16,3,11,14,7,17,1,115,3,36,5
1,6,0,380,380,11,https://resultados2019.blob.core.windows.net/201901/112554.jpg,OK,0,6,RETALHULEU,SAN ANDRÉS VILLA SECA,11255,CORPORACIÓN MUNICIPAL,10,2,2,0,1,4,234,234,218,218,3,56,19,4,14,8,17,3,3,2,7,82
1,2,0,233,233,11,https://resultados2019.blob.core.windows.net/201901/112264.jpg,OK,0,6,RETALHULEU,SAN ANDRÉS VILLA SECA,11226,CORPORACIÓN MUNICIPAL,4,2,2,0,1,4,143,143,137,137,1,45,7,5,7,1,43,4,6,0,9,9
1,5,0,380,380,11,https://resultados2019.blob.core.windows.net/201901/112474.jpg,OK,0,6,RETALHULEU,SAN ANDRÉS VILLA SECA,11247,CORPORACIÓN MUNICIPAL,10,2,2,0,1,4,244,244,229,229,5,66,29,7,14,4,9,1,6,1,9,78
1,2,0,348,348,11,https://resultados2019.blob.core.windows.net/201901/112334.jpg,OK,0,6,RETALHULEU,SAN ANDRÉS VILLA SECA,11233,CORPORACIÓN MUNICIPAL,14,2,2,0,1,4,200,200,184,184,4,42,12,11,17,10,30,3,10,1,12,32
1,7,0,380,380,11,https://resultados2019.blob.core.windows.net/201901/112434.jpg,OK,0,6,RETALHULEU,SAN ANDRÉS VILLA SECA,11243,CORPORACIÓN MUNICIPAL,20,2,2,0,1,4,251,251,224,224,0,69,19,18,23,2,16,3,11,0,9,54
1,4,0,380,383,11,https://resultados2019.blob.core.windows.net/201901/112544.jpg,OK,0,6,RETALHULEU,SAN ANDRÉS VILLA SECA,11254,CORPORACIÓN MUNICIPAL,17,2,2,0,1,4,221,221,200,200,6,52,13,4,22,6,12,0,8,0,12,65
