ACTACUADRA,BLANCOS,CNTIMPUGNA,CNTINSCRITOS,CNTPAPELETAS,DEP,IMGSRC,IMGSTATUS,INVALIDOS,MUN,NDEP,NMUN,NROMESA,NTE,NULOS,STACTA,STESCAN,STFISIC,STTRANS,TIPOELECCION,TOTALACTA,TOTALVOTOS,VOTOSVALIDOS,VOTOSVALIDOSACTA,voto_BIEN,voto_CCCC,voto_CREO,voto_FCN-NACION,voto_FUERZA,voto_MLP,voto_PHG,voto_PODEMOS,voto_TODOS,voto_UCN,voto_UNE,voto_UNIDOS,voto_VALOR,voto_VAMOS,voto_VIVA,voto_WINAQ-URNG
1,5,0,202,202,11,https://resultados2019.blob.core.windows.net/201901/113094.jpg,OK,0,7,RETALHULEU,CHAMPERICO,11309,CORPORACIÓN MUNICIPAL,5,2,2,0,1,4,126,126,116,116,8,13,0,1,3,26,7,4,6,1,34,0,4,5,2,2
1,4,0,400,400,11,https://resultados2019.blob.core.windows.net/201901/112624.jpg,OK,0,7,RETALHULEU,CHAMPERICO,11262,CORPORACIÓN MUNICIPAL,12,2,2,0,1,4,231,231,215,215,17,51,3,1,4,4,2,38,28,1,21,0,22,17,4,2
1,3,0,292,292,11,https://resultados2019.blob.core.windows.net/201901/112924.jpg,OK,0,7,RETALHULEU,CHAMPERICO,11292,CORPORACIÓN MUNICIPAL,6,2,2,0,1,4,184,184,175,175,9,17,12,1,5,21,5,30,17,1,42,0,3,9,3,0
1,2,0,448,448,11,https://resultados2019.blob.core.windows.net/201901/113114.jpg,OK,0,7,RETALHULEU,CHAMPERICO,11311,CORPORACIÓN MUNICIPAL,7,2,2,0,1,4,112,112,103,103,5,20,3,3,3,3,3,7,10,3,26,2,8,4,1,2
1,3,0,400,400,11,https://resultados2019.blob.core.windows.net/201901/112754.jpg,OK,0,7,RETALHULEU,CHAMPERICO,11275,CORPORACIÓN MUNICIPAL,7,2,2,0,1,4,233,233,223,223,18,47,0,3,6,5,1,28,49,5,37,0,5,14,5,0
1,4,0,380,380,11,https://resultados2019.blob.core.windows.net/201901/112904.jpg,OK,0,7,RETALHULEU,CHAMPERICO,11290,CORPORACIÓN MUNICIPAL,18,2,2,0,1,4,230,230,208,208,7,25,11,5,2,28,3,23,18,5,52,3,12,9,4,1
1,6,0,380,379,11,https://resultados2019.blob.core.windows.net/201901/112814.jpg,OK,0,7,RETALHULEU,CHAMPERICO,11281,CORPORACIÓN MUNICIPAL,15,2,2,0,1,4,239,239,218,218,13,24,16,3,3,23,2,24,21,11,51,1,9,13,4,0
1,4,0,380,380,11,https://resultados2019.blob.core.windows.net/201901/112794.jpg,OK,0,7,RETALHULEU,CHAMPERICO,11279,CORPORACIÓN MUNICIPAL,16,2,2,0,1,4,237,237,217,217,11,18,8,1,2,29,3,13,26,7,61,3,7,15,8,5
1,9,0,380,380,11,https://resultados2019.blob.core.windows.net/201901/113064.jpg,OK,0,7,RETALHULEU,CHAMPERICO,11306,CORPORACIÓN MUNICIPAL,10,2,2,0,1,4,222,222,203,203,19,35,4,1,1,32,5,8,15,4,49,0,10,10,3,7
1,3,0,380,380,11,https://resultados2019.blob.core.windows.net/201901/112994.jpg,OK,0,7,RETALHULEU,CHAMPERICO,11299,CORPORACIÓN MUNICIPAL,18,2,2,0,1,4,244,244,223,223,11,38,9,2,9,33,4,5,19,1,60,0,10,14,4,4
1,3,0,380,380,11,https://resultados2019.blob.core.windows.net/201901/112844.jpg,OK,0,7,RETALHULEU,CHAMPERICO,11284,CORPORACIÓN MUNICIPAL,10,2,2,0,1,4,217,217,204,204,9,27,10,0,4,25,0,33,25,3,41,1,6,11,7,2
1,3,0,380,380,11,https://resultados2019.blob.core.windows.net/201901/113004.jpg,OK,0,7,RETALHULEU,CHAMPERICO,11300,CORPORACIÓN MUNICIPAL,3,2,2,0,1,4,193,193,187,187,12,28,2,4,2,22,4,11,18,0,52,0,12,11,2,7
1,10,0,380,380,11,https://resultados2019.blob.core.windows.net/201901/112884.jpg,OK,0,7,RETALHULEU,CHAMPERICO,11288,CORPORACIÓN MUNICIPAL,16,2,2,0,1,4,249,249,223,223,8,25,13,3,2,36,2,23,23,0,47,2,12,20,4,3
1,3,0,400,400,11,https://resultados2019.blob.core.windows.net/201901/112634.jpg,OK,0,7,RETALHULEU,CHAMPERICO,11263,CORPORACIÓN MUNICIPAL,13,2,2,0,1,4,267,267,251,251,19,54,2,4,8,4,0,36,57,3,31,0,17,14,2,0
1,6,0,380,380,11,https://resultados2019.blob.core.windows.net/201901/113074.jpg,OK,0,7,RETALHULEU,CHAMPERICO,11307,CORPORACIÓN MUNICIPAL,5,2,2,0,1,4,208,208,197,197,14,18,6,3,1,38,11,8,9,1,52,0,6,20,2,8
1,6,0,400,400,11,https://resultados2019.blob.core.windows.net/201901/112674.jpg,OK,0,7,RETALHULEU,CHAMPERICO,11267,CORPORACIÓN MUNICIPAL,17,2,2,0,1,4,272,272,249,249,21,64,1,2,3,6,1,32,51,4,32,1,14,14,3,0
1,1,0,202,202,11,https://resultados2019.blob.core.windows.net/201901/113084.jpg,OK,0,7,RETALHULEU,CHAMPERICO,11308,CORPORACIÓN MUNICIPAL,1,2,2,0,1,4,140,140,138,138,14,18,1,0,5,13,6,8,9,0,43,0,8,10,1,2
1,9,0,380,380,11,https://resultados2019.blob.core.windows.net/201901/112864.jpg,OK,0,7,RETALHULEU,CHAMPERICO,11286,CORPORACIÓN MUNICIPAL,12,2,2,0,1,4,257,257,236,236,11,26,6,1,2,39,1,24,36,4,50,1,10,11,9,5
0,6,0,400,404,11,https://resultados2019.blob.core.windows.net/201901/112744.jpg,OK,0,7,RETALHULEU,CHAMPERICO,11274,CORPORACIÓN MUNICIPAL,10,2,2,0,1,4,278,279,263,262,10,63,2,5,8,5,1,35,57,1,34,2,24,11,0,5
1,4,0,400,400,11,https://resultados2019.blob.core.windows.net/201901/112664.jpg,OK,0,7,RETALHULEU,CHAMPERICO,11266,CORPORACIÓN MUNICIPAL,7,2,2,0,1,4,279,279,268,268,20,56,4,2,7,4,3,44,53,1,28,2,17,20,7,0
1,4,0,400,401,11,https://resultados2019.blob.core.windows.net/201901/112704.jpg,OK,0,7,RETALHULEU,CHAMPERICO,11270,CORPORACIÓN MUNICIPAL,7,2,2,0,1,4,228,228,217,217,16,55,3,1,5,7,1,29,45,0,27,1,11,14,2,0
1,2,0,400,396,11,https://resultados2019.blob.core.windows.net/201901/112724.jpg,OK,0,7,RETALHULEU,CHAMPERICO,11272,CORPORACIÓN MUNICIPAL,4,2,2,0,1,4,228,228,222,222,20,49,1,3,10,6,1,34,26,5,33,0,14,12,7,1
1,7,0,380,380,11,https://resultados2019.blob.core.windows.net/201901/113044.jpg,OK,0,7,RETALHULEU,CHAMPERICO,11304,CORPORACIÓN MUNICIPAL,7,2,2,0,1,4,232,232,218,218,17,31,7,2,1,35,7,17,22,1,47,0,3,20,4,4
1,1,0,251,251,11,https://resultados2019.blob.core.windows.net/201901/112784.jpg,OK,0,7,RETALHULEU,CHAMPERICO,11278,CORPORACIÓN MUNICIPAL,3,2,2,0,1,4,139,139,135,135,9,35,1,1,2,1,0,15,29,3,20,0,13,4,2,0
1,8,0,400,400,11,https://resultados2019.blob.core.windows.net/201901/112684.jpg,OK,0,7,RETALHULEU,CHAMPERICO,11268,CORPORACIÓN MUNICIPAL,7,2,2,0,1,4,268,268,253,253,24,74,4,2,10,6,0,19,49,6,30,0,10,14,4,1
1,15,0,380,380,11,https://resultados2019.blob.core.windows.net/201901/112984.jpg,OK,0,7,RETALHULEU,CHAMPERICO,11298,CORPORACIÓN MUNICIPAL,14,2,2,0,1,4,254,254,225,225,27,20,7,5,5,23,7,2,22,3,70,0,12,9,4,9
1,5,0,400,396,11,https://resultados2019.blob.core.windows.net/201901/112734.jpg,OK,0,7,RETALHULEU,CHAMPERICO,11273,CORPORACIÓN MUNICIPAL,11,2,2,0,1,4,253,253,237,237,17,44,2,3,7,9,5,31,46,3,37,0,8,15,9,1
1,1,0,252,252,11,https://resultados2019.blob.core.windows.net/201901/112774.jpg,OK,0,7,RETALHULEU,CHAMPERICO,11277,CORPORACIÓN MUNICIPAL,2,2,2,0,1,4,157,157,154,154,16,40,0,1,3,2,3,17,32,0,11,1,12,12,4,0
1,2,0,400,400,11,https://resultados2019.blob.core.windows.net/201901/112714.jpg,OK,0,7,RETALHULEU,CHAMPERICO,11271,CORPORACIÓN MUNICIPAL,15,2,2,0,1,4,239,239,222,222,11,56,3,3,4,5,3,33,31,4,31,2,18,14,3,1
1,5,0,380,380,11,https://resultados2019.blob.core.windows.net/201901/113014.jpg,OK,0,7,RETALHULEU,CHAMPERICO,11301,CORPORACIÓN MUNICIPAL,13,2,2,0,1,4,211,211,193,193,11,26,5,5,3,35,4,14,12,0,53,0,9,6,2,8
1,5,0,380,380,11,https://resultados2019.blob.core.windows.net/201901/112894.jpg,OK,0,7,RETALHULEU,CHAMPERICO,11289,CORPORACIÓN MUNICIPAL,16,2,2,0,1,4,248,248,227,227,19,26,8,4,0,42,5,28,20,4,48,0,9,10,2,2
1,6,0,380,380,11,https://resultados2019.blob.core.windows.net/201901/113024.jpg,OK,0,7,RETALHULEU,CHAMPERICO,11302,CORPORACIÓN MUNICIPAL,12,2,2,0,1,4,220,220,202,202,13,21,8,4,1,33,3,10,13,3,62,0,12,14,1,4
1,5,0,380,380,11,https://resultados2019.blob.core.windows.net/201901/112824.jpg,OK,20,7,RETALHULEU,CHAMPERICO,11282,CORPORACIÓN MUNICIPAL,15,2,2,0,1,4,277,277,257,257,10,34,16,1,6,33,5,25,39,3,47,4,17,9,7,1
1,8,0,380,380,11,https://resultados2019.blob.core.windows.net/201901/113034.jpg,OK,0,7,RETALHULEU,CHAMPERICO,11303,CORPORACIÓN MUNICIPAL,12,2,2,0,1,4,226,226,206,206,9,19,0,4,3,44,13,3,25,1,56,0,9,9,3,8
1,3,0,400,397,11,https://resultados2019.blob.core.windows.net/201901/112694.jpg,OK,0,7,RETALHULEU,CHAMPERICO,11269,CORPORACIÓN MUNICIPAL,9,2,2,0,1,4,272,272,260,260,11,51,2,6,4,13,2,25,57,2,43,0,18,20,5,1
1,3,0,328,328,11,https://resultados2019.blob.core.windows.net/201901/112944.jpg,OK,0,7,RETALHULEU,CHAMPERICO,11294,CORPORACIÓN MUNICIPAL,15,2,2,0,1,4,190,190,172,172,0,4,2,0,1,29,1,2,21,2,91,0,6,1,0,12
1,12,0,380,380,11,https://resultados2019.blob.core.windows.net/201901/112974.jpg,OK,0,7,RETALHULEU,CHAMPERICO,11297,CORPORACIÓN MUNICIPAL,17,2,2,0,1,4,215,215,186,186,7,13,2,4,4,53,4,3,13,0,46,1,8,13,0,15
1,9,0,380,380,11,https://resultados2019.blob.core.windows.net/201901/112854.jpg,OK,0,7,RETALHULEU,CHAMPERICO,11285,CORPORACIÓN MUNICIPAL,12,2,2,0,1,4,270,270,249,249,18,32,13,2,3,22,5,21,34,6,69,0,12,8,2,2
1,4,0,380,380,11,https://resultados2019.blob.core.windows.net/201901/112874.jpg,OK,0,7,RETALHULEU,CHAMPERICO,11287,CORPORACIÓN MUNICIPAL,11,2,2,0,1,4,259,259,244,244,18,31,11,6,3,32,3,31,21,1,54,1,13,9,8,2
1,10,0,328,328,11,https://resultados2019.blob.core.windows.net/201901/112954.jpg,OK,0,7,RETALHULEU,CHAMPERICO,11295,CORPORACIÓN MUNICIPAL,17,2,2,0,1,4,197,197,170,170,2,1,1,0,2,25,1,4,31,4,84,0,2,2,0,11
0,1,0,447,447,11,https://resultados2019.blob.core.windows.net/201901/113124.jpg,OK,0,7,RETALHULEU,CHAMPERICO,11312,CORPORACIÓN MUNICIPAL,5,2,2,0,1,4,48,52,46,46,4,6,0,1,0,3,0,3,9,0,9,1,5,4,1,0
1,4,0,400,400,11,https://resultados2019.blob.core.windows.net/201901/112654.jpg,OK,0,7,RETALHULEU,CHAMPERICO,11265,CORPORACIÓN MUNICIPAL,10,2,2,0,1,4,254,254,240,240,13,61,2,1,5,10,2,38,56,2,18,0,12,16,4,0
1,12,0,380,380,11,https://resultados2019.blob.core.windows.net/201901/112934.jpg,OK,0,7,RETALHULEU,CHAMPERICO,11293,CORPORACIÓN MUNICIPAL,22,2,2,0,1,4,235,235,201,201,0,4,0,0,1,22,1,5,43,0,97,3,6,1,3,15
1,5,0,600,600,11,https://resultados2019.blob.core.windows.net/201901/113104.jpg,OK,0,7,RETALHULEU,CHAMPERICO,11310,CORPORACIÓN MUNICIPAL,10,2,2,0,1,4,117,117,102,102,5,18,5,0,1,6,2,12,17,3,19,0,4,8,2,0
1,4,0,380,380,11,https://resultados2019.blob.core.windows.net/201901/112834.jpg,OK,1,7,RETALHULEU,CHAMPERICO,11283,CORPORACIÓN MUNICIPAL,13,2,2,0,1,4,249,249,232,232,14,31,17,2,4,28,4,19,38,1,50,0,4,11,7,2
1,3,0,400,400,11,https://resultados2019.blob.core.windows.net/201901/112764.jpg,OK,0,7,RETALHULEU,CHAMPERICO,11276,CORPORACIÓN MUNICIPAL,9,2,2,0,1,4,244,244,232,232,16,54,3,0,8,4,1,39,34,4,30,0,20,15,2,2
1,8,0,380,380,11,https://resultados2019.blob.core.windows.net/201901/113054.jpg,OK,0,7,RETALHULEU,CHAMPERICO,11305,CORPORACIÓN MUNICIPAL,24,2,2,0,1,4,219,219,187,187,18,29,6,1,3,34,6,4,16,1,34,1,16,13,3,2
1,1,0,292,292,11,https://resultados2019.blob.core.windows.net/201901/112914.jpg,OK,0,7,RETALHULEU,CHAMPERICO,11291,CORPORACIÓN MUNICIPAL,6,2,2,0,1,4,178,178,171,171,9,20,8,4,2,25,2,19,14,1,40,0,5,15,7,0
1,8,0,380,380,11,https://resultados2019.blob.core.windows.net/201901/112804.jpg,OK,0,7,RETALHULEU,CHAMPERICO,11280,CORPORACIÓN MUNICIPAL,16,2,2,0,1,4,248,248,224,224,13,29,11,2,8,17,1,22,25,7,52,1,15,8,8,5
1,13,0,380,385,11,https://resultados2019.blob.core.windows.net/201901/112964.jpg,OK,0,7,RETALHULEU,CHAMPERICO,11296,CORPORACIÓN MUNICIPAL,23,2,2,0,1,4,226,226,190,190,12,22,4,4,5,50,3,7,8,0,41,0,1,12,3,18
1,4,0,400,400,11,https://resultados2019.blob.core.windows.net/201901/112644.jpg,OK,0,7,RETALHULEU,CHAMPERICO,11264,CORPORACIÓN MUNICIPAL,19,2,2,0,1,4,265,265,242,242,22,55,3,4,8,3,1,24,40,2,34,0,17,20,9,0
