ACTACUADRA,BLANCOS,CNTIMPUGNA,CNTINSCRITOS,CNTPAPELETAS,DEP,IMGSRC,IMGSTATUS,INVALIDOS,MUN,NDEP,NMUN,NROMESA,NTE,NULOS,STACTA,STESCAN,STFISIC,STTRANS,TIPOELECCION,TOTALACTA,TOTALVOTOS,VOTOSVALIDOS,VOTOSVALIDOSACTA,voto_CCC,voto_UCN,voto_UNE,voto_VAMOS,voto_VIVA
1,2,0,363,363,12,https://resultados2019.blob.core.windows.net/201901/124984.jpg,OK,0,17,SAN MARCOS,AYUTLA,12498,CORPORACIÓN MUNICIPAL,1,2,2,0,1,4,43,43,40,40,21,1,3,14,1
1,0,0,400,0,12,https://resultados2019.blob.core.windows.net/201901/124654.jpg,OK,0,17,SAN MARCOS,AYUTLA,12465,CORPORACIÓN MUNICIPAL,10,2,2,0,1,4,209,209,199,199,140,1,11,32,15
1,4,0,400,400,12,https://resultados2019.blob.core.windows.net/201901/124734.jpg,OK,0,17,SAN MARCOS,AYUTLA,12473,CORPORACIÓN MUNICIPAL,9,2,2,0,1,4,193,193,180,180,124,0,7,40,9
1,5,0,400,400,12,https://resultados2019.blob.core.windows.net/201901/124714.jpg,OK,0,17,SAN MARCOS,AYUTLA,12471,CORPORACIÓN MUNICIPAL,16,2,1,0,1,4,225,225,204,204,151,1,8,36,8
1,3,0,380,483,12,https://resultados2019.blob.core.windows.net/201901/124814.jpg,OK,0,17,SAN MARCOS,AYUTLA,12481,CORPORACIÓN MUNICIPAL,11,2,2,0,1,4,249,249,235,235,125,0,21,77,12
1,1,0,400,0,12,https://resultados2019.blob.core.windows.net/201901/124704.jpg,OK,0,17,SAN MARCOS,AYUTLA,12470,CORPORACIÓN MUNICIPAL,13,2,1,0,1,4,223,223,209,209,134,4,13,42,16
1,5,0,400,400,12,https://resultados2019.blob.core.windows.net/201901/124544.jpg,OK,0,17,SAN MARCOS,AYUTLA,12454,CORPORACIÓN MUNICIPAL,16,2,2,0,1,4,205,205,184,184,127,1,10,32,14
1,1,0,313,312,12,https://resultados2019.blob.core.windows.net/201901/124884.jpg,OK,0,17,SAN MARCOS,AYUTLA,12488,CORPORACIÓN MUNICIPAL,11,2,2,0,1,4,190,190,178,178,115,0,11,45,7
1,6,0,600,600,12,https://resultados2019.blob.core.windows.net/201901/124954.jpg,OK,0,17,SAN MARCOS,AYUTLA,12495,CORPORACIÓN MUNICIPAL,14,2,2,0,1,4,193,193,173,173,105,3,9,38,18
1,6,0,380,383,12,https://resultados2019.blob.core.windows.net/201901/124854.jpg,OK,0,17,SAN MARCOS,AYUTLA,12485,CORPORACIÓN MUNICIPAL,16,2,2,0,1,4,239,239,217,217,106,1,12,86,12
1,2,0,400,406,12,https://resultados2019.blob.core.windows.net/201901/124894.jpg,OK,0,17,SAN MARCOS,AYUTLA,12489,CORPORACIÓN MUNICIPAL,25,2,2,0,1,4,239,239,212,212,143,2,18,19,30
1,5,0,380,380,12,https://resultados2019.blob.core.windows.net/201901/124794.jpg,OK,0,17,SAN MARCOS,AYUTLA,12479,CORPORACIÓN MUNICIPAL,9,2,2,0,1,4,251,251,237,237,121,4,21,71,20
1,9,0,314,314,12,https://resultados2019.blob.core.windows.net/201901/124874.jpg,OK,0,17,SAN MARCOS,AYUTLA,12487,CORPORACIÓN MUNICIPAL,19,2,2,0,1,4,157,157,129,129,70,2,6,46,5
1,4,0,400,395,12,https://resultados2019.blob.core.windows.net/201901/124664.jpg,OK,0,17,SAN MARCOS,AYUTLA,12466,CORPORACIÓN MUNICIPAL,13,2,2,0,1,4,203,203,186,186,134,2,6,31,13
1,6,0,400,400,12,https://resultados2019.blob.core.windows.net/201901/124614.jpg,OK,0,17,SAN MARCOS,AYUTLA,12461,CORPORACIÓN MUNICIPAL,14,2,2,0,1,4,246,246,226,226,157,3,9,46,11
1,7,0,380,380,12,https://resultados2019.blob.core.windows.net/201901/124824.jpg,OK,0,17,SAN MARCOS,AYUTLA,12482,CORPORACIÓN MUNICIPAL,18,2,2,0,1,4,237,237,212,212,116,0,20,69,7
1,1,0,400,400,12,https://resultados2019.blob.core.windows.net/201901/124554.jpg,OK,0,17,SAN MARCOS,AYUTLA,12455,CORPORACIÓN MUNICIPAL,16,2,2,0,1,4,231,231,214,214,141,1,15,44,13
1,0,0,230,230,12,https://resultados2019.blob.core.windows.net/201901/124944.jpg,OK,0,17,SAN MARCOS,AYUTLA,12494,CORPORACIÓN MUNICIPAL,1,2,2,0,1,4,123,123,122,122,94,0,4,12,12
1,2,0,400,0,12,https://resultados2019.blob.core.windows.net/201901/124754.jpg,OK,0,17,SAN MARCOS,AYUTLA,12475,CORPORACIÓN MUNICIPAL,7,2,2,0,1,4,201,201,192,192,143,0,6,28,15
1,5,0,400,400,12,https://resultados2019.blob.core.windows.net/201901/124604.jpg,OK,0,17,SAN MARCOS,AYUTLA,12460,CORPORACIÓN MUNICIPAL,8,2,2,0,1,4,234,234,221,221,135,1,11,57,17
1,2,0,400,400,12,https://resultados2019.blob.core.windows.net/201901/124524.jpg,OK,0,17,SAN MARCOS,AYUTLA,12452,CORPORACIÓN MUNICIPAL,16,2,2,0,1,4,205,205,187,187,122,3,10,40,12
0,0,0,400,0,12,https://resultados2019.blob.core.windows.net/201901/124674.jpg,OK,3,17,SAN MARCOS,AYUTLA,12467,CORPORACIÓN MUNICIPAL,0,2,2,0,1,4,189,186,186,186,133,1,8,32,12
1,3,0,363,367,12,https://resultados2019.blob.core.windows.net/201901/124974.jpg,OK,0,17,SAN MARCOS,AYUTLA,12497,CORPORACIÓN MUNICIPAL,6,2,2,0,1,4,112,112,103,103,68,1,6,24,4
1,3,0,364,0,12,https://resultados2019.blob.core.windows.net/201901/124764.jpg,OK,0,17,SAN MARCOS,AYUTLA,12476,CORPORACIÓN MUNICIPAL,3,2,2,0,1,4,229,229,223,223,176,2,6,32,7
1,2,0,600,0,12,https://resultados2019.blob.core.windows.net/201901/124964.jpg,OK,0,17,SAN MARCOS,AYUTLA,12496,CORPORACIÓN MUNICIPAL,10,2,2,0,1,4,172,172,160,160,96,0,12,40,12
1,3,0,380,380,12,https://resultados2019.blob.core.windows.net/201901/124784.jpg,OK,0,17,SAN MARCOS,AYUTLA,12478,CORPORACIÓN MUNICIPAL,20,2,2,0,1,4,225,225,202,202,102,4,26,60,10
1,3,0,400,397,12,https://resultados2019.blob.core.windows.net/201901/124564.jpg,OK,0,17,SAN MARCOS,AYUTLA,12456,CORPORACIÓN MUNICIPAL,17,2,2,0,1,4,236,236,216,216,139,1,13,45,18
1,4,0,400,0,12,https://resultados2019.blob.core.windows.net/201901/124724.jpg,OK,0,17,SAN MARCOS,AYUTLA,12472,CORPORACIÓN MUNICIPAL,12,2,2,0,1,4,204,204,188,188,120,1,7,44,16
1,1,0,400,0,12,https://resultados2019.blob.core.windows.net/201901/124634.jpg,OK,0,17,SAN MARCOS,AYUTLA,12463,CORPORACIÓN MUNICIPAL,7,2,2,0,1,4,182,182,174,174,122,2,10,30,10
1,1,0,400,400,12,https://resultados2019.blob.core.windows.net/201901/124624.jpg,OK,0,17,SAN MARCOS,AYUTLA,12462,CORPORACIÓN MUNICIPAL,7,2,2,0,1,4,231,231,223,223,160,2,7,40,14
1,2,0,380,380,12,https://resultados2019.blob.core.windows.net/201901/124834.jpg,OK,0,17,SAN MARCOS,AYUTLA,12483,CORPORACIÓN MUNICIPAL,5,2,2,0,1,4,212,212,205,205,114,4,26,49,12
1,3,0,400,0,12,https://resultados2019.blob.core.windows.net/201901/124744.jpg,OK,0,17,SAN MARCOS,AYUTLA,12474,CORPORACIÓN MUNICIPAL,8,2,2,0,1,4,184,184,173,173,127,2,8,27,9
1,3,0,380,380,12,https://resultados2019.blob.core.windows.net/201901/124844.jpg,OK,0,17,SAN MARCOS,AYUTLA,12484,CORPORACIÓN MUNICIPAL,9,2,2,0,1,4,211,211,199,199,119,2,19,54,5
1,0,0,400,395,12,https://resultados2019.blob.core.windows.net/201901/124924.jpg,OK,0,17,SAN MARCOS,AYUTLA,12492,CORPORACIÓN MUNICIPAL,16,2,2,0,1,4,222,222,206,206,146,2,13,21,24
1,0,0,400,400,12,https://resultados2019.blob.core.windows.net/201901/124914.jpg,OK,0,17,SAN MARCOS,AYUTLA,12491,CORPORACIÓN MUNICIPAL,7,2,2,0,1,4,246,246,239,239,165,1,15,25,33
1,1,0,230,232,12,https://resultados2019.blob.core.windows.net/201901/124934.jpg,OK,0,17,SAN MARCOS,AYUTLA,12493,CORPORACIÓN MUNICIPAL,9,2,2,0,1,4,137,137,127,127,81,0,9,17,20
1,3,0,400,400,12,https://resultados2019.blob.core.windows.net/201901/124574.jpg,OK,0,17,SAN MARCOS,AYUTLA,12457,CORPORACIÓN MUNICIPAL,10,2,2,0,1,4,215,215,202,202,141,2,12,32,15
1,0,0,400,400,12,https://resultados2019.blob.core.windows.net/201901/124684.jpg,OK,0,17,SAN MARCOS,AYUTLA,12468,CORPORACIÓN MUNICIPAL,17,2,1,0,1,4,214,214,197,197,133,1,9,42,12
1,1,0,400,400,12,https://resultados2019.blob.core.windows.net/201901/124644.jpg,OK,0,17,SAN MARCOS,AYUTLA,12464,CORPORACIÓN MUNICIPAL,8,2,2,0,1,4,176,176,167,167,122,1,5,31,8
1,6,0,380,380,12,https://resultados2019.blob.core.windows.net/201901/124864.jpg,OK,0,17,SAN MARCOS,AYUTLA,12486,CORPORACIÓN MUNICIPAL,16,2,2,0,1,4,207,207,185,185,88,5,28,59,5
1,0,0,400,400,12,https://resultados2019.blob.core.windows.net/201901/124594.jpg,OK,0,17,SAN MARCOS,AYUTLA,12459,CORPORACIÓN MUNICIPAL,10,2,2,0,1,4,235,235,225,225,150,7,12,40,16
1,5,0,400,400,12,https://resultados2019.blob.core.windows.net/201901/124584.jpg,OK,0,17,SAN MARCOS,AYUTLA,12458,CORPORACIÓN MUNICIPAL,16,2,2,0,1,4,267,267,246,246,167,5,15,43,16
1,2,0,380,0,12,https://resultados2019.blob.core.windows.net/201901/124804.jpg,OK,0,17,SAN MARCOS,AYUTLA,12480,CORPORACIÓN MUNICIPAL,11,2,2,0,1,4,221,221,208,208,98,3,18,79,10
1,3,0,363,363,12,https://resultados2019.blob.core.windows.net/201901/124774.jpg,OK,0,17,SAN MARCOS,AYUTLA,12477,CORPORACIÓN MUNICIPAL,5,2,2,0,1,4,160,160,152,152,115,0,6,26,5
1,2,0,400,400,12,https://resultados2019.blob.core.windows.net/201901/124904.jpg,OK,0,17,SAN MARCOS,AYUTLA,12490,CORPORACIÓN MUNICIPAL,15,2,2,0,1,4,269,269,252,252,182,2,4,30,34
1,2,0,400,401,12,https://resultados2019.blob.core.windows.net/201901/124694.jpg,OK,1,17,SAN MARCOS,AYUTLA,12469,CORPORACIÓN MUNICIPAL,14,2,2,0,1,4,178,178,162,162,116,4,4,27,11
1,2,0,400,400,12,https://resultados2019.blob.core.windows.net/201901/124534.jpg,OK,0,17,SAN MARCOS,AYUTLA,12453,CORPORACIÓN MUNICIPAL,29,2,2,0,1,4,209,209,178,178,119,0,17,26,16
