ACTACUADRA,BLANCOS,CNTIMPUGNA,CNTINSCRITOS,CNTPAPELETAS,DEP,IMGSRC,IMGSTATUS,INVALIDOS,MUN,NDEP,NMUN,NROMESA,NTE,NULOS,STACTA,STESCAN,STFISIC,STTRANS,TIPOELECCION,TOTALACTA,TOTALVOTOS,VOTOSVALIDOS,VOTOSVALIDOSACTA,voto_C.C.N.I.,voto_CREO,voto_EG,voto_FCN-NACION,voto_FUERZA,voto_PAN,voto_PHG,voto_UCN,voto_UNE,voto_UNIONISTA
1,1,0,400,400,12,https://resultados2019.blob.core.windows.net/201901/121054.jpg,OK,0,11,SAN MARCOS,SAN RAFAEL PIE DE LA CUESTA,12105,CORPORACIÓN MUNICIPAL,5,2,2,0,1,4,282,282,276,276,112,11,14,73,1,0,3,0,57,5
1,4,0,400,400,12,https://resultados2019.blob.core.windows.net/201901/121044.jpg,OK,0,11,SAN MARCOS,SAN RAFAEL PIE DE LA CUESTA,12104,CORPORACIÓN MUNICIPAL,12,2,2,0,1,4,330,330,314,314,107,13,16,92,7,2,8,3,66,0
1,5,0,400,400,12,https://resultados2019.blob.core.windows.net/201901/121094.jpg,OK,1,11,SAN MARCOS,SAN RAFAEL PIE DE LA CUESTA,12109,CORPORACIÓN MUNICIPAL,4,2,2,0,1,4,303,303,294,294,96,11,19,78,7,0,9,0,63,11
0,2,0,380,380,12,https://resultados2019.blob.core.windows.net/201901/121194.jpg,OK,0,11,SAN MARCOS,SAN RAFAEL PIE DE LA CUESTA,12119,CORPORACIÓN MUNICIPAL,16,2,2,0,1,4,283,282,264,264,106,7,25,68,1,0,37,0,20,0
1,2,0,327,327,12,https://resultados2019.blob.core.windows.net/201901/121214.jpg,OK,0,11,SAN MARCOS,SAN RAFAEL PIE DE LA CUESTA,12121,CORPORACIÓN MUNICIPAL,3,2,2,0,1,4,256,256,251,251,117,9,16,49,0,0,46,0,12,2
1,8,1,380,380,12,https://resultados2019.blob.core.windows.net/201901/121164.jpg,OK,0,11,SAN MARCOS,SAN RAFAEL PIE DE LA CUESTA,12116,CORPORACIÓN MUNICIPAL,20,2,2,0,1,4,326,326,298,298,96,5,26,83,6,1,47,2,29,3
1,7,1,447,447,12,https://resultados2019.blob.core.windows.net/201901/121274.jpg,OK,0,11,SAN MARCOS,SAN RAFAEL PIE DE LA CUESTA,12127,CORPORACIÓN MUNICIPAL,13,2,2,0,1,4,179,179,159,159,58,2,13,50,0,2,7,0,23,4
0,4,0,312,312,12,https://resultados2019.blob.core.windows.net/201901/121264.jpg,OK,1,11,SAN MARCOS,SAN RAFAEL PIE DE LA CUESTA,12126,CORPORACIÓN MUNICIPAL,11,2,2,0,1,4,199,198,183,183,72,8,43,35,0,1,3,0,17,4
1,7,0,380,380,12,https://resultados2019.blob.core.windows.net/201901/121134.jpg,OK,0,11,SAN MARCOS,SAN RAFAEL PIE DE LA CUESTA,12113,CORPORACIÓN MUNICIPAL,17,2,2,0,1,4,302,302,278,278,115,2,20,68,3,1,41,0,26,2
1,8,0,400,400,12,https://resultados2019.blob.core.windows.net/201901/121224.jpg,OK,0,11,SAN MARCOS,SAN RAFAEL PIE DE LA CUESTA,12122,CORPORACIÓN MUNICIPAL,15,2,2,0,1,4,316,316,293,293,132,4,23,56,0,3,19,2,53,1
1,4,0,380,380,12,https://resultados2019.blob.core.windows.net/201901/121124.jpg,OK,0,11,SAN MARCOS,SAN RAFAEL PIE DE LA CUESTA,12112,CORPORACIÓN MUNICIPAL,17,2,2,0,1,4,308,308,287,287,126,3,27,48,2,0,49,0,29,3
1,2,0,400,400,12,https://resultados2019.blob.core.windows.net/201901/121074.jpg,OK,0,11,SAN MARCOS,SAN RAFAEL PIE DE LA CUESTA,12107,CORPORACIÓN MUNICIPAL,4,2,2,0,1,4,293,293,287,287,92,11,23,76,2,0,11,2,61,9
1,8,0,380,380,12,https://resultados2019.blob.core.windows.net/201901/121154.jpg,OK,0,11,SAN MARCOS,SAN RAFAEL PIE DE LA CUESTA,12115,CORPORACIÓN MUNICIPAL,14,2,2,0,1,4,316,316,294,294,120,4,25,69,2,1,46,1,23,3
1,4,0,380,380,12,https://resultados2019.blob.core.windows.net/201901/121184.jpg,OK,0,11,SAN MARCOS,SAN RAFAEL PIE DE LA CUESTA,12118,CORPORACIÓN MUNICIPAL,13,2,2,0,1,4,296,296,279,279,98,8,29,56,1,0,57,2,24,4
1,0,2,400,400,12,https://resultados2019.blob.core.windows.net/201901/121064.jpg,OK,1,11,SAN MARCOS,SAN RAFAEL PIE DE LA CUESTA,12106,CORPORACIÓN MUNICIPAL,5,2,2,0,1,4,294,294,289,289,100,11,20,57,5,0,8,1,79,8
1,1,0,337,337,12,https://resultados2019.blob.core.windows.net/201901/121114.jpg,OK,0,11,SAN MARCOS,SAN RAFAEL PIE DE LA CUESTA,12111,CORPORACIÓN MUNICIPAL,3,2,2,0,1,4,254,254,250,250,79,21,20,64,2,0,5,2,53,4
1,13,0,400,400,12,https://resultados2019.blob.core.windows.net/201901/121014.jpg,OK,0,11,SAN MARCOS,SAN RAFAEL PIE DE LA CUESTA,12101,CORPORACIÓN MUNICIPAL,7,2,2,0,1,4,313,313,293,293,99,15,27,58,5,1,7,0,78,3
1,4,0,400,400,12,https://resultados2019.blob.core.windows.net/201901/121024.jpg,OK,0,11,SAN MARCOS,SAN RAFAEL PIE DE LA CUESTA,12102,CORPORACIÓN MUNICIPAL,9,2,0,0,1,4,333,333,320,320,120,18,16,74,5,1,6,1,75,4
1,1,0,400,400,12,https://resultados2019.blob.core.windows.net/201901/120994.jpg,OK,0,11,SAN MARCOS,SAN RAFAEL PIE DE LA CUESTA,12099,CORPORACIÓN MUNICIPAL,15,2,2,0,1,4,325,325,309,309,94,11,16,77,3,0,6,1,98,3
1,1,0,400,400,12,https://resultados2019.blob.core.windows.net/201901/121084.jpg,OK,0,11,SAN MARCOS,SAN RAFAEL PIE DE LA CUESTA,12108,CORPORACIÓN MUNICIPAL,6,2,2,0,1,4,297,297,290,290,103,9,24,63,2,0,7,2,76,4
1,5,0,380,267,12,https://resultados2019.blob.core.windows.net/201901/121174.jpg,OK,0,11,SAN MARCOS,SAN RAFAEL PIE DE LA CUESTA,12117,CORPORACIÓN MUNICIPAL,5,2,2,0,1,4,267,267,257,257,111,3,16,55,1,1,45,1,21,3
1,2,0,447,447,12,https://resultados2019.blob.core.windows.net/201901/121284.jpg,OK,0,11,SAN MARCOS,SAN RAFAEL PIE DE LA CUESTA,12128,CORPORACIÓN MUNICIPAL,4,2,2,0,1,4,112,112,106,106,40,2,6,26,0,0,7,0,24,1
1,4,0,327,324,12,https://resultados2019.blob.core.windows.net/201901/121204.jpg,OK,0,11,SAN MARCOS,SAN RAFAEL PIE DE LA CUESTA,12120,CORPORACIÓN MUNICIPAL,4,2,2,0,1,4,258,258,250,250,94,7,21,54,4,1,45,1,21,2
1,5,0,380,380,12,https://resultados2019.blob.core.windows.net/201901/121144.jpg,OK,0,11,SAN MARCOS,SAN RAFAEL PIE DE LA CUESTA,12114,CORPORACIÓN MUNICIPAL,18,2,2,0,1,4,323,323,300,300,128,5,22,70,4,2,42,3,24,0
1,6,0,400,400,12,https://resultados2019.blob.core.windows.net/201901/121034.jpg,OK,0,11,SAN MARCOS,SAN RAFAEL PIE DE LA CUESTA,12103,CORPORACIÓN MUNICIPAL,8,2,2,0,1,4,347,347,333,333,101,19,24,98,2,0,10,0,74,5
1,0,1,338,338,12,https://resultados2019.blob.core.windows.net/201901/121104.jpg,OK,0,11,SAN MARCOS,SAN RAFAEL PIE DE LA CUESTA,12110,CORPORACIÓN MUNICIPAL,3,2,2,0,1,4,268,268,265,265,107,8,17,71,6,1,6,2,44,3
1,7,0,400,400,12,https://resultados2019.blob.core.windows.net/201901/120984.jpg,OK,0,11,SAN MARCOS,SAN RAFAEL PIE DE LA CUESTA,12098,CORPORACIÓN MUNICIPAL,15,2,2,0,1,4,313,313,291,291,98,14,29,50,1,0,4,1,85,9
1,0,1,206,206,12,https://resultados2019.blob.core.windows.net/201901/121244.jpg,OK,0,11,SAN MARCOS,SAN RAFAEL PIE DE LA CUESTA,12124,CORPORACIÓN MUNICIPAL,1,2,2,0,1,4,143,143,142,142,54,2,9,35,2,2,13,0,25,0
1,1,0,206,206,12,https://resultados2019.blob.core.windows.net/201901/121234.jpg,OK,0,11,SAN MARCOS,SAN RAFAEL PIE DE LA CUESTA,12123,CORPORACIÓN MUNICIPAL,9,2,2,0,1,4,158,158,148,148,59,2,7,31,0,0,17,0,31,1
1,3,0,400,400,12,https://resultados2019.blob.core.windows.net/201901/121004.jpg,OK,0,11,SAN MARCOS,SAN RAFAEL PIE DE LA CUESTA,12100,CORPORACIÓN MUNICIPAL,7,2,2,0,1,4,312,312,302,302,102,15,16,65,5,1,4,1,89,4
1,10,0,313,313,12,https://resultados2019.blob.core.windows.net/201901/121254.jpg,OK,0,11,SAN MARCOS,SAN RAFAEL PIE DE LA CUESTA,12125,CORPORACIÓN MUNICIPAL,12,2,2,0,1,4,257,257,235,235,102,8,38,53,1,0,7,0,20,6
