ACTACUADRA,BLANCOS,CNTIMPUGNA,CNTINSCRITOS,CNTPAPELETAS,DEP,IMGSRC,IMGSTATUS,INVALIDOS,MUN,NDEP,NMUN,NROMESA,NTE,NULOS,STACTA,STESCAN,STFISIC,STTRANS,TIPOELECCION,TOTALACTA,TOTALVOTOS,VOTOSVALIDOS,VOTOSVALIDOSACTA,voto_BIEN,voto_CCT,voto_PHG,voto_SEMILLA,voto_TODOS,voto_UCN,voto_UNE,voto_VAMOS,voto_VICTORIA
1,7,0,400,399,12,https://resultados2019.blob.core.windows.net/201901/120524.jpg,OK,0,10,SAN MARCOS,TEJUTLA,12052,CORPORACIÓN MUNICIPAL,11,2,2,0,1,4,197,197,179,179,3,24,7,3,60,45,11,25,1
1,11,0,400,0,12,https://resultados2019.blob.core.windows.net/201901/120534.jpg,OK,0,10,SAN MARCOS,TEJUTLA,12053,CORPORACIÓN MUNICIPAL,11,2,2,0,1,4,194,194,172,172,3,26,1,4,56,45,13,23,1
1,0,0,265,265,12,https://resultados2019.blob.core.windows.net/201901/120684.jpg,OK,0,10,SAN MARCOS,TEJUTLA,12068,CORPORACIÓN MUNICIPAL,3,2,2,0,1,4,144,144,141,141,3,33,6,10,35,32,1,19,2
1,4,0,380,380,12,https://resultados2019.blob.core.windows.net/201901/120744.jpg,OK,0,10,SAN MARCOS,TEJUTLA,12074,CORPORACIÓN MUNICIPAL,16,2,2,0,1,4,211,211,191,191,2,80,4,3,63,26,8,3,2
1,14,0,380,380,12,https://resultados2019.blob.core.windows.net/201901/120894.jpg,OK,0,10,SAN MARCOS,TEJUTLA,12089,CORPORACIÓN MUNICIPAL,19,2,2,0,1,4,237,237,204,204,5,59,4,2,41,44,19,25,5
1,6,0,400,400,12,https://resultados2019.blob.core.windows.net/201901/120564.jpg,OK,0,10,SAN MARCOS,TEJUTLA,12056,CORPORACIÓN MUNICIPAL,19,2,2,0,1,4,224,224,199,199,0,54,2,4,47,72,4,15,1
0,7,0,600,600,12,https://resultados2019.blob.core.windows.net/201901/120924.jpg,OK,0,10,SAN MARCOS,TEJUTLA,12092,CORPORACIÓN MUNICIPAL,11,2,2,0,1,4,182,180,162,164,9,33,0,5,43,41,6,22,3
1,3,0,380,380,12,https://resultados2019.blob.core.windows.net/201901/120814.jpg,OK,0,10,SAN MARCOS,TEJUTLA,12081,CORPORACIÓN MUNICIPAL,13,2,2,0,1,4,199,199,183,183,4,42,3,3,63,34,10,18,6
1,4,0,400,400,12,https://resultados2019.blob.core.windows.net/201901/120634.jpg,OK,0,10,SAN MARCOS,TEJUTLA,12063,CORPORACIÓN MUNICIPAL,3,2,2,0,1,4,176,176,169,169,2,40,2,6,52,48,6,9,4
0,9,0,600,600,12,https://resultados2019.blob.core.windows.net/201901/120944.jpg,OK,0,10,SAN MARCOS,TEJUTLA,12094,CORPORACIÓN MUNICIPAL,18,2,2,0,1,4,223,223,196,223,4,54,5,9,54,40,5,23,2
1,8,0,400,400,12,https://resultados2019.blob.core.windows.net/201901/120544.jpg,OK,0,10,SAN MARCOS,TEJUTLA,12054,CORPORACIÓN MUNICIPAL,11,2,2,0,1,4,208,208,189,189,3,41,6,4,62,42,7,21,3
1,4,0,269,269,12,https://resultados2019.blob.core.windows.net/201901/120904.jpg,OK,0,10,SAN MARCOS,TEJUTLA,12090,CORPORACIÓN MUNICIPAL,16,2,2,0,1,4,159,159,139,139,0,42,5,0,39,19,7,20,7
1,7,0,400,0,12,https://resultados2019.blob.core.windows.net/201901/120574.jpg,OK,0,10,SAN MARCOS,TEJUTLA,12057,CORPORACIÓN MUNICIPAL,10,2,2,0,1,4,206,206,189,189,4,40,6,4,41,49,14,30,1
1,0,0,241,241,12,https://resultados2019.blob.core.windows.net/201901/120774.jpg,OK,0,10,SAN MARCOS,TEJUTLA,12077,CORPORACIÓN MUNICIPAL,2,2,2,0,1,4,128,128,126,126,1,43,7,2,37,24,5,7,0
0,8,0,400,0,12,https://resultados2019.blob.core.windows.net/201901/120614.jpg,OK,0,10,SAN MARCOS,TEJUTLA,12061,CORPORACIÓN MUNICIPAL,8,2,2,0,1,4,246,246,230,246,13,65,12,13,62,37,6,16,6
1,7,0,400,0,12,https://resultados2019.blob.core.windows.net/201901/120514.jpg,OK,0,10,SAN MARCOS,TEJUTLA,12051,CORPORACIÓN MUNICIPAL,12,2,2,0,1,4,198,198,179,179,5,26,7,3,42,71,8,16,1
1,5,0,380,379,12,https://resultados2019.blob.core.windows.net/201901/120794.jpg,OK,1,10,SAN MARCOS,TEJUTLA,12079,CORPORACIÓN MUNICIPAL,20,2,2,0,1,4,220,220,195,195,5,46,1,0,78,22,10,22,11
1,5,0,400,400,12,https://resultados2019.blob.core.windows.net/201901/120604.jpg,OK,0,10,SAN MARCOS,TEJUTLA,12060,CORPORACIÓN MUNICIPAL,8,2,2,0,1,4,265,265,252,252,10,72,9,11,53,57,4,32,4
1,7,0,400,400,12,https://resultados2019.blob.core.windows.net/201901/120644.jpg,OK,0,10,SAN MARCOS,TEJUTLA,12064,CORPORACIÓN MUNICIPAL,3,2,2,0,1,4,184,184,174,174,8,21,7,9,76,31,7,14,1
1,3,0,380,380,12,https://resultados2019.blob.core.windows.net/201901/120724.jpg,OK,0,10,SAN MARCOS,TEJUTLA,12072,CORPORACIÓN MUNICIPAL,25,2,2,0,1,4,238,238,210,210,3,65,5,2,95,22,7,10,1
1,7,0,380,380,12,https://resultados2019.blob.core.windows.net/201901/120734.jpg,OK,0,10,SAN MARCOS,TEJUTLA,12073,CORPORACIÓN MUNICIPAL,13,2,2,0,1,4,207,207,187,187,3,55,5,1,73,26,11,12,1
1,5,0,265,265,12,https://resultados2019.blob.core.windows.net/201901/120694.jpg,OK,0,10,SAN MARCOS,TEJUTLA,12069,CORPORACIÓN MUNICIPAL,1,2,2,0,1,4,124,124,118,118,4,26,0,7,35,30,0,13,3
1,2,0,380,380,12,https://resultados2019.blob.core.windows.net/201901/120754.jpg,OK,0,10,SAN MARCOS,TEJUTLA,12075,CORPORACIÓN MUNICIPAL,7,2,2,0,1,4,195,195,186,186,1,70,8,1,59,25,9,11,2
1,1,0,400,400,12,https://resultados2019.blob.core.windows.net/201901/120624.jpg,OK,0,10,SAN MARCOS,TEJUTLA,12062,CORPORACIÓN MUNICIPAL,3,2,2,0,1,4,181,181,177,177,7,45,6,4,61,31,8,15,0
1,2,0,258,258,12,https://resultados2019.blob.core.windows.net/201901/120844.jpg,OK,0,10,SAN MARCOS,TEJUTLA,12084,CORPORACIÓN MUNICIPAL,4,2,2,0,1,4,118,118,112,112,2,24,5,2,38,15,8,12,6
1,4,0,193,193,12,https://resultados2019.blob.core.windows.net/201901/120874.jpg,OK,0,10,SAN MARCOS,TEJUTLA,12087,CORPORACIÓN MUNICIPAL,8,2,2,0,1,4,111,111,99,99,1,8,3,1,37,30,1,13,5
1,3,0,412,412,12,https://resultados2019.blob.core.windows.net/201901/120964.jpg,OK,0,10,SAN MARCOS,TEJUTLA,12096,CORPORACIÓN MUNICIPAL,5,2,2,0,1,4,95,95,87,87,3,14,4,4,30,15,5,8,4
1,9,0,380,380,12,https://resultados2019.blob.core.windows.net/201901/120784.jpg,OK,0,10,SAN MARCOS,TEJUTLA,12078,CORPORACIÓN MUNICIPAL,16,2,2,0,1,4,218,218,193,193,4,41,4,3,65,37,13,22,4
1,3,0,400,400,12,https://resultados2019.blob.core.windows.net/201901/120584.jpg,OK,0,10,SAN MARCOS,TEJUTLA,12058,CORPORACIÓN MUNICIPAL,11,2,2,0,1,4,208,208,194,194,3,54,4,1,51,46,9,23,3
1,4,0,400,400,12,https://resultados2019.blob.core.windows.net/201901/120594.jpg,OK,0,10,SAN MARCOS,TEJUTLA,12059,CORPORACIÓN MUNICIPAL,13,2,2,0,1,4,244,244,227,227,5,71,9,5,56,37,12,29,3
1,1,0,380,380,12,https://resultados2019.blob.core.windows.net/201901/120824.jpg,OK,0,10,SAN MARCOS,TEJUTLA,12082,CORPORACIÓN MUNICIPAL,8,2,2,0,1,4,207,207,198,198,4,36,1,2,65,36,11,31,12
1,1,0,400,400,12,https://resultados2019.blob.core.windows.net/201901/120674.jpg,OK,0,10,SAN MARCOS,TEJUTLA,12067,CORPORACIÓN MUNICIPAL,5,2,2,0,1,4,187,187,181,181,4,44,6,9,51,38,8,19,2
1,6,0,259,0,12,https://resultados2019.blob.core.windows.net/201901/120834.jpg,OK,0,10,SAN MARCOS,TEJUTLA,12083,CORPORACIÓN MUNICIPAL,13,2,2,0,1,4,125,125,106,106,5,16,1,1,42,15,4,13,9
1,6,0,600,600,12,https://resultados2019.blob.core.windows.net/201901/120934.jpg,OK,0,10,SAN MARCOS,TEJUTLA,12093,CORPORACIÓN MUNICIPAL,21,2,2,0,1,4,198,198,171,171,4,43,1,3,48,46,8,17,1
1,5,0,600,600,12,https://resultados2019.blob.core.windows.net/201901/120954.jpg,OK,0,10,SAN MARCOS,TEJUTLA,12095,CORPORACIÓN MUNICIPAL,9,2,2,0,1,4,164,164,150,150,0,31,3,1,38,39,12,23,3
1,2,0,400,411,12,https://resultados2019.blob.core.windows.net/201901/120654.jpg,OK,0,10,SAN MARCOS,TEJUTLA,12065,CORPORACIÓN MUNICIPAL,8,2,2,0,1,4,199,199,189,189,4,37,12,8,55,51,6,16,0
0,4,0,380,0,12,https://resultados2019.blob.core.windows.net/201901/120804.jpg,OK,0,10,SAN MARCOS,TEJUTLA,12080,CORPORACIÓN MUNICIPAL,13,2,2,0,1,4,0,238,221,221,1,48,4,0,89,31,13,31,4
1,7,0,380,380,12,https://resultados2019.blob.core.windows.net/201901/120854.jpg,OK,0,10,SAN MARCOS,TEJUTLA,12085,CORPORACIÓN MUNICIPAL,9,2,2,0,1,4,202,202,186,186,2,18,5,2,77,51,9,21,1
1,2,0,411,411,12,https://resultados2019.blob.core.windows.net/201901/120974.jpg,OK,0,10,SAN MARCOS,TEJUTLA,12097,CORPORACIÓN MUNICIPAL,5,2,2,0,1,4,68,68,61,61,1,12,3,0,17,13,3,8,4
1,4,0,400,0,12,https://resultados2019.blob.core.windows.net/201901/120554.jpg,OK,0,10,SAN MARCOS,TEJUTLA,12055,CORPORACIÓN MUNICIPAL,15,2,2,0,1,4,216,216,197,197,3,42,4,1,65,39,15,27,1
1,1,0,242,239,12,https://resultados2019.blob.core.windows.net/201901/120764.jpg,OK,0,10,SAN MARCOS,TEJUTLA,12076,CORPORACIÓN MUNICIPAL,0,2,2,0,1,4,107,107,106,106,1,37,4,0,29,23,7,5,0
1,2,0,380,380,12,https://resultados2019.blob.core.windows.net/201901/120864.jpg,OK,0,10,SAN MARCOS,TEJUTLA,12086,CORPORACIÓN MUNICIPAL,10,2,2,0,1,4,187,187,175,175,2,14,3,2,65,59,6,21,3
1,4,0,400,400,12,https://resultados2019.blob.core.windows.net/201901/120664.jpg,OK,0,10,SAN MARCOS,TEJUTLA,12066,CORPORACIÓN MUNICIPAL,7,2,2,0,1,4,195,195,184,184,4,40,6,9,73,31,3,10,8
1,4,0,380,380,12,https://resultados2019.blob.core.windows.net/201901/120714.jpg,OK,0,10,SAN MARCOS,TEJUTLA,12071,CORPORACIÓN MUNICIPAL,14,2,2,0,1,4,258,258,240,240,1,71,5,2,104,17,21,15,4
1,2,0,192,0,12,https://resultados2019.blob.core.windows.net/201901/120884.jpg,OK,0,10,SAN MARCOS,TEJUTLA,12088,CORPORACIÓN MUNICIPAL,3,2,2,0,1,4,95,95,90,90,2,8,2,2,29,24,2,16,5
1,2,0,269,270,12,https://resultados2019.blob.core.windows.net/201901/120914.jpg,OK,0,10,SAN MARCOS,TEJUTLA,12091,CORPORACIÓN MUNICIPAL,7,2,2,0,1,4,137,137,128,128,4,37,2,0,31,36,6,10,2
1,4,0,380,380,12,https://resultados2019.blob.core.windows.net/201901/120704.jpg,OK,0,10,SAN MARCOS,TEJUTLA,12070,CORPORACIÓN MUNICIPAL,19,2,2,0,1,4,222,222,199,199,7,64,3,0,54,35,14,19,3
