ACTACUADRA,BLANCOS,CNTIMPUGNA,CNTINSCRITOS,CNTPAPELETAS,DEP,IMGSRC,IMGSTATUS,INVALIDOS,MUN,NDEP,NMUN,NROMESA,NTE,NULOS,STACTA,STESCAN,STFISIC,STTRANS,TIPOELECCION,TOTALACTA,TOTALVOTOS,VOTOSVALIDOS,VOTOSVALIDOSACTA,voto_BIEN,voto_CREO,voto_CUM,voto_EG,voto_FCN-NACION,voto_MLP,voto_PHG,voto_SEMILLA,voto_TODOS,voto_UCN,voto_UNE,voto_UNIONISTA,voto_VALOR,voto_VIVA
1,1,0,314,313,12,https://resultados2019.blob.core.windows.net/201901/114964.jpg,OK,0,1,SAN MARCOS,SAN MARCOS,11496,CORPORACIÓN MUNICIPAL,7,2,2,0,1,4,225,225,217,217,7,21,93,29,16,0,2,6,12,0,18,3,3,7
1,2,0,248,246,12,https://resultados2019.blob.core.windows.net/201901/114774.jpg,OK,0,1,SAN MARCOS,SAN MARCOS,11477,CORPORACIÓN MUNICIPAL,7,2,2,0,1,4,186,186,177,177,3,21,72,27,5,1,0,6,9,1,17,7,2,6
1,1,0,400,0,12,https://resultados2019.blob.core.windows.net/201901/114944.jpg,OK,2,1,SAN MARCOS,SAN MARCOS,11494,CORPORACIÓN MUNICIPAL,9,2,2,0,1,4,292,292,282,282,2,23,127,46,16,1,5,14,8,0,22,6,2,10
1,5,0,380,380,12,https://resultados2019.blob.core.windows.net/201901/114594.jpg,OK,0,1,SAN MARCOS,SAN MARCOS,11459,CORPORACIÓN MUNICIPAL,19,2,1,0,1,4,258,258,234,234,1,34,40,24,51,1,3,3,1,0,69,3,2,2
1,0,0,400,410,12,https://resultados2019.blob.core.windows.net/201901/114484.jpg,OK,0,1,SAN MARCOS,SAN MARCOS,11448,CORPORACIÓN MUNICIPAL,7,2,2,0,1,4,241,241,234,234,6,20,97,28,14,0,4,5,10,1,30,10,5,4
1,22,0,400,393,12,https://resultados2019.blob.core.windows.net/201901/114794.jpg,OK,0,1,SAN MARCOS,SAN MARCOS,11479,CORPORACIÓN MUNICIPAL,8,2,2,0,1,4,287,287,257,257,2,25,114,32,24,0,2,3,4,4,34,2,3,8
1,4,0,322,322,12,https://resultados2019.blob.core.windows.net/201901/114834.jpg,OK,0,1,SAN MARCOS,SAN MARCOS,11483,CORPORACIÓN MUNICIPAL,3,2,2,0,1,4,197,197,190,190,3,19,87,23,12,2,1,3,6,0,21,1,4,8
1,6,0,400,0,12,https://resultados2019.blob.core.windows.net/201901/114814.jpg,OK,0,1,SAN MARCOS,SAN MARCOS,11481,CORPORACIÓN MUNICIPAL,8,2,2,0,1,4,258,258,244,244,1,20,113,26,20,0,5,1,6,0,44,3,2,3
1,3,0,307,303,12,https://resultados2019.blob.core.windows.net/201901/114664.jpg,OK,0,1,SAN MARCOS,SAN MARCOS,11466,CORPORACIÓN MUNICIPAL,6,2,1,0,1,4,180,180,171,171,1,18,42,30,17,1,4,4,3,2,42,1,0,6
1,6,0,400,0,12,https://resultados2019.blob.core.windows.net/201901/114984.jpg,OK,0,1,SAN MARCOS,SAN MARCOS,11498,CORPORACIÓN MUNICIPAL,8,2,2,0,1,4,146,146,132,132,3,12,61,18,4,0,5,5,7,1,11,0,4,1
1,1,0,314,314,12,https://resultados2019.blob.core.windows.net/201901/114974.jpg,OK,0,1,SAN MARCOS,SAN MARCOS,11497,CORPORACIÓN MUNICIPAL,4,2,2,0,1,4,243,243,238,238,3,19,120,25,7,2,7,8,17,0,14,12,0,4
1,2,0,400,380,12,https://resultados2019.blob.core.windows.net/201901/114474.jpg,OK,0,1,SAN MARCOS,SAN MARCOS,11447,CORPORACIÓN MUNICIPAL,5,2,2,0,1,4,303,303,296,296,3,26,138,28,15,0,3,10,20,0,33,7,6,7
1,9,0,400,400,12,https://resultados2019.blob.core.windows.net/201901/114314.jpg,OK,0,1,SAN MARCOS,SAN MARCOS,11431,CORPORACIÓN MUNICIPAL,15,2,2,0,1,4,289,289,265,265,8,20,112,40,9,0,27,3,14,1,18,4,4,5
1,8,0,400,285,12,https://resultados2019.blob.core.windows.net/201901/114414.jpg,OK,0,1,SAN MARCOS,SAN MARCOS,11441,CORPORACIÓN MUNICIPAL,8,2,2,0,1,4,303,303,287,287,6,23,141,38,9,0,3,6,15,0,29,6,5,6
1,3,0,400,400,12,https://resultados2019.blob.core.windows.net/201901/114914.jpg,OK,0,1,SAN MARCOS,SAN MARCOS,11491,CORPORACIÓN MUNICIPAL,3,2,2,0,1,4,305,305,299,299,3,36,149,33,9,1,9,11,20,1,16,5,1,5
0,4,0,400,399,12,https://resultados2019.blob.core.windows.net/201901/114804.jpg,OK,0,1,SAN MARCOS,SAN MARCOS,11480,CORPORACIÓN MUNICIPAL,11,2,2,0,1,4,272,271,256,257,2,17,120,30,20,1,2,7,6,0,40,2,1,8
1,5,0,380,0,12,https://resultados2019.blob.core.windows.net/201901/114634.jpg,OK,0,1,SAN MARCOS,SAN MARCOS,11463,CORPORACIÓN MUNICIPAL,16,2,1,0,1,4,258,258,237,237,1,36,51,35,39,0,5,4,3,1,52,4,0,6
1,2,0,400,400,12,https://resultados2019.blob.core.windows.net/201901/114874.jpg,OK,0,1,SAN MARCOS,SAN MARCOS,11487,CORPORACIÓN MUNICIPAL,11,2,2,0,1,4,297,297,284,284,2,25,158,38,9,1,4,2,22,1,16,0,3,3
1,1,0,400,400,12,https://resultados2019.blob.core.windows.net/201901/114784.jpg,OK,0,1,SAN MARCOS,SAN MARCOS,11478,CORPORACIÓN MUNICIPAL,14,2,2,0,1,4,269,269,254,254,2,32,101,23,21,3,3,8,2,0,40,4,7,8
1,3,0,400,380,12,https://resultados2019.blob.core.windows.net/201901/114434.jpg,OK,0,1,SAN MARCOS,SAN MARCOS,11443,CORPORACIÓN MUNICIPAL,6,2,2,0,1,4,290,290,281,281,6,31,138,33,8,2,2,7,18,1,25,3,5,2
1,3,0,400,0,12,https://resultados2019.blob.core.windows.net/201901/114924.jpg,OK,0,1,SAN MARCOS,SAN MARCOS,11492,CORPORACIÓN MUNICIPAL,8,2,2,0,1,4,318,318,307,307,5,42,145,48,8,1,2,11,8,1,18,11,2,5
1,0,0,400,0,12,https://resultados2019.blob.core.windows.net/201901/114954.jpg,OK,0,1,SAN MARCOS,SAN MARCOS,11495,CORPORACIÓN MUNICIPAL,12,2,2,0,1,4,303,303,291,291,7,26,114,37,20,1,6,11,26,2,22,12,0,7
0,5,0,400,401,12,https://resultados2019.blob.core.windows.net/201901/115014.jpg,OK,0,1,SAN MARCOS,SAN MARCOS,11501,CORPORACIÓN MUNICIPAL,7,2,2,0,1,4,194,194,182,177,2,20,77,29,5,0,4,4,5,0,19,7,1,9
1,4,0,380,400,12,https://resultados2019.blob.core.windows.net/201901/114604.jpg,OK,0,1,SAN MARCOS,SAN MARCOS,11460,CORPORACIÓN MUNICIPAL,9,2,1,0,1,4,236,236,223,223,2,20,34,22,59,0,3,3,3,3,68,2,3,1
1,2,0,328,328,12,https://resultados2019.blob.core.windows.net/201901/114504.jpg,OK,0,1,SAN MARCOS,SAN MARCOS,11450,CORPORACIÓN MUNICIPAL,6,2,2,0,1,4,227,227,219,219,6,22,108,21,8,3,5,5,14,0,14,5,3,5
1,10,1,380,380,12,https://resultados2019.blob.core.windows.net/201901/114574.jpg,OK,0,1,SAN MARCOS,SAN MARCOS,11457,CORPORACIÓN MUNICIPAL,25,2,1,0,1,4,242,242,207,207,0,30,43,22,41,0,4,1,1,0,59,5,0,1
1,10,0,380,400,12,https://resultados2019.blob.core.windows.net/201901/114644.jpg,OK,0,1,SAN MARCOS,SAN MARCOS,11464,CORPORACIÓN MUNICIPAL,13,2,1,0,1,4,229,229,206,206,2,26,47,17,38,1,5,2,4,3,58,3,0,0
1,4,0,400,384,12,https://resultados2019.blob.core.windows.net/201901/114454.jpg,OK,0,1,SAN MARCOS,SAN MARCOS,11445,CORPORACIÓN MUNICIPAL,7,2,2,0,1,4,277,277,266,266,8,18,113,33,21,0,2,9,20,2,32,3,3,2
1,5,0,400,380,12,https://resultados2019.blob.core.windows.net/201901/114374.jpg,OK,0,1,SAN MARCOS,SAN MARCOS,11437,CORPORACIÓN MUNICIPAL,7,2,2,0,1,4,251,251,239,239,2,21,99,19,12,2,33,3,14,0,22,2,1,9
1,4,0,380,380,12,https://resultados2019.blob.core.windows.net/201901/114534.jpg,OK,0,1,SAN MARCOS,SAN MARCOS,11453,CORPORACIÓN MUNICIPAL,15,2,2,0,1,4,204,204,185,185,1,14,53,32,18,1,1,0,2,0,43,4,14,2
1,3,0,316,316,12,https://resultados2019.blob.core.windows.net/201901/115024.jpg,OK,0,1,SAN MARCOS,SAN MARCOS,11502,CORPORACIÓN MUNICIPAL,5,2,2,0,1,4,96,96,88,88,0,7,35,12,8,0,2,2,6,0,12,3,1,0
0,2,0,400,400,12,https://resultados2019.blob.core.windows.net/201901/114744.jpg,OK,0,1,SAN MARCOS,SAN MARCOS,11474,CORPORACIÓN MUNICIPAL,17,2,2,0,1,4,324,333,314,305,3,41,138,45,3,0,8,19,19,0,21,12,0,5
1,0,0,400,399,12,https://resultados2019.blob.core.windows.net/201901/114754.jpg,OK,0,1,SAN MARCOS,SAN MARCOS,11475,CORPORACIÓN MUNICIPAL,3,2,2,0,1,4,286,286,283,283,6,37,114,44,10,1,2,12,17,1,20,9,4,6
1,1,0,400,400,12,https://resultados2019.blob.core.windows.net/201901/114364.jpg,OK,0,1,SAN MARCOS,SAN MARCOS,11436,CORPORACIÓN MUNICIPAL,17,2,2,0,1,4,281,281,263,263,5,25,117,24,15,1,35,6,10,1,11,5,3,5
1,2,0,400,403,12,https://resultados2019.blob.core.windows.net/201901/114934.jpg,OK,0,1,SAN MARCOS,SAN MARCOS,11493,CORPORACIÓN MUNICIPAL,6,2,2,0,1,4,301,301,293,293,4,23,152,38,13,2,3,10,10,1,22,8,2,5
1,6,0,380,380,12,https://resultados2019.blob.core.windows.net/201901/114514.jpg,OK,0,1,SAN MARCOS,SAN MARCOS,11451,CORPORACIÓN MUNICIPAL,11,2,2,0,1,4,227,227,210,210,2,18,68,21,32,2,1,0,3,2,52,2,6,1
1,0,0,400,400,12,https://resultados2019.blob.core.windows.net/201901/114334.jpg,OK,0,1,SAN MARCOS,SAN MARCOS,11433,CORPORACIÓN MUNICIPAL,8,2,2,0,1,4,255,255,247,247,6,17,109,28,15,0,36,1,11,0,11,6,1,6
1,2,0,400,382,12,https://resultados2019.blob.core.windows.net/201901/114344.jpg,OK,0,1,SAN MARCOS,SAN MARCOS,11434,CORPORACIÓN MUNICIPAL,9,2,2,0,1,4,258,258,247,247,3,21,113,34,17,2,22,4,6,0,16,2,2,5
0,6,0,400,400,12,https://resultados2019.blob.core.windows.net/201901/114324.jpg,OK,0,1,SAN MARCOS,SAN MARCOS,11432,CORPORACIÓN MUNICIPAL,14,2,2,0,1,4,323,318,298,303,4,32,117,39,11,1,35,1,18,4,26,6,3,1
1,6,0,243,243,12,https://resultados2019.blob.core.windows.net/201901/114734.jpg,OK,0,1,SAN MARCOS,SAN MARCOS,11473,CORPORACIÓN MUNICIPAL,2,2,2,0,1,4,140,140,132,132,2,24,16,16,17,1,1,0,1,0,45,4,5,0
1,0,0,323,323,12,https://resultados2019.blob.core.windows.net/201901/114894.jpg,OK,0,1,SAN MARCOS,SAN MARCOS,11489,CORPORACIÓN MUNICIPAL,5,2,2,0,1,4,225,225,220,220,2,19,106,39,13,2,4,4,12,0,10,3,3,3
1,4,0,400,400,12,https://resultados2019.blob.core.windows.net/201901/114444.jpg,OK,0,1,SAN MARCOS,SAN MARCOS,11444,CORPORACIÓN MUNICIPAL,7,2,2,0,1,4,255,255,244,244,8,25,111,25,13,0,3,5,18,0,18,3,6,9
0,3,1,322,322,12,https://resultados2019.blob.core.windows.net/201901/114824.jpg,OK,0,1,SAN MARCOS,SAN MARCOS,11482,CORPORACIÓN MUNICIPAL,11,2,2,0,1,4,211,209,195,197,0,17,84,16,21,0,2,2,7,0,43,0,2,1
1,7,0,380,401,12,https://resultados2019.blob.core.windows.net/201901/114694.jpg,OK,0,1,SAN MARCOS,SAN MARCOS,11469,CORPORACIÓN MUNICIPAL,8,2,2,0,1,4,227,227,212,212,2,25,23,18,26,3,1,2,3,1,93,8,4,3
1,0,0,400,402,12,https://resultados2019.blob.core.windows.net/201901/114884.jpg,OK,0,1,SAN MARCOS,SAN MARCOS,11488,CORPORACIÓN MUNICIPAL,6,2,2,0,1,4,304,304,298,298,4,26,157,39,13,0,7,5,15,1,12,6,6,7
1,12,0,380,380,12,https://resultados2019.blob.core.windows.net/201901/114584.jpg,OK,0,1,SAN MARCOS,SAN MARCOS,11458,CORPORACIÓN MUNICIPAL,18,2,1,0,1,4,266,266,236,236,4,30,45,21,54,1,4,1,3,1,66,4,2,0
1,3,0,400,400,12,https://resultados2019.blob.core.windows.net/201901/114424.jpg,OK,0,1,SAN MARCOS,SAN MARCOS,11442,CORPORACIÓN MUNICIPAL,7,2,2,0,1,4,276,276,266,266,3,25,137,36,10,0,5,2,18,0,22,4,2,2
1,1,0,315,0,12,https://resultados2019.blob.core.windows.net/201901/115034.jpg,OK,0,1,SAN MARCOS,SAN MARCOS,11503,CORPORACIÓN MUNICIPAL,2,2,2,0,1,4,40,40,37,37,0,3,11,5,4,0,4,1,0,0,5,1,1,2
1,3,0,274,272,12,https://resultados2019.blob.core.windows.net/201901/114544.jpg,OK,0,1,SAN MARCOS,SAN MARCOS,11454,CORPORACIÓN MUNICIPAL,3,2,2,0,1,4,148,148,142,142,0,11,42,17,23,0,3,1,0,1,30,5,7,2
1,3,0,400,404,12,https://resultados2019.blob.core.windows.net/201901/114464.jpg,OK,0,1,SAN MARCOS,SAN MARCOS,11446,CORPORACIÓN MUNICIPAL,12,2,2,0,1,4,279,279,264,264,5,25,125,33,9,1,7,7,9,1,26,6,2,8
1,1,0,347,347,12,https://resultados2019.blob.core.windows.net/201901/114384.jpg,OK,0,1,SAN MARCOS,SAN MARCOS,11438,CORPORACIÓN MUNICIPAL,7,2,2,0,1,4,227,227,219,219,8,20,92,30,11,1,19,7,7,2,14,2,0,6
1,1,0,347,347,12,https://resultados2019.blob.core.windows.net/201901/114394.jpg,OK,0,1,SAN MARCOS,SAN MARCOS,11439,CORPORACIÓN MUNICIPAL,2,2,2,0,1,4,208,208,205,205,7,24,82,29,10,1,18,2,11,0,14,3,2,2
1,10,0,274,274,12,https://resultados2019.blob.core.windows.net/201901/114554.jpg,OK,0,1,SAN MARCOS,SAN MARCOS,11455,CORPORACIÓN MUNICIPAL,2,2,2,0,1,4,130,130,118,118,2,17,40,13,11,0,1,0,0,0,23,3,7,1
1,6,0,244,244,12,https://resultados2019.blob.core.windows.net/201901/114724.jpg,OK,0,1,SAN MARCOS,SAN MARCOS,11472,CORPORACIÓN MUNICIPAL,6,2,2,0,1,4,146,146,134,134,1,11,13,13,39,1,1,0,1,1,43,6,4,0
1,3,0,380,400,12,https://resultados2019.blob.core.windows.net/201901/114614.jpg,OK,0,1,SAN MARCOS,SAN MARCOS,11461,CORPORACIÓN MUNICIPAL,8,2,1,0,1,4,189,189,178,178,1,28,40,19,32,0,3,4,4,0,41,4,0,2
1,2,0,323,323,12,https://resultados2019.blob.core.windows.net/201901/114904.jpg,OK,0,1,SAN MARCOS,SAN MARCOS,11490,CORPORACIÓN MUNICIPAL,5,2,2,0,1,4,233,233,226,226,1,11,123,38,7,1,7,3,13,0,8,6,4,4
1,3,0,400,400,12,https://resultados2019.blob.core.windows.net/201901/115004.jpg,OK,0,1,SAN MARCOS,SAN MARCOS,11500,CORPORACIÓN MUNICIPAL,6,2,2,0,1,4,205,205,196,196,3,20,72,26,8,0,6,10,11,0,23,11,4,2
1,5,0,380,401,12,https://resultados2019.blob.core.windows.net/201901/114714.jpg,OK,0,1,SAN MARCOS,SAN MARCOS,11471,CORPORACIÓN MUNICIPAL,1,2,2,0,1,4,197,197,191,191,1,19,28,20,31,0,2,0,3,1,72,4,10,0
1,6,0,400,397,12,https://resultados2019.blob.core.windows.net/201901/114994.jpg,OK,0,1,SAN MARCOS,SAN MARCOS,11499,CORPORACIÓN MUNICIPAL,4,2,2,0,1,4,187,187,177,177,4,12,79,29,6,1,6,4,9,0,11,8,2,6
1,1,0,329,330,12,https://resultados2019.blob.core.windows.net/201901/114494.jpg,OK,0,1,SAN MARCOS,SAN MARCOS,11449,CORPORACIÓN MUNICIPAL,4,2,2,0,1,4,222,222,217,217,8,14,103,28,12,1,3,4,9,2,17,9,2,5
1,0,0,400,400,12,https://resultados2019.blob.core.windows.net/201901/114864.jpg,OK,0,1,SAN MARCOS,SAN MARCOS,11486,CORPORACIÓN MUNICIPAL,6,2,2,0,1,4,297,297,291,291,3,20,181,35,7,0,6,2,16,0,9,7,0,5
1,8,0,380,398,12,https://resultados2019.blob.core.windows.net/201901/114674.jpg,OK,0,1,SAN MARCOS,SAN MARCOS,11467,CORPORACIÓN MUNICIPAL,26,2,2,0,1,4,225,225,191,191,0,21,27,21,28,0,4,0,1,1,77,4,5,2
1,3,0,307,307,12,https://resultados2019.blob.core.windows.net/201901/114654.jpg,OK,0,1,SAN MARCOS,SAN MARCOS,11465,CORPORACIÓN MUNICIPAL,6,2,1,0,1,4,190,190,181,181,1,16,37,29,25,0,4,2,4,2,54,4,0,3
1,6,0,380,380,12,https://resultados2019.blob.core.windows.net/201901/114524.jpg,OK,0,1,SAN MARCOS,SAN MARCOS,11452,CORPORACIÓN MUNICIPAL,12,2,2,0,1,4,244,244,226,226,1,31,52,21,19,1,2,0,2,3,75,7,10,2
1,3,0,380,380,12,https://resultados2019.blob.core.windows.net/201901/114564.jpg,OK,0,1,SAN MARCOS,SAN MARCOS,11456,CORPORACIÓN MUNICIPAL,14,2,1,0,1,4,238,238,221,221,1,39,42,27,42,0,3,1,2,3,56,1,1,3
1,6,0,400,399,12,https://resultados2019.blob.core.windows.net/201901/114294.jpg,OK,0,1,SAN MARCOS,SAN MARCOS,11429,CORPORACIÓN MUNICIPAL,16,2,2,0,1,4,270,270,248,248,7,13,112,29,20,3,26,1,13,2,13,7,0,2
0,2,0,400,400,12,https://resultados2019.blob.core.windows.net/201901/114854.jpg,OK,0,1,SAN MARCOS,SAN MARCOS,11485,CORPORACIÓN MUNICIPAL,6,2,2,0,1,4,321,320,312,321,9,19,172,42,8,3,5,2,13,2,22,6,2,7
1,11,0,380,400,12,https://resultados2019.blob.core.windows.net/201901/114684.jpg,OK,1,1,SAN MARCOS,SAN MARCOS,11468,CORPORACIÓN MUNICIPAL,17,2,2,0,1,4,239,239,211,211,2,22,30,23,22,3,1,0,3,2,81,9,8,5
1,0,0,249,249,12,https://resultados2019.blob.core.windows.net/201901/114764.jpg,OK,0,1,SAN MARCOS,SAN MARCOS,11476,CORPORACIÓN MUNICIPAL,5,2,2,0,1,4,201,201,196,196,5,29,73,31,3,0,2,6,10,0,13,17,0,7
1,3,0,400,400,12,https://resultados2019.blob.core.windows.net/201901/114354.jpg,OK,0,1,SAN MARCOS,SAN MARCOS,11435,CORPORACIÓN MUNICIPAL,7,2,2,0,1,4,277,277,267,267,6,16,111,42,9,0,21,3,23,2,23,6,2,3
1,5,0,380,380,12,https://resultados2019.blob.core.windows.net/201901/114624.jpg,OK,0,1,SAN MARCOS,SAN MARCOS,11462,CORPORACIÓN MUNICIPAL,12,2,1,0,1,4,226,226,209,209,2,29,43,30,39,1,5,3,2,0,45,7,1,2
1,4,0,400,0,12,https://resultados2019.blob.core.windows.net/201901/114304.jpg,OK,0,1,SAN MARCOS,SAN MARCOS,11430,CORPORACIÓN MUNICIPAL,10,2,2,0,1,4,272,272,258,258,3,20,124,27,12,0,35,3,11,0,12,7,0,4
1,10,0,400,400,12,https://resultados2019.blob.core.windows.net/201901/114404.jpg,OK,0,1,SAN MARCOS,SAN MARCOS,11440,CORPORACIÓN MUNICIPAL,13,2,2,0,1,4,292,292,269,269,3,26,120,31,19,1,1,6,12,2,33,3,3,9
1,5,0,400,400,12,https://resultados2019.blob.core.windows.net/201901/114844.jpg,OK,0,1,SAN MARCOS,SAN MARCOS,11484,CORPORACIÓN MUNICIPAL,8,2,2,0,1,4,300,300,287,287,5,25,145,43,16,1,4,8,16,1,12,4,2,5
1,11,0,380,400,12,https://resultados2019.blob.core.windows.net/201901/114704.jpg,OK,0,1,SAN MARCOS,SAN MARCOS,11470,CORPORACIÓN MUNICIPAL,18,2,2,0,1,4,271,271,242,242,0,15,17,14,98,3,0,1,4,1,72,7,6,4
