ACTACUADRA,BLANCOS,CNTIMPUGNA,CNTINSCRITOS,CNTPAPELETAS,DEP,IMGSRC,IMGSTATUS,INVALIDOS,MUN,NDEP,NMUN,NROMESA,NTE,NULOS,STACTA,STESCAN,STFISIC,STTRANS,TIPOELECCION,TOTALACTA,TOTALVOTOS,VOTOSVALIDOS,VOTOSVALIDOSACTA,voto_CCLP,voto_FUERZA,voto_PHG,voto_TODOS,voto_UCN,voto_UNE,voto_VAMOS
1,2,4,400,400,12,https://resultados2019.blob.core.windows.net/201901/125164.jpg,OK,0,18,SAN MARCOS,OCÓS,12516,CORPORACIÓN MUNICIPAL,4,2,2,0,1,4,241,241,235,235,92,37,5,22,0,73,6
0,4,1,400,393,12,https://resultados2019.blob.core.windows.net/201901/125074.jpg,OK,0,18,SAN MARCOS,OCÓS,12507,CORPORACIÓN MUNICIPAL,9,2,2,0,1,4,253,254,241,241,98,44,2,24,1,63,9
1,2,0,400,396,12,https://resultados2019.blob.core.windows.net/201901/124994.jpg,OK,0,18,SAN MARCOS,OCÓS,12499,CORPORACIÓN MUNICIPAL,14,2,2,0,1,4,275,275,259,259,102,50,6,21,1,73,6
1,3,0,400,400,12,https://resultados2019.blob.core.windows.net/201901/125174.jpg,OK,0,18,SAN MARCOS,OCÓS,12517,CORPORACIÓN MUNICIPAL,4,2,2,0,1,4,296,296,289,289,125,41,4,28,2,73,16
1,1,0,400,0,12,https://resultados2019.blob.core.windows.net/201901/125044.jpg,OK,0,18,SAN MARCOS,OCÓS,12504,CORPORACIÓN MUNICIPAL,9,2,2,0,1,4,295,295,285,285,101,60,3,36,1,69,15
1,2,0,400,397,12,https://resultados2019.blob.core.windows.net/201901/125154.jpg,OK,0,18,SAN MARCOS,OCÓS,12515,CORPORACIÓN MUNICIPAL,11,2,2,0,1,4,252,252,239,239,102,41,4,18,2,67,5
1,0,0,400,400,12,https://resultados2019.blob.core.windows.net/201901/125094.jpg,OK,0,18,SAN MARCOS,OCÓS,12509,CORPORACIÓN MUNICIPAL,6,2,2,0,1,4,223,223,217,217,88,45,3,17,0,60,4
1,2,1,400,399,12,https://resultados2019.blob.core.windows.net/201901/125084.jpg,OK,0,18,SAN MARCOS,OCÓS,12508,CORPORACIÓN MUNICIPAL,7,2,2,0,1,4,245,245,236,236,87,44,6,22,1,69,7
1,4,0,400,394,12,https://resultados2019.blob.core.windows.net/201901/125054.jpg,OK,0,18,SAN MARCOS,OCÓS,12505,CORPORACIÓN MUNICIPAL,12,2,2,0,1,4,304,304,288,288,94,52,2,56,0,75,9
1,1,3,247,247,12,https://resultados2019.blob.core.windows.net/201901/125184.jpg,OK,2,18,SAN MARCOS,OCÓS,12518,CORPORACIÓN MUNICIPAL,3,2,2,0,1,4,105,105,101,101,44,19,0,8,0,27,3
1,1,0,400,400,12,https://resultados2019.blob.core.windows.net/201901/125104.jpg,OK,0,18,SAN MARCOS,OCÓS,12510,CORPORACIÓN MUNICIPAL,15,2,2,0,1,4,237,237,221,221,83,42,2,23,0,63,8
1,2,0,400,396,12,https://resultados2019.blob.core.windows.net/201901/125034.jpg,OK,2,18,SAN MARCOS,OCÓS,12503,CORPORACIÓN MUNICIPAL,7,2,2,0,1,4,283,283,274,274,92,52,2,23,1,100,4
1,2,1,400,396,12,https://resultados2019.blob.core.windows.net/201901/125064.jpg,OK,0,18,SAN MARCOS,OCÓS,12506,CORPORACIÓN MUNICIPAL,10,2,2,0,1,4,300,300,288,288,88,61,10,49,0,67,13
1,6,0,400,393,12,https://resultados2019.blob.core.windows.net/201901/125014.jpg,OK,0,18,SAN MARCOS,OCÓS,12501,CORPORACIÓN MUNICIPAL,15,2,2,0,1,4,289,289,268,268,102,51,3,30,1,77,4
1,3,4,400,399,12,https://resultados2019.blob.core.windows.net/201901/125134.jpg,OK,0,18,SAN MARCOS,OCÓS,12513,CORPORACIÓN MUNICIPAL,9,2,2,0,1,4,224,224,212,212,91,32,0,21,3,56,9
1,5,6,400,400,12,https://resultados2019.blob.core.windows.net/201901/125144.jpg,OK,0,18,SAN MARCOS,OCÓS,12514,CORPORACIÓN MUNICIPAL,7,2,2,0,1,4,219,219,207,207,78,37,0,20,1,62,9
1,3,0,400,394,12,https://resultados2019.blob.core.windows.net/201901/125004.jpg,OK,0,18,SAN MARCOS,OCÓS,12500,CORPORACIÓN MUNICIPAL,9,2,2,0,1,4,276,276,264,264,107,48,0,20,2,74,13
1,1,1,400,394,12,https://resultados2019.blob.core.windows.net/201901/125124.jpg,OK,0,18,SAN MARCOS,OCÓS,12512,CORPORACIÓN MUNICIPAL,17,2,2,0,1,4,254,254,236,236,97,46,4,17,0,64,8
1,4,0,400,400,12,https://resultados2019.blob.core.windows.net/201901/125114.jpg,OK,0,18,SAN MARCOS,OCÓS,12511,CORPORACIÓN MUNICIPAL,9,2,2,0,1,4,229,229,216,216,72,37,2,22,0,76,7
1,2,0,247,244,12,https://resultados2019.blob.core.windows.net/201901/125194.jpg,OK,0,18,SAN MARCOS,OCÓS,12519,CORPORACIÓN MUNICIPAL,4,2,2,0,1,4,47,47,41,41,20,6,3,4,0,5,3
1,6,0,400,395,12,https://resultados2019.blob.core.windows.net/201901/125024.jpg,OK,0,18,SAN MARCOS,OCÓS,12502,CORPORACIÓN MUNICIPAL,13,2,2,0,1,4,285,285,266,266,86,51,4,25,0,86,14
