ACTACUADRA,BLANCOS,CNTIMPUGNA,CNTINSCRITOS,CNTPAPELETAS,DEP,IMGSRC,IMGSTATUS,INVALIDOS,MUN,NDEP,NMUN,NROMESA,NTE,NULOS,STACTA,STESCAN,STFISIC,STTRANS,TIPOELECCION,TOTALACTA,TOTALVOTOS,VOTOSVALIDOS,VOTOSVALIDOSACTA,voto_CCAM,voto_CONVERGENCIA,voto_CRECER,voto_CREO,voto_FCN-NACION,voto_LIBRE,voto_MLP,voto_PHG,voto_SEMILLA,voto_UCN,voto_UNE,voto_UNIONISTA,voto_VALOR,voto_VAMOS,voto_VICTORIA,voto_VIVA
1,13,0,400,401,12,https://resultados2019.blob.core.windows.net/201901/121314.jpg,OK,0,12,SAN MARCOS,NUEVO PROGRESO,12131,CORPORACIÓN MUNICIPAL,25,2,2,0,1,4,250,250,212,212,40,5,16,18,22,5,9,14,7,16,19,3,8,3,19,8
1,10,0,380,380,12,https://resultados2019.blob.core.windows.net/201901/121524.jpg,OK,0,12,SAN MARCOS,NUEVO PROGRESO,12152,CORPORACIÓN MUNICIPAL,16,2,2,0,1,4,244,244,218,218,77,0,18,19,19,1,13,11,5,7,14,0,2,21,4,7
1,3,0,400,400,12,https://resultados2019.blob.core.windows.net/201901/121414.jpg,OK,0,12,SAN MARCOS,NUEVO PROGRESO,12141,CORPORACIÓN MUNICIPAL,18,2,2,0,1,4,241,241,220,220,42,5,22,12,12,14,9,20,8,15,11,3,5,16,20,6
1,4,0,278,0,12,https://resultados2019.blob.core.windows.net/201901/121694.jpg,OK,0,12,SAN MARCOS,NUEVO PROGRESO,12169,CORPORACIÓN MUNICIPAL,6,2,2,0,1,4,131,131,121,121,28,1,19,10,22,1,2,2,2,1,6,0,1,4,21,1
1,9,0,400,400,12,https://resultados2019.blob.core.windows.net/201901/121364.jpg,OK,0,12,SAN MARCOS,NUEVO PROGRESO,12136,CORPORACIÓN MUNICIPAL,14,2,2,0,1,4,245,245,222,222,45,13,25,11,19,9,7,14,10,20,19,3,1,6,12,8
1,1,0,204,204,12,https://resultados2019.blob.core.windows.net/201901/121584.jpg,OK,0,12,SAN MARCOS,NUEVO PROGRESO,12158,CORPORACIÓN MUNICIPAL,3,2,2,0,1,4,124,124,120,120,30,6,8,9,9,1,2,11,9,7,3,0,2,15,6,2
1,0,0,226,236,12,https://resultados2019.blob.core.windows.net/201901/121464.jpg,OK,0,12,SAN MARCOS,NUEVO PROGRESO,12146,CORPORACIÓN MUNICIPAL,4,2,2,0,1,4,151,151,147,147,27,3,18,16,13,6,12,8,7,7,7,1,1,4,15,2
1,3,0,400,400,12,https://resultados2019.blob.core.windows.net/201901/121454.jpg,OK,0,12,SAN MARCOS,NUEVO PROGRESO,12145,CORPORACIÓN MUNICIPAL,4,2,2,0,1,4,220,220,213,213,36,5,15,15,19,8,9,27,11,10,19,7,3,12,12,5
1,6,0,380,380,12,https://resultados2019.blob.core.windows.net/201901/121554.jpg,OK,2,12,SAN MARCOS,NUEVO PROGRESO,12155,CORPORACIÓN MUNICIPAL,8,2,2,0,1,4,205,205,191,191,50,4,17,21,17,0,7,13,4,7,10,1,2,27,7,4
1,15,0,380,380,12,https://resultados2019.blob.core.windows.net/201901/121484.jpg,OK,0,12,SAN MARCOS,NUEVO PROGRESO,12148,CORPORACIÓN MUNICIPAL,29,2,2,0,1,4,300,300,256,256,28,7,64,2,38,0,13,4,7,13,53,1,5,8,12,1
1,6,0,400,400,12,https://resultados2019.blob.core.windows.net/201901/121374.jpg,OK,0,12,SAN MARCOS,NUEVO PROGRESO,12137,CORPORACIÓN MUNICIPAL,12,2,2,0,1,4,205,205,187,187,31,4,21,8,18,8,7,13,9,15,14,3,1,9,23,3
1,6,0,512,512,12,https://resultados2019.blob.core.windows.net/201901/121724.jpg,OK,0,12,SAN MARCOS,NUEVO PROGRESO,12172,CORPORACIÓN MUNICIPAL,9,2,2,0,1,4,115,115,100,100,11,3,8,8,9,4,7,6,2,14,6,1,5,6,7,3
1,5,0,380,380,12,https://resultados2019.blob.core.windows.net/201901/121494.jpg,OK,0,12,SAN MARCOS,NUEVO PROGRESO,12149,CORPORACIÓN MUNICIPAL,18,2,2,0,1,4,278,278,255,255,23,5,62,10,56,2,8,3,1,28,37,0,1,12,7,0
1,7,0,400,400,12,https://resultados2019.blob.core.windows.net/201901/121404.jpg,OK,0,12,SAN MARCOS,NUEVO PROGRESO,12140,CORPORACIÓN MUNICIPAL,15,2,2,0,1,4,240,240,218,218,36,4,18,17,24,5,12,10,8,21,17,3,4,14,16,9
0,8,0,400,400,12,https://resultados2019.blob.core.windows.net/201901/121324.jpg,OK,0,12,SAN MARCOS,NUEVO PROGRESO,12132,CORPORACIÓN MUNICIPAL,26,2,2,0,1,4,281,287,253,247,50,3,25,13,27,8,9,26,6,11,16,13,5,6,19,16
1,17,0,380,380,12,https://resultados2019.blob.core.windows.net/201901/121614.jpg,OK,0,12,SAN MARCOS,NUEVO PROGRESO,12161,CORPORACIÓN MUNICIPAL,17,2,2,0,1,4,261,261,227,227,8,3,15,13,30,1,3,3,10,14,115,0,3,2,2,5
1,5,0,288,288,12,https://resultados2019.blob.core.windows.net/201901/121514.jpg,OK,0,12,SAN MARCOS,NUEVO PROGRESO,12151,CORPORACIÓN MUNICIPAL,7,2,2,0,1,4,214,214,202,202,13,5,45,4,48,0,9,4,6,21,34,1,2,3,6,1
1,5,0,237,237,12,https://resultados2019.blob.core.windows.net/201901/121674.jpg,OK,0,12,SAN MARCOS,NUEVO PROGRESO,12167,CORPORACIÓN MUNICIPAL,11,2,2,0,1,4,128,128,112,112,23,2,23,4,5,1,2,1,1,3,19,2,1,7,17,1
1,5,0,288,238,12,https://resultados2019.blob.core.windows.net/201901/121504.jpg,OK,0,12,SAN MARCOS,NUEVO PROGRESO,12150,CORPORACIÓN MUNICIPAL,20,2,2,0,1,4,209,209,184,184,18,3,45,2,45,0,7,2,2,22,28,0,0,5,5,0
1,2,0,277,178,12,https://resultados2019.blob.core.windows.net/201901/121704.jpg,OK,0,12,SAN MARCOS,NUEVO PROGRESO,12170,CORPORACIÓN MUNICIPAL,8,2,2,0,1,4,104,104,94,94,19,0,8,5,18,1,3,2,3,6,8,2,3,1,15,0
1,8,0,400,400,12,https://resultados2019.blob.core.windows.net/201901/121304.jpg,OK,0,12,SAN MARCOS,NUEVO PROGRESO,12130,CORPORACIÓN MUNICIPAL,26,2,2,0,1,4,256,256,222,222,41,4,41,10,20,5,19,6,9,15,27,1,1,5,14,4
1,7,0,400,400,12,https://resultados2019.blob.core.windows.net/201901/121294.jpg,OK,0,12,SAN MARCOS,NUEVO PROGRESO,12129,CORPORACIÓN MUNICIPAL,16,2,2,0,1,4,249,249,226,226,53,7,22,7,15,7,18,11,18,10,15,2,7,6,24,4
1,13,0,380,380,12,https://resultados2019.blob.core.windows.net/201901/121664.jpg,OK,1,12,SAN MARCOS,NUEVO PROGRESO,12166,CORPORACIÓN MUNICIPAL,32,2,2,0,1,4,233,233,188,188,32,2,27,2,9,1,14,3,2,12,39,1,2,3,37,2
1,5,0,365,365,12,https://resultados2019.blob.core.windows.net/201901/121644.jpg,OK,0,12,SAN MARCOS,NUEVO PROGRESO,12164,CORPORACIÓN MUNICIPAL,8,2,2,0,1,4,208,208,195,195,2,3,31,12,3,0,4,2,2,9,112,0,3,3,2,7
1,6,0,400,400,12,https://resultados2019.blob.core.windows.net/201901/121394.jpg,OK,0,12,SAN MARCOS,NUEVO PROGRESO,12139,CORPORACIÓN MUNICIPAL,18,2,2,0,1,4,229,229,205,205,24,8,30,10,19,10,13,12,10,17,10,2,1,10,24,5
1,13,0,380,380,12,https://resultados2019.blob.core.windows.net/201901/121604.jpg,OK,0,12,SAN MARCOS,NUEVO PROGRESO,12160,CORPORACIÓN MUNICIPAL,20,2,2,0,1,4,253,253,220,220,6,1,27,11,27,0,2,7,6,7,107,0,1,5,8,5
1,2,0,225,225,12,https://resultados2019.blob.core.windows.net/201901/121474.jpg,OK,0,12,SAN MARCOS,NUEVO PROGRESO,12147,CORPORACIÓN MUNICIPAL,6,2,2,0,1,4,119,119,111,111,16,3,14,10,8,1,7,6,8,10,5,0,3,6,13,1
1,9,0,380,380,12,https://resultados2019.blob.core.windows.net/201901/121564.jpg,OK,0,12,SAN MARCOS,NUEVO PROGRESO,12156,CORPORACIÓN MUNICIPAL,18,2,2,0,1,4,252,252,225,225,50,4,15,28,33,3,5,16,7,4,16,1,1,32,8,2
1,10,0,380,380,12,https://resultados2019.blob.core.windows.net/201901/121574.jpg,OK,0,12,SAN MARCOS,NUEVO PROGRESO,12157,CORPORACIÓN MUNICIPAL,19,2,2,0,1,4,234,234,205,205,51,2,14,20,20,0,10,8,4,12,22,1,2,29,4,6
1,7,0,366,366,12,https://resultados2019.blob.core.windows.net/201901/121634.jpg,OK,0,12,SAN MARCOS,NUEVO PROGRESO,12163,CORPORACIÓN MUNICIPAL,12,2,2,0,1,4,216,216,197,197,5,1,41,17,8,1,3,1,5,8,83,3,0,5,4,12
1,8,0,400,400,12,https://resultados2019.blob.core.windows.net/201901/121344.jpg,OK,0,12,SAN MARCOS,NUEVO PROGRESO,12134,CORPORACIÓN MUNICIPAL,23,2,2,0,1,4,293,293,262,262,45,8,20,13,31,12,6,15,16,15,23,2,7,10,33,6
1,2,0,400,400,12,https://resultados2019.blob.core.windows.net/201901/121384.jpg,OK,0,12,SAN MARCOS,NUEVO PROGRESO,12138,CORPORACIÓN MUNICIPAL,15,2,2,0,1,4,224,224,207,207,27,5,32,8,13,15,14,14,11,10,18,2,7,8,18,5
1,8,0,380,380,12,https://resultados2019.blob.core.windows.net/201901/121534.jpg,OK,0,12,SAN MARCOS,NUEVO PROGRESO,12153,CORPORACIÓN MUNICIPAL,16,2,2,0,1,4,230,230,206,206,57,2,19,18,27,1,19,8,8,10,12,3,4,13,5,0
1,5,0,600,599,12,https://resultados2019.blob.core.windows.net/201901/121714.jpg,OK,0,12,SAN MARCOS,NUEVO PROGRESO,12171,CORPORACIÓN MUNICIPAL,14,2,2,0,1,4,156,156,137,137,27,3,14,9,11,8,6,4,9,10,8,2,4,10,11,1
1,8,0,511,511,12,https://resultados2019.blob.core.windows.net/201901/121734.jpg,OK,0,12,SAN MARCOS,NUEVO PROGRESO,12173,CORPORACIÓN MUNICIPAL,7,2,2,0,1,4,80,80,65,65,10,2,8,7,3,4,3,5,1,8,5,0,2,0,5,2
1,3,0,203,203,12,https://resultados2019.blob.core.windows.net/201901/121594.jpg,OK,0,12,SAN MARCOS,NUEVO PROGRESO,12159,CORPORACIÓN MUNICIPAL,2,2,2,0,1,4,118,118,113,113,36,4,9,8,14,1,4,7,3,2,3,0,0,13,8,1
1,8,0,400,400,12,https://resultados2019.blob.core.windows.net/201901/121354.jpg,OK,0,12,SAN MARCOS,NUEVO PROGRESO,12135,CORPORACIÓN MUNICIPAL,23,2,2,0,1,4,281,281,250,250,57,3,26,15,30,9,5,12,8,13,23,3,3,10,23,10
1,9,0,400,400,12,https://resultados2019.blob.core.windows.net/201901/121434.jpg,OK,0,12,SAN MARCOS,NUEVO PROGRESO,12143,CORPORACIÓN MUNICIPAL,19,2,2,0,1,4,227,227,199,199,35,7,17,16,18,9,11,11,7,15,11,2,8,10,18,4
1,15,0,380,380,12,https://resultados2019.blob.core.windows.net/201901/121654.jpg,OK,0,12,SAN MARCOS,NUEVO PROGRESO,12165,CORPORACIÓN MUNICIPAL,40,2,2,0,1,4,228,228,173,173,19,3,20,4,21,0,9,2,3,7,53,1,3,4,22,2
1,12,0,400,400,12,https://resultados2019.blob.core.windows.net/201901/121334.jpg,OK,0,12,SAN MARCOS,NUEVO PROGRESO,12133,CORPORACIÓN MUNICIPAL,24,2,2,0,1,4,260,260,224,224,32,5,8,14,28,8,19,11,16,21,19,3,5,6,23,6
1,9,0,400,400,12,https://resultados2019.blob.core.windows.net/201901/121444.jpg,OK,0,12,SAN MARCOS,NUEVO PROGRESO,12144,CORPORACIÓN MUNICIPAL,16,2,2,0,1,4,212,212,187,187,33,5,15,20,23,3,14,15,6,12,6,3,5,4,16,7
1,6,0,237,237,12,https://resultados2019.blob.core.windows.net/201901/121684.jpg,OK,0,12,SAN MARCOS,NUEVO PROGRESO,12168,CORPORACIÓN MUNICIPAL,11,2,2,0,1,4,111,111,94,94,10,2,17,1,8,1,5,5,1,7,22,1,1,1,12,0
1,7,0,400,400,12,https://resultados2019.blob.core.windows.net/201901/121424.jpg,OK,0,12,SAN MARCOS,NUEVO PROGRESO,12142,CORPORACIÓN MUNICIPAL,12,2,2,0,1,4,221,221,202,202,36,7,7,9,17,8,15,13,16,20,18,1,3,7,20,5
1,11,0,380,380,12,https://resultados2019.blob.core.windows.net/201901/121544.jpg,OK,0,12,SAN MARCOS,NUEVO PROGRESO,12154,CORPORACIÓN MUNICIPAL,30,2,2,0,1,4,268,268,227,227,57,1,13,32,23,2,8,15,7,13,19,0,4,23,6,4
1,10,0,380,380,12,https://resultados2019.blob.core.windows.net/201901/121624.jpg,OK,0,12,SAN MARCOS,NUEVO PROGRESO,12162,CORPORACIÓN MUNICIPAL,11,2,2,0,1,4,238,238,217,217,6,1,35,8,16,1,1,3,2,5,114,2,7,3,2,11
