ACTACUADRA,BLANCOS,CNTIMPUGNA,CNTINSCRITOS,CNTPAPELETAS,DEP,IMGSRC,IMGSTATUS,INVALIDOS,MUN,NDEP,NMUN,NROMESA,NTE,NULOS,STACTA,STESCAN,STFISIC,STTRANS,TIPOELECCION,TOTALACTA,TOTALVOTOS,VOTOSVALIDOS,VOTOSVALIDOSACTA,voto_FCN-NACION,voto_FUERZA,voto_PHG,voto_TODOS,voto_UCN,voto_UNE,voto_VALOR,voto_VAMOS,voto_VIVA
1,1,0,400,400,12,https://resultados2019.blob.core.windows.net/201901/126614.jpg,OK,0,22,SAN MARCOS,PAJAPITA,12661,CORPORACIÓN MUNICIPAL,15,2,2,0,1,4,251,251,235,235,3,19,5,95,40,49,5,9,10
1,2,0,237,236,12,https://resultados2019.blob.core.windows.net/201901/126724.jpg,OK,0,22,SAN MARCOS,PAJAPITA,12672,CORPORACIÓN MUNICIPAL,3,2,2,0,1,4,164,164,159,159,2,11,4,54,65,16,2,4,1
1,3,0,400,400,12,https://resultados2019.blob.core.windows.net/201901/126484.jpg,OK,0,22,SAN MARCOS,PAJAPITA,12648,CORPORACIÓN MUNICIPAL,18,2,2,0,1,4,282,282,261,261,3,16,3,100,37,70,5,13,14
1,3,0,380,380,12,https://resultados2019.blob.core.windows.net/201901/126674.jpg,OK,0,22,SAN MARCOS,PAJAPITA,12667,CORPORACIÓN MUNICIPAL,21,2,2,0,1,4,268,268,244,244,3,14,4,81,87,27,10,12,6
1,1,0,400,400,12,https://resultados2019.blob.core.windows.net/201901/126494.jpg,OK,0,22,SAN MARCOS,PAJAPITA,12649,CORPORACIÓN MUNICIPAL,10,2,2,0,1,4,243,243,232,232,6,17,3,97,29,58,1,10,11
1,6,0,400,400,12,https://resultados2019.blob.core.windows.net/201901/126534.jpg,OK,0,22,SAN MARCOS,PAJAPITA,12653,CORPORACIÓN MUNICIPAL,17,2,2,0,1,4,284,284,261,261,5,29,2,96,36,45,9,22,17
1,3,0,400,400,12,https://resultados2019.blob.core.windows.net/201901/126554.jpg,OK,0,22,SAN MARCOS,PAJAPITA,12655,CORPORACIÓN MUNICIPAL,15,2,2,0,1,4,268,268,250,250,4,18,3,104,34,40,6,23,18
1,4,0,380,380,12,https://resultados2019.blob.core.windows.net/201901/126784.jpg,OK,0,22,SAN MARCOS,PAJAPITA,12678,CORPORACIÓN MUNICIPAL,23,2,2,0,1,4,248,248,221,221,8,28,8,41,53,26,8,42,7
1,3,0,400,400,12,https://resultados2019.blob.core.windows.net/201901/126644.jpg,OK,0,22,SAN MARCOS,PAJAPITA,12664,CORPORACIÓN MUNICIPAL,6,2,2,0,1,4,265,265,256,256,3,26,7,103,41,52,5,11,8
1,5,0,199,199,12,https://resultados2019.blob.core.windows.net/201901/126804.jpg,OK,0,22,SAN MARCOS,PAJAPITA,12680,CORPORACIÓN MUNICIPAL,11,2,2,0,1,4,135,135,119,119,3,16,3,12,27,15,3,37,3
1,0,0,400,400,12,https://resultados2019.blob.core.windows.net/201901/126504.jpg,OK,0,22,SAN MARCOS,PAJAPITA,12650,CORPORACIÓN MUNICIPAL,15,2,2,0,1,4,261,261,246,246,4,25,3,76,39,71,11,10,7
1,5,0,400,400,12,https://resultados2019.blob.core.windows.net/201901/126604.jpg,OK,0,22,SAN MARCOS,PAJAPITA,12660,CORPORACIÓN MUNICIPAL,13,2,2,0,1,4,238,238,220,220,6,12,2,97,30,51,5,10,7
1,1,1,400,400,12,https://resultados2019.blob.core.windows.net/201901/126514.jpg,OK,0,22,SAN MARCOS,PAJAPITA,12651,CORPORACIÓN MUNICIPAL,12,2,2,0,1,4,266,266,253,253,3,32,5,83,41,57,6,11,15
1,2,0,400,402,12,https://resultados2019.blob.core.windows.net/201901/126564.jpg,OK,0,22,SAN MARCOS,PAJAPITA,12656,CORPORACIÓN MUNICIPAL,15,2,2,0,1,4,233,233,216,216,6,16,8,80,30,50,2,10,14
1,2,0,380,380,12,https://resultados2019.blob.core.windows.net/201901/126714.jpg,OK,0,22,SAN MARCOS,PAJAPITA,12671,CORPORACIÓN MUNICIPAL,19,2,2,0,1,4,268,268,247,247,4,14,4,78,87,40,8,9,3
1,4,0,400,400,12,https://resultados2019.blob.core.windows.net/201901/126634.jpg,OK,0,22,SAN MARCOS,PAJAPITA,12663,CORPORACIÓN MUNICIPAL,7,2,2,0,1,4,257,257,246,246,2,24,4,97,33,65,5,11,5
1,5,0,400,400,12,https://resultados2019.blob.core.windows.net/201901/126574.jpg,OK,0,22,SAN MARCOS,PAJAPITA,12657,CORPORACIÓN MUNICIPAL,14,2,2,0,1,4,254,254,235,235,4,20,3,104,27,47,4,13,13
1,8,0,400,400,12,https://resultados2019.blob.core.windows.net/201901/126544.jpg,OK,0,22,SAN MARCOS,PAJAPITA,12654,CORPORACIÓN MUNICIPAL,20,2,2,0,1,4,297,297,269,269,1,20,8,105,35,63,3,28,6
1,3,0,380,380,12,https://resultados2019.blob.core.windows.net/201901/126794.jpg,OK,0,22,SAN MARCOS,PAJAPITA,12679,CORPORACIÓN MUNICIPAL,18,2,2,0,1,4,253,253,232,232,6,32,13,38,58,25,8,50,2
1,1,0,400,400,12,https://resultados2019.blob.core.windows.net/201901/126474.jpg,OK,0,22,SAN MARCOS,PAJAPITA,12647,CORPORACIÓN MUNICIPAL,24,2,2,0,1,4,247,247,222,222,1,12,5,94,31,63,6,5,5
1,1,0,199,199,12,https://resultados2019.blob.core.windows.net/201901/126814.jpg,OK,0,22,SAN MARCOS,PAJAPITA,12681,CORPORACIÓN MUNICIPAL,7,2,1,0,1,4,144,144,136,136,5,14,5,24,30,12,7,38,1
1,4,0,277,277,12,https://resultados2019.blob.core.windows.net/201901/126744.jpg,OK,0,22,SAN MARCOS,PAJAPITA,12674,CORPORACIÓN MUNICIPAL,10,2,2,0,1,4,197,197,183,183,3,48,1,38,9,6,0,72,6
1,2,0,400,400,12,https://resultados2019.blob.core.windows.net/201901/126624.jpg,OK,0,22,SAN MARCOS,PAJAPITA,12662,CORPORACIÓN MUNICIPAL,14,2,2,0,1,4,246,246,230,230,8,18,2,94,44,47,3,6,8
1,1,0,400,401,12,https://resultados2019.blob.core.windows.net/201901/126584.jpg,OK,0,22,SAN MARCOS,PAJAPITA,12658,CORPORACIÓN MUNICIPAL,10,2,2,0,1,4,229,229,218,218,0,16,3,76,34,62,6,7,14
1,7,0,553,553,12,https://resultados2019.blob.core.windows.net/201901/126824.jpg,OK,0,22,SAN MARCOS,PAJAPITA,12682,CORPORACIÓN MUNICIPAL,6,2,2,0,1,4,145,145,132,132,5,15,3,46,20,16,2,14,11
1,5,0,380,380,12,https://resultados2019.blob.core.windows.net/201901/126704.jpg,OK,0,22,SAN MARCOS,PAJAPITA,12670,CORPORACIÓN MUNICIPAL,12,2,2,0,1,4,251,251,234,234,3,11,3,66,100,33,2,15,1
1,2,0,237,234,12,https://resultados2019.blob.core.windows.net/201901/126734.jpg,OK,0,22,SAN MARCOS,PAJAPITA,12673,CORPORACIÓN MUNICIPAL,4,2,2,0,1,4,158,158,152,152,1,15,2,38,69,20,1,4,2
1,0,0,400,400,12,https://resultados2019.blob.core.windows.net/201901/126524.jpg,OK,0,22,SAN MARCOS,PAJAPITA,12652,CORPORACIÓN MUNICIPAL,19,2,2,0,1,4,278,278,259,259,6,26,3,101,44,48,8,10,13
1,6,0,380,380,12,https://resultados2019.blob.core.windows.net/201901/126764.jpg,OK,0,22,SAN MARCOS,PAJAPITA,12676,CORPORACIÓN MUNICIPAL,20,2,1,0,1,4,251,251,225,225,7,22,7,40,57,22,12,52,6
1,3,0,380,380,12,https://resultados2019.blob.core.windows.net/201901/126684.jpg,OK,0,22,SAN MARCOS,PAJAPITA,12668,CORPORACIÓN MUNICIPAL,26,2,2,0,1,4,291,291,262,262,2,21,1,86,96,30,13,6,7
1,6,0,277,277,12,https://resultados2019.blob.core.windows.net/201901/126754.jpg,OK,0,22,SAN MARCOS,PAJAPITA,12675,CORPORACIÓN MUNICIPAL,8,2,2,0,1,4,192,192,178,178,4,54,3,32,8,5,3,68,1
1,6,0,380,380,12,https://resultados2019.blob.core.windows.net/201901/126694.jpg,OK,0,22,SAN MARCOS,PAJAPITA,12669,CORPORACIÓN MUNICIPAL,14,2,2,0,1,4,287,287,267,267,4,17,4,85,96,34,12,12,3
1,4,0,553,560,12,https://resultados2019.blob.core.windows.net/201901/126834.jpg,OK,0,22,SAN MARCOS,PAJAPITA,12683,CORPORACIÓN MUNICIPAL,8,2,2,0,1,4,93,93,81,81,3,9,3,27,14,11,1,9,4
1,3,0,400,400,12,https://resultados2019.blob.core.windows.net/201901/126594.jpg,OK,0,22,SAN MARCOS,PAJAPITA,12659,CORPORACIÓN MUNICIPAL,13,2,2,0,1,4,245,245,229,229,3,19,7,84,33,56,4,5,18
1,0,0,209,209,12,https://resultados2019.blob.core.windows.net/201901/126654.jpg,OK,0,22,SAN MARCOS,PAJAPITA,12665,CORPORACIÓN MUNICIPAL,2,2,2,0,1,4,151,151,149,149,3,20,0,52,19,32,4,15,4
1,5,0,380,380,12,https://resultados2019.blob.core.windows.net/201901/126774.jpg,OK,0,22,SAN MARCOS,PAJAPITA,12677,CORPORACIÓN MUNICIPAL,12,2,2,0,1,4,266,266,249,249,8,23,7,54,44,30,15,64,4
1,2,0,209,209,12,https://resultados2019.blob.core.windows.net/201901/126664.jpg,OK,0,22,SAN MARCOS,PAJAPITA,12666,CORPORACIÓN MUNICIPAL,2,2,2,0,1,4,118,118,114,114,0,11,0,40,19,22,5,10,7
