ACTACUADRA,BLANCOS,CNTIMPUGNA,CNTINSCRITOS,CNTPAPELETAS,DEP,IMGSRC,IMGSTATUS,INVALIDOS,MUN,NDEP,NMUN,NROMESA,NTE,NULOS,STACTA,STESCAN,STFISIC,STTRANS,TIPOELECCION,TOTALACTA,TOTALVOTOS,VOTOSVALIDOS,VOTOSVALIDOSACTA,voto_AVANZA,voto_CREO,voto_FCN-NACION,voto_FUERZA,voto_LIBRE,voto_PAN,voto_PC,voto_PHG,voto_UCN,voto_UNE,voto_URNG_MAIZ,voto_VALOR,voto_VAMOS,voto_VICTORIA,voto_VIVA
1,9,0,380,400,12,https://resultados2019.blob.core.windows.net/201901/126394.jpg,OK,0,21,SAN MARCOS,LA REFORMA,12639,CORPORACIÓN MUNICIPAL,17,2,2,0,1,4,272,272,246,246,28,3,15,2,3,0,42,5,98,28,4,3,4,7,4
1,7,0,400,400,12,https://resultados2019.blob.core.windows.net/201901/126204.jpg,OK,0,21,SAN MARCOS,LA REFORMA,12620,CORPORACIÓN MUNICIPAL,23,2,2,0,1,4,298,298,268,268,7,4,46,2,3,1,37,2,95,32,3,0,31,5,0
1,6,0,351,365,12,https://resultados2019.blob.core.windows.net/201901/126374.jpg,OK,0,21,SAN MARCOS,LA REFORMA,12637,CORPORACIÓN MUNICIPAL,21,2,2,0,1,4,190,190,163,163,3,11,24,9,1,0,17,0,51,18,9,0,8,10,2
1,10,0,400,400,12,https://resultados2019.blob.core.windows.net/201901/126224.jpg,OK,0,21,SAN MARCOS,LA REFORMA,12622,CORPORACIÓN MUNICIPAL,15,2,2,0,1,4,306,306,281,281,6,10,22,6,10,3,58,4,82,45,2,1,21,10,1
1,2,0,400,400,12,https://resultados2019.blob.core.windows.net/201901/126234.jpg,OK,0,21,SAN MARCOS,LA REFORMA,12623,CORPORACIÓN MUNICIPAL,4,2,2,0,1,4,243,243,237,237,6,5,27,2,4,2,40,4,87,26,1,2,20,11,0
1,2,0,400,400,12,https://resultados2019.blob.core.windows.net/201901/126254.jpg,OK,0,21,SAN MARCOS,LA REFORMA,12625,CORPORACIÓN MUNICIPAL,13,2,2,0,1,4,251,251,236,236,10,4,32,6,7,0,36,2,64,45,1,2,15,12,0
1,1,0,222,400,12,https://resultados2019.blob.core.windows.net/201901/126414.jpg,OK,0,21,SAN MARCOS,LA REFORMA,12641,CORPORACIÓN MUNICIPAL,5,2,2,0,1,4,130,130,124,124,12,2,14,4,2,0,17,4,41,14,3,1,6,4,0
1,6,0,380,380,12,https://resultados2019.blob.core.windows.net/201901/126324.jpg,OK,0,21,SAN MARCOS,LA REFORMA,12632,CORPORACIÓN MUNICIPAL,29,2,2,0,1,4,231,231,196,196,5,19,24,5,1,1,23,0,59,28,11,1,8,10,1
1,5,0,370,400,12,https://resultados2019.blob.core.windows.net/201901/126314.jpg,OK,0,21,SAN MARCOS,LA REFORMA,12631,CORPORACIÓN MUNICIPAL,7,2,2,0,1,4,248,248,236,236,7,4,17,4,8,0,41,2,71,43,1,1,25,12,0
1,1,0,198,198,12,https://resultados2019.blob.core.windows.net/201901/126444.jpg,OK,0,21,SAN MARCOS,LA REFORMA,12644,CORPORACIÓN MUNICIPAL,0,2,2,0,1,4,139,139,138,138,1,0,16,7,1,0,84,1,12,4,0,4,4,4,0
1,6,0,380,380,12,https://resultados2019.blob.core.windows.net/201901/126424.jpg,OK,2,21,SAN MARCOS,LA REFORMA,12642,CORPORACIÓN MUNICIPAL,17,2,2,0,1,4,273,273,250,250,4,2,70,8,3,1,128,0,18,6,0,3,5,2,0
1,7,0,380,400,12,https://resultados2019.blob.core.windows.net/201901/126334.jpg,OK,0,21,SAN MARCOS,LA REFORMA,12633,CORPORACIÓN MUNICIPAL,34,2,2,0,1,4,253,253,212,212,5,14,23,11,0,1,25,1,79,24,7,0,11,11,0
1,1,0,222,400,12,https://resultados2019.blob.core.windows.net/201901/126404.jpg,OK,0,21,SAN MARCOS,LA REFORMA,12640,CORPORACIÓN MUNICIPAL,11,2,2,0,1,4,127,127,115,115,13,0,9,3,1,1,15,3,32,20,1,2,8,7,0
1,12,0,400,400,12,https://resultados2019.blob.core.windows.net/201901/126194.jpg,OK,0,21,SAN MARCOS,LA REFORMA,12619,CORPORACIÓN MUNICIPAL,23,2,2,0,1,4,308,308,273,273,6,6,16,7,6,2,55,3,87,39,1,1,27,16,1
1,16,0,400,400,12,https://resultados2019.blob.core.windows.net/201901/126184.jpg,OK,0,21,SAN MARCOS,LA REFORMA,12618,CORPORACIÓN MUNICIPAL,28,2,2,0,1,4,290,290,246,246,4,4,36,5,8,1,46,2,73,31,2,2,21,10,1
1,7,0,400,400,12,https://resultados2019.blob.core.windows.net/201901/126274.jpg,OK,0,21,SAN MARCOS,LA REFORMA,12627,CORPORACIÓN MUNICIPAL,11,2,2,0,1,4,249,249,231,231,7,5,23,4,7,2,35,1,75,38,0,1,23,9,1
1,2,0,351,400,12,https://resultados2019.blob.core.windows.net/201901/126384.jpg,OK,0,21,SAN MARCOS,LA REFORMA,12638,CORPORACIÓN MUNICIPAL,5,2,2,0,1,4,188,188,181,181,4,14,21,8,1,0,25,0,52,28,7,1,12,8,0
1,6,0,400,400,12,https://resultados2019.blob.core.windows.net/201901/126214.jpg,OK,0,21,SAN MARCOS,LA REFORMA,12621,CORPORACIÓN MUNICIPAL,17,2,2,0,1,4,295,295,272,272,4,6,27,4,9,0,38,4,98,43,3,0,22,13,1
1,4,0,400,400,12,https://resultados2019.blob.core.windows.net/201901/126154.jpg,OK,0,21,SAN MARCOS,LA REFORMA,12615,CORPORACIÓN MUNICIPAL,13,2,2,0,1,4,270,270,253,253,9,7,21,7,11,2,46,3,77,39,5,1,16,9,0
0,6,0,400,400,12,https://resultados2019.blob.core.windows.net/201901/126244.jpg,OK,0,21,SAN MARCOS,LA REFORMA,12624,CORPORACIÓN MUNICIPAL,6,2,2,0,1,4,251,247,235,239,10,5,20,3,4,0,31,0,84,51,1,0,18,6,2
1,5,0,400,400,12,https://resultados2019.blob.core.windows.net/201901/126264.jpg,OK,0,21,SAN MARCOS,LA REFORMA,12626,CORPORACIÓN MUNICIPAL,8,2,2,0,1,4,254,254,241,241,8,4,19,10,15,0,41,3,69,33,4,0,18,17,0
1,1,0,199,199,12,https://resultados2019.blob.core.windows.net/201901/126434.jpg,OK,0,21,SAN MARCOS,LA REFORMA,12643,CORPORACIÓN MUNICIPAL,6,2,2,0,1,4,138,138,131,131,3,0,36,3,2,1,72,2,3,1,0,3,3,2,0
1,5,0,400,400,12,https://resultados2019.blob.core.windows.net/201901/126164.jpg,OK,0,21,SAN MARCOS,LA REFORMA,12616,CORPORACIÓN MUNICIPAL,19,2,2,0,1,4,282,282,258,258,10,7,30,1,9,0,35,1,87,40,4,2,24,8,0
1,4,0,526,400,12,https://resultados2019.blob.core.windows.net/201901/126464.jpg,OK,0,21,SAN MARCOS,LA REFORMA,12646,CORPORACIÓN MUNICIPAL,7,2,2,0,1,4,73,73,62,62,1,5,3,0,2,0,7,1,20,12,2,1,6,2,0
0,6,0,400,400,12,https://resultados2019.blob.core.windows.net/201901/126174.jpg,OK,0,21,SAN MARCOS,LA REFORMA,12617,CORPORACIÓN MUNICIPAL,0,2,2,0,1,4,285,268,262,279,7,5,29,8,8,0,43,12,79,35,2,2,20,10,2
1,1,0,400,400,12,https://resultados2019.blob.core.windows.net/201901/126284.jpg,OK,0,21,SAN MARCOS,LA REFORMA,12628,CORPORACIÓN MUNICIPAL,3,2,2,0,1,4,237,237,233,233,7,9,26,5,12,2,34,2,76,29,2,1,21,7,0
1,2,0,400,400,12,https://resultados2019.blob.core.windows.net/201901/126294.jpg,OK,0,21,SAN MARCOS,LA REFORMA,12629,CORPORACIÓN MUNICIPAL,6,2,2,0,1,4,287,287,279,279,4,3,30,5,21,0,53,6,80,45,0,2,23,7,0
1,10,0,380,376,12,https://resultados2019.blob.core.windows.net/201901/126364.jpg,OK,0,21,SAN MARCOS,LA REFORMA,12636,CORPORACIÓN MUNICIPAL,29,2,2,0,1,4,220,220,181,181,4,20,12,8,1,0,28,0,55,28,7,0,10,8,0
1,2,0,526,400,12,https://resultados2019.blob.core.windows.net/201901/126454.jpg,OK,0,21,SAN MARCOS,LA REFORMA,12645,CORPORACIÓN MUNICIPAL,8,2,2,0,1,4,89,89,79,79,2,4,5,1,3,2,6,1,26,16,3,2,6,2,0
1,6,0,380,400,12,https://resultados2019.blob.core.windows.net/201901/126354.jpg,OK,0,21,SAN MARCOS,LA REFORMA,12635,CORPORACIÓN MUNICIPAL,21,2,2,0,1,4,225,225,198,198,3,8,28,11,2,1,35,0,56,23,12,1,13,5,0
1,11,0,380,400,12,https://resultados2019.blob.core.windows.net/201901/126344.jpg,OK,0,21,SAN MARCOS,LA REFORMA,12634,CORPORACIÓN MUNICIPAL,37,2,2,0,1,4,272,272,224,224,3,14,27,8,1,1,31,0,67,32,14,0,17,6,3
1,3,0,370,400,12,https://resultados2019.blob.core.windows.net/201901/126304.jpg,OK,0,21,SAN MARCOS,LA REFORMA,12630,CORPORACIÓN MUNICIPAL,3,2,2,0,1,4,251,251,245,245,7,4,17,8,14,0,40,2,93,32,2,0,14,11,1
