ACTACUADRA,BLANCOS,CNTIMPUGNA,CNTINSCRITOS,CNTPAPELETAS,DEP,IMGSRC,IMGSTATUS,INVALIDOS,MUN,NDEP,NMUN,NROMESA,NTE,NULOS,STACTA,STESCAN,STFISIC,STTRANS,TIPOELECCION,TOTALACTA,TOTALVOTOS,VOTOSVALIDOS,VOTOSVALIDOSACTA,voto_LIBRE,voto_PHG,voto_UCN,voto_UNE,voto_VAMOS
1,3,0,342,342,12,https://resultados2019.blob.core.windows.net/201901/128254.jpg,OK,0,28,SAN MARCOS,RÍO BLANCO,12825,CORPORACIÓN MUNICIPAL,0,2,2,0,1,4,267,267,264,264,34,77,3,88,62
1,3,1,342,342,12,https://resultados2019.blob.core.windows.net/201901/128244.jpg,OK,0,28,SAN MARCOS,RÍO BLANCO,12824,CORPORACIÓN MUNICIPAL,3,2,2,0,1,4,265,265,259,259,43,79,1,62,74
1,2,1,321,321,12,https://resultados2019.blob.core.windows.net/201901/128264.jpg,OK,0,28,SAN MARCOS,RÍO BLANCO,12826,CORPORACIÓN MUNICIPAL,3,2,2,0,1,4,69,69,64,64,6,23,3,19,13
1,6,0,400,400,12,https://resultados2019.blob.core.windows.net/201901/128204.jpg,OK,0,28,SAN MARCOS,RÍO BLANCO,12820,CORPORACIÓN MUNICIPAL,4,2,2,0,1,4,322,322,312,312,40,113,9,62,88
1,9,0,400,400,12,https://resultados2019.blob.core.windows.net/201901/128184.jpg,OK,1,28,SAN MARCOS,RÍO BLANCO,12818,CORPORACIÓN MUNICIPAL,6,2,2,0,1,4,327,327,312,312,32,101,8,80,91
1,6,0,400,0,12,https://resultados2019.blob.core.windows.net/201901/128224.jpg,OK,0,28,SAN MARCOS,RÍO BLANCO,12822,CORPORACIÓN MUNICIPAL,8,2,2,0,1,4,326,326,312,312,29,83,3,99,98
1,13,0,400,400,12,https://resultados2019.blob.core.windows.net/201901/128194.jpg,OK,0,28,SAN MARCOS,RÍO BLANCO,12819,CORPORACIÓN MUNICIPAL,3,2,2,0,1,4,323,323,307,307,39,82,13,89,84
1,9,0,400,400,12,https://resultados2019.blob.core.windows.net/201901/128214.jpg,OK,0,28,SAN MARCOS,RÍO BLANCO,12821,CORPORACIÓN MUNICIPAL,4,2,2,0,1,4,332,332,319,319,27,64,4,118,106
1,6,0,400,400,12,https://resultados2019.blob.core.windows.net/201901/128234.jpg,OK,0,28,SAN MARCOS,RÍO BLANCO,12823,CORPORACIÓN MUNICIPAL,1,2,2,0,1,4,281,281,274,274,48,82,5,79,60
