ACTACUADRA,BLANCOS,CNTIMPUGNA,CNTINSCRITOS,CNTPAPELETAS,DEP,IMGSRC,IMGSTATUS,INVALIDOS,MUN,NDEP,NMUN,NROMESA,NTE,NULOS,STACTA,STESCAN,STFISIC,STTRANS,TIPOELECCION,TOTALACTA,TOTALVOTOS,VOTOSVALIDOS,VOTOSVALIDOSACTA,voto_BIEN,voto_COCIDISH,voto_COCISA,voto_CONVERGENCIA,voto_CREO,voto_EG,voto_FCN-NACION,voto_LIBRE,voto_MLP,voto_PC,voto_PHG,voto_PPT,voto_SEMILLA,voto_TODOS,voto_UCN,voto_UNE,voto_UNIONISTA,voto_VALOR,voto_VAMOS,voto_VIVA
1,2,0,400,393,12,https://resultados2019.blob.core.windows.net/201901/115094.jpg,OK,0,2,SAN MARCOS,SAN PEDRO SACATEPÉQUEZ,11509,CORPORACIÓN MUNICIPAL,10,2,2,0,1,4,285,285,273,273,12,22,27,6,3,3,1,1,4,16,0,0,49,2,1,27,0,2,86,11
1,6,0,315,315,12,https://resultados2019.blob.core.windows.net/201901/115714.jpg,OK,0,2,SAN MARCOS,SAN PEDRO SACATEPÉQUEZ,11571,CORPORACIÓN MUNICIPAL,2,2,2,0,1,4,90,90,82,82,0,0,6,0,2,0,0,0,1,15,1,0,4,4,0,13,2,0,33,1
1,3,0,400,400,12,https://resultados2019.blob.core.windows.net/201901/115124.jpg,OK,0,2,SAN MARCOS,SAN PEDRO SACATEPÉQUEZ,11512,CORPORACIÓN MUNICIPAL,5,2,2,0,1,4,304,304,296,296,21,16,27,2,1,2,6,5,2,16,3,2,53,1,1,40,1,0,86,11
1,6,0,380,380,12,https://resultados2019.blob.core.windows.net/201901/115594.jpg,OK,1,2,SAN MARCOS,SAN PEDRO SACATEPÉQUEZ,11559,CORPORACIÓN MUNICIPAL,21,2,2,0,1,4,244,244,217,217,46,0,9,3,3,0,3,1,2,44,1,3,2,3,1,18,8,1,58,11
1,4,0,400,400,12,https://resultados2019.blob.core.windows.net/201901/115384.jpg,OK,0,2,SAN MARCOS,SAN PEDRO SACATEPÉQUEZ,11538,CORPORACIÓN MUNICIPAL,6,2,2,0,1,4,257,257,247,247,3,9,10,3,2,4,5,4,11,13,7,0,25,3,4,42,1,5,87,9
1,1,0,380,374,12,https://resultados2019.blob.core.windows.net/201901/115894.jpg,OK,0,2,SAN MARCOS,SAN PEDRO SACATEPÉQUEZ,11589,CORPORACIÓN MUNICIPAL,10,2,2,0,1,4,237,237,226,226,8,12,38,0,0,1,10,1,3,7,3,1,6,2,0,53,1,1,72,7
1,6,0,380,379,12,https://resultados2019.blob.core.windows.net/201901/115984.jpg,OK,0,2,SAN MARCOS,SAN PEDRO SACATEPÉQUEZ,11598,CORPORACIÓN MUNICIPAL,7,2,2,0,1,4,216,216,203,203,2,20,25,2,2,2,10,4,1,10,3,0,2,0,1,55,2,1,55,6
1,6,0,248,248,12,https://resultados2019.blob.core.windows.net/201901/115584.jpg,OK,0,2,SAN MARCOS,SAN PEDRO SACATEPÉQUEZ,11558,CORPORACIÓN MUNICIPAL,11,2,2,0,1,4,132,132,115,115,1,0,15,0,2,0,10,0,0,3,5,3,1,10,1,35,3,0,25,1
1,3,0,380,380,12,https://resultados2019.blob.core.windows.net/201901/115624.jpg,OK,0,2,SAN MARCOS,SAN PEDRO SACATEPÉQUEZ,11562,CORPORACIÓN MUNICIPAL,10,2,2,0,1,4,201,201,188,188,48,3,9,0,1,2,5,0,4,27,1,2,6,1,0,13,7,0,54,5
1,8,0,380,380,12,https://resultados2019.blob.core.windows.net/201901/115494.jpg,OK,0,2,SAN MARCOS,SAN PEDRO SACATEPÉQUEZ,11549,CORPORACIÓN MUNICIPAL,18,2,2,0,1,4,170,170,144,144,3,11,10,1,1,0,6,0,2,30,1,2,3,2,0,20,0,0,51,1
1,9,0,380,380,12,https://resultados2019.blob.core.windows.net/201901/115484.jpg,OK,0,2,SAN MARCOS,SAN PEDRO SACATEPÉQUEZ,11548,CORPORACIÓN MUNICIPAL,15,2,2,0,1,4,167,167,143,143,2,17,8,2,1,0,5,0,1,19,1,2,3,1,0,25,0,1,53,2
1,5,0,275,275,12,https://resultados2019.blob.core.windows.net/201901/115554.jpg,OK,0,2,SAN MARCOS,SAN PEDRO SACATEPÉQUEZ,11555,CORPORACIÓN MUNICIPAL,4,2,2,0,1,4,96,96,87,87,1,11,5,0,1,0,3,0,0,17,0,1,0,2,0,11,0,1,34,0
1,3,0,400,396,12,https://resultados2019.blob.core.windows.net/201901/115374.jpg,OK,0,2,SAN MARCOS,SAN PEDRO SACATEPÉQUEZ,11537,CORPORACIÓN MUNICIPAL,7,2,2,0,1,4,280,280,270,270,7,15,23,0,6,3,7,3,11,21,2,0,26,1,1,49,2,11,67,15
1,1,0,400,405,12,https://resultados2019.blob.core.windows.net/201901/115064.jpg,OK,0,2,SAN MARCOS,SAN PEDRO SACATEPÉQUEZ,11506,CORPORACIÓN MUNICIPAL,16,2,2,0,1,4,279,279,262,262,23,16,26,4,2,1,7,3,1,14,5,2,35,2,3,33,0,3,73,9
1,0,0,274,274,12,https://resultados2019.blob.core.windows.net/201901/115434.jpg,OK,0,2,SAN MARCOS,SAN PEDRO SACATEPÉQUEZ,11543,CORPORACIÓN MUNICIPAL,4,2,2,0,1,4,164,164,160,160,5,5,9,3,1,4,6,1,5,11,6,0,13,0,0,28,0,6,50,7
1,0,0,400,397,12,https://resultados2019.blob.core.windows.net/201901/115764.jpg,OK,0,2,SAN MARCOS,SAN PEDRO SACATEPÉQUEZ,11576,CORPORACIÓN MUNICIPAL,11,2,2,0,1,4,290,290,279,279,27,18,29,1,3,2,4,4,1,13,1,0,48,5,1,40,0,1,73,8
1,10,0,380,380,12,https://resultados2019.blob.core.windows.net/201901/115604.jpg,OK,0,2,SAN MARCOS,SAN PEDRO SACATEPÉQUEZ,11560,CORPORACIÓN MUNICIPAL,19,2,2,0,1,4,249,249,220,220,52,4,13,1,2,0,7,0,0,35,1,2,5,0,1,20,6,1,68,2
1,1,0,400,400,12,https://resultados2019.blob.core.windows.net/201901/115114.jpg,OK,0,2,SAN MARCOS,SAN PEDRO SACATEPÉQUEZ,11511,CORPORACIÓN MUNICIPAL,7,2,2,0,1,4,285,285,277,277,17,16,33,3,2,0,0,3,0,17,3,2,54,2,1,36,0,3,77,8
0,4,0,380,380,12,https://resultados2019.blob.core.windows.net/201901/115884.jpg,OK,0,2,SAN MARCOS,SAN PEDRO SACATEPÉQUEZ,11588,CORPORACIÓN MUNICIPAL,16,2,2,0,1,4,234,220,200,214,3,0,23,0,0,1,17,4,4,16,3,2,7,4,1,53,1,2,53,6
1,0,0,400,400,12,https://resultados2019.blob.core.windows.net/201901/115144.jpg,OK,0,2,SAN MARCOS,SAN PEDRO SACATEPÉQUEZ,11514,CORPORACIÓN MUNICIPAL,12,2,2,0,1,4,315,315,303,303,25,23,29,4,2,0,2,3,1,29,2,1,61,1,2,39,0,1,70,8
1,8,1,380,396,12,https://resultados2019.blob.core.windows.net/201901/116004.jpg,OK,0,2,SAN MARCOS,SAN PEDRO SACATEPÉQUEZ,11600,CORPORACIÓN MUNICIPAL,13,2,2,0,1,4,204,204,183,183,3,11,22,1,2,0,11,1,4,14,3,0,3,1,0,43,0,2,54,8
0,0,0,400,400,12,https://resultados2019.blob.core.windows.net/201901/115214.jpg,OK,0,2,SAN MARCOS,SAN PEDRO SACATEPÉQUEZ,11521,CORPORACIÓN MUNICIPAL,5,2,0,0,1,4,264,214,209,259,21,14,30,3,0,0,2,1,0,12,4,1,1,1,1,22,0,5,73,18
1,2,0,380,380,12,https://resultados2019.blob.core.windows.net/201901/115974.jpg,OK,0,2,SAN MARCOS,SAN PEDRO SACATEPÉQUEZ,11597,CORPORACIÓN MUNICIPAL,6,2,2,0,1,4,233,233,225,225,5,22,21,3,3,2,9,5,3,10,2,0,10,1,3,67,1,0,53,5
1,4,0,380,377,12,https://resultados2019.blob.core.windows.net/201901/115644.jpg,OK,0,2,SAN MARCOS,SAN PEDRO SACATEPÉQUEZ,11564,CORPORACIÓN MUNICIPAL,19,2,2,0,1,4,219,219,196,196,46,6,17,1,1,0,2,0,3,28,2,2,2,1,2,18,6,0,56,3
1,1,0,380,380,12,https://resultados2019.blob.core.windows.net/201901/115924.jpg,OK,8,2,SAN MARCOS,SAN PEDRO SACATEPÉQUEZ,11592,CORPORACIÓN MUNICIPAL,3,2,2,0,1,4,218,218,214,214,6,15,27,2,0,2,15,2,3,8,3,0,10,2,0,48,0,0,64,7
1,9,0,380,378,12,https://resultados2019.blob.core.windows.net/201901/115514.jpg,OK,0,2,SAN MARCOS,SAN PEDRO SACATEPÉQUEZ,11551,CORPORACIÓN MUNICIPAL,17,2,2,0,1,4,172,172,146,146,2,13,10,1,3,0,9,0,0,24,1,2,2,5,1,31,0,1,39,2
1,4,1,400,400,12,https://resultados2019.blob.core.windows.net/201901/115084.jpg,OK,0,2,SAN MARCOS,SAN PEDRO SACATEPÉQUEZ,11508,CORPORACIÓN MUNICIPAL,8,2,2,0,1,4,289,289,277,277,18,20,29,3,1,0,6,3,3,18,1,2,40,2,4,37,0,3,79,8
1,4,0,400,400,12,https://resultados2019.blob.core.windows.net/201901/115224.jpg,OK,11,2,SAN MARCOS,SAN PEDRO SACATEPÉQUEZ,11522,CORPORACIÓN MUNICIPAL,7,2,2,0,1,4,283,283,272,272,13,10,27,2,7,0,1,7,4,18,5,2,76,1,0,24,1,2,64,8
1,2,0,275,275,12,https://resultados2019.blob.core.windows.net/201901/115544.jpg,OK,0,2,SAN MARCOS,SAN PEDRO SACATEPÉQUEZ,11554,CORPORACIÓN MUNICIPAL,7,2,2,0,1,4,116,116,107,107,4,10,10,0,0,0,2,0,1,19,1,1,2,2,0,19,1,0,35,0
1,0,0,400,400,12,https://resultados2019.blob.core.windows.net/201901/115774.jpg,OK,0,2,SAN MARCOS,SAN PEDRO SACATEPÉQUEZ,11577,CORPORACIÓN MUNICIPAL,3,2,2,0,1,4,298,298,295,295,15,21,25,4,1,0,5,7,1,15,5,2,47,1,0,37,0,4,93,12
1,4,0,400,400,12,https://resultados2019.blob.core.windows.net/201901/115364.jpg,OK,0,2,SAN MARCOS,SAN PEDRO SACATEPÉQUEZ,11536,CORPORACIÓN MUNICIPAL,11,2,2,0,1,4,258,258,243,243,6,10,20,2,5,7,9,3,9,11,3,1,15,2,1,44,1,1,82,11
1,2,0,400,400,12,https://resultados2019.blob.core.windows.net/201901/115234.jpg,OK,0,2,SAN MARCOS,SAN PEDRO SACATEPÉQUEZ,11523,CORPORACIÓN MUNICIPAL,7,2,2,0,1,4,304,304,295,295,11,12,32,4,10,2,7,1,1,14,2,0,69,3,0,29,0,5,76,17
1,6,0,380,280,12,https://resultados2019.blob.core.windows.net/201901/115474.jpg,OK,0,2,SAN MARCOS,SAN PEDRO SACATEPÉQUEZ,11547,CORPORACIÓN MUNICIPAL,9,2,2,0,1,4,159,159,144,144,3,10,12,2,0,1,7,1,2,17,1,2,2,2,0,20,1,0,58,3
1,4,0,400,400,12,https://resultados2019.blob.core.windows.net/201901/115044.jpg,OK,0,2,SAN MARCOS,SAN PEDRO SACATEPÉQUEZ,11504,CORPORACIÓN MUNICIPAL,9,2,2,0,1,4,261,261,248,248,20,13,31,3,1,1,3,8,0,20,1,1,36,2,0,30,0,5,65,8
1,1,0,231,231,12,https://resultados2019.blob.core.windows.net/201901/115454.jpg,OK,0,2,SAN MARCOS,SAN PEDRO SACATEPÉQUEZ,11545,CORPORACIÓN MUNICIPAL,1,2,2,0,1,4,135,135,133,133,4,7,12,2,3,0,5,1,6,7,0,0,6,6,1,13,0,1,54,5
1,0,0,547,547,12,https://resultados2019.blob.core.windows.net/201901/116124.jpg,OK,0,2,SAN MARCOS,SAN PEDRO SACATEPÉQUEZ,11612,CORPORACIÓN MUNICIPAL,7,2,2,0,1,4,74,74,67,67,3,2,8,0,1,2,2,2,1,8,4,0,5,3,0,11,0,1,13,1
1,13,0,380,376,12,https://resultados2019.blob.core.windows.net/201901/115614.jpg,OK,0,2,SAN MARCOS,SAN PEDRO SACATEPÉQUEZ,11561,CORPORACIÓN MUNICIPAL,17,2,2,0,1,4,239,239,209,209,55,1,9,0,4,1,5,2,1,32,1,4,7,2,2,25,9,1,46,2
0,2,0,380,380,12,https://resultados2019.blob.core.windows.net/201901/115914.jpg,OK,0,2,SAN MARCOS,SAN PEDRO SACATEPÉQUEZ,11591,CORPORACIÓN MUNICIPAL,8,2,2,0,1,4,232,232,222,232,9,34,23,0,7,0,7,3,3,10,2,0,4,2,1,43,0,1,64,9
1,1,0,263,263,12,https://resultados2019.blob.core.windows.net/201901/115844.jpg,OK,0,2,SAN MARCOS,SAN PEDRO SACATEPÉQUEZ,11584,CORPORACIÓN MUNICIPAL,6,2,2,0,1,4,173,173,166,166,9,11,13,2,0,1,2,3,0,7,2,1,24,2,0,19,0,3,57,10
1,2,0,377,374,12,https://resultados2019.blob.core.windows.net/201901/116024.jpg,OK,0,2,SAN MARCOS,SAN PEDRO SACATEPÉQUEZ,11602,CORPORACIÓN MUNICIPAL,5,2,2,0,1,4,197,197,190,190,3,15,30,1,0,2,7,2,1,6,8,1,10,2,2,37,0,1,52,10
1,3,0,600,600,12,https://resultados2019.blob.core.windows.net/201901/116044.jpg,OK,1,2,SAN MARCOS,SAN PEDRO SACATEPÉQUEZ,11604,CORPORACIÓN MUNICIPAL,7,2,2,0,1,4,194,194,184,184,7,18,25,3,0,1,3,1,1,10,3,1,22,3,2,33,0,2,40,9
1,0,0,400,400,12,https://resultados2019.blob.core.windows.net/201901/115054.jpg,OK,0,2,SAN MARCOS,SAN PEDRO SACATEPÉQUEZ,11505,CORPORACIÓN MUNICIPAL,8,2,2,0,1,4,260,260,252,252,15,10,32,5,4,1,6,4,0,19,2,1,36,2,0,35,0,3,68,9
1,4,0,380,380,12,https://resultados2019.blob.core.windows.net/201901/116014.jpg,OK,0,2,SAN MARCOS,SAN PEDRO SACATEPÉQUEZ,11601,CORPORACIÓN MUNICIPAL,8,2,2,0,1,4,185,185,173,173,3,10,18,0,2,5,4,1,2,14,3,1,9,2,0,49,0,3,41,6
1,2,0,400,400,12,https://resultados2019.blob.core.windows.net/201901/115724.jpg,OK,0,2,SAN MARCOS,SAN PEDRO SACATEPÉQUEZ,11572,CORPORACIÓN MUNICIPAL,10,2,2,0,1,4,282,282,270,270,20,15,28,1,3,2,4,3,4,5,3,1,43,3,0,33,1,3,83,15
1,3,0,380,380,12,https://resultados2019.blob.core.windows.net/201901/115524.jpg,OK,0,2,SAN MARCOS,SAN PEDRO SACATEPÉQUEZ,11552,CORPORACIÓN MUNICIPAL,13,2,2,0,1,4,150,150,134,134,3,22,9,0,1,2,2,0,1,25,0,3,5,0,1,26,1,0,33,0
1,1,0,264,264,12,https://resultados2019.blob.core.windows.net/201901/115834.jpg,OK,0,2,SAN MARCOS,SAN PEDRO SACATEPÉQUEZ,11583,CORPORACIÓN MUNICIPAL,3,2,2,0,1,4,189,189,185,185,16,7,12,2,1,2,6,3,0,13,3,0,23,4,0,23,0,4,60,6
1,3,0,600,600,12,https://resultados2019.blob.core.windows.net/201901/116054.jpg,OK,0,2,SAN MARCOS,SAN PEDRO SACATEPÉQUEZ,11605,CORPORACIÓN MUNICIPAL,9,2,2,0,1,4,208,208,196,196,13,10,18,2,1,0,2,1,2,14,2,1,17,2,0,39,1,3,59,9
1,3,0,380,380,12,https://resultados2019.blob.core.windows.net/201901/115994.jpg,OK,0,2,SAN MARCOS,SAN PEDRO SACATEPÉQUEZ,11599,CORPORACIÓN MUNICIPAL,9,2,2,0,1,4,214,214,202,202,8,18,31,0,2,1,12,5,0,9,2,2,5,2,0,59,0,2,41,3
1,17,0,380,378,12,https://resultados2019.blob.core.windows.net/201901/115504.jpg,OK,0,2,SAN MARCOS,SAN PEDRO SACATEPÉQUEZ,11550,CORPORACIÓN MUNICIPAL,15,2,2,0,1,4,185,185,153,153,10,3,13,1,1,0,7,0,3,29,2,0,2,3,1,37,0,1,35,5
1,5,0,400,400,12,https://resultados2019.blob.core.windows.net/201901/115734.jpg,OK,0,2,SAN MARCOS,SAN PEDRO SACATEPÉQUEZ,11573,CORPORACIÓN MUNICIPAL,11,2,2,0,1,4,317,317,301,301,23,34,32,1,3,2,6,3,1,14,3,4,40,3,2,37,2,7,72,12
1,2,0,400,400,12,https://resultados2019.blob.core.windows.net/201901/115134.jpg,OK,0,2,SAN MARCOS,SAN PEDRO SACATEPÉQUEZ,11513,CORPORACIÓN MUNICIPAL,13,2,2,0,1,4,333,333,318,318,23,12,37,2,1,0,7,5,2,26,4,3,72,2,0,35,0,6,66,15
1,0,0,400,400,12,https://resultados2019.blob.core.windows.net/201901/115804.jpg,OK,0,2,SAN MARCOS,SAN PEDRO SACATEPÉQUEZ,11580,CORPORACIÓN MUNICIPAL,4,2,2,0,1,4,307,307,303,303,26,22,23,1,1,3,6,1,2,15,2,2,43,5,0,38,3,2,92,16
1,3,0,380,376,12,https://resultados2019.blob.core.windows.net/201901/115534.jpg,OK,0,2,SAN MARCOS,SAN PEDRO SACATEPÉQUEZ,11553,CORPORACIÓN MUNICIPAL,4,2,2,0,1,4,170,170,163,163,2,15,17,0,2,0,4,1,4,24,1,3,2,2,1,21,1,1,59,3
1,0,0,400,393,12,https://resultados2019.blob.core.windows.net/201901/115754.jpg,OK,0,2,SAN MARCOS,SAN PEDRO SACATEPÉQUEZ,11575,CORPORACIÓN MUNICIPAL,14,2,2,0,1,4,312,312,298,298,18,15,31,0,0,1,4,3,5,11,4,2,60,3,2,43,0,4,82,10
1,2,0,400,400,12,https://resultados2019.blob.core.windows.net/201901/115174.jpg,OK,0,2,SAN MARCOS,SAN PEDRO SACATEPÉQUEZ,11517,CORPORACIÓN MUNICIPAL,11,2,2,0,1,4,253,253,240,240,15,12,19,4,3,0,5,0,1,23,1,0,49,1,1,23,0,2,78,3
1,12,0,380,378,12,https://resultados2019.blob.core.windows.net/201901/115634.jpg,OK,0,2,SAN MARCOS,SAN PEDRO SACATEPÉQUEZ,11563,CORPORACIÓN MUNICIPAL,9,2,2,0,1,4,220,220,199,199,54,3,12,1,1,0,2,1,1,27,2,3,1,1,1,24,5,0,59,1
1,3,0,400,400,12,https://resultados2019.blob.core.windows.net/201901/115284.jpg,OK,0,2,SAN MARCOS,SAN PEDRO SACATEPÉQUEZ,11528,CORPORACIÓN MUNICIPAL,7,2,2,0,1,4,244,244,234,234,15,15,16,5,3,1,4,8,0,16,4,2,31,2,0,34,0,3,64,11
1,4,0,400,400,12,https://resultados2019.blob.core.windows.net/201901/115814.jpg,OK,0,2,SAN MARCOS,SAN PEDRO SACATEPÉQUEZ,11581,CORPORACIÓN MUNICIPAL,6,2,2,0,1,4,277,277,267,267,25,16,20,2,2,1,4,4,2,19,1,2,40,4,0,35,1,3,71,15
1,0,0,400,400,12,https://resultados2019.blob.core.windows.net/201901/115184.jpg,OK,0,2,SAN MARCOS,SAN PEDRO SACATEPÉQUEZ,11518,CORPORACIÓN MUNICIPAL,9,2,2,0,1,4,303,303,294,294,24,10,28,1,1,1,4,3,2,21,4,2,59,5,0,35,0,0,81,13
1,1,0,400,397,12,https://resultados2019.blob.core.windows.net/201901/115314.jpg,OK,0,2,SAN MARCOS,SAN PEDRO SACATEPÉQUEZ,11531,CORPORACIÓN MUNICIPAL,2,2,2,0,1,4,269,269,266,266,21,15,28,4,4,1,3,1,1,11,1,0,63,1,0,21,1,3,79,8
1,0,0,274,274,12,https://resultados2019.blob.core.windows.net/201901/115424.jpg,OK,0,2,SAN MARCOS,SAN PEDRO SACATEPÉQUEZ,11542,CORPORACIÓN MUNICIPAL,0,2,2,0,1,4,135,135,135,135,4,3,15,0,0,0,1,1,10,11,1,0,9,1,0,24,0,2,45,8
0,6,0,315,315,12,https://resultados2019.blob.core.windows.net/201901/115704.jpg,OK,0,2,SAN MARCOS,SAN PEDRO SACATEPÉQUEZ,11570,CORPORACIÓN MUNICIPAL,10,2,2,0,1,4,124,122,106,108,5,0,4,1,0,0,2,0,1,32,1,3,1,2,0,10,0,1,43,0
1,4,0,400,400,12,https://resultados2019.blob.core.windows.net/201901/115444.jpg,OK,0,2,SAN MARCOS,SAN PEDRO SACATEPÉQUEZ,11544,CORPORACIÓN MUNICIPAL,22,2,2,0,1,4,229,229,203,203,2,12,16,3,0,2,16,3,2,6,3,2,7,4,0,31,0,2,86,6
1,2,0,380,370,12,https://resultados2019.blob.core.windows.net/201901/115964.jpg,OK,0,2,SAN MARCOS,SAN PEDRO SACATEPÉQUEZ,11596,CORPORACIÓN MUNICIPAL,3,2,2,0,1,4,214,214,209,209,6,17,30,2,2,1,10,2,0,13,5,2,7,1,1,44,2,0,53,11
1,6,0,600,600,12,https://resultados2019.blob.core.windows.net/201901/116104.jpg,OK,0,2,SAN MARCOS,SAN PEDRO SACATEPÉQUEZ,11610,CORPORACIÓN MUNICIPAL,8,2,2,0,1,4,222,222,208,208,12,9,15,3,2,1,2,2,2,23,7,4,28,1,2,31,1,3,47,13
0,10,0,400,400,12,https://resultados2019.blob.core.windows.net/201901/115204.jpg,OK,0,2,SAN MARCOS,SAN PEDRO SACATEPÉQUEZ,11520,CORPORACIÓN MUNICIPAL,70,2,2,0,1,4,290,335,255,201,19,12,3,4,5,1,3,3,4,18,2,2,66,3,0,38,1,1,61,9
0,3,0,400,400,12,https://resultados2019.blob.core.windows.net/201901/115354.jpg,OK,0,2,SAN MARCOS,SAN PEDRO SACATEPÉQUEZ,11535,CORPORACIÓN MUNICIPAL,3,2,2,0,1,4,248,245,239,239,3,11,16,3,0,2,2,3,12,13,5,5,16,2,3,46,1,4,78,14
1,6,0,205,205,12,https://resultados2019.blob.core.windows.net/201901/115654.jpg,OK,0,2,SAN MARCOS,SAN PEDRO SACATEPÉQUEZ,11565,CORPORACIÓN MUNICIPAL,12,2,2,0,1,4,100,100,82,82,22,2,5,0,0,0,1,0,0,12,0,1,6,0,0,6,5,2,19,1
0,3,0,400,400,12,https://resultados2019.blob.core.windows.net/201901/115244.jpg,OK,0,2,SAN MARCOS,SAN PEDRO SACATEPÉQUEZ,11524,CORPORACIÓN MUNICIPAL,7,2,2,0,1,4,281,276,266,271,16,16,29,3,2,1,6,1,1,23,2,3,52,2,1,30,0,1,70,7
0,3,0,400,0,12,https://resultados2019.blob.core.windows.net/201901/115104.jpg,OK,0,2,SAN MARCOS,SAN PEDRO SACATEPÉQUEZ,11510,CORPORACIÓN MUNICIPAL,5,2,2,0,1,4,283,281,273,0,13,13,27,2,0,1,5,9,0,18,0,2,43,3,5,34,3,2,80,13
1,0,0,400,396,12,https://resultados2019.blob.core.windows.net/201901/115324.jpg,OK,0,2,SAN MARCOS,SAN PEDRO SACATEPÉQUEZ,11532,CORPORACIÓN MUNICIPAL,5,2,2,0,1,4,299,299,294,294,23,8,23,5,4,1,4,3,1,16,4,2,59,1,1,24,1,4,97,13
1,5,0,400,400,12,https://resultados2019.blob.core.windows.net/201901/115414.jpg,OK,0,2,SAN MARCOS,SAN PEDRO SACATEPÉQUEZ,11541,CORPORACIÓN MUNICIPAL,5,2,2,0,1,4,231,231,221,221,6,5,13,2,7,5,6,0,2,18,7,2,8,1,1,51,1,4,74,8
1,2,0,400,396,12,https://resultados2019.blob.core.windows.net/201901/115074.jpg,OK,0,2,SAN MARCOS,SAN PEDRO SACATEPÉQUEZ,11507,CORPORACIÓN MUNICIPAL,17,2,2,0,1,4,267,267,248,248,16,21,25,3,0,0,6,5,1,15,0,2,32,3,1,35,0,5,68,10
1,1,0,380,380,12,https://resultados2019.blob.core.windows.net/201901/115944.jpg,OK,0,2,SAN MARCOS,SAN PEDRO SACATEPÉQUEZ,11594,CORPORACIÓN MUNICIPAL,9,2,2,0,1,4,210,210,200,200,4,18,31,0,2,0,9,3,1,17,0,1,3,1,1,50,4,2,48,5
0,0,1,312,312,12,https://resultados2019.blob.core.windows.net/201901/115334.jpg,OK,0,2,SAN MARCOS,SAN PEDRO SACATEPÉQUEZ,11533,CORPORACIÓN MUNICIPAL,4,2,2,0,1,4,242,241,237,237,11,13,23,2,0,0,3,2,1,19,5,0,55,2,1,19,0,1,73,7
1,2,0,400,400,12,https://resultados2019.blob.core.windows.net/201901/115254.jpg,OK,0,2,SAN MARCOS,SAN PEDRO SACATEPÉQUEZ,11525,CORPORACIÓN MUNICIPAL,4,2,2,0,1,4,273,273,267,267,20,6,24,2,3,2,3,2,2,17,2,0,38,5,0,42,1,2,86,10
0,0,0,400,400,12,https://resultados2019.blob.core.windows.net/201901/115744.jpg,OK,13,2,SAN MARCOS,SAN PEDRO SACATEPÉQUEZ,11574,CORPORACIÓN MUNICIPAL,1,2,2,0,1,4,286,273,272,272,11,23,28,4,7,2,2,4,3,17,2,2,38,2,4,34,0,2,73,14
1,1,0,400,400,12,https://resultados2019.blob.core.windows.net/201901/115404.jpg,OK,0,2,SAN MARCOS,SAN PEDRO SACATEPÉQUEZ,11540,CORPORACIÓN MUNICIPAL,10,2,2,0,1,4,244,244,233,233,4,7,11,7,4,5,1,1,5,11,5,1,11,0,0,60,1,8,83,8
1,6,0,380,380,12,https://resultados2019.blob.core.windows.net/201901/115684.jpg,OK,0,2,SAN MARCOS,SAN PEDRO SACATEPÉQUEZ,11568,CORPORACIÓN MUNICIPAL,16,2,2,0,1,4,160,160,138,138,3,4,6,1,0,0,6,0,0,28,1,2,0,7,0,18,0,1,61,0
1,2,0,380,380,12,https://resultados2019.blob.core.windows.net/201901/115954.jpg,OK,0,2,SAN MARCOS,SAN PEDRO SACATEPÉQUEZ,11595,CORPORACIÓN MUNICIPAL,8,2,2,0,1,4,220,220,210,210,4,20,27,4,0,1,11,1,0,13,4,1,9,3,0,48,0,0,56,8
1,0,0,400,400,12,https://resultados2019.blob.core.windows.net/201901/115304.jpg,OK,0,2,SAN MARCOS,SAN PEDRO SACATEPÉQUEZ,11530,CORPORACIÓN MUNICIPAL,5,2,2,0,1,4,260,260,255,255,20,21,15,3,1,0,3,1,5,21,1,1,44,1,2,24,0,3,79,10
1,9,0,380,380,12,https://resultados2019.blob.core.windows.net/201901/115874.jpg,OK,0,2,SAN MARCOS,SAN PEDRO SACATEPÉQUEZ,11587,CORPORACIÓN MUNICIPAL,10,2,2,0,1,4,230,230,211,211,9,19,32,1,1,0,9,2,3,6,5,2,6,1,1,60,0,0,50,4
1,5,0,600,601,12,https://resultados2019.blob.core.windows.net/201901/116064.jpg,OK,0,2,SAN MARCOS,SAN PEDRO SACATEPÉQUEZ,11606,CORPORACIÓN MUNICIPAL,9,2,2,0,1,4,242,242,228,228,24,12,19,3,4,1,5,1,2,12,2,1,43,2,0,32,0,4,51,10
1,5,0,249,249,12,https://resultados2019.blob.core.windows.net/201901/115574.jpg,OK,0,2,SAN MARCOS,SAN PEDRO SACATEPÉQUEZ,11557,CORPORACIÓN MUNICIPAL,13,2,2,0,1,4,117,117,99,99,1,2,12,0,2,0,5,0,0,1,4,2,1,5,1,24,9,0,28,2
1,3,0,380,380,12,https://resultados2019.blob.core.windows.net/201901/115864.jpg,OK,0,2,SAN MARCOS,SAN PEDRO SACATEPÉQUEZ,11586,CORPORACIÓN MUNICIPAL,9,2,2,0,1,4,230,230,218,218,7,19,41,1,1,0,7,1,0,8,0,1,11,2,0,53,0,0,65,1
1,1,0,400,400,12,https://resultados2019.blob.core.windows.net/201901/115164.jpg,OK,0,2,SAN MARCOS,SAN PEDRO SACATEPÉQUEZ,11516,CORPORACIÓN MUNICIPAL,7,2,2,0,1,4,251,251,243,243,20,10,18,0,2,0,3,3,2,15,1,1,44,0,0,25,1,0,86,12
1,1,1,400,400,12,https://resultados2019.blob.core.windows.net/201901/115794.jpg,OK,0,2,SAN MARCOS,SAN PEDRO SACATEPÉQUEZ,11579,CORPORACIÓN MUNICIPAL,11,2,2,0,1,4,299,299,287,287,18,24,22,2,5,0,0,3,1,17,3,1,49,2,1,40,2,3,81,13
1,3,0,204,204,12,https://resultados2019.blob.core.windows.net/201901/115664.jpg,OK,0,2,SAN MARCOS,SAN PEDRO SACATEPÉQUEZ,11566,CORPORACIÓN MUNICIPAL,1,2,2,0,1,4,105,105,101,101,25,1,6,0,0,0,1,0,0,19,0,0,4,1,1,9,2,0,31,1
1,2,0,600,633,12,https://resultados2019.blob.core.windows.net/201901/116084.jpg,OK,0,2,SAN MARCOS,SAN PEDRO SACATEPÉQUEZ,11608,CORPORACIÓN MUNICIPAL,8,2,2,0,1,4,284,284,274,274,24,14,31,8,3,4,4,4,3,24,3,3,38,2,0,32,0,3,63,11
1,3,0,312,312,12,https://resultados2019.blob.core.windows.net/201901/115344.jpg,OK,0,2,SAN MARCOS,SAN PEDRO SACATEPÉQUEZ,11534,CORPORACIÓN MUNICIPAL,5,2,2,0,1,4,178,178,170,170,11,5,14,4,1,0,2,1,1,10,2,0,21,2,1,16,1,0,68,10
1,1,0,376,376,12,https://resultados2019.blob.core.windows.net/201901/116034.jpg,OK,0,2,SAN MARCOS,SAN PEDRO SACATEPÉQUEZ,11603,CORPORACIÓN MUNICIPAL,3,2,2,0,1,4,218,218,214,214,5,12,30,1,1,0,8,3,3,23,3,2,11,1,0,41,0,1,60,9
1,13,0,380,380,12,https://resultados2019.blob.core.windows.net/201901/115564.jpg,OK,0,2,SAN MARCOS,SAN PEDRO SACATEPÉQUEZ,11556,CORPORACIÓN MUNICIPAL,22,2,2,0,1,4,206,206,171,171,2,2,20,1,3,0,4,0,2,3,2,2,2,21,1,37,6,2,58,3
1,0,0,400,400,12,https://resultados2019.blob.core.windows.net/201901/115274.jpg,OK,0,2,SAN MARCOS,SAN PEDRO SACATEPÉQUEZ,11527,CORPORACIÓN MUNICIPAL,8,2,2,0,1,4,268,268,260,260,18,9,19,3,0,0,4,5,0,22,1,1,49,2,4,34,0,1,75,13
1,4,0,380,380,12,https://resultados2019.blob.core.windows.net/201901/115854.jpg,OK,0,2,SAN MARCOS,SAN PEDRO SACATEPÉQUEZ,11585,CORPORACIÓN MUNICIPAL,11,2,2,0,1,4,226,226,211,211,3,23,37,0,1,0,10,0,0,9,2,1,4,2,1,55,0,1,55,7
1,3,0,400,400,12,https://resultados2019.blob.core.windows.net/201901/115294.jpg,OK,0,2,SAN MARCOS,SAN PEDRO SACATEPÉQUEZ,11529,CORPORACIÓN MUNICIPAL,6,2,2,0,1,4,236,236,227,227,11,12,19,8,1,0,6,1,1,21,2,1,27,1,1,30,0,1,73,11
1,3,0,400,400,12,https://resultados2019.blob.core.windows.net/201901/115784.jpg,OK,0,2,SAN MARCOS,SAN PEDRO SACATEPÉQUEZ,11578,CORPORACIÓN MUNICIPAL,5,2,2,0,1,4,290,290,282,282,28,17,30,2,4,3,5,3,3,14,2,1,42,5,0,22,0,1,95,5
1,4,0,547,547,12,https://resultados2019.blob.core.windows.net/201901/116114.jpg,OK,0,2,SAN MARCOS,SAN PEDRO SACATEPÉQUEZ,11611,CORPORACIÓN MUNICIPAL,7,2,2,0,1,4,161,161,150,150,3,5,20,1,3,1,5,3,2,8,2,1,20,1,0,19,1,5,42,8
1,5,0,380,380,12,https://resultados2019.blob.core.windows.net/201901/115934.jpg,OK,0,2,SAN MARCOS,SAN PEDRO SACATEPÉQUEZ,11593,CORPORACIÓN MUNICIPAL,6,2,2,0,1,4,189,189,178,178,1,16,30,0,2,1,10,1,2,10,4,0,6,3,1,38,0,0,49,4
1,4,0,600,600,12,https://resultados2019.blob.core.windows.net/201901/116074.jpg,OK,0,2,SAN MARCOS,SAN PEDRO SACATEPÉQUEZ,11607,CORPORACIÓN MUNICIPAL,7,2,2,0,1,4,268,268,257,257,24,18,30,4,3,3,5,1,6,7,7,1,44,7,0,28,1,3,57,8
1,11,0,380,376,12,https://resultados2019.blob.core.windows.net/201901/115674.jpg,OK,0,2,SAN MARCOS,SAN PEDRO SACATEPÉQUEZ,11567,CORPORACIÓN MUNICIPAL,12,2,2,0,1,4,177,177,154,154,2,5,7,0,2,1,3,1,0,24,5,5,1,2,0,14,0,0,80,2
1,3,0,400,400,12,https://resultados2019.blob.core.windows.net/201901/115394.jpg,OK,0,2,SAN MARCOS,SAN PEDRO SACATEPÉQUEZ,11539,CORPORACIÓN MUNICIPAL,4,2,2,0,1,4,234,234,227,227,7,8,6,4,4,4,5,1,16,13,6,0,11,1,0,59,1,6,70,5
1,5,0,380,380,12,https://resultados2019.blob.core.windows.net/201901/115904.jpg,OK,13,2,SAN MARCOS,SAN PEDRO SACATEPÉQUEZ,11590,CORPORACIÓN MUNICIPAL,8,2,2,0,1,4,244,244,231,231,3,21,26,1,0,2,11,6,1,14,1,2,7,1,0,65,0,1,61,8
1,2,0,400,400,12,https://resultados2019.blob.core.windows.net/201901/115154.jpg,OK,0,2,SAN MARCOS,SAN PEDRO SACATEPÉQUEZ,11515,CORPORACIÓN MUNICIPAL,3,2,2,0,1,4,282,282,277,277,24,16,32,2,2,0,5,3,1,18,4,1,50,2,1,30,1,2,68,15
0,1,0,231,231,12,https://resultados2019.blob.core.windows.net/201901/115464.jpg,OK,0,2,SAN MARCOS,SAN PEDRO SACATEPÉQUEZ,11546,CORPORACIÓN MUNICIPAL,8,2,2,0,1,4,140,143,134,131,2,9,12,0,0,0,4,2,0,12,4,1,9,3,2,19,0,2,52,1
1,3,0,400,400,12,https://resultados2019.blob.core.windows.net/201901/115264.jpg,OK,0,2,SAN MARCOS,SAN PEDRO SACATEPÉQUEZ,11526,CORPORACIÓN MUNICIPAL,11,2,2,0,1,4,280,280,266,266,16,16,27,1,2,0,5,3,2,24,0,1,39,0,0,33,1,5,73,18
1,2,0,400,381,12,https://resultados2019.blob.core.windows.net/201901/115824.jpg,OK,0,2,SAN MARCOS,SAN PEDRO SACATEPÉQUEZ,11582,CORPORACIÓN MUNICIPAL,6,2,2,0,1,4,279,279,271,271,14,18,31,1,2,2,4,3,0,18,10,0,43,6,0,30,0,6,76,7
1,0,0,400,400,12,https://resultados2019.blob.core.windows.net/201901/115194.jpg,OK,0,2,SAN MARCOS,SAN PEDRO SACATEPÉQUEZ,11519,CORPORACIÓN MUNICIPAL,3,2,2,0,1,4,278,278,275,275,21,13,21,1,3,0,2,4,1,25,3,3,52,2,0,24,0,1,89,10
1,5,0,380,380,12,https://resultados2019.blob.core.windows.net/201901/115694.jpg,OK,0,2,SAN MARCOS,SAN PEDRO SACATEPÉQUEZ,11569,CORPORACIÓN MUNICIPAL,10,2,2,0,1,4,148,148,133,133,6,2,12,0,0,1,5,1,1,25,2,8,0,3,0,18,0,0,48,1
1,10,0,600,600,12,https://resultados2019.blob.core.windows.net/201901/116094.jpg,OK,0,2,SAN MARCOS,SAN PEDRO SACATEPÉQUEZ,11609,CORPORACIÓN MUNICIPAL,12,2,2,0,1,4,295,295,273,273,22,20,25,3,3,0,8,2,0,21,1,3,34,6,1,44,2,4,62,12
