ACTACUADRA,BLANCOS,CNTIMPUGNA,CNTINSCRITOS,CNTPAPELETAS,DEP,IMGSRC,IMGSTATUS,INVALIDOS,MUN,NDEP,NMUN,NROMESA,NTE,NULOS,STACTA,STESCAN,STFISIC,STTRANS,TIPOELECCION,TOTALACTA,TOTALVOTOS,VOTOSVALIDOS,VOTOSVALIDOSACTA,voto_CREO,voto_FCN-NACION,voto_FUERZA,voto_TODOS,voto_UCN,voto_UNE,voto_UNIONISTA,voto_VALOR,voto_VIVA
1,9,0,400,400,12,https://resultados2019.blob.core.windows.net/201901/128314.jpg,OK,0,29,SAN MARCOS,SAN LORENZO,12831,CORPORACIÓN MUNICIPAL,23,2,2,0,1,4,335,335,303,303,40,68,20,9,38,21,64,36,7
1,3,0,380,380,12,https://resultados2019.blob.core.windows.net/201901/128414.jpg,OK,0,29,SAN MARCOS,SAN LORENZO,12841,CORPORACIÓN MUNICIPAL,19,2,2,0,1,4,267,267,245,245,38,55,22,16,11,30,54,11,8
1,2,0,356,356,12,https://resultados2019.blob.core.windows.net/201901/128424.jpg,OK,0,29,SAN MARCOS,SAN LORENZO,12842,CORPORACIÓN MUNICIPAL,5,2,2,0,1,4,280,280,273,273,59,54,17,17,9,32,59,15,11
1,3,0,335,335,12,https://resultados2019.blob.core.windows.net/201901/128454.jpg,OK,0,29,SAN MARCOS,SAN LORENZO,12845,CORPORACIÓN MUNICIPAL,3,2,2,0,1,4,89,89,83,83,17,17,7,2,7,4,16,11,2
1,4,0,336,336,12,https://resultados2019.blob.core.windows.net/201901/128444.jpg,OK,1,29,SAN MARCOS,SAN LORENZO,12844,CORPORACIÓN MUNICIPAL,5,2,2,0,1,4,190,190,181,181,50,47,7,3,12,11,18,21,12
1,1,0,400,400,12,https://resultados2019.blob.core.windows.net/201901/128354.jpg,OK,0,29,SAN MARCOS,SAN LORENZO,12835,CORPORACIÓN MUNICIPAL,4,2,2,0,1,4,262,262,257,257,42,65,21,2,23,6,67,27,4
1,3,0,380,380,12,https://resultados2019.blob.core.windows.net/201901/128394.jpg,OK,0,29,SAN MARCOS,SAN LORENZO,12839,CORPORACIÓN MUNICIPAL,12,2,2,0,1,4,321,321,306,306,46,59,28,13,24,39,62,18,17
1,5,0,400,400,12,https://resultados2019.blob.core.windows.net/201901/128294.jpg,OK,0,29,SAN MARCOS,SAN LORENZO,12829,CORPORACIÓN MUNICIPAL,11,2,2,0,1,4,318,318,302,302,39,79,18,11,34,12,66,35,8
1,7,0,380,380,12,https://resultados2019.blob.core.windows.net/201901/128384.jpg,OK,0,29,SAN MARCOS,SAN LORENZO,12838,CORPORACIÓN MUNICIPAL,11,2,2,0,1,4,294,294,276,276,28,72,16,15,18,39,54,15,19
1,6,0,400,439,12,https://resultados2019.blob.core.windows.net/201901/128274.jpg,OK,0,29,SAN MARCOS,SAN LORENZO,12827,CORPORACIÓN MUNICIPAL,7,2,2,0,1,4,312,312,299,299,47,78,20,2,26,15,83,17,11
1,1,0,356,356,12,https://resultados2019.blob.core.windows.net/201901/128434.jpg,OK,0,29,SAN MARCOS,SAN LORENZO,12843,CORPORACIÓN MUNICIPAL,0,2,2,0,1,4,269,269,268,268,40,52,17,24,20,43,49,11,12
1,13,0,400,400,12,https://resultados2019.blob.core.windows.net/201901/128324.jpg,OK,0,29,SAN MARCOS,SAN LORENZO,12832,CORPORACIÓN MUNICIPAL,18,2,2,0,1,4,327,327,296,296,26,86,17,2,36,22,84,18,5
1,7,0,400,400,12,https://resultados2019.blob.core.windows.net/201901/128334.jpg,OK,0,29,SAN MARCOS,SAN LORENZO,12833,CORPORACIÓN MUNICIPAL,17,2,2,0,1,4,289,289,265,265,32,64,17,4,31,17,77,13,10
1,1,0,306,306,12,https://resultados2019.blob.core.windows.net/201901/128374.jpg,OK,0,29,SAN MARCOS,SAN LORENZO,12837,CORPORACIÓN MUNICIPAL,3,2,2,0,1,4,228,228,224,224,30,50,15,3,38,6,61,18,3
1,11,0,400,400,12,https://resultados2019.blob.core.windows.net/201901/128304.jpg,OK,0,29,SAN MARCOS,SAN LORENZO,12830,CORPORACIÓN MUNICIPAL,11,2,2,0,1,4,323,323,301,301,41,101,16,7,27,20,55,26,8
1,5,0,306,306,12,https://resultados2019.blob.core.windows.net/201901/128364.jpg,OK,0,29,SAN MARCOS,SAN LORENZO,12836,CORPORACIÓN MUNICIPAL,1,2,2,0,1,4,229,229,223,223,38,58,12,1,23,2,58,22,9
1,8,0,400,400,12,https://resultados2019.blob.core.windows.net/201901/128284.jpg,OK,0,29,SAN MARCOS,SAN LORENZO,12828,CORPORACIÓN MUNICIPAL,23,2,2,0,1,4,315,315,284,284,52,67,19,7,39,11,65,18,6
1,3,0,400,400,12,https://resultados2019.blob.core.windows.net/201901/128344.jpg,OK,0,29,SAN MARCOS,SAN LORENZO,12834,CORPORACIÓN MUNICIPAL,6,2,2,0,1,4,251,251,242,242,41,58,10,2,33,17,51,24,6
1,9,0,380,380,12,https://resultados2019.blob.core.windows.net/201901/128404.jpg,OK,0,29,SAN MARCOS,SAN LORENZO,12840,CORPORACIÓN MUNICIPAL,17,2,2,0,1,4,336,336,310,310,43,57,29,20,18,41,72,19,11
