ACTACUADRA,BLANCOS,CNTIMPUGNA,CNTINSCRITOS,CNTPAPELETAS,DEP,IMGSRC,IMGSTATUS,INVALIDOS,MUN,NDEP,NMUN,NROMESA,NTE,NULOS,STACTA,STESCAN,STFISIC,STTRANS,TIPOELECCION,TOTALACTA,TOTALVOTOS,VOTOSVALIDOS,VOTOSVALIDOSACTA,voto_BIEN,voto_CREO,voto_FCN-NACION,voto_LIBRE,voto_PHG,voto_SEMILLA,voto_UCN,voto_UNE,voto_VALOR,voto_VAMOS
1,5,4,400,396,12,https://resultados2019.blob.core.windows.net/201901/128634.jpg,OK,0,30,SAN MARCOS,LA BLANCA,12863,CORPORACIÓN MUNICIPAL,19,2,2,0,1,4,273,273,249,249,7,12,9,1,2,0,99,80,3,36
1,0,4,400,400,12,https://resultados2019.blob.core.windows.net/201901/128604.jpg,OK,0,30,SAN MARCOS,LA BLANCA,12860,CORPORACIÓN MUNICIPAL,11,2,2,0,1,4,284,284,273,273,9,10,14,3,4,0,91,94,3,45
1,5,0,400,397,12,https://resultados2019.blob.core.windows.net/201901/128724.jpg,OK,0,30,SAN MARCOS,LA BLANCA,12872,CORPORACIÓN MUNICIPAL,13,2,2,0,1,4,256,256,238,238,6,2,25,4,2,1,76,85,1,36
1,7,0,400,400,12,https://resultados2019.blob.core.windows.net/201901/128474.jpg,OK,0,30,SAN MARCOS,LA BLANCA,12847,CORPORACIÓN MUNICIPAL,8,2,2,0,1,4,297,297,282,282,5,15,10,2,2,0,95,84,1,68
1,3,0,281,278,12,https://resultados2019.blob.core.windows.net/201901/128874.jpg,OK,0,30,SAN MARCOS,LA BLANCA,12887,CORPORACIÓN MUNICIPAL,6,2,2,0,1,4,167,167,158,158,6,3,6,0,0,0,74,52,3,14
1,1,0,400,400,12,https://resultados2019.blob.core.windows.net/201901/128804.jpg,OK,1,30,SAN MARCOS,LA BLANCA,12880,CORPORACIÓN MUNICIPAL,17,2,2,0,1,4,297,297,279,279,1,4,7,0,2,0,107,130,0,28
1,3,4,400,400,12,https://resultados2019.blob.core.windows.net/201901/128594.jpg,OK,3,30,SAN MARCOS,LA BLANCA,12859,CORPORACIÓN MUNICIPAL,3,2,2,0,1,4,281,281,275,275,3,9,16,5,2,0,112,78,1,49
1,0,1,249,249,12,https://resultados2019.blob.core.windows.net/201901/128514.jpg,OK,0,30,SAN MARCOS,LA BLANCA,12851,CORPORACIÓN MUNICIPAL,5,2,2,0,1,4,147,147,142,142,4,5,13,3,2,0,44,44,1,26
0,2,4,400,396,12,https://resultados2019.blob.core.windows.net/201901/128684.jpg,OK,0,30,SAN MARCOS,LA BLANCA,12868,CORPORACIÓN MUNICIPAL,11,2,2,0,1,4,263,260,247,247,5,8,16,0,1,1,76,99,1,40
0,3,1,400,396,12,https://resultados2019.blob.core.windows.net/201901/128784.jpg,OK,0,30,SAN MARCOS,LA BLANCA,12878,CORPORACIÓN MUNICIPAL,11,2,2,0,1,4,265,264,250,250,3,4,7,4,0,0,95,110,1,26
0,8,2,400,400,12,https://resultados2019.blob.core.windows.net/201901/128694.jpg,OK,0,30,SAN MARCOS,LA BLANCA,12869,CORPORACIÓN MUNICIPAL,9,2,2,0,1,4,250,252,235,235,5,6,12,2,2,1,64,92,2,49
1,3,5,400,396,12,https://resultados2019.blob.core.windows.net/201901/128504.jpg,OK,0,30,SAN MARCOS,LA BLANCA,12850,CORPORACIÓN MUNICIPAL,6,2,2,0,1,4,249,249,240,240,3,12,19,2,2,0,87,75,0,40
1,0,1,220,400,12,https://resultados2019.blob.core.windows.net/201901/128764.jpg,OK,0,30,SAN MARCOS,LA BLANCA,12876,CORPORACIÓN MUNICIPAL,3,2,2,0,1,4,165,165,162,162,6,0,14,2,0,0,57,52,1,30
1,5,0,400,400,12,https://resultados2019.blob.core.windows.net/201901/128534.jpg,OK,0,30,SAN MARCOS,LA BLANCA,12853,CORPORACIÓN MUNICIPAL,8,2,2,0,1,4,300,300,287,287,2,14,11,2,2,0,116,85,2,53
1,3,0,282,282,12,https://resultados2019.blob.core.windows.net/201901/128864.jpg,OK,0,30,SAN MARCOS,LA BLANCA,12886,CORPORACIÓN MUNICIPAL,3,2,2,0,1,4,206,206,200,200,1,2,9,2,0,0,95,67,0,24
1,1,3,400,400,12,https://resultados2019.blob.core.windows.net/201901/128574.jpg,OK,0,30,SAN MARCOS,LA BLANCA,12857,CORPORACIÓN MUNICIPAL,7,2,2,0,1,4,294,294,286,286,5,9,15,8,2,2,118,82,1,44
1,3,3,219,219,12,https://resultados2019.blob.core.windows.net/201901/128774.jpg,OK,5,30,SAN MARCOS,LA BLANCA,12877,CORPORACIÓN MUNICIPAL,2,2,2,0,1,4,117,117,112,112,4,2,5,2,1,1,41,42,1,13
1,4,0,400,396,12,https://resultados2019.blob.core.windows.net/201901/128644.jpg,OK,1,30,SAN MARCOS,LA BLANCA,12864,CORPORACIÓN MUNICIPAL,8,2,2,0,1,4,256,256,244,244,7,9,10,1,5,0,104,71,3,34
1,1,4,400,397,12,https://resultados2019.blob.core.windows.net/201901/128834.jpg,OK,0,30,SAN MARCOS,LA BLANCA,12883,CORPORACIÓN MUNICIPAL,11,2,2,0,1,4,278,278,266,266,2,4,14,3,2,0,101,110,0,30
1,3,9,400,396,12,https://resultados2019.blob.core.windows.net/201901/128744.jpg,OK,24,30,SAN MARCOS,LA BLANCA,12874,CORPORACIÓN MUNICIPAL,0,2,2,0,1,4,197,197,194,194,3,6,13,3,2,0,55,77,2,33
1,12,0,400,400,12,https://resultados2019.blob.core.windows.net/201901/128824.jpg,OK,0,30,SAN MARCOS,LA BLANCA,12882,CORPORACIÓN MUNICIPAL,3,2,2,0,1,4,235,235,220,220,0,2,4,2,0,0,94,90,0,28
1,6,1,400,399,12,https://resultados2019.blob.core.windows.net/201901/128464.jpg,OK,0,30,SAN MARCOS,LA BLANCA,12846,CORPORACIÓN MUNICIPAL,15,2,2,0,1,4,281,281,260,260,7,8,19,2,1,1,96,82,0,44
1,1,0,248,248,12,https://resultados2019.blob.core.windows.net/201901/128524.jpg,OK,0,30,SAN MARCOS,LA BLANCA,12852,CORPORACIÓN MUNICIPAL,8,2,2,0,1,4,154,154,145,145,2,4,5,2,2,0,51,51,0,28
1,0,1,294,294,12,https://resultados2019.blob.core.windows.net/201901/128654.jpg,OK,0,30,SAN MARCOS,LA BLANCA,12865,CORPORACIÓN MUNICIPAL,0,2,2,0,1,4,210,210,210,210,4,12,8,4,1,0,77,67,1,36
1,0,6,400,396,12,https://resultados2019.blob.core.windows.net/201901/128564.jpg,OK,0,30,SAN MARCOS,LA BLANCA,12856,CORPORACIÓN MUNICIPAL,6,2,2,0,1,4,289,289,283,283,7,13,16,1,2,0,88,91,5,60
1,2,1,400,400,12,https://resultados2019.blob.core.windows.net/201901/128814.jpg,OK,0,30,SAN MARCOS,LA BLANCA,12881,CORPORACIÓN MUNICIPAL,5,2,2,0,1,4,271,271,264,264,6,7,9,0,0,0,98,119,1,24
1,1,0,400,400,12,https://resultados2019.blob.core.windows.net/201901/128794.jpg,OK,0,30,SAN MARCOS,LA BLANCA,12879,CORPORACIÓN MUNICIPAL,15,2,2,0,1,4,274,274,258,258,8,7,9,2,0,0,104,93,1,34
1,4,3,293,290,12,https://resultados2019.blob.core.windows.net/201901/128664.jpg,OK,0,30,SAN MARCOS,LA BLANCA,12866,CORPORACIÓN MUNICIPAL,4,2,2,0,1,4,180,180,172,172,1,8,9,3,2,0,67,51,0,31
1,2,1,400,396,12,https://resultados2019.blob.core.windows.net/201901/128554.jpg,OK,0,30,SAN MARCOS,LA BLANCA,12855,CORPORACIÓN MUNICIPAL,12,2,2,0,1,4,300,300,286,286,5,13,20,4,2,0,121,83,2,36
1,7,0,400,397,12,https://resultados2019.blob.core.windows.net/201901/128854.jpg,OK,0,30,SAN MARCOS,LA BLANCA,12885,CORPORACIÓN MUNICIPAL,13,2,2,0,1,4,259,259,239,239,5,4,14,2,3,0,102,85,1,23
1,6,0,400,400,12,https://resultados2019.blob.core.windows.net/201901/128754.jpg,OK,0,30,SAN MARCOS,LA BLANCA,12875,CORPORACIÓN MUNICIPAL,11,2,2,0,1,4,228,228,211,211,3,6,15,3,0,0,70,73,2,39
1,6,2,400,400,12,https://resultados2019.blob.core.windows.net/201901/128544.jpg,OK,0,30,SAN MARCOS,LA BLANCA,12854,CORPORACIÓN MUNICIPAL,12,2,2,0,1,4,314,314,296,296,5,16,12,5,1,1,114,94,2,46
1,3,1,400,396,12,https://resultados2019.blob.core.windows.net/201901/128704.jpg,OK,0,30,SAN MARCOS,LA BLANCA,12870,CORPORACIÓN MUNICIPAL,9,2,2,0,1,4,244,244,232,232,3,4,13,1,0,0,79,87,1,44
0,2,6,400,396,12,https://resultados2019.blob.core.windows.net/201901/128844.jpg,OK,6,30,SAN MARCOS,LA BLANCA,12884,CORPORACIÓN MUNICIPAL,14,2,2,0,1,4,236,236,220,236,2,4,6,3,0,0,121,70,0,14
1,6,3,400,397,12,https://resultados2019.blob.core.windows.net/201901/128484.jpg,OK,0,30,SAN MARCOS,LA BLANCA,12848,CORPORACIÓN MUNICIPAL,3,2,2,0,1,4,252,252,243,243,6,8,14,2,2,0,78,83,1,49
1,10,1,400,396,12,https://resultados2019.blob.core.windows.net/201901/128624.jpg,OK,0,30,SAN MARCOS,LA BLANCA,12862,CORPORACIÓN MUNICIPAL,12,2,2,0,1,4,300,300,278,278,2,13,17,5,3,2,82,103,1,50
1,7,0,400,393,12,https://resultados2019.blob.core.windows.net/201901/128734.jpg,OK,0,30,SAN MARCOS,LA BLANCA,12873,CORPORACIÓN MUNICIPAL,25,2,2,0,1,4,239,239,207,207,6,5,9,3,0,0,69,76,2,37
1,3,3,400,396,12,https://resultados2019.blob.core.windows.net/201901/128494.jpg,OK,0,30,SAN MARCOS,LA BLANCA,12849,CORPORACIÓN MUNICIPAL,9,2,2,0,1,4,270,270,258,258,4,7,15,4,2,0,99,90,0,37
1,2,0,400,396,12,https://resultados2019.blob.core.windows.net/201901/128614.jpg,OK,0,30,SAN MARCOS,LA BLANCA,12861,CORPORACIÓN MUNICIPAL,10,2,2,0,1,4,304,304,292,292,9,16,12,2,5,0,103,83,7,55
1,7,0,400,400,12,https://resultados2019.blob.core.windows.net/201901/128714.jpg,OK,0,30,SAN MARCOS,LA BLANCA,12871,CORPORACIÓN MUNICIPAL,10,2,2,0,1,4,227,227,210,210,6,3,9,4,0,0,72,79,1,36
1,4,6,400,400,12,https://resultados2019.blob.core.windows.net/201901/128584.jpg,OK,0,30,SAN MARCOS,LA BLANCA,12858,CORPORACIÓN MUNICIPAL,5,2,2,0,1,4,265,265,256,256,8,12,12,2,2,0,106,76,4,34
1,4,0,400,396,12,https://resultados2019.blob.core.windows.net/201901/128674.jpg,OK,2,30,SAN MARCOS,LA BLANCA,12867,CORPORACIÓN MUNICIPAL,20,2,2,0,1,4,262,262,238,238,3,6,13,0,1,1,87,101,2,24
