ACTACUADRA,BLANCOS,CNTIMPUGNA,CNTINSCRITOS,CNTPAPELETAS,DEP,IMGSRC,IMGSTATUS,INVALIDOS,MUN,NDEP,NMUN,NROMESA,NTE,NULOS,STACTA,STESCAN,STFISIC,STTRANS,TIPOELECCION,TOTALACTA,TOTALVOTOS,VOTOSVALIDOS,VOTOSVALIDOSACTA,voto_SEMILLA,voto_UCN,voto_UNE
1,8,0,378,378,12,https://resultados2019.blob.core.windows.net/201901/116374.jpg,OK,0,3,SAN MARCOS,SAN ANTONIO SACATEPÉQUEZ,11637,CORPORACIÓN MUNICIPAL,4,1,2,0,1,4,110,110,98,98,12,50,36
1,3,0,259,259,12,https://resultados2019.blob.core.windows.net/201901/116264.jpg,OK,154,3,SAN MARCOS,SAN ANTONIO SACATEPÉQUEZ,11626,CORPORACIÓN MUNICIPAL,0,2,2,0,1,4,105,105,102,102,5,57,40
1,8,0,380,380,12,https://resultados2019.blob.core.windows.net/201901/116194.jpg,OK,0,3,SAN MARCOS,SAN ANTONIO SACATEPÉQUEZ,11619,CORPORACIÓN MUNICIPAL,9,2,2,0,1,4,184,184,167,167,3,90,74
1,6,0,380,380,12,https://resultados2019.blob.core.windows.net/201901/116204.jpg,OK,0,3,SAN MARCOS,SAN ANTONIO SACATEPÉQUEZ,11620,CORPORACIÓN MUNICIPAL,5,2,2,0,1,4,227,227,216,216,8,131,77
1,3,0,377,377,12,https://resultados2019.blob.core.windows.net/201901/116384.jpg,OK,0,3,SAN MARCOS,SAN ANTONIO SACATEPÉQUEZ,11638,CORPORACIÓN MUNICIPAL,2,2,2,0,1,4,66,66,61,61,9,30,22
1,2,0,198,198,12,https://resultados2019.blob.core.windows.net/201901/116354.jpg,OK,0,3,SAN MARCOS,SAN ANTONIO SACATEPÉQUEZ,11635,CORPORACIÓN MUNICIPAL,0,2,2,0,1,4,111,111,109,109,12,58,39
1,2,0,198,198,12,https://resultados2019.blob.core.windows.net/201901/116364.jpg,OK,0,3,SAN MARCOS,SAN ANTONIO SACATEPÉQUEZ,11636,CORPORACIÓN MUNICIPAL,1,2,2,0,1,4,109,109,106,106,10,61,35
1,8,0,279,279,12,https://resultados2019.blob.core.windows.net/201901/116314.jpg,OK,0,3,SAN MARCOS,SAN ANTONIO SACATEPÉQUEZ,11631,CORPORACIÓN MUNICIPAL,7,2,2,0,1,4,147,147,132,132,14,37,81
1,5,0,400,400,12,https://resultados2019.blob.core.windows.net/201901/116144.jpg,OK,0,3,SAN MARCOS,SAN ANTONIO SACATEPÉQUEZ,11614,CORPORACIÓN MUNICIPAL,4,2,2,0,1,4,273,273,264,264,56,79,129
1,11,0,380,380,12,https://resultados2019.blob.core.windows.net/201901/116224.jpg,OK,159,3,SAN MARCOS,SAN ANTONIO SACATEPÉQUEZ,11622,CORPORACIÓN MUNICIPAL,4,2,2,0,1,4,221,221,206,206,17,106,83
1,3,0,260,260,12,https://resultados2019.blob.core.windows.net/201901/116254.jpg,OK,0,3,SAN MARCOS,SAN ANTONIO SACATEPÉQUEZ,11625,CORPORACIÓN MUNICIPAL,2,2,2,0,1,4,112,112,107,107,6,60,41
1,4,0,380,379,12,https://resultados2019.blob.core.windows.net/201901/116214.jpg,OK,0,3,SAN MARCOS,SAN ANTONIO SACATEPÉQUEZ,11621,CORPORACIÓN MUNICIPAL,2,2,2,0,1,4,226,226,220,220,13,119,88
1,7,0,380,380,12,https://resultados2019.blob.core.windows.net/201901/116244.jpg,OK,0,3,SAN MARCOS,SAN ANTONIO SACATEPÉQUEZ,11624,CORPORACIÓN MUNICIPAL,2,2,2,0,1,4,179,179,170,170,9,94,67
1,8,0,380,380,12,https://resultados2019.blob.core.windows.net/201901/116344.jpg,OK,0,3,SAN MARCOS,SAN ANTONIO SACATEPÉQUEZ,11634,CORPORACIÓN MUNICIPAL,4,2,2,0,1,4,252,252,240,240,20,121,99
1,8,0,380,380,12,https://resultados2019.blob.core.windows.net/201901/116234.jpg,OK,0,3,SAN MARCOS,SAN ANTONIO SACATEPÉQUEZ,11623,CORPORACIÓN MUNICIPAL,4,2,2,0,1,4,225,225,213,213,14,129,70
1,7,0,400,400,12,https://resultados2019.blob.core.windows.net/201901/116164.jpg,OK,0,3,SAN MARCOS,SAN ANTONIO SACATEPÉQUEZ,11616,CORPORACIÓN MUNICIPAL,4,2,2,0,1,4,253,253,242,242,59,86,97
1,14,0,400,400,12,https://resultados2019.blob.core.windows.net/201901/116134.jpg,OK,0,3,SAN MARCOS,SAN ANTONIO SACATEPÉQUEZ,11613,CORPORACIÓN MUNICIPAL,12,2,2,0,1,4,230,230,204,204,54,81,69
1,17,0,380,380,12,https://resultados2019.blob.core.windows.net/201901/116334.jpg,OK,0,3,SAN MARCOS,SAN ANTONIO SACATEPÉQUEZ,11633,CORPORACIÓN MUNICIPAL,4,2,2,0,1,4,250,250,229,229,19,118,92
1,6,0,391,391,12,https://resultados2019.blob.core.windows.net/201901/116174.jpg,OK,0,3,SAN MARCOS,SAN ANTONIO SACATEPÉQUEZ,11617,CORPORACIÓN MUNICIPAL,5,2,2,0,1,4,216,216,205,205,45,66,94
1,10,0,380,380,12,https://resultados2019.blob.core.windows.net/201901/116274.jpg,OK,0,3,SAN MARCOS,SAN ANTONIO SACATEPÉQUEZ,11627,CORPORACIÓN MUNICIPAL,6,2,2,0,1,4,178,178,162,162,18,69,75
1,10,0,278,278,12,https://resultados2019.blob.core.windows.net/201901/116324.jpg,OK,0,3,SAN MARCOS,SAN ANTONIO SACATEPÉQUEZ,11632,CORPORACIÓN MUNICIPAL,5,2,2,0,1,4,126,126,111,111,8,35,68
1,18,0,380,380,12,https://resultados2019.blob.core.windows.net/201901/116304.jpg,OK,0,3,SAN MARCOS,SAN ANTONIO SACATEPÉQUEZ,11630,CORPORACIÓN MUNICIPAL,9,2,2,0,1,4,199,199,172,172,13,64,95
1,2,0,368,368,12,https://resultados2019.blob.core.windows.net/201901/116294.jpg,OK,0,3,SAN MARCOS,SAN ANTONIO SACATEPÉQUEZ,11629,CORPORACIÓN MUNICIPAL,6,2,2,0,1,4,138,138,130,130,15,59,56
1,14,0,400,400,12,https://resultados2019.blob.core.windows.net/201901/116154.jpg,OK,0,3,SAN MARCOS,SAN ANTONIO SACATEPÉQUEZ,11615,CORPORACIÓN MUNICIPAL,0,2,2,0,1,4,292,292,278,278,46,76,156
1,4,0,391,391,12,https://resultados2019.blob.core.windows.net/201901/116184.jpg,OK,0,3,SAN MARCOS,SAN ANTONIO SACATEPÉQUEZ,11618,CORPORACIÓN MUNICIPAL,1,2,2,0,1,4,221,221,216,216,45,73,98
1,10,0,368,368,12,https://resultados2019.blob.core.windows.net/201901/116284.jpg,OK,0,3,SAN MARCOS,SAN ANTONIO SACATEPÉQUEZ,11628,CORPORACIÓN MUNICIPAL,8,2,2,0,1,4,227,227,209,209,21,107,81
