ACTACUADRA,BLANCOS,CNTIMPUGNA,CNTINSCRITOS,CNTPAPELETAS,DEP,IMGSRC,IMGSTATUS,INVALIDOS,MUN,NDEP,NMUN,NROMESA,NTE,NULOS,STACTA,STESCAN,STFISIC,STTRANS,TIPOELECCION,TOTALACTA,TOTALVOTOS,VOTOSVALIDOS,VOTOSVALIDOSACTA,voto_AVANZA,voto_BIEN,voto_FCN-NACION,voto_FUERZA,voto_PHG,voto_SEMILLA,voto_UCN,voto_UNE,voto_UNIONISTA,voto_URNG_MAIZ,voto_VAMOS,voto_VIVA,voto_WINAQ
1,6,0,376,376,12,https://resultados2019.blob.core.windows.net/201901/117064.jpg,OK,0,4,SAN MARCOS,COMITANCILLO,11706,CORPORACIÓN MUNICIPAL,12,2,2,0,1,4,102,102,84,84,3,1,19,19,2,0,0,22,2,1,5,8,2
1,9,0,400,400,12,https://resultados2019.blob.core.windows.net/201901/116434.jpg,OK,0,4,SAN MARCOS,COMITANCILLO,11643,CORPORACIÓN MUNICIPAL,11,2,1,0,1,4,277,277,257,257,3,2,37,30,2,22,1,46,27,0,8,55,24
1,7,0,380,380,12,https://resultados2019.blob.core.windows.net/201901/117084.jpg,OK,0,4,SAN MARCOS,COMITANCILLO,11708,CORPORACIÓN MUNICIPAL,20,2,2,0,1,4,253,253,226,226,4,2,6,2,7,10,0,63,12,4,4,22,90
1,1,0,270,270,12,https://resultados2019.blob.core.windows.net/201901/116704.jpg,OK,0,4,SAN MARCOS,COMITANCILLO,11670,CORPORACIÓN MUNICIPAL,2,2,2,0,1,4,136,136,133,133,1,2,31,9,0,9,0,31,16,1,3,22,8
1,3,0,380,380,12,https://resultados2019.blob.core.windows.net/201901/116844.jpg,OK,0,4,SAN MARCOS,COMITANCILLO,11684,CORPORACIÓN MUNICIPAL,7,2,2,0,1,4,249,249,239,239,2,0,28,21,2,5,1,40,44,1,2,23,70
1,3,0,400,375,12,https://resultados2019.blob.core.windows.net/201901/116444.jpg,OK,0,4,SAN MARCOS,COMITANCILLO,11644,CORPORACIÓN MUNICIPAL,7,2,2,0,1,4,208,208,198,198,2,2,27,32,1,18,0,29,24,0,3,52,8
1,2,0,565,567,12,https://resultados2019.blob.core.windows.net/201901/117154.jpg,OK,0,4,SAN MARCOS,COMITANCILLO,11715,CORPORACIÓN MUNICIPAL,2,2,2,0,1,4,70,70,66,66,0,0,11,5,0,5,0,9,11,0,2,12,11
1,6,0,278,278,12,https://resultados2019.blob.core.windows.net/201901/116554.jpg,OK,0,4,SAN MARCOS,COMITANCILLO,11655,CORPORACIÓN MUNICIPAL,1,2,2,0,1,4,126,126,119,119,3,0,13,16,1,9,3,32,15,2,1,14,10
1,9,0,380,377,12,https://resultados2019.blob.core.windows.net/201901/116924.jpg,OK,0,4,SAN MARCOS,COMITANCILLO,11692,CORPORACIÓN MUNICIPAL,9,2,2,0,1,4,227,227,209,209,2,0,46,25,0,3,1,80,11,2,5,8,26
1,7,0,400,400,12,https://resultados2019.blob.core.windows.net/201901/116404.jpg,OK,0,4,SAN MARCOS,COMITANCILLO,11640,CORPORACIÓN MUNICIPAL,9,2,1,0,1,4,245,245,229,229,3,2,25,48,0,12,0,44,24,0,12,47,12
1,6,0,380,380,12,https://resultados2019.blob.core.windows.net/201901/117054.jpg,OK,0,4,SAN MARCOS,COMITANCILLO,11705,CORPORACIÓN MUNICIPAL,11,2,2,0,1,4,114,114,97,97,0,1,34,9,1,5,0,28,3,0,5,8,3
1,3,0,380,380,12,https://resultados2019.blob.core.windows.net/201901/116984.jpg,OK,0,4,SAN MARCOS,COMITANCILLO,11698,CORPORACIÓN MUNICIPAL,14,2,2,0,1,4,99,99,82,82,1,0,28,7,0,4,0,19,5,1,10,6,1
1,13,0,400,400,12,https://resultados2019.blob.core.windows.net/201901/116504.jpg,OK,0,4,SAN MARCOS,COMITANCILLO,11650,CORPORACIÓN MUNICIPAL,25,2,2,0,1,4,235,235,197,197,6,1,22,17,1,7,2,77,14,7,9,23,11
1,7,0,380,380,12,https://resultados2019.blob.core.windows.net/201901/116734.jpg,OK,0,4,SAN MARCOS,COMITANCILLO,11673,CORPORACIÓN MUNICIPAL,13,2,1,0,1,4,253,253,233,233,6,1,27,22,0,3,0,94,10,4,22,24,20
1,9,0,380,380,12,https://resultados2019.blob.core.windows.net/201901/116584.jpg,OK,0,4,SAN MARCOS,COMITANCILLO,11658,CORPORACIÓN MUNICIPAL,16,2,2,0,1,4,212,212,187,187,1,1,31,21,0,8,1,63,13,1,16,22,9
0,19,0,380,380,12,https://resultados2019.blob.core.windows.net/201901/116784.jpg,OK,0,4,SAN MARCOS,COMITANCILLO,11678,CORPORACIÓN MUNICIPAL,21,2,2,0,1,4,274,274,234,244,2,0,26,16,1,14,0,42,33,2,3,31,64
1,6,0,400,399,12,https://resultados2019.blob.core.windows.net/201901/116454.jpg,OK,0,4,SAN MARCOS,COMITANCILLO,11645,CORPORACIÓN MUNICIPAL,8,2,2,0,1,4,227,227,213,213,4,0,24,35,1,11,1,35,21,1,7,48,25
1,2,0,277,277,12,https://resultados2019.blob.core.windows.net/201901/116474.jpg,OK,0,4,SAN MARCOS,COMITANCILLO,11647,CORPORACIÓN MUNICIPAL,2,2,2,0,1,4,156,156,152,152,2,0,19,26,0,20,0,23,13,1,6,33,9
0,7,0,380,380,12,https://resultados2019.blob.core.windows.net/201901/117114.jpg,OK,7,4,SAN MARCOS,COMITANCILLO,11711,CORPORACIÓN MUNICIPAL,3,2,2,0,1,4,221,214,204,211,3,1,11,4,0,15,0,37,6,3,4,20,100
1,1,0,229,229,12,https://resultados2019.blob.core.windows.net/201901/116974.jpg,OK,0,4,SAN MARCOS,COMITANCILLO,11697,CORPORACIÓN MUNICIPAL,5,2,2,0,1,4,112,112,106,106,1,0,19,14,0,6,0,24,2,1,2,3,34
1,15,0,380,380,12,https://resultados2019.blob.core.windows.net/201901/116804.jpg,OK,0,4,SAN MARCOS,COMITANCILLO,11680,CORPORACIÓN MUNICIPAL,37,2,2,0,1,4,311,311,259,259,4,0,35,13,1,13,2,47,43,2,3,18,78
1,5,0,380,380,12,https://resultados2019.blob.core.windows.net/201901/116724.jpg,OK,0,4,SAN MARCOS,COMITANCILLO,11672,CORPORACIÓN MUNICIPAL,8,2,2,0,1,4,247,247,234,234,3,0,45,25,3,8,1,80,10,3,12,28,16
1,7,0,380,380,12,https://resultados2019.blob.core.windows.net/201901/116674.jpg,OK,0,4,SAN MARCOS,COMITANCILLO,11667,CORPORACIÓN MUNICIPAL,6,2,2,0,1,4,196,196,183,183,4,0,44,16,2,13,0,43,10,2,10,30,9
1,13,0,380,380,12,https://resultados2019.blob.core.windows.net/201901/116944.jpg,OK,0,4,SAN MARCOS,COMITANCILLO,11694,CORPORACIÓN MUNICIPAL,11,2,2,0,1,4,247,247,223,223,4,3,26,12,1,6,0,100,10,0,3,13,45
1,8,0,380,400,12,https://resultados2019.blob.core.windows.net/201901/116994.jpg,OK,0,4,SAN MARCOS,COMITANCILLO,11699,CORPORACIÓN MUNICIPAL,13,2,2,0,1,4,121,121,100,100,0,2,31,13,1,2,0,25,4,0,7,10,5
1,4,0,380,400,12,https://resultados2019.blob.core.windows.net/201901/116744.jpg,OK,0,4,SAN MARCOS,COMITANCILLO,11674,CORPORACIÓN MUNICIPAL,3,2,1,0,1,4,217,217,210,210,3,0,40,26,0,10,0,55,10,1,12,40,13
1,5,0,379,379,12,https://resultados2019.blob.core.windows.net/201901/116754.jpg,OK,0,4,SAN MARCOS,COMITANCILLO,11675,CORPORACIÓN MUNICIPAL,4,2,1,0,1,4,207,207,198,198,4,0,35,33,1,5,2,66,13,0,8,21,10
1,6,0,380,380,12,https://resultados2019.blob.core.windows.net/201901/116574.jpg,OK,0,4,SAN MARCOS,COMITANCILLO,11657,CORPORACIÓN MUNICIPAL,8,2,2,0,1,4,202,202,188,188,1,0,37,22,0,5,0,47,13,4,11,30,18
0,0,0,277,277,12,https://resultados2019.blob.core.windows.net/201901/116564.jpg,OK,0,4,SAN MARCOS,COMITANCILLO,11656,CORPORACIÓN MUNICIPAL,3,2,2,0,1,4,141,140,137,138,2,3,12,11,0,7,0,28,9,3,9,43,10
1,15,0,380,380,12,https://resultados2019.blob.core.windows.net/201901/116814.jpg,OK,0,4,SAN MARCOS,COMITANCILLO,11681,CORPORACIÓN MUNICIPAL,18,2,2,0,1,4,303,303,270,270,2,1,22,22,1,9,1,57,57,2,3,20,73
1,9,0,380,380,12,https://resultados2019.blob.core.windows.net/201901/116954.jpg,OK,0,4,SAN MARCOS,COMITANCILLO,11695,CORPORACIÓN MUNICIPAL,13,2,2,0,1,4,223,223,201,201,3,0,26,20,0,3,0,85,10,2,3,7,42
1,8,0,400,400,12,https://resultados2019.blob.core.windows.net/201901/116514.jpg,OK,0,4,SAN MARCOS,COMITANCILLO,11651,CORPORACIÓN MUNICIPAL,14,2,2,0,1,4,254,254,232,232,4,0,21,14,0,7,1,93,16,9,16,33,18
1,6,0,380,380,12,https://resultados2019.blob.core.windows.net/201901/116874.jpg,OK,0,4,SAN MARCOS,COMITANCILLO,11687,CORPORACIÓN MUNICIPAL,25,2,2,0,1,4,195,195,164,164,5,1,18,15,0,6,0,66,24,4,5,12,8
1,7,0,400,397,12,https://resultados2019.blob.core.windows.net/201901/116394.jpg,OK,0,4,SAN MARCOS,COMITANCILLO,11639,CORPORACIÓN MUNICIPAL,18,2,2,0,1,4,258,258,233,233,2,4,36,34,1,16,1,46,24,2,9,48,10
0,8,0,380,380,12,https://resultados2019.blob.core.windows.net/201901/116894.jpg,OK,31,4,SAN MARCOS,COMITANCILLO,11689,CORPORACIÓN MUNICIPAL,23,2,2,0,1,4,159,190,159,159,3,3,32,15,0,6,1,57,18,3,7,10,4
1,4,0,400,400,12,https://resultados2019.blob.core.windows.net/201901/116424.jpg,OK,0,4,SAN MARCOS,COMITANCILLO,11642,CORPORACIÓN MUNICIPAL,18,2,2,0,1,4,256,256,234,234,1,1,32,47,2,9,1,52,18,5,11,42,13
1,3,0,379,184,12,https://resultados2019.blob.core.windows.net/201901/116764.jpg,OK,0,4,SAN MARCOS,COMITANCILLO,11676,CORPORACIÓN MUNICIPAL,5,2,1,0,1,4,184,184,176,176,1,0,18,25,2,8,0,56,16,1,7,32,10
1,5,0,250,250,12,https://resultados2019.blob.core.windows.net/201901/116914.jpg,OK,0,4,SAN MARCOS,COMITANCILLO,11691,CORPORACIÓN MUNICIPAL,3,2,2,0,1,4,120,120,112,112,1,2,12,8,0,2,0,60,8,0,6,9,4
1,8,0,380,380,12,https://resultados2019.blob.core.windows.net/201901/116934.jpg,OK,0,4,SAN MARCOS,COMITANCILLO,11693,CORPORACIÓN MUNICIPAL,11,2,2,0,1,4,237,237,218,218,3,2,41,18,0,1,1,97,14,0,5,3,33
0,1,0,276,276,12,https://resultados2019.blob.core.windows.net/201901/116484.jpg,OK,0,4,SAN MARCOS,COMITANCILLO,11648,CORPORACIÓN MUNICIPAL,3,2,2,0,1,4,166,146,142,162,0,2,5,22,1,9,0,27,24,2,4,39,7
0,7,0,400,400,12,https://resultados2019.blob.core.windows.net/201901/116544.jpg,OK,0,4,SAN MARCOS,COMITANCILLO,11654,CORPORACIÓN MUNICIPAL,17,2,2,0,1,4,200,210,186,176,3,1,20,16,0,7,2,31,17,13,18,43,15
0,6,0,290,290,12,https://resultados2019.blob.core.windows.net/201901/117134.jpg,OK,0,4,SAN MARCOS,COMITANCILLO,11713,CORPORACIÓN MUNICIPAL,6,2,2,0,1,4,173,170,158,161,2,0,5,3,0,13,0,49,2,4,2,11,67
1,9,0,380,380,12,https://resultados2019.blob.core.windows.net/201901/117004.jpg,OK,0,4,SAN MARCOS,COMITANCILLO,11700,CORPORACIÓN MUNICIPAL,19,2,2,0,1,4,96,96,68,68,0,1,13,9,0,4,0,25,2,0,8,5,1
1,4,0,566,566,12,https://resultados2019.blob.core.windows.net/201901/117144.jpg,OK,0,4,SAN MARCOS,COMITANCILLO,11714,CORPORACIÓN MUNICIPAL,5,2,2,0,1,4,109,109,100,100,1,1,14,7,3,6,0,14,11,3,4,14,22
1,3,0,322,322,12,https://resultados2019.blob.core.windows.net/201901/116864.jpg,OK,0,4,SAN MARCOS,COMITANCILLO,11686,CORPORACIÓN MUNICIPAL,4,2,2,0,1,4,210,210,203,203,2,0,27,15,0,11,0,36,41,0,0,21,50
1,11,0,380,380,12,https://resultados2019.blob.core.windows.net/201901/116714.jpg,OK,0,4,SAN MARCOS,COMITANCILLO,11671,CORPORACIÓN MUNICIPAL,9,2,1,0,1,4,242,242,222,222,5,2,31,28,1,4,3,73,13,3,13,27,19
1,4,0,380,388,12,https://resultados2019.blob.core.windows.net/201901/117044.jpg,OK,0,4,SAN MARCOS,COMITANCILLO,11704,CORPORACIÓN MUNICIPAL,11,2,2,0,1,4,128,128,113,113,2,0,27,18,1,7,0,32,1,0,11,10,4
1,14,0,380,380,12,https://resultados2019.blob.core.windows.net/201901/116664.jpg,OK,0,4,SAN MARCOS,COMITANCILLO,11666,CORPORACIÓN MUNICIPAL,17,2,2,0,1,4,189,189,158,158,3,1,33,20,1,7,0,44,7,5,7,15,15
1,12,0,380,380,12,https://resultados2019.blob.core.windows.net/201901/116774.jpg,OK,0,4,SAN MARCOS,COMITANCILLO,11677,CORPORACIÓN MUNICIPAL,12,2,2,0,1,4,278,278,254,254,11,0,24,20,0,16,1,39,34,4,1,30,74
0,12,0,380,380,12,https://resultados2019.blob.core.windows.net/201901/117104.jpg,OK,0,4,SAN MARCOS,COMITANCILLO,11710,CORPORACIÓN MUNICIPAL,12,2,2,0,1,4,258,260,236,234,3,1,8,7,4,7,0,82,10,5,5,18,86
1,7,0,230,230,12,https://resultados2019.blob.core.windows.net/201901/116964.jpg,OK,0,4,SAN MARCOS,COMITANCILLO,11696,CORPORACIÓN MUNICIPAL,6,2,2,0,1,4,117,117,104,104,1,1,20,8,0,2,0,41,5,0,4,1,21
1,11,0,380,380,12,https://resultados2019.blob.core.windows.net/201901/117024.jpg,OK,0,4,SAN MARCOS,COMITANCILLO,11702,CORPORACIÓN MUNICIPAL,29,2,2,0,1,4,171,171,131,131,0,0,28,13,1,4,1,57,1,1,13,11,1
1,10,0,380,380,12,https://resultados2019.blob.core.windows.net/201901/117094.jpg,OK,0,4,SAN MARCOS,COMITANCILLO,11709,CORPORACIÓN MUNICIPAL,15,2,2,0,1,4,263,263,238,238,4,0,6,14,9,12,1,66,8,3,3,30,82
1,2,0,380,380,12,https://resultados2019.blob.core.windows.net/201901/116654.jpg,OK,0,4,SAN MARCOS,COMITANCILLO,11665,CORPORACIÓN MUNICIPAL,4,2,2,0,1,4,185,185,179,179,5,0,37,19,1,9,0,53,19,6,6,21,3
0,13,0,380,380,12,https://resultados2019.blob.core.windows.net/201901/116614.jpg,OK,0,4,SAN MARCOS,COMITANCILLO,11661,CORPORACIÓN MUNICIPAL,13,2,2,0,1,4,248,348,322,222,4,3,32,19,0,21,0,180,14,3,6,27,13
1,14,0,251,248,12,https://resultados2019.blob.core.windows.net/201901/116904.jpg,OK,0,4,SAN MARCOS,COMITANCILLO,11690,CORPORACIÓN MUNICIPAL,9,2,2,0,1,4,131,131,108,108,4,1,28,12,2,2,0,40,8,0,0,9,2
1,7,0,380,377,12,https://resultados2019.blob.core.windows.net/201901/116794.jpg,OK,0,4,SAN MARCOS,COMITANCILLO,11679,CORPORACIÓN MUNICIPAL,19,2,2,0,1,4,293,293,267,267,1,0,24,15,0,21,1,47,46,1,5,24,82
1,4,0,380,380,12,https://resultados2019.blob.core.windows.net/201901/116644.jpg,OK,0,4,SAN MARCOS,COMITANCILLO,11664,CORPORACIÓN MUNICIPAL,11,2,2,0,1,4,243,243,228,228,3,1,50,23,0,15,2,65,13,5,8,31,12
1,7,0,400,400,12,https://resultados2019.blob.core.windows.net/201901/116534.jpg,OK,0,4,SAN MARCOS,COMITANCILLO,11653,CORPORACIÓN MUNICIPAL,8,2,2,0,1,4,231,231,216,216,2,1,16,14,0,10,2,60,28,2,14,48,19
1,5,0,323,323,12,https://resultados2019.blob.core.windows.net/201901/116854.jpg,OK,0,4,SAN MARCOS,COMITANCILLO,11685,CORPORACIÓN MUNICIPAL,13,2,2,0,1,4,206,206,188,188,1,3,22,13,0,13,0,35,36,0,2,16,47
1,3,0,375,375,12,https://resultados2019.blob.core.windows.net/201901/117074.jpg,OK,0,4,SAN MARCOS,COMITANCILLO,11707,CORPORACIÓN MUNICIPAL,7,2,2,0,1,4,77,77,67,67,1,0,17,8,0,3,0,19,2,0,7,8,2
1,6,0,380,380,12,https://resultados2019.blob.core.windows.net/201901/117034.jpg,OK,0,4,SAN MARCOS,COMITANCILLO,11703,CORPORACIÓN MUNICIPAL,10,2,2,0,1,4,126,126,110,110,0,0,30,7,2,2,0,33,4,1,14,12,5
1,8,0,380,380,12,https://resultados2019.blob.core.windows.net/201901/117014.jpg,OK,0,4,SAN MARCOS,COMITANCILLO,11701,CORPORACIÓN MUNICIPAL,23,2,2,0,1,4,180,180,149,149,1,2,40,12,2,2,0,67,4,2,8,7,2
1,11,0,380,378,12,https://resultados2019.blob.core.windows.net/201901/116884.jpg,OK,1,4,SAN MARCOS,COMITANCILLO,11688,CORPORACIÓN MUNICIPAL,34,2,2,0,1,4,215,215,170,170,4,4,22,25,2,5,0,62,17,2,7,13,7
1,11,0,400,400,12,https://resultados2019.blob.core.windows.net/201901/116524.jpg,OK,0,4,SAN MARCOS,COMITANCILLO,11652,CORPORACIÓN MUNICIPAL,18,2,2,0,1,4,264,264,235,235,5,2,16,18,3,13,0,78,15,7,8,52,18
1,7,0,400,400,12,https://resultados2019.blob.core.windows.net/201901/116414.jpg,OK,0,4,SAN MARCOS,COMITANCILLO,11641,CORPORACIÓN MUNICIPAL,18,2,1,0,1,4,285,285,260,260,4,0,21,45,2,16,0,73,29,0,5,49,16
1,9,0,380,380,12,https://resultados2019.blob.core.windows.net/201901/116634.jpg,OK,0,4,SAN MARCOS,COMITANCILLO,11663,CORPORACIÓN MUNICIPAL,13,2,2,0,1,4,244,244,222,222,1,3,42,25,0,15,0,64,24,2,8,28,10
1,8,0,400,399,12,https://resultados2019.blob.core.windows.net/201901/116494.jpg,OK,0,4,SAN MARCOS,COMITANCILLO,11649,CORPORACIÓN MUNICIPAL,6,2,2,0,1,4,219,219,205,205,2,2,16,18,0,6,1,70,24,4,17,31,14
0,3,0,291,291,12,https://resultados2019.blob.core.windows.net/201901/117124.jpg,OK,0,4,SAN MARCOS,COMITANCILLO,11712,CORPORACIÓN MUNICIPAL,9,2,2,0,1,4,162,162,150,151,1,0,11,9,5,5,0,37,10,3,1,9,59
1,10,0,380,400,12,https://resultados2019.blob.core.windows.net/201901/116594.jpg,OK,0,4,SAN MARCOS,COMITANCILLO,11659,CORPORACIÓN MUNICIPAL,24,2,2,0,1,4,230,230,196,196,3,1,31,23,2,8,0,56,12,1,17,28,14
1,5,0,400,416,12,https://resultados2019.blob.core.windows.net/201901/116464.jpg,OK,0,4,SAN MARCOS,COMITANCILLO,11646,CORPORACIÓN MUNICIPAL,7,2,2,0,1,4,237,237,225,225,4,2,32,28,0,25,0,24,35,1,4,46,24
1,1,0,270,270,12,https://resultados2019.blob.core.windows.net/201901/116694.jpg,OK,0,4,SAN MARCOS,COMITANCILLO,11669,CORPORACIÓN MUNICIPAL,2,2,2,0,1,4,140,140,137,137,1,0,29,10,0,9,0,43,13,1,9,18,4
1,17,0,380,380,12,https://resultados2019.blob.core.windows.net/201901/116624.jpg,OK,0,4,SAN MARCOS,COMITANCILLO,11662,CORPORACIÓN MUNICIPAL,21,2,2,0,1,4,261,261,223,223,2,6,45,21,0,9,0,77,11,1,16,26,9
1,7,0,380,380,12,https://resultados2019.blob.core.windows.net/201901/116834.jpg,OK,0,4,SAN MARCOS,COMITANCILLO,11683,CORPORACIÓN MUNICIPAL,11,2,2,0,1,4,241,241,223,223,2,0,26,14,0,7,0,33,48,0,3,22,68
1,3,0,380,380,12,https://resultados2019.blob.core.windows.net/201901/116684.jpg,OK,0,4,SAN MARCOS,COMITANCILLO,11668,CORPORACIÓN MUNICIPAL,3,2,2,0,1,4,181,181,175,175,2,1,34,27,0,17,1,41,4,1,9,28,10
1,6,0,380,380,12,https://resultados2019.blob.core.windows.net/201901/116604.jpg,OK,0,4,SAN MARCOS,COMITANCILLO,11660,CORPORACIÓN MUNICIPAL,26,2,2,0,1,4,240,240,208,208,1,1,35,28,0,20,1,54,14,2,8,31,13
1,6,0,380,380,12,https://resultados2019.blob.core.windows.net/201901/116824.jpg,OK,0,4,SAN MARCOS,COMITANCILLO,11682,CORPORACIÓN MUNICIPAL,14,2,2,0,1,4,296,296,276,276,3,0,29,39,0,12,1,64,35,3,2,29,59
