ACTACUADRA,BLANCOS,CNTIMPUGNA,CNTINSCRITOS,CNTPAPELETAS,DEP,IMGSRC,IMGSTATUS,INVALIDOS,MUN,NDEP,NMUN,NROMESA,NTE,NULOS,STACTA,STESCAN,STFISIC,STTRANS,TIPOELECCION,TOTALACTA,TOTALVOTOS,VOTOSVALIDOS,VOTOSVALIDOSACTA,voto_BIEN,voto_CREO,voto_EG,voto_FCN-NACION,voto_FUERZA,voto_MLP,voto_PC,voto_PPT,voto_SEMILLA,voto_UCN,voto_UNE,voto_UNIDOS,voto_VALOR,voto_VAMOS,voto_WINAQ-URNG
1,8,0,380,379,12,https://resultados2019.blob.core.windows.net/201901/118494.jpg,OK,0,6,SAN MARCOS,CONCEPCIÓN TUTUAPA,11849,CORPORACIÓN MUNICIPAL,14,2,2,0,1,4,137,137,115,115,23,10,37,0,5,5,4,0,3,0,18,1,3,4,2
1,15,0,380,380,12,https://resultados2019.blob.core.windows.net/201901/118274.jpg,OK,0,6,SAN MARCOS,CONCEPCIÓN TUTUAPA,11827,CORPORACIÓN MUNICIPAL,32,2,2,0,1,4,226,226,179,179,36,29,14,0,7,25,5,1,3,1,28,3,19,6,2
1,15,0,380,0,12,https://resultados2019.blob.core.windows.net/201901/118024.jpg,OK,0,6,SAN MARCOS,CONCEPCIÓN TUTUAPA,11802,CORPORACIÓN MUNICIPAL,20,2,2,0,1,4,227,227,192,192,46,8,13,1,2,5,1,1,5,2,38,0,2,67,1
1,15,0,380,380,12,https://resultados2019.blob.core.windows.net/201901/118174.jpg,OK,0,6,SAN MARCOS,CONCEPCIÓN TUTUAPA,11817,CORPORACIÓN MUNICIPAL,22,2,2,0,1,4,204,204,167,167,34,6,12,0,4,16,5,0,5,1,52,6,4,22,0
1,2,0,362,359,12,https://resultados2019.blob.core.windows.net/201901/117864.jpg,OK,0,6,SAN MARCOS,CONCEPCIÓN TUTUAPA,11786,CORPORACIÓN MUNICIPAL,5,2,2,0,1,4,183,183,176,176,63,12,40,1,16,3,1,0,8,5,22,0,1,2,2
1,5,0,380,380,12,https://resultados2019.blob.core.windows.net/201901/118544.jpg,OK,0,6,SAN MARCOS,CONCEPCIÓN TUTUAPA,11854,CORPORACIÓN MUNICIPAL,14,2,2,0,1,4,199,199,180,180,53,12,24,4,38,2,6,0,5,3,23,0,0,9,1
1,10,0,380,380,12,https://resultados2019.blob.core.windows.net/201901/117974.jpg,OK,0,6,SAN MARCOS,CONCEPCIÓN TUTUAPA,11797,CORPORACIÓN MUNICIPAL,16,2,2,0,1,4,140,140,114,114,17,46,13,0,2,1,4,0,0,0,20,0,0,6,5
1,8,0,323,325,12,https://resultados2019.blob.core.windows.net/201901/118154.jpg,OK,0,6,SAN MARCOS,CONCEPCIÓN TUTUAPA,11815,CORPORACIÓN MUNICIPAL,16,2,2,0,1,4,144,144,120,120,31,10,36,1,4,16,3,1,5,1,9,0,0,3,0
1,18,0,380,380,12,https://resultados2019.blob.core.windows.net/201901/118584.jpg,OK,0,6,SAN MARCOS,CONCEPCIÓN TUTUAPA,11858,CORPORACIÓN MUNICIPAL,16,2,2,0,1,4,205,205,171,171,68,14,15,0,28,4,1,0,7,2,23,1,3,4,1
1,13,0,380,380,12,https://resultados2019.blob.core.windows.net/201901/118244.jpg,OK,0,6,SAN MARCOS,CONCEPCIÓN TUTUAPA,11824,CORPORACIÓN MUNICIPAL,14,2,2,0,1,4,184,184,157,157,41,1,10,0,6,9,4,1,4,2,45,4,1,25,4
1,7,0,340,340,12,https://resultados2019.blob.core.windows.net/201901/117884.jpg,OK,0,6,SAN MARCOS,CONCEPCIÓN TUTUAPA,11788,CORPORACIÓN MUNICIPAL,12,2,2,0,1,4,181,181,162,162,56,18,13,0,4,4,7,0,2,1,47,0,1,5,4
1,13,0,400,400,12,https://resultados2019.blob.core.windows.net/201901/117804.jpg,OK,0,6,SAN MARCOS,CONCEPCIÓN TUTUAPA,11780,CORPORACIÓN MUNICIPAL,15,2,2,0,1,4,278,278,250,250,78,9,32,3,15,5,6,3,12,7,64,0,3,6,7
1,8,0,231,228,12,https://resultados2019.blob.core.windows.net/201901/118314.jpg,OK,0,6,SAN MARCOS,CONCEPCIÓN TUTUAPA,11831,CORPORACIÓN MUNICIPAL,12,2,1,0,1,4,121,121,101,101,36,13,10,0,5,15,1,0,1,0,14,0,5,0,1
1,16,0,380,380,12,https://resultados2019.blob.core.windows.net/201901/118054.jpg,OK,0,6,SAN MARCOS,CONCEPCIÓN TUTUAPA,11805,CORPORACIÓN MUNICIPAL,13,2,2,0,1,4,158,158,129,129,17,6,13,1,4,5,3,0,6,1,22,2,0,47,2
1,9,0,400,400,12,https://resultados2019.blob.core.windows.net/201901/117794.jpg,OK,0,6,SAN MARCOS,CONCEPCIÓN TUTUAPA,11779,CORPORACIÓN MUNICIPAL,20,2,2,0,1,4,245,245,216,216,84,13,33,0,13,5,3,0,10,0,43,0,3,6,3
1,11,0,380,380,12,https://resultados2019.blob.core.windows.net/201901/118094.jpg,OK,0,6,SAN MARCOS,CONCEPCIÓN TUTUAPA,11809,CORPORACIÓN MUNICIPAL,30,2,2,0,1,4,218,218,177,177,35,35,35,1,4,21,5,0,3,2,27,0,4,5,0
1,10,0,380,0,12,https://resultados2019.blob.core.windows.net/201901/118424.jpg,OK,0,6,SAN MARCOS,CONCEPCIÓN TUTUAPA,11842,CORPORACIÓN MUNICIPAL,23,2,2,0,1,4,272,272,239,239,109,5,35,2,8,3,5,0,6,4,57,1,2,2,0
1,7,0,337,337,12,https://resultados2019.blob.core.windows.net/201901/118074.jpg,OK,0,6,SAN MARCOS,CONCEPCIÓN TUTUAPA,11807,CORPORACIÓN MUNICIPAL,8,2,2,0,1,4,124,124,109,109,23,4,15,0,7,4,1,0,4,0,10,1,0,39,1
0,3,0,195,0,12,https://resultados2019.blob.core.windows.net/201901/118444.jpg,OK,1,6,SAN MARCOS,CONCEPCIÓN TUTUAPA,11844,CORPORACIÓN MUNICIPAL,12,2,2,0,1,4,111,110,95,95,50,4,13,0,2,3,2,0,2,0,15,0,1,2,1
1,2,0,207,207,12,https://resultados2019.blob.core.windows.net/201901/118594.jpg,OK,0,6,SAN MARCOS,CONCEPCIÓN TUTUAPA,11859,CORPORACIÓN MUNICIPAL,11,2,2,0,1,4,108,108,95,95,35,1,15,0,30,1,2,0,1,1,7,0,0,2,0
1,9,0,400,400,12,https://resultados2019.blob.core.windows.net/201901/117774.jpg,OK,0,6,SAN MARCOS,CONCEPCIÓN TUTUAPA,11777,CORPORACIÓN MUNICIPAL,19,2,2,0,1,4,235,235,207,207,58,15,44,3,12,4,3,1,6,7,39,0,4,8,3
0,20,0,239,239,12,https://resultados2019.blob.core.windows.net/201901/118344.jpg,OK,0,6,SAN MARCOS,CONCEPCIÓN TUTUAPA,11834,CORPORACIÓN MUNICIPAL,7,2,2,0,1,4,113,110,83,86,6,4,25,2,6,2,1,0,0,1,19,0,1,15,1
0,16,0,380,380,12,https://resultados2019.blob.core.windows.net/201901/117954.jpg,OK,0,6,SAN MARCOS,CONCEPCIÓN TUTUAPA,11795,CORPORACIÓN MUNICIPAL,19,2,2,0,1,4,221,218,183,186,31,68,9,1,3,2,1,0,6,1,55,0,1,4,1
1,12,0,380,380,12,https://resultados2019.blob.core.windows.net/201901/118564.jpg,OK,0,6,SAN MARCOS,CONCEPCIÓN TUTUAPA,11856,CORPORACIÓN MUNICIPAL,23,2,2,0,1,4,224,224,189,189,45,24,23,1,48,1,2,0,4,2,29,1,3,4,2
0,13,0,295,295,12,https://resultados2019.blob.core.windows.net/201901/118394.jpg,OK,0,6,SAN MARCOS,CONCEPCIÓN TUTUAPA,11839,CORPORACIÓN MUNICIPAL,12,2,2,0,1,4,138,130,105,113,24,8,0,2,4,25,0,0,5,2,23,2,0,8,2
1,17,0,341,341,12,https://resultados2019.blob.core.windows.net/201901/117874.jpg,OK,0,6,SAN MARCOS,CONCEPCIÓN TUTUAPA,11787,CORPORACIÓN MUNICIPAL,17,2,2,0,1,4,231,231,197,197,67,20,20,1,6,2,4,0,8,0,55,1,1,9,3
1,3,0,266,263,12,https://resultados2019.blob.core.windows.net/201901/118254.jpg,OK,0,6,SAN MARCOS,CONCEPCIÓN TUTUAPA,11825,CORPORACIÓN MUNICIPAL,7,2,2,0,1,4,98,98,88,88,20,1,11,2,1,5,1,2,3,1,24,2,1,10,4
1,10,0,380,380,12,https://resultados2019.blob.core.windows.net/201901/118294.jpg,OK,0,6,SAN MARCOS,CONCEPCIÓN TUTUAPA,11829,CORPORACIÓN MUNICIPAL,20,2,2,0,1,4,171,171,141,141,43,27,0,0,6,26,7,1,2,0,14,9,2,2,2
1,15,0,400,400,12,https://resultados2019.blob.core.windows.net/201901/117784.jpg,OK,0,6,SAN MARCOS,CONCEPCIÓN TUTUAPA,11778,CORPORACIÓN MUNICIPAL,16,2,2,0,1,4,267,267,236,236,71,16,33,3,14,12,4,1,11,3,56,2,5,4,1
1,7,0,231,231,12,https://resultados2019.blob.core.windows.net/201901/118304.jpg,OK,1,6,SAN MARCOS,CONCEPCIÓN TUTUAPA,11830,CORPORACIÓN MUNICIPAL,10,2,2,0,1,4,112,112,95,95,29,12,10,0,5,10,2,0,1,0,15,0,7,4,0
0,4,0,266,266,12,https://resultados2019.blob.core.windows.net/201901/118264.jpg,OK,0,6,SAN MARCOS,CONCEPCIÓN TUTUAPA,11826,CORPORACIÓN MUNICIPAL,3,2,2,0,1,4,91,93,86,84,16,2,12,0,0,3,0,0,3,0,31,1,0,18,0
1,8,0,238,238,12,https://resultados2019.blob.core.windows.net/201901/118354.jpg,OK,0,6,SAN MARCOS,CONCEPCIÓN TUTUAPA,11835,CORPORACIÓN MUNICIPAL,6,2,2,0,1,4,84,84,70,70,5,2,16,0,5,1,2,0,3,0,13,1,4,17,1
1,11,0,380,380,12,https://resultados2019.blob.core.windows.net/201901/118224.jpg,OK,0,6,SAN MARCOS,CONCEPCIÓN TUTUAPA,11822,CORPORACIÓN MUNICIPAL,16,2,2,0,1,4,226,226,199,199,41,3,27,1,8,13,1,0,3,1,71,4,1,24,1
1,5,0,400,400,12,https://resultados2019.blob.core.windows.net/201901/117824.jpg,OK,0,6,SAN MARCOS,CONCEPCIÓN TUTUAPA,11782,CORPORACIÓN MUNICIPAL,9,2,2,0,1,4,210,210,196,196,70,9,28,1,15,3,6,1,12,4,38,0,1,5,3
0,12,0,380,380,12,https://resultados2019.blob.core.windows.net/201901/118034.jpg,OK,3,6,SAN MARCOS,CONCEPCIÓN TUTUAPA,11803,CORPORACIÓN MUNICIPAL,22,2,1,0,1,4,0,235,201,201,32,11,23,2,15,6,2,2,8,2,43,1,0,54,0
1,18,0,380,380,12,https://resultados2019.blob.core.windows.net/201901/118324.jpg,OK,0,6,SAN MARCOS,CONCEPCIÓN TUTUAPA,11832,CORPORACIÓN MUNICIPAL,31,2,2,0,1,4,241,241,192,192,20,3,74,2,12,7,3,3,4,2,31,1,3,26,1
1,6,0,206,206,12,https://resultados2019.blob.core.windows.net/201901/118604.jpg,OK,0,6,SAN MARCOS,CONCEPCIÓN TUTUAPA,11860,CORPORACIÓN MUNICIPAL,1,2,2,0,1,4,104,104,97,97,33,3,10,0,32,2,0,0,2,1,10,0,0,4,0
1,3,0,525,526,12,https://resultados2019.blob.core.windows.net/201901/118634.jpg,OK,0,6,SAN MARCOS,CONCEPCIÓN TUTUAPA,11863,CORPORACIÓN MUNICIPAL,8,2,2,0,1,4,109,109,98,98,30,12,11,0,10,3,8,1,1,2,13,1,2,3,1
1,1,0,194,194,12,https://resultados2019.blob.core.windows.net/201901/118454.jpg,OK,0,6,SAN MARCOS,CONCEPCIÓN TUTUAPA,11845,CORPORACIÓN MUNICIPAL,2,2,2,0,1,4,111,111,108,108,57,1,16,0,2,1,0,0,3,0,23,0,1,4,0
1,19,0,380,380,12,https://resultados2019.blob.core.windows.net/201901/118284.jpg,OK,0,6,SAN MARCOS,CONCEPCIÓN TUTUAPA,11828,CORPORACIÓN MUNICIPAL,21,2,2,0,1,4,206,206,166,166,51,23,15,1,8,31,0,1,0,0,28,0,4,3,1
0,16,0,380,380,12,https://resultados2019.blob.core.windows.net/201901/117944.jpg,OK,0,6,SAN MARCOS,CONCEPCIÓN TUTUAPA,11794,CORPORACIÓN MUNICIPAL,34,2,2,0,1,4,0,203,153,153,26,55,11,0,4,3,6,0,7,0,29,1,0,5,6
1,9,0,380,380,12,https://resultados2019.blob.core.windows.net/201901/118184.jpg,OK,0,6,SAN MARCOS,CONCEPCIÓN TUTUAPA,11818,CORPORACIÓN MUNICIPAL,24,2,2,0,1,4,208,208,175,175,28,8,12,2,7,15,1,0,9,2,50,7,0,32,2
1,29,0,380,380,12,https://resultados2019.blob.core.windows.net/201901/117934.jpg,OK,0,6,SAN MARCOS,CONCEPCIÓN TUTUAPA,11793,CORPORACIÓN MUNICIPAL,22,2,2,0,1,4,177,177,126,126,14,50,11,1,7,5,3,0,1,1,21,2,2,3,5
1,19,0,337,337,12,https://resultados2019.blob.core.windows.net/201901/118064.jpg,OK,0,6,SAN MARCOS,CONCEPCIÓN TUTUAPA,11806,CORPORACIÓN MUNICIPAL,11,2,2,0,1,4,162,162,132,132,22,8,13,0,6,8,2,0,6,1,21,2,1,42,0
1,5,0,259,259,12,https://resultados2019.blob.core.windows.net/201901/117994.jpg,OK,0,6,SAN MARCOS,CONCEPCIÓN TUTUAPA,11799,CORPORACIÓN MUNICIPAL,7,2,2,0,1,4,117,117,105,105,19,47,13,0,2,1,1,0,3,0,18,0,0,1,0
0,0,0,380,380,12,https://resultados2019.blob.core.windows.net/201901/118374.jpg,OK,0,6,SAN MARCOS,CONCEPCIÓN TUTUAPA,11837,CORPORACIÓN MUNICIPAL,0,2,2,0,1,4,0,200,200,0,29,13,10,2,12,22,11,2,5,1,56,5,1,29,2
1,17,0,380,380,12,https://resultados2019.blob.core.windows.net/201901/118014.jpg,OK,0,6,SAN MARCOS,CONCEPCIÓN TUTUAPA,11801,CORPORACIÓN MUNICIPAL,22,2,1,0,1,4,219,219,180,180,27,0,20,0,9,11,3,0,4,1,40,2,0,62,1
1,11,0,295,295,12,https://resultados2019.blob.core.windows.net/201901/118384.jpg,OK,0,6,SAN MARCOS,CONCEPCIÓN TUTUAPA,11838,CORPORACIÓN MUNICIPAL,11,2,2,0,1,4,162,162,140,140,24,4,11,0,13,30,4,1,5,0,30,0,1,15,2
1,3,0,206,206,12,https://resultados2019.blob.core.windows.net/201901/118504.jpg,OK,0,6,SAN MARCOS,CONCEPCIÓN TUTUAPA,11850,CORPORACIÓN MUNICIPAL,2,2,2,0,1,4,90,90,85,85,29,7,23,0,2,4,2,0,1,0,9,0,3,2,3
1,11,0,380,380,12,https://resultados2019.blob.core.windows.net/201901/118524.jpg,OK,0,6,SAN MARCOS,CONCEPCIÓN TUTUAPA,11852,CORPORACIÓN MUNICIPAL,26,2,2,0,1,4,239,239,202,202,51,12,25,3,36,4,8,0,2,0,36,2,1,20,2
1,13,0,380,380,12,https://resultados2019.blob.core.windows.net/201901/118124.jpg,OK,0,6,SAN MARCOS,CONCEPCIÓN TUTUAPA,11812,CORPORACIÓN MUNICIPAL,35,2,2,0,1,4,240,240,192,192,48,4,68,0,12,16,11,1,3,0,18,3,0,6,2
1,25,0,380,380,12,https://resultados2019.blob.core.windows.net/201901/118484.jpg,OK,0,6,SAN MARCOS,CONCEPCIÓN TUTUAPA,11848,CORPORACIÓN MUNICIPAL,15,2,2,0,1,4,206,206,166,166,55,8,32,1,5,12,2,0,6,4,19,0,15,2,5
1,6,0,323,323,12,https://resultados2019.blob.core.windows.net/201901/118164.jpg,OK,0,6,SAN MARCOS,CONCEPCIÓN TUTUAPA,11816,CORPORACIÓN MUNICIPAL,13,2,2,0,1,4,150,150,131,131,40,7,44,0,4,12,3,1,1,0,15,0,1,3,0
1,8,0,400,400,12,https://resultados2019.blob.core.windows.net/201901/117834.jpg,OK,0,6,SAN MARCOS,CONCEPCIÓN TUTUAPA,11783,CORPORACIÓN MUNICIPAL,11,2,2,0,1,4,230,230,211,211,65,13,38,4,17,6,2,1,7,4,40,1,5,5,3
1,15,0,380,380,12,https://resultados2019.blob.core.windows.net/201901/118554.jpg,OK,0,6,SAN MARCOS,CONCEPCIÓN TUTUAPA,11855,CORPORACIÓN MUNICIPAL,14,2,2,0,1,4,210,210,181,181,51,9,24,2,44,2,7,3,3,2,26,1,2,5,0
0,12,0,400,400,12,https://resultados2019.blob.core.windows.net/201901/117814.jpg,OK,0,6,SAN MARCOS,CONCEPCIÓN TUTUAPA,11781,CORPORACIÓN MUNICIPAL,4,2,2,0,1,4,275,270,254,259,73,31,50,2,11,5,4,1,7,5,49,2,1,7,6
1,19,0,380,380,12,https://resultados2019.blob.core.windows.net/201901/118214.jpg,OK,0,6,SAN MARCOS,CONCEPCIÓN TUTUAPA,11821,CORPORACIÓN MUNICIPAL,32,2,2,0,1,4,239,239,188,188,43,8,23,1,4,14,3,0,3,0,44,5,3,34,3
0,16,0,380,380,12,https://resultados2019.blob.core.windows.net/201901/118114.jpg,OK,0,6,SAN MARCOS,CONCEPCIÓN TUTUAPA,11811,CORPORACIÓN MUNICIPAL,31,2,2,0,1,4,247,242,195,200,51,4,75,1,11,20,9,0,1,1,10,2,0,9,1
1,18,0,380,380,12,https://resultados2019.blob.core.windows.net/201901/118574.jpg,OK,0,6,SAN MARCOS,CONCEPCIÓN TUTUAPA,11857,CORPORACIÓN MUNICIPAL,17,2,2,0,1,4,229,229,194,194,57,17,23,0,46,2,4,1,3,3,23,3,4,7,1
1,10,0,380,380,12,https://resultados2019.blob.core.windows.net/201901/118434.jpg,OK,0,6,SAN MARCOS,CONCEPCIÓN TUTUAPA,11843,CORPORACIÓN MUNICIPAL,10,2,2,0,1,4,185,185,165,165,83,2,20,2,9,5,3,0,6,1,26,0,4,3,1
1,27,0,600,597,12,https://resultados2019.blob.core.windows.net/201901/118614.jpg,OK,0,6,SAN MARCOS,CONCEPCIÓN TUTUAPA,11861,CORPORACIÓN MUNICIPAL,20,2,2,0,1,4,223,223,176,176,49,12,33,0,10,9,4,1,3,1,28,2,6,15,3
1,11,0,380,380,12,https://resultados2019.blob.core.windows.net/201901/117904.jpg,OK,0,6,SAN MARCOS,CONCEPCIÓN TUTUAPA,11790,CORPORACIÓN MUNICIPAL,29,2,2,0,1,4,220,220,180,180,28,15,30,0,48,3,4,2,4,2,33,3,1,7,0
1,16,0,380,0,12,https://resultados2019.blob.core.windows.net/201901/118404.jpg,OK,0,6,SAN MARCOS,CONCEPCIÓN TUTUAPA,11840,CORPORACIÓN MUNICIPAL,31,2,2,0,1,4,253,253,206,206,104,2,39,0,4,3,1,0,3,0,40,2,2,3,3
0,8,0,380,380,12,https://resultados2019.blob.core.windows.net/201901/118194.jpg,OK,0,6,SAN MARCOS,CONCEPCIÓN TUTUAPA,11819,CORPORACIÓN MUNICIPAL,20,2,2,0,1,4,231,230,202,201,34,3,14,0,5,16,2,2,6,0,67,8,1,42,2
1,7,0,206,203,12,https://resultados2019.blob.core.windows.net/201901/118514.jpg,OK,0,6,SAN MARCOS,CONCEPCIÓN TUTUAPA,11851,CORPORACIÓN MUNICIPAL,7,2,2,0,1,4,90,90,76,76,27,3,21,2,4,0,1,1,1,0,5,0,5,2,4
1,3,0,334,334,12,https://resultados2019.blob.core.windows.net/201901/117914.jpg,OK,0,6,SAN MARCOS,CONCEPCIÓN TUTUAPA,11791,CORPORACIÓN MUNICIPAL,29,2,2,0,1,4,186,186,154,154,32,26,33,3,22,2,7,0,2,0,23,0,1,2,1
1,11,1,380,380,12,https://resultados2019.blob.core.windows.net/201901/118044.jpg,OK,0,6,SAN MARCOS,CONCEPCIÓN TUTUAPA,11804,CORPORACIÓN MUNICIPAL,19,2,2,0,1,4,179,179,149,149,32,5,9,1,2,3,2,0,1,0,20,0,1,73,0
1,17,0,380,380,12,https://resultados2019.blob.core.windows.net/201901/117964.jpg,OK,0,6,SAN MARCOS,CONCEPCIÓN TUTUAPA,11796,CORPORACIÓN MUNICIPAL,14,2,2,0,1,4,164,164,133,133,15,49,28,0,5,2,2,0,1,0,26,1,1,2,1
1,13,0,380,0,12,https://resultados2019.blob.core.windows.net/201901/118414.jpg,OK,0,6,SAN MARCOS,CONCEPCIÓN TUTUAPA,11841,CORPORACIÓN MUNICIPAL,28,2,2,0,1,4,260,260,219,219,100,3,48,0,8,5,0,0,7,0,46,0,1,1,0
1,9,0,260,260,12,https://resultados2019.blob.core.windows.net/201901/117984.jpg,OK,0,6,SAN MARCOS,CONCEPCIÓN TUTUAPA,11798,CORPORACIÓN MUNICIPAL,11,2,2,0,1,4,111,111,91,91,8,39,16,1,3,1,2,1,2,0,15,1,0,1,1
1,14,0,380,384,12,https://resultados2019.blob.core.windows.net/201901/118204.jpg,OK,0,6,SAN MARCOS,CONCEPCIÓN TUTUAPA,11820,CORPORACIÓN MUNICIPAL,13,2,2,0,1,4,233,233,206,206,31,6,25,0,6,0,4,0,3,0,79,6,13,27,6
1,7,0,334,334,12,https://resultados2019.blob.core.windows.net/201901/117924.jpg,OK,0,6,SAN MARCOS,CONCEPCIÓN TUTUAPA,11792,CORPORACIÓN MUNICIPAL,5,2,2,0,1,4,139,139,127,127,35,17,15,0,27,1,3,1,2,0,19,0,4,1,2
1,8,0,380,380,12,https://resultados2019.blob.core.windows.net/201901/118234.jpg,OK,0,6,SAN MARCOS,CONCEPCIÓN TUTUAPA,11823,CORPORACIÓN MUNICIPAL,4,2,2,0,1,4,149,149,137,137,38,4,15,2,4,8,2,0,5,0,33,1,0,24,1
1,10,0,526,526,12,https://resultados2019.blob.core.windows.net/201901/118624.jpg,OK,0,6,SAN MARCOS,CONCEPCIÓN TUTUAPA,11862,CORPORACIÓN MUNICIPAL,17,2,2,0,1,4,176,176,149,149,43,11,18,2,17,11,4,1,7,2,20,1,2,8,2
1,11,0,380,380,12,https://resultados2019.blob.core.windows.net/201901/118364.jpg,OK,0,6,SAN MARCOS,CONCEPCIÓN TUTUAPA,11836,CORPORACIÓN MUNICIPAL,30,2,2,0,1,4,243,243,202,202,30,20,9,1,8,49,11,0,10,0,46,3,1,10,4
1,17,0,380,380,12,https://resultados2019.blob.core.windows.net/201901/118004.jpg,OK,0,6,SAN MARCOS,CONCEPCIÓN TUTUAPA,11800,CORPORACIÓN MUNICIPAL,24,2,2,0,1,4,229,229,188,188,42,7,20,0,7,6,4,0,7,5,30,2,2,55,1
1,8,0,400,400,12,https://resultados2019.blob.core.windows.net/201901/117844.jpg,OK,0,6,SAN MARCOS,CONCEPCIÓN TUTUAPA,11784,CORPORACIÓN MUNICIPAL,10,2,2,0,1,4,236,236,218,218,72,13,42,4,21,3,1,0,5,3,42,2,0,8,2
1,25,0,380,380,12,https://resultados2019.blob.core.windows.net/201901/118104.jpg,OK,0,6,SAN MARCOS,CONCEPCIÓN TUTUAPA,11810,CORPORACIÓN MUNICIPAL,35,2,2,0,1,4,231,231,171,171,52,4,55,0,12,13,2,0,5,0,18,0,0,10,0
1,2,0,363,363,12,https://resultados2019.blob.core.windows.net/201901/117854.jpg,OK,0,6,SAN MARCOS,CONCEPCIÓN TUTUAPA,11785,CORPORACIÓN MUNICIPAL,7,2,2,0,1,4,186,186,177,177,66,10,37,0,9,5,1,4,6,4,27,0,4,2,2
1,17,0,380,380,12,https://resultados2019.blob.core.windows.net/201901/118474.jpg,OK,0,6,SAN MARCOS,CONCEPCIÓN TUTUAPA,11847,CORPORACIÓN MUNICIPAL,39,2,2,0,1,4,216,216,160,160,30,6,45,0,17,4,4,2,5,4,23,0,6,6,8
1,7,0,380,380,12,https://resultados2019.blob.core.windows.net/201901/118144.jpg,OK,183,6,SAN MARCOS,CONCEPCIÓN TUTUAPA,11814,CORPORACIÓN MUNICIPAL,19,2,2,0,1,4,197,197,171,171,38,15,63,0,8,13,5,0,3,0,17,0,2,6,1
1,15,0,380,380,12,https://resultados2019.blob.core.windows.net/201901/118534.jpg,OK,0,6,SAN MARCOS,CONCEPCIÓN TUTUAPA,11853,CORPORACIÓN MUNICIPAL,21,2,2,0,1,4,222,222,186,186,64,3,28,1,23,5,1,0,5,0,26,1,2,23,4
1,14,0,380,380,12,https://resultados2019.blob.core.windows.net/201901/118084.jpg,OK,0,6,SAN MARCOS,CONCEPCIÓN TUTUAPA,11808,CORPORACIÓN MUNICIPAL,31,2,2,0,1,4,212,212,167,167,28,26,40,1,7,26,8,0,3,1,16,0,5,5,1
1,14,0,380,380,12,https://resultados2019.blob.core.windows.net/201901/118464.jpg,OK,0,6,SAN MARCOS,CONCEPCIÓN TUTUAPA,11846,CORPORACIÓN MUNICIPAL,23,2,2,0,1,4,186,186,149,149,30,8,45,1,6,8,6,1,7,0,15,0,5,6,11
1,19,0,380,380,12,https://resultados2019.blob.core.windows.net/201901/118334.jpg,OK,0,6,SAN MARCOS,CONCEPCIÓN TUTUAPA,11833,CORPORACIÓN MUNICIPAL,23,2,2,0,1,4,200,200,158,158,13,3,35,4,9,5,1,2,3,0,36,3,9,33,2
1,22,0,380,380,12,https://resultados2019.blob.core.windows.net/201901/117894.jpg,OK,0,6,SAN MARCOS,CONCEPCIÓN TUTUAPA,11789,CORPORACIÓN MUNICIPAL,45,2,2,0,1,4,264,264,197,197,37,10,45,1,49,1,5,2,1,2,34,0,3,5,2
1,10,0,380,380,12,https://resultados2019.blob.core.windows.net/201901/118134.jpg,OK,0,6,SAN MARCOS,CONCEPCIÓN TUTUAPA,11813,CORPORACIÓN MUNICIPAL,10,2,2,0,1,4,171,171,151,151,39,6,66,0,2,12,4,0,2,0,13,0,1,5,1
