ACTACUADRA,BLANCOS,CNTIMPUGNA,CNTINSCRITOS,CNTPAPELETAS,DEP,IMGSRC,IMGSTATUS,INVALIDOS,MUN,NDEP,NMUN,NROMESA,NTE,NULOS,STACTA,STESCAN,STFISIC,STTRANS,TIPOELECCION,TOTALACTA,TOTALVOTOS,VOTOSVALIDOS,VOTOSVALIDOSACTA,voto_BIEN,voto_CONVERGENCIA,voto_CREO,voto_FUERZA,voto_LIBRE,voto_PHG,voto_UCN,voto_UNE,voto_UNIDOS,voto_VAMOS,voto_VIVA,voto_WINAQ-URNG
1,4,0,242,242,12,https://resultados2019.blob.core.windows.net/201901/119834.jpg,OK,0,8,SAN MARCOS,SIBINAL,11983,CORPORACIÓN MUNICIPAL,11,2,2,0,1,4,186,186,171,171,85,2,18,18,7,10,1,8,3,2,1,16
1,0,0,394,394,12,https://resultados2019.blob.core.windows.net/201901/119784.jpg,OK,0,8,SAN MARCOS,SIBINAL,11978,CORPORACIÓN MUNICIPAL,5,2,2,0,1,4,278,278,273,273,97,4,21,6,9,55,0,50,0,5,1,25
1,4,0,400,400,12,https://resultados2019.blob.core.windows.net/201901/119744.jpg,OK,0,8,SAN MARCOS,SIBINAL,11974,CORPORACIÓN MUNICIPAL,3,2,2,0,1,4,265,265,258,258,49,6,29,10,9,57,0,35,0,9,3,51
1,5,0,348,348,12,https://resultados2019.blob.core.windows.net/201901/119814.jpg,OK,0,8,SAN MARCOS,SIBINAL,11981,CORPORACIÓN MUNICIPAL,3,2,2,0,1,4,217,217,209,209,12,123,3,3,9,12,0,6,3,3,2,33
1,0,0,400,400,12,https://resultados2019.blob.core.windows.net/201901/119734.jpg,OK,0,8,SAN MARCOS,SIBINAL,11973,CORPORACIÓN MUNICIPAL,0,2,2,0,1,4,216,216,216,216,54,4,13,3,12,43,2,39,1,7,1,37
1,6,0,400,400,12,https://resultados2019.blob.core.windows.net/201901/119754.jpg,OK,0,8,SAN MARCOS,SIBINAL,11975,CORPORACIÓN MUNICIPAL,9,2,2,0,1,4,256,256,241,241,61,6,23,6,13,55,2,26,0,7,1,41
1,8,0,400,400,12,https://resultados2019.blob.core.windows.net/201901/119704.jpg,OK,0,8,SAN MARCOS,SIBINAL,11970,CORPORACIÓN MUNICIPAL,7,2,2,0,1,4,328,328,313,313,84,4,25,9,6,70,0,53,1,8,2,51
1,10,0,400,400,12,https://resultados2019.blob.core.windows.net/201901/119724.jpg,OK,0,8,SAN MARCOS,SIBINAL,11972,CORPORACIÓN MUNICIPAL,2,2,2,0,1,4,308,308,296,296,62,0,34,18,13,88,1,20,1,26,0,33
1,11,1,400,400,12,https://resultados2019.blob.core.windows.net/201901/119664.jpg,OK,0,8,SAN MARCOS,SIBINAL,11966,CORPORACIÓN MUNICIPAL,11,2,2,0,1,4,306,306,284,284,90,5,17,3,10,56,1,38,0,5,1,58
1,7,0,347,347,12,https://resultados2019.blob.core.windows.net/201901/119824.jpg,OK,0,8,SAN MARCOS,SIBINAL,11982,CORPORACIÓN MUNICIPAL,3,2,2,0,1,4,201,201,191,191,9,115,8,4,3,15,0,6,0,1,1,29
1,6,0,400,400,12,https://resultados2019.blob.core.windows.net/201901/119674.jpg,OK,0,8,SAN MARCOS,SIBINAL,11967,CORPORACIÓN MUNICIPAL,11,2,2,0,1,4,326,326,309,309,75,5,15,7,11,46,2,89,3,6,0,50
1,8,0,380,380,12,https://resultados2019.blob.core.windows.net/201901/119794.jpg,OK,0,8,SAN MARCOS,SIBINAL,11979,CORPORACIÓN MUNICIPAL,11,2,2,0,1,4,282,282,263,263,31,144,9,1,7,27,1,17,1,0,0,25
1,7,0,400,400,12,https://resultados2019.blob.core.windows.net/201901/119764.jpg,OK,0,8,SAN MARCOS,SIBINAL,11976,CORPORACIÓN MUNICIPAL,2,2,2,0,1,4,237,237,228,228,49,5,19,5,8,64,0,28,1,7,0,42
1,10,0,380,380,12,https://resultados2019.blob.core.windows.net/201901/119804.jpg,OK,0,8,SAN MARCOS,SIBINAL,11980,CORPORACIÓN MUNICIPAL,4,2,2,0,1,4,298,298,284,284,15,185,14,3,4,20,1,8,0,2,0,32
1,16,0,400,400,12,https://resultados2019.blob.core.windows.net/201901/119694.jpg,OK,0,8,SAN MARCOS,SIBINAL,11969,CORPORACIÓN MUNICIPAL,4,2,2,0,1,4,327,327,307,307,144,5,6,6,2,66,2,18,4,6,4,44
1,4,0,400,400,12,https://resultados2019.blob.core.windows.net/201901/119644.jpg,OK,0,8,SAN MARCOS,SIBINAL,11964,CORPORACIÓN MUNICIPAL,4,2,2,0,1,4,276,276,268,268,59,13,25,7,12,39,2,44,2,5,1,59
1,2,0,394,394,12,https://resultados2019.blob.core.windows.net/201901/119774.jpg,OK,0,8,SAN MARCOS,SIBINAL,11977,CORPORACIÓN MUNICIPAL,1,2,2,0,1,4,283,283,280,280,73,6,23,5,11,64,1,41,0,7,0,49
1,6,0,400,400,12,https://resultados2019.blob.core.windows.net/201901/119654.jpg,OK,0,8,SAN MARCOS,SIBINAL,11965,CORPORACIÓN MUNICIPAL,17,2,2,0,1,4,282,282,259,259,57,7,21,6,17,42,2,45,1,5,2,54
1,4,0,241,241,12,https://resultados2019.blob.core.windows.net/201901/119844.jpg,OK,0,8,SAN MARCOS,SIBINAL,11984,CORPORACIÓN MUNICIPAL,3,2,2,0,1,4,148,148,141,141,69,2,24,17,9,7,0,2,0,5,1,5
1,2,0,453,452,12,https://resultados2019.blob.core.windows.net/201901/119854.jpg,OK,0,8,SAN MARCOS,SIBINAL,11985,CORPORACIÓN MUNICIPAL,6,2,2,0,1,4,187,187,179,179,29,15,13,3,6,47,0,30,0,2,1,33
1,15,0,400,400,12,https://resultados2019.blob.core.windows.net/201901/119714.jpg,OK,0,8,SAN MARCOS,SIBINAL,11971,CORPORACIÓN MUNICIPAL,7,2,2,0,1,4,318,318,296,296,34,3,62,12,7,59,1,58,0,2,4,54
1,4,0,400,400,12,https://resultados2019.blob.core.windows.net/201901/119684.jpg,OK,0,8,SAN MARCOS,SIBINAL,11968,CORPORACIÓN MUNICIPAL,7,2,2,0,1,4,295,295,284,284,75,5,18,5,5,42,1,53,0,12,0,68
