ACTACUADRA,BLANCOS,CNTIMPUGNA,CNTINSCRITOS,CNTPAPELETAS,DEP,IMGSRC,IMGSTATUS,INVALIDOS,MUN,NDEP,NMUN,NROMESA,NTE,NULOS,STACTA,STESCAN,STFISIC,STTRANS,TIPOELECCION,TOTALACTA,TOTALVOTOS,VOTOSVALIDOS,VOTOSVALIDOSACTA,voto_FCN-NACION,voto_LIBRE,voto_UCN,voto_UNE,voto_UNIONISTA,voto_URNG_MAIZ,voto_WINAQ
1,2,0,376,376,13,https://resultados2019.blob.core.windows.net/201901/139194.jpg,OK,0,18,HUEHUETENANGO,SAN MATEO IXTATÁN,13919,CORPORACIÓN MUNICIPAL,2,2,2,0,1,4,266,266,262,262,8,4,31,53,0,87,79
1,5,0,380,379,13,https://resultados2019.blob.core.windows.net/201901/139574.jpg,OK,0,18,HUEHUETENANGO,SAN MATEO IXTATÁN,13957,CORPORACIÓN MUNICIPAL,5,2,2,0,1,4,295,295,285,285,0,2,90,4,0,2,187
1,10,0,400,400,13,https://resultados2019.blob.core.windows.net/201901/139334.jpg,OK,0,18,HUEHUETENANGO,SAN MATEO IXTATÁN,13933,CORPORACIÓN MUNICIPAL,4,2,2,0,1,4,213,213,199,199,2,16,82,0,2,3,94
1,5,0,400,400,13,https://resultados2019.blob.core.windows.net/201901/139164.jpg,OK,0,18,HUEHUETENANGO,SAN MATEO IXTATÁN,13916,CORPORACIÓN MUNICIPAL,4,2,2,0,1,4,242,242,233,233,9,0,42,49,1,56,76
1,0,0,384,384,13,https://resultados2019.blob.core.windows.net/201901/139294.jpg,OK,1,18,HUEHUETENANGO,SAN MATEO IXTATÁN,13929,CORPORACIÓN MUNICIPAL,1,2,2,0,1,4,244,244,243,243,4,6,78,69,0,46,40
1,2,0,400,400,13,https://resultados2019.blob.core.windows.net/201901/139484.jpg,OK,0,18,HUEHUETENANGO,SAN MATEO IXTATÁN,13948,CORPORACIÓN MUNICIPAL,7,2,2,0,1,4,256,256,247,247,0,91,135,9,0,8,4
1,5,0,400,400,13,https://resultados2019.blob.core.windows.net/201901/139474.jpg,OK,0,18,HUEHUETENANGO,SAN MATEO IXTATÁN,13947,CORPORACIÓN MUNICIPAL,4,2,2,0,1,4,246,246,237,237,3,84,127,12,1,3,7
1,9,0,400,400,13,https://resultados2019.blob.core.windows.net/201901/139304.jpg,OK,0,18,HUEHUETENANGO,SAN MATEO IXTATÁN,13930,CORPORACIÓN MUNICIPAL,8,2,2,0,1,4,258,258,241,241,0,26,83,6,2,4,120
1,4,0,380,378,13,https://resultados2019.blob.core.windows.net/201901/139594.jpg,OK,0,18,HUEHUETENANGO,SAN MATEO IXTATÁN,13959,CORPORACIÓN MUNICIPAL,3,2,2,0,1,4,277,277,270,270,0,9,111,3,2,3,142
1,3,0,364,364,13,https://resultados2019.blob.core.windows.net/201901/139544.jpg,OK,0,18,HUEHUETENANGO,SAN MATEO IXTATÁN,13954,CORPORACIÓN MUNICIPAL,5,2,2,0,1,4,125,125,117,117,2,6,58,15,1,4,31
0,7,0,400,397,13,https://resultados2019.blob.core.windows.net/201901/139114.jpg,OK,9,18,HUEHUETENANGO,SAN MATEO IXTATÁN,13911,CORPORACIÓN MUNICIPAL,2,2,2,0,1,4,315,324,315,315,10,4,21,45,1,106,128
1,5,0,400,400,13,https://resultados2019.blob.core.windows.net/201901/139124.jpg,OK,0,18,HUEHUETENANGO,SAN MATEO IXTATÁN,13912,CORPORACIÓN MUNICIPAL,6,2,2,0,1,4,307,307,296,296,15,2,25,77,2,69,106
1,8,0,400,398,13,https://resultados2019.blob.core.windows.net/201901/139314.jpg,OK,0,18,HUEHUETENANGO,SAN MATEO IXTATÁN,13931,CORPORACIÓN MUNICIPAL,9,2,2,0,1,4,239,239,222,222,2,25,94,5,4,4,88
1,0,0,400,400,13,https://resultados2019.blob.core.windows.net/201901/139264.jpg,OK,0,18,HUEHUETENANGO,SAN MATEO IXTATÁN,13926,CORPORACIÓN MUNICIPAL,6,2,2,0,1,4,218,218,212,212,4,5,93,44,0,33,33
1,2,0,400,400,13,https://resultados2019.blob.core.windows.net/201901/139134.jpg,OK,0,18,HUEHUETENANGO,SAN MATEO IXTATÁN,13913,CORPORACIÓN MUNICIPAL,4,2,2,0,1,4,303,303,297,297,12,2,17,88,0,67,111
1,4,0,400,400,13,https://resultados2019.blob.core.windows.net/201901/139454.jpg,OK,0,18,HUEHUETENANGO,SAN MATEO IXTATÁN,13945,CORPORACIÓN MUNICIPAL,1,2,1,0,1,4,266,266,261,261,4,94,146,10,2,2,3
1,8,0,400,399,13,https://resultados2019.blob.core.windows.net/201901/139324.jpg,OK,0,18,HUEHUETENANGO,SAN MATEO IXTATÁN,13932,CORPORACIÓN MUNICIPAL,3,2,2,0,1,4,207,207,196,196,1,8,65,8,1,1,112
1,6,0,400,397,13,https://resultados2019.blob.core.windows.net/201901/139354.jpg,OK,0,18,HUEHUETENANGO,SAN MATEO IXTATÁN,13935,CORPORACIÓN MUNICIPAL,3,2,2,0,1,4,236,236,227,227,1,21,75,6,0,5,119
1,5,0,400,400,13,https://resultados2019.blob.core.windows.net/201901/139174.jpg,OK,0,18,HUEHUETENANGO,SAN MATEO IXTATÁN,13917,CORPORACIÓN MUNICIPAL,4,2,2,0,1,4,280,280,271,271,13,4,38,55,2,81,78
1,5,0,370,370,13,https://resultados2019.blob.core.windows.net/201901/139424.jpg,OK,0,18,HUEHUETENANGO,SAN MATEO IXTATÁN,13942,CORPORACIÓN MUNICIPAL,5,2,1,0,1,4,264,264,254,254,0,2,160,1,2,3,86
1,6,0,400,400,13,https://resultados2019.blob.core.windows.net/201901/139204.jpg,OK,165,18,HUEHUETENANGO,SAN MATEO IXTATÁN,13920,CORPORACIÓN MUNICIPAL,9,2,2,0,1,4,232,232,217,217,12,2,86,75,2,16,24
1,4,0,380,380,13,https://resultados2019.blob.core.windows.net/201901/139564.jpg,OK,0,18,HUEHUETENANGO,SAN MATEO IXTATÁN,13956,CORPORACIÓN MUNICIPAL,4,2,2,0,1,4,310,310,302,302,0,1,118,1,1,2,179
1,7,0,400,400,13,https://resultados2019.blob.core.windows.net/201901/139244.jpg,OK,0,18,HUEHUETENANGO,SAN MATEO IXTATÁN,13924,CORPORACIÓN MUNICIPAL,10,2,2,0,1,4,282,282,265,265,7,2,46,72,0,64,74
1,6,0,400,400,13,https://resultados2019.blob.core.windows.net/201901/139444.jpg,OK,0,18,HUEHUETENANGO,SAN MATEO IXTATÁN,13944,CORPORACIÓN MUNICIPAL,8,2,2,0,1,4,249,249,235,235,3,98,117,8,1,4,4
1,5,0,368,367,13,https://resultados2019.blob.core.windows.net/201901/139494.jpg,OK,0,18,HUEHUETENANGO,SAN MATEO IXTATÁN,13949,CORPORACIÓN MUNICIPAL,6,2,1,0,1,4,251,251,240,240,0,94,135,6,0,1,4
1,5,0,400,400,13,https://resultados2019.blob.core.windows.net/201901/139104.jpg,OK,0,18,HUEHUETENANGO,SAN MATEO IXTATÁN,13910,CORPORACIÓN MUNICIPAL,11,2,2,0,1,4,302,302,286,286,8,10,29,55,1,101,82
1,4,0,333,333,13,https://resultados2019.blob.core.windows.net/201901/139644.jpg,OK,0,18,HUEHUETENANGO,SAN MATEO IXTATÁN,13964,CORPORACIÓN MUNICIPAL,6,2,2,0,1,4,82,82,72,72,4,5,19,14,0,9,21
1,5,0,400,400,13,https://resultados2019.blob.core.windows.net/201901/139254.jpg,OK,0,18,HUEHUETENANGO,SAN MATEO IXTATÁN,13925,CORPORACIÓN MUNICIPAL,5,2,2,0,1,4,229,229,219,219,9,6,59,81,0,30,34
1,5,0,400,400,13,https://resultados2019.blob.core.windows.net/201901/139154.jpg,OK,0,18,HUEHUETENANGO,SAN MATEO IXTATÁN,13915,CORPORACIÓN MUNICIPAL,3,2,2,0,1,4,260,260,252,252,7,3,46,60,0,67,69
1,4,0,380,385,13,https://resultados2019.blob.core.windows.net/201901/139414.jpg,OK,0,18,HUEHUETENANGO,SAN MATEO IXTATÁN,13941,CORPORACIÓN MUNICIPAL,4,2,1,0,1,4,255,255,247,247,3,2,142,6,1,1,92
1,1,0,369,369,13,https://resultados2019.blob.core.windows.net/201901/139434.jpg,OK,0,18,HUEHUETENANGO,SAN MATEO IXTATÁN,13943,CORPORACIÓN MUNICIPAL,2,2,2,0,1,4,265,265,262,262,0,1,155,2,0,4,100
1,3,0,380,377,13,https://resultados2019.blob.core.windows.net/201901/139614.jpg,OK,0,18,HUEHUETENANGO,SAN MATEO IXTATÁN,13961,CORPORACIÓN MUNICIPAL,3,2,2,0,1,4,292,292,286,286,0,2,85,3,0,1,195
1,0,0,400,400,13,https://resultados2019.blob.core.windows.net/201901/139144.jpg,OK,0,18,HUEHUETENANGO,SAN MATEO IXTATÁN,13914,CORPORACIÓN MUNICIPAL,3,2,2,0,1,4,240,240,237,237,2,3,39,73,0,60,60
1,8,0,400,400,13,https://resultados2019.blob.core.windows.net/201901/139214.jpg,OK,1,18,HUEHUETENANGO,SAN MATEO IXTATÁN,13921,CORPORACIÓN MUNICIPAL,0,2,2,0,1,4,255,255,247,247,6,3,154,45,2,13,24
1,3,0,400,400,13,https://resultados2019.blob.core.windows.net/201901/139344.jpg,OK,0,18,HUEHUETENANGO,SAN MATEO IXTATÁN,13934,CORPORACIÓN MUNICIPAL,5,2,2,0,1,4,245,245,237,237,3,19,83,5,2,2,123
1,4,0,222,222,13,https://resultados2019.blob.core.windows.net/201901/139374.jpg,OK,0,18,HUEHUETENANGO,SAN MATEO IXTATÁN,13937,CORPORACIÓN MUNICIPAL,3,2,2,0,1,4,142,142,135,135,3,7,42,4,1,2,76
1,1,0,400,403,13,https://resultados2019.blob.core.windows.net/201901/139514.jpg,OK,12,18,HUEHUETENANGO,SAN MATEO IXTATÁN,13951,CORPORACIÓN MUNICIPAL,11,2,2,0,1,4,126,126,114,114,1,4,59,10,0,2,38
1,3,0,380,380,13,https://resultados2019.blob.core.windows.net/201901/139604.jpg,OK,0,18,HUEHUETENANGO,SAN MATEO IXTATÁN,13960,CORPORACIÓN MUNICIPAL,4,2,2,0,1,4,280,280,273,273,0,1,125,2,0,3,142
0,9,0,380,377,13,https://resultados2019.blob.core.windows.net/201901/139384.jpg,OK,5,18,HUEHUETENANGO,SAN MATEO IXTATÁN,13938,CORPORACIÓN MUNICIPAL,0,2,1,0,1,4,275,270,261,261,0,1,162,1,2,2,93
1,0,0,400,399,13,https://resultados2019.blob.core.windows.net/201901/139534.jpg,OK,0,18,HUEHUETENANGO,SAN MATEO IXTATÁN,13953,CORPORACIÓN MUNICIPAL,5,2,2,0,1,4,126,126,121,121,6,5,50,17,2,8,33
1,0,0,222,222,13,https://resultados2019.blob.core.windows.net/201901/139364.jpg,OK,89,18,HUEHUETENANGO,SAN MATEO IXTATÁN,13936,CORPORACIÓN MUNICIPAL,1,2,2,0,1,4,133,133,132,132,0,9,50,5,1,3,64
1,6,0,380,380,13,https://resultados2019.blob.core.windows.net/201901/139404.jpg,OK,0,18,HUEHUETENANGO,SAN MATEO IXTATÁN,13940,CORPORACIÓN MUNICIPAL,4,2,1,0,1,4,264,264,254,254,0,1,161,6,1,1,84
1,7,0,364,364,13,https://resultados2019.blob.core.windows.net/201901/139554.jpg,OK,0,18,HUEHUETENANGO,SAN MATEO IXTATÁN,13955,CORPORACIÓN MUNICIPAL,3,2,2,0,1,4,124,124,114,114,0,3,62,11,0,2,36
1,0,0,376,376,13,https://resultados2019.blob.core.windows.net/201901/139184.jpg,OK,0,18,HUEHUETENANGO,SAN MATEO IXTATÁN,13918,CORPORACIÓN MUNICIPAL,2,2,2,0,1,4,252,252,250,250,5,5,59,60,0,50,71
1,4,0,400,400,13,https://resultados2019.blob.core.windows.net/201901/139234.jpg,OK,0,18,HUEHUETENANGO,SAN MATEO IXTATÁN,13923,CORPORACIÓN MUNICIPAL,14,2,2,0,1,4,331,331,313,313,3,1,14,113,1,91,90
1,4,0,400,400,13,https://resultados2019.blob.core.windows.net/201901/139524.jpg,OK,0,18,HUEHUETENANGO,SAN MATEO IXTATÁN,13952,CORPORACIÓN MUNICIPAL,2,2,2,0,1,4,108,108,102,102,1,5,16,12,0,2,66
1,4,0,400,400,13,https://resultados2019.blob.core.windows.net/201901/139094.jpg,OK,0,18,HUEHUETENANGO,SAN MATEO IXTATÁN,13909,CORPORACIÓN MUNICIPAL,8,2,2,0,1,4,276,276,264,264,9,2,116,35,0,28,74
1,4,0,380,387,13,https://resultados2019.blob.core.windows.net/201901/139394.jpg,OK,10,18,HUEHUETENANGO,SAN MATEO IXTATÁN,13939,CORPORACIÓN MUNICIPAL,6,2,1,0,1,4,258,258,248,248,0,3,139,2,0,1,103
1,6,0,355,355,13,https://resultados2019.blob.core.windows.net/201901/139624.jpg,OK,0,18,HUEHUETENANGO,SAN MATEO IXTATÁN,13962,CORPORACIÓN MUNICIPAL,2,2,2,0,1,4,280,280,272,272,0,1,105,3,0,1,162
1,3,0,400,400,13,https://resultados2019.blob.core.windows.net/201901/139274.jpg,OK,0,18,HUEHUETENANGO,SAN MATEO IXTATÁN,13927,CORPORACIÓN MUNICIPAL,8,2,2,0,1,4,274,274,263,263,6,4,66,84,0,47,56
1,4,0,368,368,13,https://resultados2019.blob.core.windows.net/201901/139504.jpg,OK,145,18,HUEHUETENANGO,SAN MATEO IXTATÁN,13950,CORPORACIÓN MUNICIPAL,4,2,2,0,1,4,223,223,215,215,1,89,102,17,1,3,2
1,1,0,400,400,13,https://resultados2019.blob.core.windows.net/201901/139464.jpg,OK,0,18,HUEHUETENANGO,SAN MATEO IXTATÁN,13946,CORPORACIÓN MUNICIPAL,8,2,1,0,1,4,250,250,241,241,1,93,129,13,0,2,3
1,6,0,385,385,13,https://resultados2019.blob.core.windows.net/201901/139284.jpg,OK,0,18,HUEHUETENANGO,SAN MATEO IXTATÁN,13928,CORPORACIÓN MUNICIPAL,4,2,2,0,1,4,240,240,230,230,6,5,63,78,1,38,39
1,3,0,400,400,13,https://resultados2019.blob.core.windows.net/201901/139224.jpg,OK,0,18,HUEHUETENANGO,SAN MATEO IXTATÁN,13922,CORPORACIÓN MUNICIPAL,8,2,2,0,1,4,296,296,285,285,8,4,26,131,0,67,49
1,3,0,380,380,13,https://resultados2019.blob.core.windows.net/201901/139584.jpg,OK,0,18,HUEHUETENANGO,SAN MATEO IXTATÁN,13958,CORPORACIÓN MUNICIPAL,2,2,2,0,1,4,280,280,275,275,0,2,129,5,1,1,137
1,2,0,354,351,13,https://resultados2019.blob.core.windows.net/201901/139634.jpg,OK,0,18,HUEHUETENANGO,SAN MATEO IXTATÁN,13963,CORPORACIÓN MUNICIPAL,2,2,2,0,1,4,277,277,273,273,0,4,89,3,0,3,174
