ACTACUADRA,BLANCOS,CNTIMPUGNA,CNTINSCRITOS,CNTPAPELETAS,DEP,IMGSRC,IMGSTATUS,INVALIDOS,MUN,NDEP,NMUN,NROMESA,NTE,NULOS,STACTA,STESCAN,STFISIC,STTRANS,TIPOELECCION,TOTALACTA,TOTALVOTOS,VOTOSVALIDOS,VOTOSVALIDOSACTA,voto_CONVERGENCIA,voto_CREO,voto_EG,voto_FCN-NACION,voto_LIBRE,voto_PHG,voto_PODEMOS,voto_TODOS,voto_UCN,voto_UNE,voto_URNG_MAIZ,voto_VIVA
1,13,0,380,380,13,https://resultados2019.blob.core.windows.net/201901/138044.jpg,OK,0,15,HUEHUETENANGO,TODOS SANTOS CUCHUMATÁN,13804,CORPORACIÓN MUNICIPAL,15,2,2,0,1,4,222,222,194,194,5,87,16,0,2,2,3,1,1,75,2,0
1,9,0,380,376,13,https://resultados2019.blob.core.windows.net/201901/137874.jpg,OK,0,15,HUEHUETENANGO,TODOS SANTOS CUCHUMATÁN,13787,CORPORACIÓN MUNICIPAL,11,2,2,0,1,4,225,225,205,205,7,75,22,1,0,0,5,1,2,88,3,1
1,3,0,380,376,13,https://resultados2019.blob.core.windows.net/201901/138074.jpg,OK,0,15,HUEHUETENANGO,TODOS SANTOS CUCHUMATÁN,13807,CORPORACIÓN MUNICIPAL,2,2,2,0,1,4,179,179,174,174,3,100,6,0,2,1,2,1,3,52,2,2
1,13,0,380,375,13,https://resultados2019.blob.core.windows.net/201901/138184.jpg,OK,0,15,HUEHUETENANGO,TODOS SANTOS CUCHUMATÁN,13818,CORPORACIÓN MUNICIPAL,15,2,2,0,1,4,236,236,208,208,4,67,89,0,1,0,3,3,4,25,11,1
1,4,0,380,374,13,https://resultados2019.blob.core.windows.net/201901/138134.jpg,OK,0,15,HUEHUETENANGO,TODOS SANTOS CUCHUMATÁN,13813,CORPORACIÓN MUNICIPAL,4,2,2,0,1,4,235,235,227,227,2,124,15,0,2,0,2,0,1,79,2,0
1,8,0,400,397,13,https://resultados2019.blob.core.windows.net/201901/137804.jpg,OK,0,15,HUEHUETENANGO,TODOS SANTOS CUCHUMATÁN,13780,CORPORACIÓN MUNICIPAL,15,2,2,0,1,4,254,254,231,231,7,126,7,0,0,0,1,0,4,80,3,3
1,1,0,269,269,13,https://resultados2019.blob.core.windows.net/201901/138024.jpg,OK,0,15,HUEHUETENANGO,TODOS SANTOS CUCHUMATÁN,13802,CORPORACIÓN MUNICIPAL,0,2,2,0,1,4,156,156,155,155,11,73,30,0,5,1,1,0,2,30,2,0
1,7,0,234,234,13,https://resultados2019.blob.core.windows.net/201901/137784.jpg,OK,0,15,HUEHUETENANGO,TODOS SANTOS CUCHUMATÁN,13778,CORPORACIÓN MUNICIPAL,1,2,2,0,1,4,120,120,112,112,1,78,4,0,0,0,0,0,1,27,1,0
1,3,0,274,274,13,https://resultados2019.blob.core.windows.net/201901/138144.jpg,OK,0,15,HUEHUETENANGO,TODOS SANTOS CUCHUMATÁN,13814,CORPORACIÓN MUNICIPAL,2,2,2,0,1,4,153,153,148,148,1,76,9,0,1,0,1,0,0,59,0,1
1,17,0,400,396,13,https://resultados2019.blob.core.windows.net/201901/137824.jpg,OK,0,15,HUEHUETENANGO,TODOS SANTOS CUCHUMATÁN,13782,CORPORACIÓN MUNICIPAL,9,2,2,0,1,4,256,256,230,230,4,126,11,1,3,0,4,1,5,71,2,2
1,18,0,380,376,13,https://resultados2019.blob.core.windows.net/201901/138064.jpg,OK,0,15,HUEHUETENANGO,TODOS SANTOS CUCHUMATÁN,13806,CORPORACIÓN MUNICIPAL,14,2,2,0,1,4,236,236,204,204,7,100,16,2,3,1,3,3,2,67,0,0
1,16,0,380,376,13,https://resultados2019.blob.core.windows.net/201901/138054.jpg,OK,0,15,HUEHUETENANGO,TODOS SANTOS CUCHUMATÁN,13805,CORPORACIÓN MUNICIPAL,14,2,2,0,1,4,242,242,212,212,6,89,12,0,3,2,0,1,2,97,0,0
1,2,0,341,341,13,https://resultados2019.blob.core.windows.net/201901/137924.jpg,OK,0,15,HUEHUETENANGO,TODOS SANTOS CUCHUMATÁN,13792,CORPORACIÓN MUNICIPAL,0,2,2,0,1,4,171,171,169,169,4,64,15,1,0,0,0,1,0,80,3,1
1,12,0,380,377,13,https://resultados2019.blob.core.windows.net/201901/137894.jpg,OK,0,15,HUEHUETENANGO,TODOS SANTOS CUCHUMATÁN,13789,CORPORACIÓN MUNICIPAL,12,2,2,0,1,4,276,276,252,252,0,88,17,0,0,2,2,2,2,139,0,0
1,8,0,400,396,13,https://resultados2019.blob.core.windows.net/201901/137834.jpg,OK,0,15,HUEHUETENANGO,TODOS SANTOS CUCHUMATÁN,13783,CORPORACIÓN MUNICIPAL,8,2,2,0,1,4,240,240,224,224,3,153,5,0,1,1,1,0,4,55,0,1
1,14,0,400,396,13,https://resultados2019.blob.core.windows.net/201901/137744.jpg,OK,0,15,HUEHUETENANGO,TODOS SANTOS CUCHUMATÁN,13774,CORPORACIÓN MUNICIPAL,15,2,2,0,1,4,260,260,231,231,2,139,13,0,1,0,4,0,3,63,4,2
1,9,0,380,380,13,https://resultados2019.blob.core.windows.net/201901/137944.jpg,OK,0,15,HUEHUETENANGO,TODOS SANTOS CUCHUMATÁN,13794,CORPORACIÓN MUNICIPAL,14,2,2,0,1,4,212,212,189,189,6,75,30,0,5,7,5,1,0,57,2,1
1,13,0,380,376,13,https://resultados2019.blob.core.windows.net/201901/137904.jpg,OK,0,15,HUEHUETENANGO,TODOS SANTOS CUCHUMATÁN,13790,CORPORACIÓN MUNICIPAL,7,2,2,0,1,4,260,260,240,240,3,81,24,0,0,0,3,0,1,127,1,0
1,6,0,380,376,13,https://resultados2019.blob.core.windows.net/201901/137974.jpg,OK,0,15,HUEHUETENANGO,TODOS SANTOS CUCHUMATÁN,13797,CORPORACIÓN MUNICIPAL,8,2,2,0,1,4,251,251,237,237,5,70,69,0,4,1,2,0,2,81,1,2
1,1,0,364,364,13,https://resultados2019.blob.core.windows.net/201901/138094.jpg,OK,0,15,HUEHUETENANGO,TODOS SANTOS CUCHUMATÁN,13809,CORPORACIÓN MUNICIPAL,3,2,2,0,1,4,162,162,158,158,5,77,11,0,2,0,1,1,1,58,2,0
1,17,0,380,376,13,https://resultados2019.blob.core.windows.net/201901/138164.jpg,OK,0,15,HUEHUETENANGO,TODOS SANTOS CUCHUMATÁN,13816,CORPORACIÓN MUNICIPAL,19,2,2,0,1,4,220,220,184,184,5,50,86,1,0,2,0,2,2,30,4,2
1,4,0,380,376,13,https://resultados2019.blob.core.windows.net/201901/138204.jpg,OK,0,15,HUEHUETENANGO,TODOS SANTOS CUCHUMATÁN,13820,CORPORACIÓN MUNICIPAL,6,2,1,0,1,4,163,163,153,153,1,51,72,0,1,0,1,2,0,17,6,2
1,4,0,339,339,13,https://resultados2019.blob.core.windows.net/201901/138214.jpg,OK,0,15,HUEHUETENANGO,TODOS SANTOS CUCHUMATÁN,13821,CORPORACIÓN MUNICIPAL,6,2,2,0,1,4,136,136,126,126,2,33,74,0,1,0,2,0,0,13,1,0
1,5,0,274,274,13,https://resultados2019.blob.core.windows.net/201901/138154.jpg,OK,0,15,HUEHUETENANGO,TODOS SANTOS CUCHUMATÁN,13815,CORPORACIÓN MUNICIPAL,0,2,2,0,1,4,173,173,168,168,3,89,13,0,1,1,1,0,1,59,0,0
1,1,0,339,339,13,https://resultados2019.blob.core.windows.net/201901/138224.jpg,OK,0,15,HUEHUETENANGO,TODOS SANTOS CUCHUMATÁN,13822,CORPORACIÓN MUNICIPAL,2,2,2,0,1,4,156,156,153,153,3,55,72,0,0,0,1,3,1,14,2,2
1,2,0,373,373,13,https://resultados2019.blob.core.windows.net/201901/138234.jpg,OK,0,15,HUEHUETENANGO,TODOS SANTOS CUCHUMATÁN,13823,CORPORACIÓN MUNICIPAL,5,2,2,0,1,4,62,62,55,55,2,33,3,0,0,0,0,1,1,13,1,1
1,8,0,400,400,13,https://resultados2019.blob.core.windows.net/201901/137764.jpg,OK,0,15,HUEHUETENANGO,TODOS SANTOS CUCHUMATÁN,13776,CORPORACIÓN MUNICIPAL,5,2,2,0,1,4,259,259,246,246,4,169,9,1,3,0,5,1,1,52,1,0
1,7,0,380,376,13,https://resultados2019.blob.core.windows.net/201901/137994.jpg,OK,0,15,HUEHUETENANGO,TODOS SANTOS CUCHUMATÁN,13799,CORPORACIÓN MUNICIPAL,6,2,2,0,1,4,200,200,187,187,18,82,23,0,4,3,5,3,2,41,3,3
1,5,0,400,396,13,https://resultados2019.blob.core.windows.net/201901/137844.jpg,OK,0,15,HUEHUETENANGO,TODOS SANTOS CUCHUMATÁN,13784,CORPORACIÓN MUNICIPAL,8,2,2,0,1,4,210,210,197,197,5,119,12,0,1,0,0,2,1,50,1,6
1,1,0,372,372,13,https://resultados2019.blob.core.windows.net/201901/138244.jpg,OK,0,15,HUEHUETENANGO,TODOS SANTOS CUCHUMATÁN,13824,CORPORACIÓN MUNICIPAL,2,2,2,0,1,4,26,26,23,23,0,9,3,0,0,0,0,0,0,9,0,2
1,18,0,380,376,13,https://resultados2019.blob.core.windows.net/201901/137964.jpg,OK,0,15,HUEHUETENANGO,TODOS SANTOS CUCHUMATÁN,13796,CORPORACIÓN MUNICIPAL,10,2,2,0,1,4,273,273,245,245,7,101,34,1,3,1,1,1,3,87,5,1
1,7,0,380,375,13,https://resultados2019.blob.core.windows.net/201901/137984.jpg,OK,1,15,HUEHUETENANGO,TODOS SANTOS CUCHUMATÁN,13798,CORPORACIÓN MUNICIPAL,16,2,2,0,1,4,247,247,224,224,32,99,36,0,9,2,2,0,1,37,4,2
1,12,0,380,376,13,https://resultados2019.blob.core.windows.net/201901/138114.jpg,OK,0,15,HUEHUETENANGO,TODOS SANTOS CUCHUMATÁN,13811,CORPORACIÓN MUNICIPAL,6,2,2,0,1,4,287,287,269,269,0,135,20,0,9,1,2,2,3,92,4,1
1,0,0,233,233,13,https://resultados2019.blob.core.windows.net/201901/137854.jpg,OK,0,15,HUEHUETENANGO,TODOS SANTOS CUCHUMATÁN,13785,CORPORACIÓN MUNICIPAL,2,2,2,0,1,4,122,122,120,120,1,76,5,0,1,0,1,0,4,27,1,4
1,16,0,380,376,13,https://resultados2019.blob.core.windows.net/201901/137884.jpg,OK,0,15,HUEHUETENANGO,TODOS SANTOS CUCHUMATÁN,13788,CORPORACIÓN MUNICIPAL,12,2,2,0,1,4,254,254,226,226,10,85,32,1,0,0,3,2,1,91,1,0
1,1,0,400,400,13,https://resultados2019.blob.core.windows.net/201901/137774.jpg,OK,0,15,HUEHUETENANGO,TODOS SANTOS CUCHUMATÁN,13777,CORPORACIÓN MUNICIPAL,4,2,2,0,1,4,191,191,186,186,4,115,10,0,0,0,2,0,2,48,4,1
1,2,0,268,265,13,https://resultados2019.blob.core.windows.net/201901/138034.jpg,OK,0,15,HUEHUETENANGO,TODOS SANTOS CUCHUMATÁN,13803,CORPORACIÓN MUNICIPAL,2,2,2,0,1,4,150,150,146,146,7,61,31,0,2,1,0,0,0,44,0,0
1,11,0,380,376,13,https://resultados2019.blob.core.windows.net/201901/138004.jpg,OK,0,15,HUEHUETENANGO,TODOS SANTOS CUCHUMATÁN,13800,CORPORACIÓN MUNICIPAL,5,2,2,0,1,4,197,197,181,181,8,78,48,1,2,3,1,0,3,35,2,0
1,13,0,380,376,13,https://resultados2019.blob.core.windows.net/201901/138194.jpg,OK,0,15,HUEHUETENANGO,TODOS SANTOS CUCHUMATÁN,13819,CORPORACIÓN MUNICIPAL,6,2,1,0,1,4,213,213,194,194,2,49,83,2,6,0,2,2,0,38,7,3
1,5,0,365,366,13,https://resultados2019.blob.core.windows.net/201901/138084.jpg,OK,0,15,HUEHUETENANGO,TODOS SANTOS CUCHUMATÁN,13808,CORPORACIÓN MUNICIPAL,5,2,2,0,1,4,171,171,161,161,0,73,7,0,5,0,0,0,2,69,5,0
1,3,0,380,377,13,https://resultados2019.blob.core.windows.net/201901/138174.jpg,OK,0,15,HUEHUETENANGO,TODOS SANTOS CUCHUMATÁN,13817,CORPORACIÓN MUNICIPAL,14,2,2,0,1,4,207,207,190,190,7,31,116,2,1,1,3,1,1,24,2,1
1,2,0,232,232,13,https://resultados2019.blob.core.windows.net/201901/137864.jpg,OK,0,15,HUEHUETENANGO,TODOS SANTOS CUCHUMATÁN,13786,CORPORACIÓN MUNICIPAL,1,2,2,0,1,4,130,130,127,127,2,85,5,0,0,0,0,2,3,28,0,2
1,9,0,380,376,13,https://resultados2019.blob.core.windows.net/201901/137954.jpg,OK,0,15,HUEHUETENANGO,TODOS SANTOS CUCHUMATÁN,13795,CORPORACIÓN MUNICIPAL,2,2,2,0,1,4,228,228,217,217,3,126,27,0,1,2,6,3,3,40,6,0
1,3,0,380,380,13,https://resultados2019.blob.core.windows.net/201901/137914.jpg,OK,0,15,HUEHUETENANGO,TODOS SANTOS CUCHUMATÁN,13791,CORPORACIÓN MUNICIPAL,7,2,2,0,1,4,188,188,178,178,1,70,23,0,1,0,1,2,1,77,1,1
1,24,0,400,400,13,https://resultados2019.blob.core.windows.net/201901/137814.jpg,OK,0,15,HUEHUETENANGO,TODOS SANTOS CUCHUMATÁN,13781,CORPORACIÓN MUNICIPAL,10,2,2,0,1,4,284,284,250,250,4,160,13,1,1,0,4,0,3,60,2,2
1,10,0,380,376,13,https://resultados2019.blob.core.windows.net/201901/138104.jpg,OK,0,15,HUEHUETENANGO,TODOS SANTOS CUCHUMATÁN,13810,CORPORACIÓN MUNICIPAL,8,2,2,0,1,4,259,259,241,241,2,125,15,2,2,2,2,2,1,84,3,1
1,3,0,340,340,13,https://resultados2019.blob.core.windows.net/201901/137934.jpg,OK,0,15,HUEHUETENANGO,TODOS SANTOS CUCHUMATÁN,13793,CORPORACIÓN MUNICIPAL,0,2,2,0,1,4,195,195,192,192,6,67,22,0,0,0,0,0,0,95,2,0
1,10,0,380,376,13,https://resultados2019.blob.core.windows.net/201901/138014.jpg,OK,0,15,HUEHUETENANGO,TODOS SANTOS CUCHUMATÁN,13801,CORPORACIÓN MUNICIPAL,4,2,2,0,1,4,170,170,156,156,4,72,31,0,1,0,3,0,2,40,2,1
1,1,0,233,233,13,https://resultados2019.blob.core.windows.net/201901/137794.jpg,OK,0,15,HUEHUETENANGO,TODOS SANTOS CUCHUMATÁN,13779,CORPORACIÓN MUNICIPAL,3,2,2,0,1,4,107,107,103,103,1,65,5,0,0,0,0,0,2,28,1,1
1,24,0,400,396,13,https://resultados2019.blob.core.windows.net/201901/137754.jpg,OK,0,15,HUEHUETENANGO,TODOS SANTOS CUCHUMATÁN,13775,CORPORACIÓN MUNICIPAL,12,2,2,0,1,4,296,296,260,260,5,161,9,1,0,1,5,2,3,67,2,4
1,6,0,380,376,13,https://resultados2019.blob.core.windows.net/201901/138124.jpg,OK,0,15,HUEHUETENANGO,TODOS SANTOS CUCHUMATÁN,13812,CORPORACIÓN MUNICIPAL,9,2,2,0,1,4,253,253,238,238,3,113,9,0,1,0,2,0,2,107,0,1
