ACTACUADRA,BLANCOS,CNTIMPUGNA,CNTINSCRITOS,CNTPAPELETAS,DEP,IMGSRC,IMGSTATUS,INVALIDOS,MUN,NDEP,NMUN,NROMESA,NTE,NULOS,STACTA,STESCAN,STFISIC,STTRANS,TIPOELECCION,TOTALACTA,TOTALVOTOS,VOTOSVALIDOS,VOTOSVALIDOSACTA,voto_CONVERGENCIA,voto_FUERZA,voto_TODOS,voto_UCN,voto_UNE,voto_VAMOS,voto_VIVA,voto_WINAQ
1,15,0,380,380,13,https://resultados2019.blob.core.windows.net/201901/137414.jpg,OK,0,13,HUEHUETENANGO,SAN MIGUEL ACATÁN,13741,CORPORACIÓN MUNICIPAL,8,2,2,0,1,4,263,263,240,240,6,50,23,76,36,3,16,30
1,4,0,380,380,13,https://resultados2019.blob.core.windows.net/201901/137244.jpg,OK,0,13,HUEHUETENANGO,SAN MIGUEL ACATÁN,13724,CORPORACIÓN MUNICIPAL,6,2,1,0,1,4,270,270,260,260,2,36,11,21,35,3,96,56
1,5,0,350,350,13,https://resultados2019.blob.core.windows.net/201901/137484.jpg,OK,0,13,HUEHUETENANGO,SAN MIGUEL ACATÁN,13748,CORPORACIÓN MUNICIPAL,4,2,1,0,1,4,231,231,222,222,6,12,46,47,50,0,12,49
1,7,0,380,380,13,https://resultados2019.blob.core.windows.net/201901/137374.jpg,OK,0,13,HUEHUETENANGO,SAN MIGUEL ACATÁN,13737,CORPORACIÓN MUNICIPAL,8,2,2,0,1,4,238,238,223,223,5,63,12,35,57,2,21,28
1,6,0,316,315,13,https://resultados2019.blob.core.windows.net/201901/137214.jpg,OK,0,13,HUEHUETENANGO,SAN MIGUEL ACATÁN,13721,CORPORACIÓN MUNICIPAL,7,2,2,0,1,4,229,229,216,216,3,21,32,58,57,3,17,25
1,2,0,380,380,13,https://resultados2019.blob.core.windows.net/201901/137364.jpg,OK,0,13,HUEHUETENANGO,SAN MIGUEL ACATÁN,13736,CORPORACIÓN MUNICIPAL,5,2,2,0,1,4,243,243,236,236,0,48,21,58,56,3,20,30
1,3,0,304,304,13,https://resultados2019.blob.core.windows.net/201901/137174.jpg,OK,0,13,HUEHUETENANGO,SAN MIGUEL ACATÁN,13717,CORPORACIÓN MUNICIPAL,1,2,2,0,1,4,216,216,212,212,2,35,18,67,36,1,7,46
1,11,0,380,380,13,https://resultados2019.blob.core.windows.net/201901/137454.jpg,OK,0,13,HUEHUETENANGO,SAN MIGUEL ACATÁN,13745,CORPORACIÓN MUNICIPAL,10,2,1,0,1,4,284,284,263,263,7,13,58,63,66,1,8,47
1,3,0,380,380,13,https://resultados2019.blob.core.windows.net/201901/137294.jpg,OK,0,13,HUEHUETENANGO,SAN MIGUEL ACATÁN,13729,CORPORACIÓN MUNICIPAL,7,2,1,0,1,4,231,231,221,221,3,31,9,24,38,2,74,40
1,10,0,400,400,13,https://resultados2019.blob.core.windows.net/201901/137154.jpg,OK,0,13,HUEHUETENANGO,SAN MIGUEL ACATÁN,13715,CORPORACIÓN MUNICIPAL,9,2,2,0,1,4,284,284,265,265,1,29,31,75,50,1,21,57
1,9,0,400,400,13,https://resultados2019.blob.core.windows.net/201901/137204.jpg,OK,0,13,HUEHUETENANGO,SAN MIGUEL ACATÁN,13720,CORPORACIÓN MUNICIPAL,4,2,2,0,1,4,279,279,266,266,0,33,25,77,52,3,18,58
1,11,0,380,380,13,https://resultados2019.blob.core.windows.net/201901/137394.jpg,OK,0,13,HUEHUETENANGO,SAN MIGUEL ACATÁN,13739,CORPORACIÓN MUNICIPAL,6,2,2,0,1,4,231,231,214,214,1,42,14,47,55,1,18,36
1,1,0,304,303,13,https://resultados2019.blob.core.windows.net/201901/137164.jpg,OK,0,13,HUEHUETENANGO,SAN MIGUEL ACATÁN,13716,CORPORACIÓN MUNICIPAL,2,2,2,0,1,4,190,190,187,187,2,27,24,51,27,5,10,41
1,4,0,400,400,13,https://resultados2019.blob.core.windows.net/201901/137104.jpg,OK,0,13,HUEHUETENANGO,SAN MIGUEL ACATÁN,13710,CORPORACIÓN MUNICIPAL,14,2,2,0,1,4,296,296,278,278,1,45,26,62,37,3,10,94
1,2,0,316,316,13,https://resultados2019.blob.core.windows.net/201901/137224.jpg,OK,0,13,HUEHUETENANGO,SAN MIGUEL ACATÁN,13722,CORPORACIÓN MUNICIPAL,2,2,2,0,1,4,221,221,217,217,2,36,29,58,41,2,13,36
1,10,0,380,380,13,https://resultados2019.blob.core.windows.net/201901/137404.jpg,OK,0,13,HUEHUETENANGO,SAN MIGUEL ACATÁN,13740,CORPORACIÓN MUNICIPAL,4,2,2,0,1,4,248,248,234,234,4,79,15,41,46,1,27,21
1,7,0,400,400,13,https://resultados2019.blob.core.windows.net/201901/137144.jpg,OK,0,13,HUEHUETENANGO,SAN MIGUEL ACATÁN,13714,CORPORACIÓN MUNICIPAL,5,2,2,0,1,4,272,272,260,260,1,34,36,63,59,2,10,55
1,7,0,331,331,13,https://resultados2019.blob.core.windows.net/201901/137324.jpg,OK,0,13,HUEHUETENANGO,SAN MIGUEL ACATÁN,13732,CORPORACIÓN MUNICIPAL,1,2,1,0,1,4,217,217,209,209,0,21,18,13,34,0,84,39
1,6,0,380,380,13,https://resultados2019.blob.core.windows.net/201901/137464.jpg,OK,0,13,HUEHUETENANGO,SAN MIGUEL ACATÁN,13746,CORPORACIÓN MUNICIPAL,3,2,2,0,1,4,285,285,276,276,4,20,70,53,60,3,3,63
1,5,0,380,380,13,https://resultados2019.blob.core.windows.net/201901/137314.jpg,OK,0,13,HUEHUETENANGO,SAN MIGUEL ACATÁN,13731,CORPORACIÓN MUNICIPAL,6,2,1,0,1,4,222,222,211,211,1,32,8,19,32,1,67,51
1,6,0,380,380,13,https://resultados2019.blob.core.windows.net/201901/137264.jpg,OK,0,13,HUEHUETENANGO,SAN MIGUEL ACATÁN,13726,CORPORACIÓN MUNICIPAL,4,2,1,0,1,4,262,262,252,252,1,32,12,11,26,0,140,30
1,7,0,400,400,13,https://resultados2019.blob.core.windows.net/201901/137184.jpg,OK,0,13,HUEHUETENANGO,SAN MIGUEL ACATÁN,13718,CORPORACIÓN MUNICIPAL,14,2,2,0,1,4,284,284,263,263,0,50,15,67,61,0,29,41
1,3,0,400,400,13,https://resultados2019.blob.core.windows.net/201901/137194.jpg,OK,0,13,HUEHUETENANGO,SAN MIGUEL ACATÁN,13719,CORPORACIÓN MUNICIPAL,3,2,2,0,1,4,311,311,305,305,2,42,34,92,45,2,18,70
1,2,0,380,380,13,https://resultados2019.blob.core.windows.net/201901/137474.jpg,OK,0,13,HUEHUETENANGO,SAN MIGUEL ACATÁN,13747,CORPORACIÓN MUNICIPAL,1,2,1,0,1,4,252,252,249,249,10,10,58,52,61,2,5,51
1,10,0,380,380,13,https://resultados2019.blob.core.windows.net/201901/137234.jpg,OK,0,13,HUEHUETENANGO,SAN MIGUEL ACATÁN,13723,CORPORACIÓN MUNICIPAL,9,2,2,0,1,4,275,275,256,256,3,34,19,27,67,1,57,48
1,6,0,400,400,13,https://resultados2019.blob.core.windows.net/201901/137134.jpg,OK,0,13,HUEHUETENANGO,SAN MIGUEL ACATÁN,13713,CORPORACIÓN MUNICIPAL,2,2,2,0,1,4,267,267,259,259,1,38,32,71,48,4,9,56
1,5,0,400,400,13,https://resultados2019.blob.core.windows.net/201901/137114.jpg,OK,0,13,HUEHUETENANGO,SAN MIGUEL ACATÁN,13711,CORPORACIÓN MUNICIPAL,2,2,2,0,1,4,302,302,295,295,4,42,28,115,30,1,21,54
1,5,0,380,375,13,https://resultados2019.blob.core.windows.net/201901/137284.jpg,OK,0,13,HUEHUETENANGO,SAN MIGUEL ACATÁN,13728,CORPORACIÓN MUNICIPAL,2,2,1,0,1,4,250,250,243,243,3,35,6,14,44,1,70,70
1,6,0,380,380,13,https://resultados2019.blob.core.windows.net/201901/137274.jpg,OK,0,13,HUEHUETENANGO,SAN MIGUEL ACATÁN,13727,CORPORACIÓN MUNICIPAL,6,2,1,0,1,4,256,256,244,244,3,32,5,21,33,2,83,65
1,2,0,196,196,13,https://resultados2019.blob.core.windows.net/201901/137444.jpg,OK,0,13,HUEHUETENANGO,SAN MIGUEL ACATÁN,13744,CORPORACIÓN MUNICIPAL,2,2,2,0,1,4,108,108,104,104,3,19,10,13,24,2,18,15
1,5,0,511,511,13,https://resultados2019.blob.core.windows.net/201901/137504.jpg,OK,1,13,HUEHUETENANGO,SAN MIGUEL ACATÁN,13750,CORPORACIÓN MUNICIPAL,1,2,2,0,1,4,65,65,59,59,1,9,6,13,8,0,7,15
1,2,0,380,380,13,https://resultados2019.blob.core.windows.net/201901/137424.jpg,OK,0,13,HUEHUETENANGO,SAN MIGUEL ACATÁN,13742,CORPORACIÓN MUNICIPAL,4,2,2,0,1,4,227,227,221,221,0,56,16,37,56,0,32,24
1,2,0,196,196,13,https://resultados2019.blob.core.windows.net/201901/137434.jpg,OK,0,13,HUEHUETENANGO,SAN MIGUEL ACATÁN,13743,CORPORACIÓN MUNICIPAL,1,2,2,0,1,4,144,144,141,141,1,33,13,27,22,0,24,21
1,6,0,380,380,13,https://resultados2019.blob.core.windows.net/201901/137354.jpg,OK,0,13,HUEHUETENANGO,SAN MIGUEL ACATÁN,13735,CORPORACIÓN MUNICIPAL,4,2,2,0,1,4,260,260,250,250,2,70,17,54,40,0,14,53
1,11,0,380,380,13,https://resultados2019.blob.core.windows.net/201901/137304.jpg,OK,0,13,HUEHUETENANGO,SAN MIGUEL ACATÁN,13730,CORPORACIÓN MUNICIPAL,2,2,2,0,1,4,277,277,264,264,2,35,10,15,42,3,113,44
1,8,0,331,331,13,https://resultados2019.blob.core.windows.net/201901/137334.jpg,OK,0,13,HUEHUETENANGO,SAN MIGUEL ACATÁN,13733,CORPORACIÓN MUNICIPAL,2,2,1,0,1,4,201,201,191,191,0,17,6,16,30,0,86,36
1,6,0,380,380,13,https://resultados2019.blob.core.windows.net/201901/137384.jpg,OK,0,13,HUEHUETENANGO,SAN MIGUEL ACATÁN,13738,CORPORACIÓN MUNICIPAL,6,2,2,0,1,4,238,238,226,226,8,47,12,42,55,3,36,23
1,4,0,350,350,13,https://resultados2019.blob.core.windows.net/201901/137494.jpg,OK,0,13,HUEHUETENANGO,SAN MIGUEL ACATÁN,13749,CORPORACIÓN MUNICIPAL,0,2,2,0,1,4,257,257,253,253,2,14,69,43,63,0,4,58
1,6,0,380,380,13,https://resultados2019.blob.core.windows.net/201901/137344.jpg,OK,0,13,HUEHUETENANGO,SAN MIGUEL ACATÁN,13734,CORPORACIÓN MUNICIPAL,4,2,2,0,1,4,264,264,254,254,5,52,16,83,47,4,22,25
1,4,0,380,380,13,https://resultados2019.blob.core.windows.net/201901/137254.jpg,OK,0,13,HUEHUETENANGO,SAN MIGUEL ACATÁN,13725,CORPORACIÓN MUNICIPAL,10,2,1,0,1,4,252,252,238,238,0,29,9,13,31,2,108,46
1,2,0,400,400,13,https://resultados2019.blob.core.windows.net/201901/137124.jpg,OK,0,13,HUEHUETENANGO,SAN MIGUEL ACATÁN,13712,CORPORACIÓN MUNICIPAL,5,2,2,0,1,4,311,311,304,304,2,35,41,102,52,3,15,54
