ACTACUADRA,BLANCOS,CNTIMPUGNA,CNTINSCRITOS,CNTPAPELETAS,DEP,IMGSRC,IMGSTATUS,INVALIDOS,MUN,NDEP,NMUN,NROMESA,NTE,NULOS,STACTA,STESCAN,STFISIC,STTRANS,TIPOELECCION,TOTALACTA,TOTALVOTOS,VOTOSVALIDOS,VOTOSVALIDOSACTA,voto_FCN-NACION,voto_TODOS,voto_UCN,voto_UNE,voto_URNG_MAIZ
1,8,0,380,380,13,https://resultados2019.blob.core.windows.net/201901/138504.jpg,OK,0,16,HUEHUETENANGO,SAN JUAN ATITÁN,13850,CORPORACIÓN MUNICIPAL,4,2,2,0,1,4,291,291,279,279,0,109,108,38,24
1,10,0,400,400,13,https://resultados2019.blob.core.windows.net/201901/138264.jpg,OK,0,16,HUEHUETENANGO,SAN JUAN ATITÁN,13826,CORPORACIÓN MUNICIPAL,2,2,2,0,1,4,320,320,308,308,4,81,139,74,10
1,3,0,400,400,13,https://resultados2019.blob.core.windows.net/201901/138364.jpg,OK,0,16,HUEHUETENANGO,SAN JUAN ATITÁN,13836,CORPORACIÓN MUNICIPAL,5,2,2,0,1,4,265,265,257,257,4,72,104,70,7
1,10,0,380,380,13,https://resultados2019.blob.core.windows.net/201901/138424.jpg,OK,0,16,HUEHUETENANGO,SAN JUAN ATITÁN,13842,CORPORACIÓN MUNICIPAL,5,2,2,0,1,4,286,286,271,271,0,82,141,40,8
1,2,0,351,351,13,https://resultados2019.blob.core.windows.net/201901/138594.jpg,OK,0,16,HUEHUETENANGO,SAN JUAN ATITÁN,13859,CORPORACIÓN MUNICIPAL,1,2,2,0,1,4,246,246,243,243,0,76,95,69,3
1,7,0,380,380,13,https://resultados2019.blob.core.windows.net/201901/138454.jpg,OK,0,16,HUEHUETENANGO,SAN JUAN ATITÁN,13845,CORPORACIÓN MUNICIPAL,8,2,2,0,1,4,311,311,296,296,0,128,136,10,22
1,2,0,208,208,13,https://resultados2019.blob.core.windows.net/201901/138494.jpg,OK,0,16,HUEHUETENANGO,SAN JUAN ATITÁN,13849,CORPORACIÓN MUNICIPAL,2,2,2,0,1,4,148,148,144,144,0,53,74,9,8
1,3,0,400,400,13,https://resultados2019.blob.core.windows.net/201901/138284.jpg,OK,0,16,HUEHUETENANGO,SAN JUAN ATITÁN,13828,CORPORACIÓN MUNICIPAL,1,2,2,0,1,4,300,300,296,296,2,66,163,61,4
1,0,0,209,209,13,https://resultados2019.blob.core.windows.net/201901/138484.jpg,OK,0,16,HUEHUETENANGO,SAN JUAN ATITÁN,13848,CORPORACIÓN MUNICIPAL,1,2,2,0,1,4,143,143,142,142,1,62,69,8,2
1,5,0,400,400,13,https://resultados2019.blob.core.windows.net/201901/138334.jpg,OK,0,16,HUEHUETENANGO,SAN JUAN ATITÁN,13833,CORPORACIÓN MUNICIPAL,2,2,2,0,1,4,341,341,334,334,2,63,93,159,17
1,4,0,352,352,13,https://resultados2019.blob.core.windows.net/201901/138584.jpg,OK,0,16,HUEHUETENANGO,SAN JUAN ATITÁN,13858,CORPORACIÓN MUNICIPAL,1,2,2,0,1,4,266,266,261,261,0,76,81,103,1
1,2,0,329,329,13,https://resultados2019.blob.core.windows.net/201901/138554.jpg,OK,0,16,HUEHUETENANGO,SAN JUAN ATITÁN,13855,CORPORACIÓN MUNICIPAL,0,2,2,0,1,4,214,214,212,212,1,91,66,39,15
1,2,0,400,400,13,https://resultados2019.blob.core.windows.net/201901/138344.jpg,OK,0,16,HUEHUETENANGO,SAN JUAN ATITÁN,13834,CORPORACIÓN MUNICIPAL,3,2,2,0,1,4,277,277,272,272,2,82,110,63,15
1,4,0,400,400,13,https://resultados2019.blob.core.windows.net/201901/138394.jpg,OK,0,16,HUEHUETENANGO,SAN JUAN ATITÁN,13839,CORPORACIÓN MUNICIPAL,0,2,2,0,1,4,288,288,284,284,1,82,113,74,14
1,3,0,400,400,13,https://resultados2019.blob.core.windows.net/201901/138354.jpg,OK,0,16,HUEHUETENANGO,SAN JUAN ATITÁN,13835,CORPORACIÓN MUNICIPAL,0,2,2,0,1,4,241,241,238,238,1,69,86,76,6
1,6,0,380,380,13,https://resultados2019.blob.core.windows.net/201901/138534.jpg,OK,0,16,HUEHUETENANGO,SAN JUAN ATITÁN,13853,CORPORACIÓN MUNICIPAL,0,2,2,0,1,4,302,302,296,296,1,125,78,79,13
1,3,0,380,380,13,https://resultados2019.blob.core.windows.net/201901/138474.jpg,OK,0,16,HUEHUETENANGO,SAN JUAN ATITÁN,13847,CORPORACIÓN MUNICIPAL,6,2,2,0,1,4,241,241,232,232,0,85,117,16,14
1,2,0,400,400,13,https://resultados2019.blob.core.windows.net/201901/138384.jpg,OK,0,16,HUEHUETENANGO,SAN JUAN ATITÁN,13838,CORPORACIÓN MUNICIPAL,4,2,2,0,1,4,285,285,279,279,4,79,106,73,17
1,4,0,400,400,13,https://resultados2019.blob.core.windows.net/201901/138314.jpg,OK,0,16,HUEHUETENANGO,SAN JUAN ATITÁN,13831,CORPORACIÓN MUNICIPAL,3,2,2,0,1,4,316,316,309,309,5,79,149,50,26
1,2,0,380,380,13,https://resultados2019.blob.core.windows.net/201901/138514.jpg,OK,0,16,HUEHUETENANGO,SAN JUAN ATITÁN,13851,CORPORACIÓN MUNICIPAL,2,2,2,0,1,4,296,296,292,292,0,146,101,27,18
1,6,0,380,380,13,https://resultados2019.blob.core.windows.net/201901/138524.jpg,OK,0,16,HUEHUETENANGO,SAN JUAN ATITÁN,13852,CORPORACIÓN MUNICIPAL,5,2,2,0,1,4,312,312,301,301,0,128,114,49,10
1,6,0,308,308,13,https://resultados2019.blob.core.windows.net/201901/138414.jpg,OK,0,16,HUEHUETENANGO,SAN JUAN ATITÁN,13841,CORPORACIÓN MUNICIPAL,3,2,2,0,1,4,156,156,147,147,2,43,57,39,6
1,9,0,400,400,13,https://resultados2019.blob.core.windows.net/201901/138304.jpg,OK,0,16,HUEHUETENANGO,SAN JUAN ATITÁN,13830,CORPORACIÓN MUNICIPAL,2,2,2,0,1,4,346,346,335,335,1,37,158,128,11
1,4,0,400,400,13,https://resultados2019.blob.core.windows.net/201901/138254.jpg,OK,0,16,HUEHUETENANGO,SAN JUAN ATITÁN,13825,CORPORACIÓN MUNICIPAL,3,2,2,0,1,4,286,286,279,279,4,64,133,65,13
1,0,0,400,400,13,https://resultados2019.blob.core.windows.net/201901/138294.jpg,OK,0,16,HUEHUETENANGO,SAN JUAN ATITÁN,13829,CORPORACIÓN MUNICIPAL,0,1,0,0,1,4,310,310,310,310,1,98,141,58,12
1,2,0,308,308,13,https://resultados2019.blob.core.windows.net/201901/138404.jpg,OK,0,16,HUEHUETENANGO,SAN JUAN ATITÁN,13840,CORPORACIÓN MUNICIPAL,0,2,2,0,1,4,245,245,243,243,0,58,98,75,12
1,4,0,400,400,13,https://resultados2019.blob.core.windows.net/201901/138274.jpg,OK,0,16,HUEHUETENANGO,SAN JUAN ATITÁN,13827,CORPORACIÓN MUNICIPAL,2,2,2,0,1,4,318,318,312,312,0,73,163,65,11
1,11,0,380,380,13,https://resultados2019.blob.core.windows.net/201901/138444.jpg,OK,0,16,HUEHUETENANGO,SAN JUAN ATITÁN,13844,CORPORACIÓN MUNICIPAL,5,2,2,0,1,4,306,306,290,290,0,86,154,34,16
1,3,0,380,380,13,https://resultados2019.blob.core.windows.net/201901/138544.jpg,OK,0,16,HUEHUETENANGO,SAN JUAN ATITÁN,13854,CORPORACIÓN MUNICIPAL,4,2,2,0,1,4,244,244,237,237,0,95,93,38,11
1,9,0,380,380,13,https://resultados2019.blob.core.windows.net/201901/138434.jpg,OK,0,16,HUEHUETENANGO,SAN JUAN ATITÁN,13843,CORPORACIÓN MUNICIPAL,4,2,2,0,1,4,315,315,302,302,0,112,150,33,7
1,8,0,380,400,13,https://resultados2019.blob.core.windows.net/201901/138464.jpg,OK,0,16,HUEHUETENANGO,SAN JUAN ATITÁN,13846,CORPORACIÓN MUNICIPAL,2,2,2,0,1,4,262,262,252,252,0,82,138,21,11
1,4,0,380,400,13,https://resultados2019.blob.core.windows.net/201901/138574.jpg,OK,0,16,HUEHUETENANGO,SAN JUAN ATITÁN,13857,CORPORACIÓN MUNICIPAL,2,2,2,0,1,4,298,298,292,292,0,82,115,92,3
1,4,0,400,400,13,https://resultados2019.blob.core.windows.net/201901/138324.jpg,OK,6,16,HUEHUETENANGO,SAN JUAN ATITÁN,13832,CORPORACIÓN MUNICIPAL,2,2,2,0,1,4,311,311,305,305,5,92,112,74,22
1,3,0,400,400,13,https://resultados2019.blob.core.windows.net/201901/138374.jpg,OK,0,16,HUEHUETENANGO,SAN JUAN ATITÁN,13837,CORPORACIÓN MUNICIPAL,6,2,2,0,1,4,250,250,241,241,2,84,91,54,10
1,3,0,329,329,13,https://resultados2019.blob.core.windows.net/201901/138564.jpg,OK,0,16,HUEHUETENANGO,SAN JUAN ATITÁN,13856,CORPORACIÓN MUNICIPAL,0,2,2,0,1,4,249,249,246,246,0,100,81,50,15
