ACTACUADRA,BLANCOS,CNTIMPUGNA,CNTINSCRITOS,CNTPAPELETAS,DEP,IMGSRC,IMGSTATUS,INVALIDOS,MUN,NDEP,NMUN,NROMESA,NTE,NULOS,STACTA,STESCAN,STFISIC,STTRANS,TIPOELECCION,TOTALACTA,TOTALVOTOS,VOTOSVALIDOS,VOTOSVALIDOSACTA,voto_EG,voto_FCN-NACION,voto_FUERZA,voto_TODOS,voto_UCN,voto_UNE,voto_URNG_MAIZ,voto_VAMOS
1,2,0,380,378,13,https://resultados2019.blob.core.windows.net/201901/140114.jpg,OK,0,19,HUEHUETENANGO,COLOTENANGO,14011,CORPORACIÓN MUNICIPAL,9,2,2,0,1,4,254,254,243,243,0,4,12,13,64,94,47,9
1,8,0,400,400,13,https://resultados2019.blob.core.windows.net/201901/139854.jpg,OK,0,19,HUEHUETENANGO,COLOTENANGO,13985,CORPORACIÓN MUNICIPAL,14,2,2,0,1,4,251,251,229,229,1,1,2,13,130,60,16,6
1,3,0,380,377,13,https://resultados2019.blob.core.windows.net/201901/140034.jpg,OK,9,19,HUEHUETENANGO,COLOTENANGO,14003,CORPORACIÓN MUNICIPAL,0,2,2,0,1,4,236,236,233,233,1,11,1,6,137,46,21,10
1,16,0,400,400,13,https://resultados2019.blob.core.windows.net/201901/140084.jpg,OK,0,19,HUEHUETENANGO,COLOTENANGO,14008,CORPORACIÓN MUNICIPAL,5,2,2,0,1,4,309,309,288,288,0,42,3,2,100,86,35,20
1,5,0,201,202,13,https://resultados2019.blob.core.windows.net/201901/140094.jpg,OK,0,19,HUEHUETENANGO,COLOTENANGO,14009,CORPORACIÓN MUNICIPAL,5,2,2,0,1,4,132,132,122,122,1,20,1,2,35,32,18,13
1,4,0,269,262,13,https://resultados2019.blob.core.windows.net/201901/139874.jpg,OK,0,19,HUEHUETENANGO,COLOTENANGO,13987,CORPORACIÓN MUNICIPAL,3,2,2,0,1,4,169,169,162,162,0,2,2,10,68,59,16,5
1,12,0,380,380,13,https://resultados2019.blob.core.windows.net/201901/140124.jpg,OK,0,19,HUEHUETENANGO,COLOTENANGO,14012,CORPORACIÓN MUNICIPAL,17,2,2,0,1,4,297,297,268,268,1,1,3,15,81,141,22,4
1,7,0,380,380,13,https://resultados2019.blob.core.windows.net/201901/139924.jpg,OK,0,19,HUEHUETENANGO,COLOTENANGO,13992,CORPORACIÓN MUNICIPAL,20,2,2,0,1,4,253,253,226,226,1,1,4,20,92,53,40,15
1,6,0,400,400,13,https://resultados2019.blob.core.windows.net/201901/139754.jpg,OK,0,19,HUEHUETENANGO,COLOTENANGO,13975,CORPORACIÓN MUNICIPAL,11,2,2,0,1,4,228,228,211,211,1,8,6,16,83,64,15,18
1,7,0,380,380,13,https://resultados2019.blob.core.windows.net/201901/139934.jpg,OK,0,19,HUEHUETENANGO,COLOTENANGO,13993,CORPORACIÓN MUNICIPAL,10,2,2,0,1,4,203,203,186,186,1,2,4,12,69,53,24,21
1,7,0,380,380,13,https://resultados2019.blob.core.windows.net/201901/139894.jpg,OK,0,19,HUEHUETENANGO,COLOTENANGO,13989,CORPORACIÓN MUNICIPAL,18,2,2,0,1,4,293,293,268,268,2,2,4,19,90,64,56,31
1,8,0,400,400,13,https://resultados2019.blob.core.windows.net/201901/139804.jpg,OK,0,19,HUEHUETENANGO,COLOTENANGO,13980,CORPORACIÓN MUNICIPAL,12,2,2,0,1,4,313,313,293,293,2,4,2,16,97,158,7,7
1,11,0,280,277,13,https://resultados2019.blob.core.windows.net/201901/140014.jpg,OK,0,19,HUEHUETENANGO,COLOTENANGO,14001,CORPORACIÓN MUNICIPAL,3,2,2,0,1,4,139,139,125,125,1,15,3,36,11,16,24,19
1,13,0,400,400,13,https://resultados2019.blob.core.windows.net/201901/139784.jpg,OK,0,19,HUEHUETENANGO,COLOTENANGO,13978,CORPORACIÓN MUNICIPAL,11,2,2,0,1,4,322,322,298,298,1,3,6,7,235,29,11,6
1,9,0,281,271,13,https://resultados2019.blob.core.windows.net/201901/140004.jpg,OK,0,19,HUEHUETENANGO,COLOTENANGO,14000,CORPORACIÓN MUNICIPAL,9,2,2,0,1,4,146,146,128,128,0,12,1,36,19,12,19,29
1,9,0,380,380,13,https://resultados2019.blob.core.windows.net/201901/139994.jpg,OK,0,19,HUEHUETENANGO,COLOTENANGO,13999,CORPORACIÓN MUNICIPAL,7,2,2,0,1,4,221,221,205,205,0,27,8,56,11,44,32,27
1,5,0,205,205,13,https://resultados2019.blob.core.windows.net/201901/140134.jpg,OK,0,19,HUEHUETENANGO,COLOTENANGO,14013,CORPORACIÓN MUNICIPAL,0,2,2,0,1,4,124,124,119,119,0,4,0,5,32,54,15,9
1,5,0,400,400,13,https://resultados2019.blob.core.windows.net/201901/139714.jpg,OK,0,19,HUEHUETENANGO,COLOTENANGO,13971,CORPORACIÓN MUNICIPAL,7,2,2,0,1,4,239,239,227,227,2,3,2,22,97,75,17,9
1,17,0,400,400,13,https://resultados2019.blob.core.windows.net/201901/139664.jpg,OK,0,19,HUEHUETENANGO,COLOTENANGO,13966,CORPORACIÓN MUNICIPAL,20,2,2,0,1,4,309,309,272,272,0,5,10,26,169,49,5,8
1,17,0,380,380,13,https://resultados2019.blob.core.windows.net/201901/139914.jpg,OK,0,19,HUEHUETENANGO,COLOTENANGO,13991,CORPORACIÓN MUNICIPAL,22,2,2,0,1,4,288,288,249,249,8,2,7,16,103,57,44,12
1,11,0,330,330,13,https://resultados2019.blob.core.windows.net/201901/140074.jpg,OK,0,19,HUEHUETENANGO,COLOTENANGO,14007,CORPORACIÓN MUNICIPAL,6,2,2,0,1,4,176,176,159,159,0,29,2,9,58,41,13,7
1,13,0,400,400,13,https://resultados2019.blob.core.windows.net/201901/139724.jpg,OK,0,19,HUEHUETENANGO,COLOTENANGO,13972,CORPORACIÓN MUNICIPAL,11,2,2,0,1,4,283,283,259,259,1,10,0,13,127,59,45,4
1,8,0,362,362,13,https://resultados2019.blob.core.windows.net/201901/139954.jpg,OK,0,19,HUEHUETENANGO,COLOTENANGO,13995,CORPORACIÓN MUNICIPAL,5,2,2,0,1,4,241,241,228,228,0,1,3,18,84,59,44,19
1,17,0,400,400,13,https://resultados2019.blob.core.windows.net/201901/139704.jpg,OK,0,19,HUEHUETENANGO,COLOTENANGO,13970,CORPORACIÓN MUNICIPAL,12,2,2,0,1,4,307,307,278,278,1,5,8,28,76,117,8,35
1,12,0,380,380,13,https://resultados2019.blob.core.windows.net/201901/139904.jpg,OK,0,19,HUEHUETENANGO,COLOTENANGO,13990,CORPORACIÓN MUNICIPAL,19,2,2,0,1,4,298,298,267,267,4,2,2,31,106,79,24,19
1,10,0,301,301,13,https://resultados2019.blob.core.windows.net/201901/139774.jpg,OK,0,19,HUEHUETENANGO,COLOTENANGO,13977,CORPORACIÓN MUNICIPAL,3,2,2,0,1,4,175,175,162,162,0,7,4,18,59,51,6,17
1,13,0,400,400,13,https://resultados2019.blob.core.windows.net/201901/139654.jpg,OK,0,19,HUEHUETENANGO,COLOTENANGO,13965,CORPORACIÓN MUNICIPAL,12,2,2,0,1,4,261,261,236,236,1,8,3,28,114,58,11,13
1,5,0,400,400,13,https://resultados2019.blob.core.windows.net/201901/139744.jpg,OK,0,19,HUEHUETENANGO,COLOTENANGO,13974,CORPORACIÓN MUNICIPAL,8,2,2,0,1,4,246,246,233,233,0,8,7,20,89,78,26,5
1,5,0,380,380,13,https://resultados2019.blob.core.windows.net/201901/140024.jpg,OK,0,19,HUEHUETENANGO,COLOTENANGO,14002,CORPORACIÓN MUNICIPAL,17,2,2,0,1,4,225,225,203,203,1,29,2,14,66,61,13,17
1,7,0,362,362,13,https://resultados2019.blob.core.windows.net/201901/139944.jpg,OK,0,19,HUEHUETENANGO,COLOTENANGO,13994,CORPORACIÓN MUNICIPAL,11,2,2,0,1,4,185,185,167,167,5,2,1,14,57,33,29,26
1,7,0,380,380,13,https://resultados2019.blob.core.windows.net/201901/139974.jpg,OK,0,19,HUEHUETENANGO,COLOTENANGO,13997,CORPORACIÓN MUNICIPAL,6,2,2,0,1,4,219,219,206,206,1,18,2,20,23,53,55,34
1,8,0,400,400,13,https://resultados2019.blob.core.windows.net/201901/139834.jpg,OK,0,19,HUEHUETENANGO,COLOTENANGO,13983,CORPORACIÓN MUNICIPAL,10,2,2,0,1,4,292,292,274,274,1,6,3,9,80,155,13,7
1,8,0,400,400,13,https://resultados2019.blob.core.windows.net/201901/139794.jpg,OK,0,19,HUEHUETENANGO,COLOTENANGO,13979,CORPORACIÓN MUNICIPAL,16,2,2,0,1,4,296,296,272,272,4,6,4,10,180,51,13,4
1,17,0,380,380,13,https://resultados2019.blob.core.windows.net/201901/139964.jpg,OK,0,19,HUEHUETENANGO,COLOTENANGO,13996,CORPORACIÓN MUNICIPAL,13,2,2,0,1,4,232,232,202,202,0,27,6,56,23,32,34,24
1,10,0,400,400,13,https://resultados2019.blob.core.windows.net/201901/139674.jpg,OK,0,19,HUEHUETENANGO,COLOTENANGO,13967,CORPORACIÓN MUNICIPAL,23,2,2,0,1,4,305,305,272,272,3,3,9,21,152,70,6,8
1,1,0,201,199,13,https://resultados2019.blob.core.windows.net/201901/140104.jpg,OK,0,19,HUEHUETENANGO,COLOTENANGO,14010,CORPORACIÓN MUNICIPAL,6,2,2,0,1,4,114,114,107,107,1,19,0,0,33,25,12,17
1,5,0,467,467,13,https://resultados2019.blob.core.windows.net/201901/140154.jpg,OK,0,19,HUEHUETENANGO,COLOTENANGO,14015,CORPORACIÓN MUNICIPAL,4,2,2,0,1,4,102,102,93,93,1,3,2,9,50,16,7,5
1,14,0,400,400,13,https://resultados2019.blob.core.windows.net/201901/139824.jpg,OK,0,19,HUEHUETENANGO,COLOTENANGO,13982,CORPORACIÓN MUNICIPAL,26,2,2,0,1,4,306,306,266,266,0,9,2,12,132,79,26,6
1,4,0,301,300,13,https://resultados2019.blob.core.windows.net/201901/139764.jpg,OK,0,19,HUEHUETENANGO,COLOTENANGO,13976,CORPORACIÓN MUNICIPAL,7,2,2,0,1,4,205,205,194,194,0,8,2,15,81,55,15,18
1,15,0,400,400,13,https://resultados2019.blob.core.windows.net/201901/139734.jpg,OK,0,19,HUEHUETENANGO,COLOTENANGO,13973,CORPORACIÓN MUNICIPAL,17,2,2,0,1,4,281,281,249,249,2,23,5,7,99,92,5,16
1,8,0,400,400,13,https://resultados2019.blob.core.windows.net/201901/139814.jpg,OK,0,19,HUEHUETENANGO,COLOTENANGO,13981,CORPORACIÓN MUNICIPAL,10,2,2,0,1,4,259,259,241,241,0,1,3,12,126,83,13,3
1,16,0,380,380,13,https://resultados2019.blob.core.windows.net/201901/139884.jpg,OK,0,19,HUEHUETENANGO,COLOTENANGO,13988,CORPORACIÓN MUNICIPAL,16,2,2,0,1,4,264,264,232,232,2,3,3,13,90,61,40,20
1,7,0,380,378,13,https://resultados2019.blob.core.windows.net/201901/140044.jpg,OK,0,19,HUEHUETENANGO,COLOTENANGO,14004,CORPORACIÓN MUNICIPAL,4,2,2,0,1,4,255,255,244,244,3,45,3,22,96,42,21,12
1,5,0,330,327,13,https://resultados2019.blob.core.windows.net/201901/140064.jpg,OK,0,19,HUEHUETENANGO,COLOTENANGO,14006,CORPORACIÓN MUNICIPAL,9,2,2,0,1,4,166,166,152,152,2,29,2,5,62,30,14,8
1,12,0,380,376,13,https://resultados2019.blob.core.windows.net/201901/139984.jpg,OK,0,19,HUEHUETENANGO,COLOTENANGO,13998,CORPORACIÓN MUNICIPAL,12,2,2,0,1,4,256,256,232,232,0,35,6,74,19,11,28,59
1,6,0,269,259,13,https://resultados2019.blob.core.windows.net/201901/139864.jpg,OK,0,19,HUEHUETENANGO,COLOTENANGO,13986,CORPORACIÓN MUNICIPAL,4,2,2,0,1,4,169,169,159,159,1,1,0,1,82,56,16,2
1,16,0,380,380,13,https://resultados2019.blob.core.windows.net/201901/140054.jpg,OK,0,19,HUEHUETENANGO,COLOTENANGO,14005,CORPORACIÓN MUNICIPAL,6,2,2,0,1,4,243,243,221,221,1,79,5,15,44,59,9,9
1,11,0,400,400,13,https://resultados2019.blob.core.windows.net/201901/139844.jpg,OK,0,19,HUEHUETENANGO,COLOTENANGO,13984,CORPORACIÓN MUNICIPAL,13,2,2,0,1,4,285,285,261,261,1,3,2,19,156,43,31,6
1,2,0,204,204,13,https://resultados2019.blob.core.windows.net/201901/140144.jpg,OK,0,19,HUEHUETENANGO,COLOTENANGO,14014,CORPORACIÓN MUNICIPAL,1,2,2,0,1,4,150,150,147,147,0,1,3,5,33,77,22,6
1,7,0,400,395,13,https://resultados2019.blob.core.windows.net/201901/139684.jpg,OK,0,19,HUEHUETENANGO,COLOTENANGO,13968,CORPORACIÓN MUNICIPAL,19,2,2,0,1,4,298,298,272,272,2,3,5,20,124,96,15,7
1,10,0,400,400,13,https://resultados2019.blob.core.windows.net/201901/139694.jpg,OK,0,19,HUEHUETENANGO,COLOTENANGO,13969,CORPORACIÓN MUNICIPAL,8,2,2,0,1,4,307,307,289,289,1,4,3,30,89,151,4,7
