ACTACUADRA,BLANCOS,CNTIMPUGNA,CNTINSCRITOS,CNTPAPELETAS,DEP,IMGSRC,IMGSTATUS,INVALIDOS,MUN,NDEP,NMUN,NROMESA,NTE,NULOS,STACTA,STESCAN,STFISIC,STTRANS,TIPOELECCION,TOTALACTA,TOTALVOTOS,VOTOSVALIDOS,VOTOSVALIDOSACTA,voto_FUERZA,voto_SEMILLA,voto_TODOS,voto_UCN,voto_UNE,voto_VAMOS,voto_WINAQ
1,5,0,400,400,13,https://resultados2019.blob.core.windows.net/201901/138754.jpg,OK,0,17,HUEHUETENANGO,SANTA EULALIA,13875,CORPORACIÓN MUNICIPAL,4,2,2,0,1,4,240,240,231,231,16,8,12,60,67,63,5
1,15,0,400,284,13,https://resultados2019.blob.core.windows.net/201901/138624.jpg,OK,38,17,HUEHUETENANGO,SANTA EULALIA,13862,CORPORACIÓN MUNICIPAL,23,2,2,0,1,4,284,284,246,246,24,5,8,39,101,63,6
1,13,0,400,400,13,https://resultados2019.blob.core.windows.net/201901/138914.jpg,OK,25,17,HUEHUETENANGO,SANTA EULALIA,13891,CORPORACIÓN MUNICIPAL,12,2,2,0,1,4,255,255,230,230,37,1,7,49,81,48,7
1,5,0,400,400,13,https://resultados2019.blob.core.windows.net/201901/138784.jpg,OK,0,17,HUEHUETENANGO,SANTA EULALIA,13878,CORPORACIÓN MUNICIPAL,10,2,2,0,1,4,248,248,233,233,22,9,8,53,83,54,4
1,5,0,325,325,13,https://resultados2019.blob.core.windows.net/201901/138954.jpg,OK,2,17,HUEHUETENANGO,SANTA EULALIA,13895,CORPORACIÓN MUNICIPAL,6,2,2,0,1,4,176,176,165,165,22,1,6,29,75,32,0
1,6,0,400,400,13,https://resultados2019.blob.core.windows.net/201901/138724.jpg,OK,0,17,HUEHUETENANGO,SANTA EULALIA,13872,CORPORACIÓN MUNICIPAL,6,2,2,0,1,4,266,266,254,254,22,3,10,48,103,61,7
1,5,0,380,380,13,https://resultados2019.blob.core.windows.net/201901/138994.jpg,OK,0,17,HUEHUETENANGO,SANTA EULALIA,13899,CORPORACIÓN MUNICIPAL,5,2,2,0,1,4,183,183,173,173,14,1,5,69,78,6,0
1,10,0,400,400,13,https://resultados2019.blob.core.windows.net/201901/138774.jpg,OK,5,17,HUEHUETENANGO,SANTA EULALIA,13877,CORPORACIÓN MUNICIPAL,13,2,2,0,1,4,225,225,202,202,12,9,14,33,70,55,9
1,5,0,400,400,13,https://resultados2019.blob.core.windows.net/201901/138794.jpg,OK,0,17,HUEHUETENANGO,SANTA EULALIA,13879,CORPORACIÓN MUNICIPAL,6,2,2,0,1,4,236,236,225,225,17,10,9,54,85,49,1
1,7,0,380,373,13,https://resultados2019.blob.core.windows.net/201901/138874.jpg,OK,0,17,HUEHUETENANGO,SANTA EULALIA,13887,CORPORACIÓN MUNICIPAL,12,2,2,0,1,4,234,234,215,215,8,2,10,42,90,57,6
1,10,0,400,400,13,https://resultados2019.blob.core.windows.net/201901/138704.jpg,OK,0,17,HUEHUETENANGO,SANTA EULALIA,13870,CORPORACIÓN MUNICIPAL,13,2,2,0,1,4,277,277,254,254,17,5,13,44,124,46,5
1,7,0,380,380,13,https://resultados2019.blob.core.windows.net/201901/138854.jpg,OK,0,17,HUEHUETENANGO,SANTA EULALIA,13885,CORPORACIÓN MUNICIPAL,8,2,2,0,1,4,284,284,269,269,12,4,9,47,123,69,5
1,11,0,380,380,13,https://resultados2019.blob.core.windows.net/201901/139014.jpg,OK,0,17,HUEHUETENANGO,SANTA EULALIA,13901,CORPORACIÓN MUNICIPAL,6,2,2,0,1,4,160,160,143,143,12,1,5,62,56,5,2
1,8,0,400,280,13,https://resultados2019.blob.core.windows.net/201901/138644.jpg,OK,0,17,HUEHUETENANGO,SANTA EULALIA,13864,CORPORACIÓN MUNICIPAL,10,2,2,0,1,4,278,278,260,260,14,9,19,43,80,89,6
1,16,0,400,400,13,https://resultados2019.blob.core.windows.net/201901/138604.jpg,OK,0,17,HUEHUETENANGO,SANTA EULALIA,13860,CORPORACIÓN MUNICIPAL,6,2,2,0,1,4,260,260,238,238,29,6,15,44,78,61,5
1,6,0,380,377,13,https://resultados2019.blob.core.windows.net/201901/138834.jpg,OK,0,17,HUEHUETENANGO,SANTA EULALIA,13883,CORPORACIÓN MUNICIPAL,13,2,2,0,1,4,254,254,235,235,16,2,11,42,91,66,7
1,2,0,324,324,13,https://resultados2019.blob.core.windows.net/201901/139074.jpg,OK,0,17,HUEHUETENANGO,SANTA EULALIA,13907,CORPORACIÓN MUNICIPAL,1,2,2,0,1,4,70,70,67,67,9,0,3,17,19,18,1
1,9,0,400,400,13,https://resultados2019.blob.core.windows.net/201901/138744.jpg,OK,0,17,HUEHUETENANGO,SANTA EULALIA,13874,CORPORACIÓN MUNICIPAL,10,2,2,0,1,4,250,250,231,231,22,10,10,43,84,54,8
0,9,0,380,380,13,https://resultados2019.blob.core.windows.net/201901/138884.jpg,OK,0,17,HUEHUETENANGO,SANTA EULALIA,13888,CORPORACIÓN MUNICIPAL,9,2,2,0,1,4,224,225,207,207,10,2,11,33,85,61,5
1,5,0,400,400,13,https://resultados2019.blob.core.windows.net/201901/138714.jpg,OK,0,17,HUEHUETENANGO,SANTA EULALIA,13871,CORPORACIÓN MUNICIPAL,11,2,2,0,1,4,269,269,253,253,22,3,13,94,88,30,3
1,2,0,400,400,13,https://resultados2019.blob.core.windows.net/201901/138804.jpg,OK,0,17,HUEHUETENANGO,SANTA EULALIA,13880,CORPORACIÓN MUNICIPAL,4,2,2,0,1,4,260,260,254,254,18,5,14,77,85,48,7
1,0,0,232,232,13,https://resultados2019.blob.core.windows.net/201901/139044.jpg,OK,0,17,HUEHUETENANGO,SANTA EULALIA,13904,CORPORACIÓN MUNICIPAL,5,2,2,0,1,4,126,126,121,121,11,1,4,53,45,4,3
1,8,0,369,366,13,https://resultados2019.blob.core.windows.net/201901/138824.jpg,OK,0,17,HUEHUETENANGO,SANTA EULALIA,13882,CORPORACIÓN MUNICIPAL,4,2,2,0,1,4,203,203,191,191,17,4,10,43,62,48,7
1,3,1,400,400,13,https://resultados2019.blob.core.windows.net/201901/138764.jpg,OK,0,17,HUEHUETENANGO,SANTA EULALIA,13876,CORPORACIÓN MUNICIPAL,7,2,2,0,1,4,253,253,243,243,21,14,16,45,73,69,5
1,4,0,400,400,13,https://resultados2019.blob.core.windows.net/201901/138684.jpg,OK,0,17,HUEHUETENANGO,SANTA EULALIA,13868,CORPORACIÓN MUNICIPAL,8,2,2,0,1,4,227,227,215,215,16,7,11,40,78,59,4
1,7,0,380,380,13,https://resultados2019.blob.core.windows.net/201901/138984.jpg,OK,0,17,HUEHUETENANGO,SANTA EULALIA,13898,CORPORACIÓN MUNICIPAL,18,2,2,0,1,4,222,222,197,197,30,2,4,70,83,6,2
1,7,0,380,377,13,https://resultados2019.blob.core.windows.net/201901/138974.jpg,OK,0,17,HUEHUETENANGO,SANTA EULALIA,13897,CORPORACIÓN MUNICIPAL,12,2,2,0,1,4,212,212,193,193,30,5,8,63,78,9,0
1,14,0,380,373,13,https://resultados2019.blob.core.windows.net/201901/138864.jpg,OK,0,17,HUEHUETENANGO,SANTA EULALIA,13886,CORPORACIÓN MUNICIPAL,9,2,2,0,1,4,301,301,278,278,17,3,4,55,100,93,6
1,11,0,380,380,13,https://resultados2019.blob.core.windows.net/201901/139034.jpg,OK,0,17,HUEHUETENANGO,SANTA EULALIA,13903,CORPORACIÓN MUNICIPAL,8,2,2,0,1,4,187,187,168,168,31,2,5,60,59,11,0
1,6,0,369,369,13,https://resultados2019.blob.core.windows.net/201901/138814.jpg,OK,1,17,HUEHUETENANGO,SANTA EULALIA,13881,CORPORACIÓN MUNICIPAL,7,2,2,0,1,4,259,259,246,246,31,4,9,44,93,63,2
1,4,0,400,400,13,https://resultados2019.blob.core.windows.net/201901/138664.jpg,OK,0,17,HUEHUETENANGO,SANTA EULALIA,13866,CORPORACIÓN MUNICIPAL,10,2,2,0,1,4,265,265,251,251,15,7,11,56,94,62,6
1,6,0,400,400,13,https://resultados2019.blob.core.windows.net/201901/138694.jpg,OK,0,17,HUEHUETENANGO,SANTA EULALIA,13869,CORPORACIÓN MUNICIPAL,13,2,2,0,1,4,245,245,226,226,11,3,7,82,76,41,6
1,17,0,400,400,13,https://resultados2019.blob.core.windows.net/201901/138734.jpg,OK,125,17,HUEHUETENANGO,SANTA EULALIA,13873,CORPORACIÓN MUNICIPAL,27,2,2,0,1,4,275,275,231,231,13,2,4,74,90,43,5
1,7,0,380,380,13,https://resultados2019.blob.core.windows.net/201901/138844.jpg,OK,0,17,HUEHUETENANGO,SANTA EULALIA,13884,CORPORACIÓN MUNICIPAL,14,2,2,0,1,4,250,250,229,229,22,1,14,26,88,72,6
0,7,0,400,396,13,https://resultados2019.blob.core.windows.net/201901/138944.jpg,OK,0,17,HUEHUETENANGO,SANTA EULALIA,13894,CORPORACIÓN MUNICIPAL,6,2,2,0,1,4,209,149,136,196,4,2,7,48,71,1,3
1,7,0,380,380,13,https://resultados2019.blob.core.windows.net/201901/139024.jpg,OK,0,17,HUEHUETENANGO,SANTA EULALIA,13902,CORPORACIÓN MUNICIPAL,8,2,2,0,1,4,174,174,159,159,21,0,4,73,53,6,2
1,4,0,325,400,13,https://resultados2019.blob.core.windows.net/201901/138964.jpg,OK,0,17,HUEHUETENANGO,SANTA EULALIA,13896,CORPORACIÓN MUNICIPAL,2,2,2,0,1,4,200,200,194,194,39,1,6,41,53,52,2
1,2,0,600,597,13,https://resultados2019.blob.core.windows.net/201901/139064.jpg,OK,3,17,HUEHUETENANGO,SANTA EULALIA,13906,CORPORACIÓN MUNICIPAL,8,2,2,0,1,4,180,180,170,170,10,1,11,39,48,55,6
1,12,0,400,400,13,https://resultados2019.blob.core.windows.net/201901/138614.jpg,OK,0,17,HUEHUETENANGO,SANTA EULALIA,13861,CORPORACIÓN MUNICIPAL,13,2,2,0,1,4,234,234,209,209,23,6,17,40,81,40,2
1,1,1,208,206,13,https://resultados2019.blob.core.windows.net/201901/138904.jpg,OK,0,17,HUEHUETENANGO,SANTA EULALIA,13890,CORPORACIÓN MUNICIPAL,1,2,2,0,1,4,142,142,140,140,8,0,7,24,58,39,4
0,4,0,400,396,13,https://resultados2019.blob.core.windows.net/201901/138674.jpg,OK,11,17,HUEHUETENANGO,SANTA EULALIA,13867,CORPORACIÓN MUNICIPAL,7,2,2,0,1,4,257,268,257,257,16,11,19,45,89,70,7
1,3,0,209,206,13,https://resultados2019.blob.core.windows.net/201901/138894.jpg,OK,0,17,HUEHUETENANGO,SANTA EULALIA,13889,CORPORACIÓN MUNICIPAL,1,2,2,0,1,4,137,137,133,133,9,0,5,21,52,43,3
1,4,0,380,373,13,https://resultados2019.blob.core.windows.net/201901/139004.jpg,OK,1,17,HUEHUETENANGO,SANTA EULALIA,13900,CORPORACIÓN MUNICIPAL,5,2,2,0,1,4,147,147,138,138,6,2,7,71,43,8,1
1,10,0,400,400,13,https://resultados2019.blob.core.windows.net/201901/138924.jpg,OK,137,17,HUEHUETENANGO,SANTA EULALIA,13892,CORPORACIÓN MUNICIPAL,6,2,2,0,1,4,263,263,247,247,32,4,10,48,96,54,3
1,3,0,232,230,13,https://resultados2019.blob.core.windows.net/201901/139054.jpg,OK,0,17,HUEHUETENANGO,SANTA EULALIA,13905,CORPORACIÓN MUNICIPAL,4,2,2,0,1,4,129,129,122,122,16,2,4,42,45,13,0
1,4,0,400,254,13,https://resultados2019.blob.core.windows.net/201901/138654.jpg,OK,1,17,HUEHUETENANGO,SANTA EULALIA,13865,CORPORACIÓN MUNICIPAL,14,2,2,0,1,4,254,254,236,236,27,5,10,41,102,43,8
1,3,0,324,313,13,https://resultados2019.blob.core.windows.net/201901/139084.jpg,OK,0,17,HUEHUETENANGO,SANTA EULALIA,13908,CORPORACIÓN MUNICIPAL,0,2,2,0,1,4,38,38,35,35,1,3,2,12,8,9,0
1,6,0,400,400,13,https://resultados2019.blob.core.windows.net/201901/138934.jpg,OK,147,17,HUEHUETENANGO,SANTA EULALIA,13893,CORPORACIÓN MUNICIPAL,11,2,2,0,1,4,253,253,236,236,29,0,9,44,81,68,5
1,7,0,400,400,13,https://resultados2019.blob.core.windows.net/201901/138634.jpg,OK,0,17,HUEHUETENANGO,SANTA EULALIA,13863,CORPORACIÓN MUNICIPAL,9,2,2,0,1,4,303,303,287,287,19,3,12,78,80,91,4
