ACTACUADRA,BLANCOS,CNTIMPUGNA,CNTINSCRITOS,CNTPAPELETAS,DEP,IMGSRC,IMGSTATUS,INVALIDOS,MUN,NDEP,NMUN,NROMESA,NTE,NULOS,STACTA,STESCAN,STFISIC,STTRANS,TIPOELECCION,TOTALACTA,TOTALVOTOS,VOTOSVALIDOS,VOTOSVALIDOSACTA,voto_FCN-NACION,voto_UCN,voto_UNE
1,4,0,400,400,13,https://resultados2019.blob.core.windows.net/201901/137574.jpg,OK,0,14,HUEHUETENANGO,SAN RAFAEL LA INDEPENDENCIA,13757,CORPORACIÓN MUNICIPAL,4,2,2,0,1,4,271,271,263,263,112,6,145
1,0,0,341,341,13,https://resultados2019.blob.core.windows.net/201901/137584.jpg,OK,0,14,HUEHUETENANGO,SAN RAFAEL LA INDEPENDENCIA,13758,CORPORACIÓN MUNICIPAL,2,2,2,0,1,4,255,255,253,253,107,15,131
1,5,0,400,400,13,https://resultados2019.blob.core.windows.net/201901/137524.jpg,OK,0,14,HUEHUETENANGO,SAN RAFAEL LA INDEPENDENCIA,13752,CORPORACIÓN MUNICIPAL,4,2,2,0,1,4,301,301,292,292,113,13,166
1,10,0,380,380,13,https://resultados2019.blob.core.windows.net/201901/137684.jpg,OK,0,14,HUEHUETENANGO,SAN RAFAEL LA INDEPENDENCIA,13768,CORPORACIÓN MUNICIPAL,3,2,2,0,1,4,289,289,276,276,120,7,149
1,0,0,254,254,13,https://resultados2019.blob.core.windows.net/201901/137724.jpg,OK,0,14,HUEHUETENANGO,SAN RAFAEL LA INDEPENDENCIA,13772,CORPORACIÓN MUNICIPAL,0,2,2,0,1,4,192,192,192,192,86,3,103
1,1,0,255,252,13,https://resultados2019.blob.core.windows.net/201901/137714.jpg,OK,0,14,HUEHUETENANGO,SAN RAFAEL LA INDEPENDENCIA,13771,CORPORACIÓN MUNICIPAL,2,2,2,0,1,4,184,184,181,181,68,4,109
1,5,0,400,400,13,https://resultados2019.blob.core.windows.net/201901/137634.jpg,OK,0,14,HUEHUETENANGO,SAN RAFAEL LA INDEPENDENCIA,13763,CORPORACIÓN MUNICIPAL,9,2,2,0,1,4,314,314,300,300,158,3,139
1,3,0,400,400,13,https://resultados2019.blob.core.windows.net/201901/137564.jpg,OK,0,14,HUEHUETENANGO,SAN RAFAEL LA INDEPENDENCIA,13756,CORPORACIÓN MUNICIPAL,5,2,2,0,1,4,239,239,231,231,112,9,110
1,5,0,400,400,13,https://resultados2019.blob.core.windows.net/201901/137654.jpg,OK,0,14,HUEHUETENANGO,SAN RAFAEL LA INDEPENDENCIA,13765,CORPORACIÓN MUNICIPAL,1,2,2,0,1,4,249,249,243,243,102,7,134
1,5,0,400,400,13,https://resultados2019.blob.core.windows.net/201901/137614.jpg,OK,0,14,HUEHUETENANGO,SAN RAFAEL LA INDEPENDENCIA,13761,CORPORACIÓN MUNICIPAL,0,2,2,0,1,4,307,307,302,302,137,19,146
1,1,0,340,340,13,https://resultados2019.blob.core.windows.net/201901/137594.jpg,OK,0,14,HUEHUETENANGO,SAN RAFAEL LA INDEPENDENCIA,13759,CORPORACIÓN MUNICIPAL,2,2,2,0,1,4,225,225,222,222,81,11,130
1,5,0,380,380,13,https://resultados2019.blob.core.windows.net/201901/137704.jpg,OK,0,14,HUEHUETENANGO,SAN RAFAEL LA INDEPENDENCIA,13770,CORPORACIÓN MUNICIPAL,1,2,2,0,1,4,257,257,251,251,121,4,126
1,4,0,400,400,13,https://resultados2019.blob.core.windows.net/201901/137624.jpg,OK,0,14,HUEHUETENANGO,SAN RAFAEL LA INDEPENDENCIA,13762,CORPORACIÓN MUNICIPAL,5,2,2,0,1,4,305,305,296,296,121,17,158
1,4,0,400,400,13,https://resultados2019.blob.core.windows.net/201901/137644.jpg,OK,0,14,HUEHUETENANGO,SAN RAFAEL LA INDEPENDENCIA,13764,CORPORACIÓN MUNICIPAL,0,2,2,0,1,4,245,245,241,241,96,7,138
1,10,0,400,400,13,https://resultados2019.blob.core.windows.net/201901/137534.jpg,OK,0,14,HUEHUETENANGO,SAN RAFAEL LA INDEPENDENCIA,13753,CORPORACIÓN MUNICIPAL,5,2,2,0,1,4,293,293,278,278,148,11,119
1,0,0,373,373,13,https://resultados2019.blob.core.windows.net/201901/137674.jpg,OK,0,14,HUEHUETENANGO,SAN RAFAEL LA INDEPENDENCIA,13767,CORPORACIÓN MUNICIPAL,2,2,2,0,1,4,261,261,259,259,105,4,150
1,4,0,400,400,13,https://resultados2019.blob.core.windows.net/201901/137514.jpg,OK,0,14,HUEHUETENANGO,SAN RAFAEL LA INDEPENDENCIA,13751,CORPORACIÓN MUNICIPAL,5,2,2,0,1,4,295,295,286,286,121,12,153
1,7,0,380,380,13,https://resultados2019.blob.core.windows.net/201901/137694.jpg,OK,0,14,HUEHUETENANGO,SAN RAFAEL LA INDEPENDENCIA,13769,CORPORACIÓN MUNICIPAL,1,2,2,0,1,4,302,302,294,294,121,5,168
1,5,0,587,584,13,https://resultados2019.blob.core.windows.net/201901/137734.jpg,OK,0,14,HUEHUETENANGO,SAN RAFAEL LA INDEPENDENCIA,13773,CORPORACIÓN MUNICIPAL,0,2,2,0,1,4,46,46,41,41,21,1,19
1,9,0,400,400,13,https://resultados2019.blob.core.windows.net/201901/137544.jpg,OK,0,14,HUEHUETENANGO,SAN RAFAEL LA INDEPENDENCIA,13754,CORPORACIÓN MUNICIPAL,5,2,2,0,1,4,313,313,299,299,145,17,137
1,9,0,373,373,13,https://resultados2019.blob.core.windows.net/201901/137664.jpg,OK,0,14,HUEHUETENANGO,SAN RAFAEL LA INDEPENDENCIA,13766,CORPORACIÓN MUNICIPAL,0,2,2,0,1,4,261,261,252,252,129,7,116
1,3,0,400,400,13,https://resultados2019.blob.core.windows.net/201901/137604.jpg,OK,0,14,HUEHUETENANGO,SAN RAFAEL LA INDEPENDENCIA,13760,CORPORACIÓN MUNICIPAL,6,2,2,0,1,4,293,293,284,284,84,8,192
1,4,0,400,400,13,https://resultados2019.blob.core.windows.net/201901/137554.jpg,OK,0,14,HUEHUETENANGO,SAN RAFAEL LA INDEPENDENCIA,13755,CORPORACIÓN MUNICIPAL,4,2,2,0,1,4,272,272,264,264,117,10,137
