ACTACUADRA,BLANCOS,CNTIMPUGNA,CNTINSCRITOS,CNTPAPELETAS,DEP,IMGSRC,IMGSTATUS,INVALIDOS,MUN,NDEP,NMUN,NROMESA,NTE,NULOS,STACTA,STESCAN,STFISIC,STTRANS,TIPOELECCION,TOTALACTA,TOTALVOTOS,VOTOSVALIDOS,VOTOSVALIDOSACTA,voto_CONVERGENCIA,voto_EG,voto_FCN-NACION,voto_FUERZA,voto_PAN,voto_PC,voto_PHG,voto_PODEMOS,voto_SEMILLA,voto_TODOS,voto_UCN,voto_UNE,voto_UNIONISTA,voto_URNG_MAIZ,voto_VALOR,voto_VAMOS,voto_VIVA
1,16,0,380,380,13,https://resultados2019.blob.core.windows.net/201901/130954.jpg,OK,0,2,HUEHUETENANGO,CHIANTLA,13095,CORPORACIÓN MUNICIPAL,17,2,2,0,1,4,185,185,152,152,2,3,8,17,2,20,3,0,0,3,12,53,5,3,0,17,4
1,3,0,380,380,13,https://resultados2019.blob.core.windows.net/201901/131354.jpg,OK,0,2,HUEHUETENANGO,CHIANTLA,13135,CORPORACIÓN MUNICIPAL,18,2,2,0,1,4,190,190,169,169,2,0,5,18,0,10,1,3,2,5,3,104,3,6,0,4,3
1,18,0,380,376,13,https://resultados2019.blob.core.windows.net/201901/130934.jpg,OK,0,2,HUEHUETENANGO,CHIANTLA,13093,CORPORACIÓN MUNICIPAL,13,2,2,0,1,4,184,184,153,153,2,1,9,7,2,19,3,1,1,0,20,60,0,5,1,22,0
1,8,0,221,221,13,https://resultados2019.blob.core.windows.net/201901/131004.jpg,OK,0,2,HUEHUETENANGO,CHIANTLA,13100,CORPORACIÓN MUNICIPAL,8,2,2,0,1,4,109,109,93,93,0,0,9,6,1,15,0,0,1,3,9,33,1,1,0,14,0
1,7,0,380,379,13,https://resultados2019.blob.core.windows.net/201901/130944.jpg,OK,0,2,HUEHUETENANGO,CHIANTLA,13094,CORPORACIÓN MUNICIPAL,11,2,2,0,1,4,164,164,146,146,1,0,11,13,2,13,6,0,1,1,16,45,3,5,1,25,3
1,4,0,334,334,13,https://resultados2019.blob.core.windows.net/201901/130574.jpg,OK,0,2,HUEHUETENANGO,CHIANTLA,13057,CORPORACIÓN MUNICIPAL,5,2,2,0,1,4,148,148,139,139,1,0,12,11,2,1,3,0,1,6,1,89,0,7,1,4,0
1,13,0,380,376,13,https://resultados2019.blob.core.windows.net/201901/130784.jpg,OK,0,2,HUEHUETENANGO,CHIANTLA,13078,CORPORACIÓN MUNICIPAL,21,2,2,0,1,4,224,224,190,190,2,1,6,21,2,21,2,5,5,9,38,66,1,1,1,1,8
1,7,0,380,380,13,https://resultados2019.blob.core.windows.net/201901/131294.jpg,OK,0,2,HUEHUETENANGO,CHIANTLA,13129,CORPORACIÓN MUNICIPAL,15,2,2,0,1,4,201,201,179,179,4,0,5,5,3,12,12,3,3,1,34,86,0,1,2,6,2
1,2,0,195,195,13,https://resultados2019.blob.core.windows.net/201901/131174.jpg,OK,0,2,HUEHUETENANGO,CHIANTLA,13117,CORPORACIÓN MUNICIPAL,4,2,2,0,1,4,104,104,98,98,0,0,15,5,3,3,1,0,2,4,1,59,0,0,1,2,2
1,30,0,380,380,13,https://resultados2019.blob.core.windows.net/201901/130674.jpg,OK,0,2,HUEHUETENANGO,CHIANTLA,13067,CORPORACIÓN MUNICIPAL,41,2,1,0,1,4,293,293,222,222,2,1,11,15,4,22,4,2,2,3,14,134,2,3,1,0,2
0,10,0,380,381,13,https://resultados2019.blob.core.windows.net/201901/130614.jpg,OK,0,2,HUEHUETENANGO,CHIANTLA,13061,CORPORACIÓN MUNICIPAL,12,2,2,0,1,4,209,208,186,187,1,0,5,21,3,11,4,0,0,3,5,112,11,1,1,5,3
1,16,0,376,376,13,https://resultados2019.blob.core.windows.net/201901/131384.jpg,OK,0,2,HUEHUETENANGO,CHIANTLA,13138,CORPORACIÓN MUNICIPAL,10,2,2,0,1,4,150,150,124,124,5,0,6,5,2,22,4,0,1,1,15,37,4,2,0,19,1
1,8,0,221,221,13,https://resultados2019.blob.core.windows.net/201901/130994.jpg,OK,0,2,HUEHUETENANGO,CHIANTLA,13099,CORPORACIÓN MUNICIPAL,7,2,2,0,1,4,134,134,119,119,0,0,8,7,1,22,1,3,0,0,13,30,0,3,0,30,1
1,30,0,380,380,13,https://resultados2019.blob.core.windows.net/201901/131284.jpg,OK,0,2,HUEHUETENANGO,CHIANTLA,13128,CORPORACIÓN MUNICIPAL,18,2,2,0,1,4,248,248,200,200,4,2,8,3,4,14,3,1,3,8,35,95,4,5,2,7,2
1,10,0,380,380,13,https://resultados2019.blob.core.windows.net/201901/131094.jpg,OK,0,2,HUEHUETENANGO,CHIANTLA,13109,CORPORACIÓN MUNICIPAL,16,2,2,0,1,4,179,179,153,153,1,1,12,16,1,11,2,1,1,4,1,94,4,2,0,2,0
1,3,0,400,396,13,https://resultados2019.blob.core.windows.net/201901/130484.jpg,OK,0,2,HUEHUETENANGO,CHIANTLA,13048,CORPORACIÓN MUNICIPAL,11,2,2,0,1,4,251,251,237,237,2,0,31,7,1,12,12,3,19,3,9,106,0,1,3,18,10
1,15,0,380,380,13,https://resultados2019.blob.core.windows.net/201901/131074.jpg,OK,0,2,HUEHUETENANGO,CHIANTLA,13107,CORPORACIÓN MUNICIPAL,22,2,2,0,1,4,184,184,147,147,0,0,8,17,5,2,0,1,1,4,3,100,2,0,0,3,1
1,10,0,380,380,13,https://resultados2019.blob.core.windows.net/201901/130974.jpg,OK,0,2,HUEHUETENANGO,CHIANTLA,13097,CORPORACIÓN MUNICIPAL,18,2,2,0,1,4,165,165,137,137,3,0,9,7,3,13,5,0,0,2,21,54,3,2,1,14,0
1,10,0,380,380,13,https://resultados2019.blob.core.windows.net/201901/130624.jpg,OK,0,2,HUEHUETENANGO,CHIANTLA,13062,CORPORACIÓN MUNICIPAL,16,2,2,0,1,4,202,202,176,176,1,0,5,16,1,10,3,2,1,5,3,112,8,0,0,9,0
1,7,0,400,400,13,https://resultados2019.blob.core.windows.net/201901/131234.jpg,OK,0,2,HUEHUETENANGO,CHIANTLA,13123,CORPORACIÓN MUNICIPAL,13,2,2,0,1,4,225,225,205,205,0,1,36,3,8,14,7,2,14,3,5,91,2,3,5,4,7
1,4,0,247,247,13,https://resultados2019.blob.core.windows.net/201901/131054.jpg,OK,0,2,HUEHUETENANGO,CHIANTLA,13105,CORPORACIÓN MUNICIPAL,10,2,2,0,1,4,62,62,48,48,2,0,8,5,0,7,0,1,0,0,13,5,2,3,0,2,0
1,10,0,380,380,13,https://resultados2019.blob.core.windows.net/201901/131084.jpg,OK,0,2,HUEHUETENANGO,CHIANTLA,13108,CORPORACIÓN MUNICIPAL,19,2,2,0,1,4,193,193,164,164,1,0,16,16,4,2,3,1,3,1,5,105,4,1,1,1,0
1,19,0,380,380,13,https://resultados2019.blob.core.windows.net/201901/130904.jpg,OK,0,2,HUEHUETENANGO,CHIANTLA,13090,CORPORACIÓN MUNICIPAL,16,2,1,0,1,4,191,191,156,156,2,0,13,13,6,18,2,1,1,1,17,49,4,5,0,24,0
1,8,0,380,379,13,https://resultados2019.blob.core.windows.net/201901/130894.jpg,OK,0,2,HUEHUETENANGO,CHIANTLA,13089,CORPORACIÓN MUNICIPAL,16,2,1,0,1,4,177,177,153,153,5,0,21,7,5,22,5,1,0,2,11,43,3,4,1,23,0
1,10,0,380,380,13,https://resultados2019.blob.core.windows.net/201901/131144.jpg,OK,0,2,HUEHUETENANGO,CHIANTLA,13114,CORPORACIÓN MUNICIPAL,21,2,2,0,1,4,190,190,159,159,0,0,9,6,4,5,4,2,2,4,8,110,2,1,0,1,1
1,2,0,400,400,13,https://resultados2019.blob.core.windows.net/201901/130554.jpg,OK,0,2,HUEHUETENANGO,CHIANTLA,13055,CORPORACIÓN MUNICIPAL,8,2,2,0,1,4,169,169,159,159,0,0,11,16,3,3,5,0,8,7,5,85,1,7,3,1,4
1,6,0,267,267,13,https://resultados2019.blob.core.windows.net/201901/130874.jpg,OK,1,2,HUEHUETENANGO,CHIANTLA,13087,CORPORACIÓN MUNICIPAL,7,2,2,0,1,4,140,140,127,127,0,0,2,13,0,23,3,0,1,1,31,44,1,1,1,3,3
1,2,0,380,380,13,https://resultados2019.blob.core.windows.net/201901/131134.jpg,OK,0,2,HUEHUETENANGO,CHIANTLA,13113,CORPORACIÓN MUNICIPAL,6,2,2,0,1,4,158,158,150,150,1,0,18,13,4,4,1,2,2,3,2,93,2,1,0,2,2
1,5,0,400,400,13,https://resultados2019.blob.core.windows.net/201901/130504.jpg,OK,0,2,HUEHUETENANGO,CHIANTLA,13050,CORPORACIÓN MUNICIPAL,17,2,2,0,1,4,232,232,210,210,0,0,28,3,3,11,10,0,15,5,13,94,1,4,3,5,15
1,14,0,316,331,13,https://resultados2019.blob.core.windows.net/201901/130534.jpg,OK,0,2,HUEHUETENANGO,CHIANTLA,13053,CORPORACIÓN MUNICIPAL,18,2,2,0,1,4,182,182,150,150,1,0,3,12,2,5,3,0,1,1,2,106,11,0,0,3,0
1,14,0,331,331,13,https://resultados2019.blob.core.windows.net/201901/130634.jpg,OK,0,2,HUEHUETENANGO,CHIANTLA,13063,CORPORACIÓN MUNICIPAL,18,2,2,0,1,4,182,182,150,150,1,0,3,12,2,5,3,0,1,1,2,106,11,0,0,3,0
1,4,0,400,400,13,https://resultados2019.blob.core.windows.net/201901/130444.jpg,OK,0,2,HUEHUETENANGO,CHIANTLA,13044,CORPORACIÓN MUNICIPAL,10,2,2,0,1,4,206,206,192,192,1,0,30,8,2,9,11,1,10,5,9,79,2,2,2,9,12
1,2,0,333,333,13,https://resultados2019.blob.core.windows.net/201901/130584.jpg,OK,0,2,HUEHUETENANGO,CHIANTLA,13058,CORPORACIÓN MUNICIPAL,8,2,2,0,1,4,135,135,125,125,0,0,8,11,0,3,4,0,2,6,4,77,1,7,1,0,1
1,7,0,267,267,13,https://resultados2019.blob.core.windows.net/201901/130864.jpg,OK,0,2,HUEHUETENANGO,CHIANTLA,13086,CORPORACIÓN MUNICIPAL,9,2,2,0,1,4,142,142,126,126,0,0,0,9,1,11,7,0,1,5,22,62,0,0,1,0,7
1,0,0,400,400,13,https://resultados2019.blob.core.windows.net/201901/130524.jpg,OK,0,2,HUEHUETENANGO,CHIANTLA,13052,CORPORACIÓN MUNICIPAL,7,2,2,0,1,4,176,176,169,169,1,0,25,5,4,9,8,0,3,1,11,73,1,3,1,10,14
1,7,0,400,400,13,https://resultados2019.blob.core.windows.net/201901/130384.jpg,OK,0,2,HUEHUETENANGO,CHIANTLA,13038,CORPORACIÓN MUNICIPAL,4,2,2,0,1,4,219,219,208,208,2,0,28,7,3,17,7,0,10,7,8,89,3,1,4,14,8
1,5,0,400,400,13,https://resultados2019.blob.core.windows.net/201901/131254.jpg,OK,0,2,HUEHUETENANGO,CHIANTLA,13125,CORPORACIÓN MUNICIPAL,14,2,2,0,1,4,234,234,215,215,1,0,36,11,6,7,6,1,7,10,6,101,3,5,4,5,6
1,8,0,380,380,13,https://resultados2019.blob.core.windows.net/201901/131304.jpg,OK,0,2,HUEHUETENANGO,CHIANTLA,13130,CORPORACIÓN MUNICIPAL,19,2,2,0,1,4,224,224,197,197,3,0,13,9,2,30,9,0,0,6,46,70,1,1,2,2,3
1,1,0,315,315,13,https://resultados2019.blob.core.windows.net/201901/130544.jpg,OK,0,2,HUEHUETENANGO,CHIANTLA,13054,CORPORACIÓN MUNICIPAL,7,2,2,0,1,4,158,158,150,150,0,0,21,7,2,16,7,1,7,3,7,62,0,0,5,7,5
1,12,0,380,380,13,https://resultados2019.blob.core.windows.net/201901/130704.jpg,OK,0,2,HUEHUETENANGO,CHIANTLA,13070,CORPORACIÓN MUNICIPAL,19,2,2,0,1,4,202,202,171,171,1,1,23,16,5,14,3,1,0,1,15,74,0,8,4,5,0
1,5,0,380,380,13,https://resultados2019.blob.core.windows.net/201901/130854.jpg,OK,0,2,HUEHUETENANGO,CHIANTLA,13085,CORPORACIÓN MUNICIPAL,18,2,2,0,1,4,181,181,158,158,2,0,7,22,2,13,1,5,7,1,17,70,4,5,0,2,0
1,3,0,242,243,13,https://resultados2019.blob.core.windows.net/201901/131364.jpg,OK,0,2,HUEHUETENANGO,CHIANTLA,13136,CORPORACIÓN MUNICIPAL,6,2,2,0,1,4,118,118,109,109,0,0,5,11,1,2,1,0,5,4,2,72,2,0,0,2,2
1,6,0,247,247,13,https://resultados2019.blob.core.windows.net/201901/131064.jpg,OK,0,2,HUEHUETENANGO,CHIANTLA,13106,CORPORACIÓN MUNICIPAL,6,2,2,0,1,4,80,80,68,68,2,0,14,13,2,11,0,0,0,0,9,13,0,3,0,1,0
1,14,0,380,380,13,https://resultados2019.blob.core.windows.net/201901/130884.jpg,OK,0,2,HUEHUETENANGO,CHIANTLA,13088,CORPORACIÓN MUNICIPAL,21,2,2,0,1,4,188,188,153,153,4,0,19,12,3,18,4,1,0,4,18,51,2,3,1,13,0
1,10,0,400,400,13,https://resultados2019.blob.core.windows.net/201901/130394.jpg,OK,0,2,HUEHUETENANGO,CHIANTLA,13039,CORPORACIÓN MUNICIPAL,12,2,2,0,1,4,237,237,215,215,0,0,31,16,2,10,7,0,13,4,5,100,0,2,3,11,11
1,2,0,205,205,13,https://resultados2019.blob.core.windows.net/201901/131274.jpg,OK,0,2,HUEHUETENANGO,CHIANTLA,13127,CORPORACIÓN MUNICIPAL,2,2,2,0,1,4,122,122,118,118,0,0,17,5,0,10,5,1,11,5,9,44,1,1,4,3,2
1,7,0,283,285,13,https://resultados2019.blob.core.windows.net/201901/130694.jpg,OK,0,2,HUEHUETENANGO,CHIANTLA,13069,CORPORACIÓN MUNICIPAL,13,2,1,0,1,4,185,185,165,165,0,0,13,13,1,27,6,2,1,4,7,83,1,0,3,4,0
1,2,0,400,400,13,https://resultados2019.blob.core.windows.net/201901/130374.jpg,OK,0,2,HUEHUETENANGO,CHIANTLA,13037,CORPORACIÓN MUNICIPAL,14,2,2,0,1,4,215,215,199,199,1,0,19,12,4,13,8,1,10,6,12,91,1,3,3,9,6
1,12,0,380,380,13,https://resultados2019.blob.core.windows.net/201901/131044.jpg,OK,1,2,HUEHUETENANGO,CHIANTLA,13104,CORPORACIÓN MUNICIPAL,8,2,2,0,1,4,117,117,97,97,1,0,17,15,4,8,6,1,0,3,22,9,1,7,0,2,1
1,24,0,380,380,13,https://resultados2019.blob.core.windows.net/201901/130844.jpg,OK,0,2,HUEHUETENANGO,CHIANTLA,13084,CORPORACIÓN MUNICIPAL,13,2,2,0,1,4,204,204,167,167,0,0,4,21,3,11,2,0,1,2,24,87,1,3,0,1,7
1,8,0,380,380,13,https://resultados2019.blob.core.windows.net/201901/130984.jpg,OK,0,2,HUEHUETENANGO,CHIANTLA,13098,CORPORACIÓN MUNICIPAL,17,2,2,0,1,4,156,156,131,131,1,0,7,8,3,24,3,0,0,0,13,41,2,2,0,26,1
1,4,0,331,331,13,https://resultados2019.blob.core.windows.net/201901/130644.jpg,OK,0,2,HUEHUETENANGO,CHIANTLA,13064,CORPORACIÓN MUNICIPAL,7,2,2,0,1,4,171,171,160,160,0,0,2,14,2,5,1,1,0,1,3,110,16,0,0,4,1
1,5,0,600,600,13,https://resultados2019.blob.core.windows.net/201901/131404.jpg,OK,0,2,HUEHUETENANGO,CHIANTLA,13140,CORPORACIÓN MUNICIPAL,9,2,2,0,1,4,118,118,104,104,0,1,9,9,3,2,4,0,5,4,7,50,0,3,3,3,1
1,6,0,380,380,13,https://resultados2019.blob.core.windows.net/201901/130754.jpg,OK,0,2,HUEHUETENANGO,CHIANTLA,13075,CORPORACIÓN MUNICIPAL,19,2,2,0,1,4,185,185,160,160,0,0,18,19,1,7,0,0,3,3,3,92,3,3,0,1,7
1,16,0,380,380,13,https://resultados2019.blob.core.windows.net/201901/131154.jpg,OK,0,2,HUEHUETENANGO,CHIANTLA,13115,CORPORACIÓN MUNICIPAL,16,2,2,0,1,4,168,168,136,136,2,0,12,7,2,2,1,1,1,1,4,99,0,0,0,2,2
1,3,0,400,396,13,https://resultados2019.blob.core.windows.net/201901/130464.jpg,OK,0,2,HUEHUETENANGO,CHIANTLA,13046,CORPORACIÓN MUNICIPAL,4,2,2,0,1,4,257,257,250,250,1,0,28,9,2,9,9,0,12,9,13,116,0,2,2,18,20
1,19,0,380,380,13,https://resultados2019.blob.core.windows.net/201901/130744.jpg,OK,0,2,HUEHUETENANGO,CHIANTLA,13074,CORPORACIÓN MUNICIPAL,20,2,2,0,1,4,220,220,181,181,1,2,15,19,4,7,0,5,1,3,10,100,5,1,1,3,4
1,6,0,216,216,13,https://resultados2019.blob.core.windows.net/201901/130764.jpg,OK,0,2,HUEHUETENANGO,CHIANTLA,13076,CORPORACIÓN MUNICIPAL,11,2,2,0,1,4,101,101,84,84,1,0,4,8,3,0,2,0,3,1,2,52,2,0,2,2,2
1,13,0,380,380,13,https://resultados2019.blob.core.windows.net/201901/130834.jpg,OK,0,2,HUEHUETENANGO,CHIANTLA,13083,CORPORACIÓN MUNICIPAL,18,2,2,0,1,4,199,199,168,168,0,1,8,14,2,17,1,0,2,2,30,86,0,1,0,2,2
0,15,0,380,380,13,https://resultados2019.blob.core.windows.net/201901/130604.jpg,OK,0,2,HUEHUETENANGO,CHIANTLA,13060,CORPORACIÓN MUNICIPAL,20,2,2,0,1,4,0,227,192,192,0,2,9,21,3,7,3,2,4,2,7,116,13,0,0,1,2
1,3,0,400,400,13,https://resultados2019.blob.core.windows.net/201901/130474.jpg,OK,0,2,HUEHUETENANGO,CHIANTLA,13047,CORPORACIÓN MUNICIPAL,11,2,2,0,1,4,225,225,211,211,1,0,25,11,1,8,13,0,20,4,14,79,0,4,2,14,15
1,3,0,400,496,13,https://resultados2019.blob.core.windows.net/201901/130514.jpg,OK,0,2,HUEHUETENANGO,CHIANTLA,13051,CORPORACIÓN MUNICIPAL,9,2,1,0,1,4,229,229,217,217,1,0,25,6,3,15,7,0,13,3,11,102,0,2,4,12,13
1,2,0,400,400,13,https://resultados2019.blob.core.windows.net/201901/131244.jpg,OK,0,2,HUEHUETENANGO,CHIANTLA,13124,CORPORACIÓN MUNICIPAL,19,2,2,0,1,4,225,225,204,204,1,2,31,6,1,11,1,1,14,8,8,94,5,2,7,9,3
1,9,0,380,380,13,https://resultados2019.blob.core.windows.net/201901/131104.jpg,OK,0,2,HUEHUETENANGO,CHIANTLA,13110,CORPORACIÓN MUNICIPAL,16,2,2,0,1,4,184,184,159,159,0,0,12,15,4,7,1,2,0,5,3,101,0,6,0,3,0
1,15,0,380,378,13,https://resultados2019.blob.core.windows.net/201901/130924.jpg,OK,0,2,HUEHUETENANGO,CHIANTLA,13092,CORPORACIÓN MUNICIPAL,34,2,2,0,1,4,227,227,178,178,1,0,10,11,5,37,0,2,1,0,15,53,3,4,0,33,3
1,3,0,246,246,13,https://resultados2019.blob.core.windows.net/201901/131214.jpg,OK,0,2,HUEHUETENANGO,CHIANTLA,13121,CORPORACIÓN MUNICIPAL,5,2,2,0,1,4,105,105,97,97,0,0,1,17,2,2,0,0,2,2,9,55,1,1,0,1,4
1,6,0,600,600,13,https://resultados2019.blob.core.windows.net/201901/131424.jpg,OK,0,2,HUEHUETENANGO,CHIANTLA,13142,CORPORACIÓN MUNICIPAL,11,2,2,0,1,4,168,168,151,151,1,0,21,7,5,8,6,1,8,2,11,72,0,2,2,3,2
1,2,0,215,215,13,https://resultados2019.blob.core.windows.net/201901/131334.jpg,OK,0,2,HUEHUETENANGO,CHIANTLA,13133,CORPORACIÓN MUNICIPAL,5,2,2,0,1,4,152,152,145,145,0,0,15,6,1,12,9,1,1,5,22,67,0,0,1,4,1
1,6,0,380,380,13,https://resultados2019.blob.core.windows.net/201901/130654.jpg,OK,0,2,HUEHUETENANGO,CHIANTLA,13065,CORPORACIÓN MUNICIPAL,23,2,1,0,1,4,256,256,227,227,1,1,22,28,1,23,1,1,2,8,9,121,3,2,1,3,0
1,1,0,378,378,13,https://resultados2019.blob.core.windows.net/201901/131434.jpg,OK,0,2,HUEHUETENANGO,CHIANTLA,13143,CORPORACIÓN MUNICIPAL,6,2,2,0,1,4,75,75,68,68,0,0,7,3,1,2,6,0,2,3,7,30,0,0,0,3,4
1,9,0,380,380,13,https://resultados2019.blob.core.windows.net/201901/130804.jpg,OK,0,2,HUEHUETENANGO,CHIANTLA,13080,CORPORACIÓN MUNICIPAL,26,2,2,0,1,4,232,232,197,197,1,0,6,16,3,29,0,3,1,4,42,81,4,0,0,2,5
1,4,0,400,396,13,https://resultados2019.blob.core.windows.net/201901/130494.jpg,OK,0,2,HUEHUETENANGO,CHIANTLA,13049,CORPORACIÓN MUNICIPAL,11,2,1,0,1,4,229,229,214,214,0,0,26,8,4,5,8,0,17,8,9,109,0,1,0,7,12
1,6,0,380,380,13,https://resultados2019.blob.core.windows.net/201901/131114.jpg,OK,0,2,HUEHUETENANGO,CHIANTLA,13111,CORPORACIÓN MUNICIPAL,15,2,2,0,1,4,144,144,123,123,1,1,11,13,2,3,2,0,0,1,1,82,0,3,0,3,0
1,18,0,284,284,13,https://resultados2019.blob.core.windows.net/201901/130684.jpg,OK,0,2,HUEHUETENANGO,CHIANTLA,13068,CORPORACIÓN MUNICIPAL,19,2,1,0,1,4,197,197,160,160,1,1,9,14,1,15,3,0,0,9,3,94,3,3,1,3,0
1,0,0,377,378,13,https://resultados2019.blob.core.windows.net/201901/131444.jpg,OK,0,2,HUEHUETENANGO,CHIANTLA,13144,CORPORACIÓN MUNICIPAL,4,2,2,0,1,4,45,45,41,41,0,0,4,3,2,1,0,0,2,2,2,18,1,1,2,2,1
1,0,0,400,400,13,https://resultados2019.blob.core.windows.net/201901/130564.jpg,OK,0,2,HUEHUETENANGO,CHIANTLA,13056,CORPORACIÓN MUNICIPAL,6,2,2,0,1,4,189,189,183,183,0,0,10,24,1,3,7,0,5,10,1,113,0,4,1,1,3
1,3,0,194,194,13,https://resultados2019.blob.core.windows.net/201901/131184.jpg,OK,0,2,HUEHUETENANGO,CHIANTLA,13118,CORPORACIÓN MUNICIPAL,5,2,2,0,1,4,80,80,72,72,0,1,14,5,1,3,1,1,0,1,0,43,1,0,0,0,1
1,5,0,400,400,13,https://resultados2019.blob.core.windows.net/201901/130404.jpg,OK,0,2,HUEHUETENANGO,CHIANTLA,13040,CORPORACIÓN MUNICIPAL,11,2,2,0,1,4,243,243,227,227,1,0,24,26,6,15,10,2,8,1,12,101,5,1,1,8,6
1,8,0,380,380,13,https://resultados2019.blob.core.windows.net/201901/131194.jpg,OK,0,2,HUEHUETENANGO,CHIANTLA,13119,CORPORACIÓN MUNICIPAL,24,2,2,0,1,4,206,206,174,174,0,3,20,20,11,8,3,1,0,5,8,81,4,2,0,6,2
1,4,0,380,380,13,https://resultados2019.blob.core.windows.net/201901/130714.jpg,OK,0,2,HUEHUETENANGO,CHIANTLA,13071,CORPORACIÓN MUNICIPAL,5,2,2,0,1,4,190,190,181,181,3,0,25,18,4,9,2,1,0,4,13,93,1,5,0,1,2
1,17,0,380,380,13,https://resultados2019.blob.core.windows.net/201901/130664.jpg,OK,0,2,HUEHUETENANGO,CHIANTLA,13066,CORPORACIÓN MUNICIPAL,21,2,1,0,1,4,298,298,260,260,2,0,29,37,3,26,2,3,1,3,14,131,5,3,0,1,0
1,5,0,216,216,13,https://resultados2019.blob.core.windows.net/201901/131324.jpg,OK,0,2,HUEHUETENANGO,CHIANTLA,13132,CORPORACIÓN MUNICIPAL,8,2,2,0,1,4,116,116,103,103,1,0,11,3,3,6,2,0,0,2,21,46,1,0,3,2,2
1,6,0,380,380,13,https://resultados2019.blob.core.windows.net/201901/131314.jpg,OK,0,2,HUEHUETENANGO,CHIANTLA,13131,CORPORACIÓN MUNICIPAL,34,2,2,0,1,4,219,219,179,179,1,0,11,3,7,17,15,2,2,4,20,83,0,5,4,5,0
1,6,0,400,400,13,https://resultados2019.blob.core.windows.net/201901/130414.jpg,OK,4,2,HUEHUETENANGO,CHIANTLA,13041,CORPORACIÓN MUNICIPAL,11,2,2,0,1,4,245,245,228,228,3,0,32,20,1,11,14,0,7,6,8,99,0,4,1,13,9
1,3,0,375,375,13,https://resultados2019.blob.core.windows.net/201901/131394.jpg,OK,0,2,HUEHUETENANGO,CHIANTLA,13139,CORPORACIÓN MUNICIPAL,6,2,2,0,1,4,107,107,98,98,4,0,3,0,1,19,2,0,1,0,19,36,3,0,1,8,1
1,5,0,338,339,13,https://resultados2019.blob.core.windows.net/201901/130734.jpg,OK,0,2,HUEHUETENANGO,CHIANTLA,13073,CORPORACIÓN MUNICIPAL,19,2,2,0,1,4,158,158,134,134,0,1,26,9,1,4,1,0,1,2,15,61,2,3,1,5,2
1,5,0,380,380,13,https://resultados2019.blob.core.windows.net/201901/131014.jpg,OK,0,2,HUEHUETENANGO,CHIANTLA,13101,CORPORACIÓN MUNICIPAL,13,2,2,0,1,4,142,142,124,124,2,0,33,25,1,8,2,2,4,2,14,23,1,4,1,2,0
1,5,0,400,400,13,https://resultados2019.blob.core.windows.net/201901/130434.jpg,OK,0,2,HUEHUETENANGO,CHIANTLA,13043,CORPORACIÓN MUNICIPAL,13,2,2,0,1,4,273,273,255,255,2,0,51,8,3,4,10,0,17,2,11,111,1,3,4,16,12
1,4,0,205,205,13,https://resultados2019.blob.core.windows.net/201901/131264.jpg,OK,0,2,HUEHUETENANGO,CHIANTLA,13126,CORPORACIÓN MUNICIPAL,3,2,2,0,1,4,85,85,78,78,3,0,14,4,3,5,5,0,0,2,3,27,0,3,1,4,4
1,5,0,380,380,13,https://resultados2019.blob.core.windows.net/201901/130824.jpg,OK,0,2,HUEHUETENANGO,CHIANTLA,13082,CORPORACIÓN MUNICIPAL,23,2,2,0,1,4,187,187,159,159,1,1,7,20,1,18,1,1,1,3,25,66,2,2,0,4,6
1,3,0,380,380,13,https://resultados2019.blob.core.windows.net/201901/131164.jpg,OK,0,2,HUEHUETENANGO,CHIANTLA,13116,CORPORACIÓN MUNICIPAL,8,2,2,0,1,4,144,144,133,133,0,0,17,5,4,2,0,2,2,3,6,87,1,1,0,2,1
1,1,0,215,215,13,https://resultados2019.blob.core.windows.net/201901/130774.jpg,OK,0,2,HUEHUETENANGO,CHIANTLA,13077,CORPORACIÓN MUNICIPAL,5,2,2,0,1,4,88,88,82,82,0,1,7,18,0,5,0,0,0,2,3,40,0,0,1,2,3
1,16,0,400,380,13,https://resultados2019.blob.core.windows.net/201901/131224.jpg,OK,0,2,HUEHUETENANGO,CHIANTLA,13122,CORPORACIÓN MUNICIPAL,18,2,2,0,1,4,217,217,183,183,0,0,27,13,4,9,8,1,11,6,5,76,1,3,5,4,10
1,8,0,380,380,13,https://resultados2019.blob.core.windows.net/201901/131034.jpg,OK,0,2,HUEHUETENANGO,CHIANTLA,13103,CORPORACIÓN MUNICIPAL,11,2,2,0,1,4,121,121,102,102,3,0,31,17,2,5,2,1,1,1,18,17,0,2,1,1,0
1,10,0,380,380,13,https://resultados2019.blob.core.windows.net/201901/131024.jpg,OK,0,2,HUEHUETENANGO,CHIANTLA,13102,CORPORACIÓN MUNICIPAL,15,2,2,0,1,4,159,159,134,134,3,0,34,31,3,15,2,2,1,1,12,21,2,6,1,0,0
1,11,0,400,402,13,https://resultados2019.blob.core.windows.net/201901/130424.jpg,OK,0,2,HUEHUETENANGO,CHIANTLA,13042,CORPORACIÓN MUNICIPAL,11,2,2,0,1,4,265,265,243,243,2,0,35,10,1,12,15,0,10,3,18,100,1,3,2,19,12
1,19,0,380,380,13,https://resultados2019.blob.core.windows.net/201901/130594.jpg,OK,0,2,HUEHUETENANGO,CHIANTLA,13059,CORPORACIÓN MUNICIPAL,30,2,2,0,1,4,221,221,172,172,0,1,6,16,5,6,2,1,1,1,3,117,9,1,0,3,0
1,14,0,380,380,13,https://resultados2019.blob.core.windows.net/201901/130914.jpg,OK,0,2,HUEHUETENANGO,CHIANTLA,13091,CORPORACIÓN MUNICIPAL,32,2,2,0,1,4,205,205,159,159,2,1,14,6,5,16,3,1,0,2,16,55,6,3,1,24,4
1,12,0,380,380,13,https://resultados2019.blob.core.windows.net/201901/130814.jpg,OK,0,2,HUEHUETENANGO,CHIANTLA,13081,CORPORACIÓN MUNICIPAL,14,2,2,0,1,4,241,241,215,215,2,0,8,30,2,14,5,4,3,4,36,94,3,3,0,0,7
1,3,0,600,600,13,https://resultados2019.blob.core.windows.net/201901/131414.jpg,OK,0,2,HUEHUETENANGO,CHIANTLA,13141,CORPORACIÓN MUNICIPAL,10,2,2,0,1,4,139,139,126,126,0,0,16,3,4,2,3,1,5,2,7,64,3,0,2,5,9
1,9,0,400,396,13,https://resultados2019.blob.core.windows.net/201901/130454.jpg,OK,0,2,HUEHUETENANGO,CHIANTLA,13045,CORPORACIÓN MUNICIPAL,7,2,2,0,1,4,220,220,204,204,0,0,36,6,4,9,5,1,18,1,10,89,0,1,4,7,13
1,4,0,242,242,13,https://resultados2019.blob.core.windows.net/201901/131374.jpg,OK,6,2,HUEHUETENANGO,CHIANTLA,13137,CORPORACIÓN MUNICIPAL,8,2,2,0,1,4,109,109,97,97,0,0,7,13,1,7,1,1,0,0,4,60,0,1,0,1,1
1,3,0,246,247,13,https://resultados2019.blob.core.windows.net/201901/131204.jpg,OK,0,2,HUEHUETENANGO,CHIANTLA,13120,CORPORACIÓN MUNICIPAL,7,2,2,0,1,4,108,108,98,98,0,2,9,11,6,4,3,0,2,1,7,46,2,0,0,4,1
1,17,0,380,380,13,https://resultados2019.blob.core.windows.net/201901/130964.jpg,OK,0,2,HUEHUETENANGO,CHIANTLA,13096,CORPORACIÓN MUNICIPAL,12,2,2,0,1,4,163,163,134,134,3,3,11,7,4,14,7,0,1,4,19,36,0,7,0,18,0
1,12,0,380,380,13,https://resultados2019.blob.core.windows.net/201901/130794.jpg,OK,2,2,HUEHUETENANGO,CHIANTLA,13079,CORPORACIÓN MUNICIPAL,15,2,2,0,1,4,221,221,194,194,1,0,3,11,2,26,0,2,3,5,37,91,2,6,0,1,4
1,4,0,380,380,13,https://resultados2019.blob.core.windows.net/201901/131124.jpg,OK,0,2,HUEHUETENANGO,CHIANTLA,13112,CORPORACIÓN MUNICIPAL,13,2,2,0,1,4,171,171,154,154,1,0,14,16,3,9,0,3,2,1,3,97,1,1,0,1,2
1,8,0,380,380,13,https://resultados2019.blob.core.windows.net/201901/131344.jpg,OK,0,2,HUEHUETENANGO,CHIANTLA,13134,CORPORACIÓN MUNICIPAL,16,2,2,0,1,4,208,208,184,184,0,0,10,18,4,10,0,2,3,3,3,120,1,2,0,4,4
1,16,0,339,339,13,https://resultados2019.blob.core.windows.net/201901/130724.jpg,OK,0,2,HUEHUETENANGO,CHIANTLA,13072,CORPORACIÓN MUNICIPAL,21,2,2,0,1,4,192,192,155,155,1,0,25,14,2,10,1,0,3,5,13,73,2,3,0,2,1
