ACTACUADRA,BLANCOS,CNTIMPUGNA,CNTINSCRITOS,CNTPAPELETAS,DEP,IMGSRC,IMGSTATUS,INVALIDOS,MUN,NDEP,NMUN,NROMESA,NTE,NULOS,STACTA,STESCAN,STFISIC,STTRANS,TIPOELECCION,TOTALACTA,TOTALVOTOS,VOTOSVALIDOS,VOTOSVALIDOSACTA,voto_BIEN,voto_CONVERGENCIA,voto_EG,voto_FUERZA,voto_MLP,voto_SEMILLA,voto_TODOS,voto_UCN,voto_UNE,voto_URNG_MAIZ,voto_VICTORIA
1,2,0,305,305,13,https://resultados2019.blob.core.windows.net/201901/141334.jpg,OK,1,23,HUEHUETENANGO,SAN JUAN IXCOY,14133,CORPORACIÓN MUNICIPAL,0,2,2,0,1,4,114,114,112,112,0,45,0,5,0,3,19,3,8,27,2
1,6,0,400,400,13,https://resultados2019.blob.core.windows.net/201901/141114.jpg,OK,0,23,HUEHUETENANGO,SAN JUAN IXCOY,14111,CORPORACIÓN MUNICIPAL,22,2,2,0,1,4,229,229,201,201,3,68,0,9,20,9,33,1,19,35,4
1,5,0,370,370,13,https://resultados2019.blob.core.windows.net/201901/141414.jpg,OK,0,23,HUEHUETENANGO,SAN JUAN IXCOY,14141,CORPORACIÓN MUNICIPAL,3,2,2,0,1,4,87,87,79,79,0,14,0,7,11,4,13,5,3,17,5
1,7,0,218,218,13,https://resultados2019.blob.core.windows.net/201901/141284.jpg,OK,3,23,HUEHUETENANGO,SAN JUAN IXCOY,14128,CORPORACIÓN MUNICIPAL,1,2,2,0,1,4,84,84,76,76,0,4,1,5,1,12,10,12,13,10,8
1,6,0,400,400,13,https://resultados2019.blob.core.windows.net/201901/141204.jpg,OK,2,23,HUEHUETENANGO,SAN JUAN IXCOY,14120,CORPORACIÓN MUNICIPAL,9,2,2,0,1,4,195,195,180,180,0,57,0,12,9,13,20,3,18,40,8
1,3,0,217,217,13,https://resultados2019.blob.core.windows.net/201901/141294.jpg,OK,0,23,HUEHUETENANGO,SAN JUAN IXCOY,14129,CORPORACIÓN MUNICIPAL,3,2,2,0,1,4,111,111,105,105,0,11,5,12,0,12,19,20,11,7,8
1,5,0,370,370,13,https://resultados2019.blob.core.windows.net/201901/141424.jpg,OK,0,23,HUEHUETENANGO,SAN JUAN IXCOY,14142,CORPORACIÓN MUNICIPAL,1,2,2,0,1,4,53,53,47,47,0,15,0,3,2,2,7,0,5,11,2
1,2,0,205,213,13,https://resultados2019.blob.core.windows.net/201901/141374.jpg,OK,0,23,HUEHUETENANGO,SAN JUAN IXCOY,14137,CORPORACIÓN MUNICIPAL,8,2,2,0,1,4,110,110,100,100,1,18,0,8,11,5,26,4,6,19,2
1,9,0,380,380,13,https://resultados2019.blob.core.windows.net/201901/141274.jpg,OK,0,23,HUEHUETENANGO,SAN JUAN IXCOY,14127,CORPORACIÓN MUNICIPAL,10,2,2,0,1,4,150,150,131,131,0,6,4,10,2,23,15,24,27,8,12
1,2,0,400,400,13,https://resultados2019.blob.core.windows.net/201901/141174.jpg,OK,0,23,HUEHUETENANGO,SAN JUAN IXCOY,14117,CORPORACIÓN MUNICIPAL,4,2,2,0,1,4,160,160,154,154,0,29,0,15,6,8,22,5,36,30,3
1,10,0,380,380,13,https://resultados2019.blob.core.windows.net/201901/141244.jpg,OK,0,23,HUEHUETENANGO,SAN JUAN IXCOY,14124,CORPORACIÓN MUNICIPAL,11,2,2,0,1,4,217,217,196,196,1,12,8,9,3,61,16,26,25,14,21
1,5,0,343,343,13,https://resultados2019.blob.core.windows.net/201901/141404.jpg,OK,0,23,HUEHUETENANGO,SAN JUAN IXCOY,14140,CORPORACIÓN MUNICIPAL,1,2,2,0,1,4,166,166,160,160,0,29,0,41,4,9,28,5,22,15,7
1,5,0,344,344,13,https://resultados2019.blob.core.windows.net/201901/141394.jpg,OK,0,23,HUEHUETENANGO,SAN JUAN IXCOY,14139,CORPORACIÓN MUNICIPAL,8,2,2,0,1,4,174,174,161,161,0,30,0,29,4,8,25,10,34,17,4
1,18,0,380,380,13,https://resultados2019.blob.core.windows.net/201901/141234.jpg,OK,0,23,HUEHUETENANGO,SAN JUAN IXCOY,14123,CORPORACIÓN MUNICIPAL,13,2,2,0,1,4,174,174,143,143,1,10,2,13,1,12,17,19,20,25,23
1,3,0,400,400,13,https://resultados2019.blob.core.windows.net/201901/141104.jpg,OK,0,23,HUEHUETENANGO,SAN JUAN IXCOY,14110,CORPORACIÓN MUNICIPAL,12,2,2,0,1,4,216,216,201,201,1,47,1,6,12,12,37,2,30,47,6
1,4,0,306,306,13,https://resultados2019.blob.core.windows.net/201901/141324.jpg,OK,0,23,HUEHUETENANGO,SAN JUAN IXCOY,14132,CORPORACIÓN MUNICIPAL,5,2,2,0,1,4,122,122,113,113,0,46,0,7,2,2,17,1,9,27,2
1,3,0,351,351,13,https://resultados2019.blob.core.windows.net/201901/141214.jpg,OK,0,23,HUEHUETENANGO,SAN JUAN IXCOY,14121,CORPORACIÓN MUNICIPAL,3,2,2,0,1,4,183,183,177,177,1,31,0,13,9,16,23,2,43,24,15
1,9,0,380,380,13,https://resultados2019.blob.core.windows.net/201901/141264.jpg,OK,3,23,HUEHUETENANGO,SAN JUAN IXCOY,14126,CORPORACIÓN MUNICIPAL,8,2,2,0,1,4,180,180,163,163,0,4,4,30,1,12,26,27,33,6,20
1,7,0,380,380,13,https://resultados2019.blob.core.windows.net/201901/141254.jpg,OK,5,23,HUEHUETENANGO,SAN JUAN IXCOY,14125,CORPORACIÓN MUNICIPAL,7,2,2,0,1,4,158,158,144,144,0,6,1,24,1,10,8,12,40,6,36
1,11,0,380,380,13,https://resultados2019.blob.core.windows.net/201901/141304.jpg,OK,0,23,HUEHUETENANGO,SAN JUAN IXCOY,14130,CORPORACIÓN MUNICIPAL,6,2,2,0,1,4,184,184,167,167,1,87,0,10,8,3,15,3,6,27,7
1,6,0,400,400,13,https://resultados2019.blob.core.windows.net/201901/141184.jpg,OK,0,23,HUEHUETENANGO,SAN JUAN IXCOY,14118,CORPORACIÓN MUNICIPAL,11,2,2,0,1,4,202,202,185,185,0,43,0,14,13,10,28,4,34,36,3
1,6,0,400,400,13,https://resultados2019.blob.core.windows.net/201901/141194.jpg,OK,0,23,HUEHUETENANGO,SAN JUAN IXCOY,14119,CORPORACIÓN MUNICIPAL,10,2,2,0,1,4,200,200,184,184,2,44,1,13,11,20,28,2,22,33,8
1,6,0,400,400,13,https://resultados2019.blob.core.windows.net/201901/141134.jpg,OK,0,23,HUEHUETENANGO,SAN JUAN IXCOY,14113,CORPORACIÓN MUNICIPAL,12,2,2,0,1,4,249,249,231,231,0,69,0,12,18,16,24,2,34,51,5
1,5,0,206,206,13,https://resultados2019.blob.core.windows.net/201901/141364.jpg,OK,0,23,HUEHUETENANGO,SAN JUAN IXCOY,14136,CORPORACIÓN MUNICIPAL,7,2,2,0,1,4,100,100,88,88,0,17,0,2,8,4,23,5,7,18,4
1,11,0,400,400,13,https://resultados2019.blob.core.windows.net/201901/141154.jpg,OK,0,23,HUEHUETENANGO,SAN JUAN IXCOY,14115,CORPORACIÓN MUNICIPAL,5,2,2,0,1,4,234,234,218,218,1,61,0,14,12,11,28,6,22,52,11
1,14,0,400,399,13,https://resultados2019.blob.core.windows.net/201901/141144.jpg,OK,0,23,HUEHUETENANGO,SAN JUAN IXCOY,14114,CORPORACIÓN MUNICIPAL,13,2,2,0,1,4,231,231,204,204,0,59,1,12,8,10,40,4,17,41,12
1,2,0,351,351,13,https://resultados2019.blob.core.windows.net/201901/141224.jpg,OK,1,23,HUEHUETENANGO,SAN JUAN IXCOY,14122,CORPORACIÓN MUNICIPAL,3,2,2,0,1,4,173,173,168,168,1,49,1,15,8,12,22,0,25,28,7
1,14,0,400,400,13,https://resultados2019.blob.core.windows.net/201901/141164.jpg,OK,0,23,HUEHUETENANGO,SAN JUAN IXCOY,14116,CORPORACIÓN MUNICIPAL,10,2,2,0,1,4,221,221,197,197,1,46,0,35,6,12,43,4,24,18,8
1,9,0,400,400,13,https://resultados2019.blob.core.windows.net/201901/141124.jpg,OK,1,23,HUEHUETENANGO,SAN JUAN IXCOY,14112,CORPORACIÓN MUNICIPAL,12,2,2,0,1,4,228,228,207,207,1,50,0,7,32,4,23,2,36,47,5
1,13,0,380,380,13,https://resultados2019.blob.core.windows.net/201901/141384.jpg,OK,9,23,HUEHUETENANGO,SAN JUAN IXCOY,14138,CORPORACIÓN MUNICIPAL,0,2,2,0,1,4,206,206,193,193,0,24,0,44,2,10,51,14,17,22,9
1,17,0,380,380,13,https://resultados2019.blob.core.windows.net/201901/141354.jpg,OK,0,23,HUEHUETENANGO,SAN JUAN IXCOY,14135,CORPORACIÓN MUNICIPAL,16,2,2,0,1,4,207,207,174,174,0,27,0,4,9,12,62,9,19,26,6
1,8,0,380,380,13,https://resultados2019.blob.core.windows.net/201901/141314.jpg,OK,4,23,HUEHUETENANGO,SAN JUAN IXCOY,14131,CORPORACIÓN MUNICIPAL,6,2,2,0,1,4,178,178,164,164,1,76,0,9,0,2,15,2,9,49,1
1,12,0,380,380,13,https://resultados2019.blob.core.windows.net/201901/141344.jpg,OK,0,23,HUEHUETENANGO,SAN JUAN IXCOY,14134,CORPORACIÓN MUNICIPAL,20,2,2,0,1,4,192,192,160,160,0,47,1,11,20,12,21,3,5,38,2
