ACTACUADRA,BLANCOS,CNTIMPUGNA,CNTINSCRITOS,CNTPAPELETAS,DEP,IMGSRC,IMGSTATUS,INVALIDOS,MUN,NDEP,NMUN,NROMESA,NTE,NULOS,STACTA,STESCAN,STFISIC,STTRANS,TIPOELECCION,TOTALACTA,TOTALVOTOS,VOTOSVALIDOS,VOTOSVALIDOSACTA,voto_FCN-NACION,voto_UCN,voto_UNE,voto_URNG_MAIZ
1,2,1,290,288,13,https://resultados2019.blob.core.windows.net/201901/140734.jpg,OK,0,21,HUEHUETENANGO,TECTITÁN,14073,CORPORACIÓN MUNICIPAL,2,2,2,0,1,4,230,230,226,226,93,3,17,113
1,6,0,400,400,13,https://resultados2019.blob.core.windows.net/201901/140714.jpg,OK,0,21,HUEHUETENANGO,TECTITÁN,14071,CORPORACIÓN MUNICIPAL,3,2,2,0,1,4,302,302,293,293,103,0,28,162
1,8,0,400,400,13,https://resultados2019.blob.core.windows.net/201901/140654.jpg,OK,0,21,HUEHUETENANGO,TECTITÁN,14065,CORPORACIÓN MUNICIPAL,8,2,2,0,1,4,321,321,305,305,118,7,21,159
1,11,0,346,346,13,https://resultados2019.blob.core.windows.net/201901/140764.jpg,OK,0,21,HUEHUETENANGO,TECTITÁN,14076,CORPORACIÓN MUNICIPAL,2,2,2,0,1,4,269,269,256,256,64,6,92,94
1,2,0,400,400,13,https://resultados2019.blob.core.windows.net/201901/140704.jpg,OK,0,21,HUEHUETENANGO,TECTITÁN,14070,CORPORACIÓN MUNICIPAL,3,2,2,0,1,4,261,261,256,256,111,1,15,129
1,1,0,205,205,13,https://resultados2019.blob.core.windows.net/201901/140814.jpg,OK,0,21,HUEHUETENANGO,TECTITÁN,14081,CORPORACIÓN MUNICIPAL,0,2,2,0,1,4,148,148,147,147,36,2,55,54
1,1,0,289,286,13,https://resultados2019.blob.core.windows.net/201901/140744.jpg,OK,0,21,HUEHUETENANGO,TECTITÁN,14074,CORPORACIÓN MUNICIPAL,4,2,2,0,1,4,228,228,223,223,66,2,18,137
1,8,0,206,206,13,https://resultados2019.blob.core.windows.net/201901/140804.jpg,OK,0,21,HUEHUETENANGO,TECTITÁN,14080,CORPORACIÓN MUNICIPAL,1,2,2,0,1,4,134,134,125,125,34,1,41,49
1,9,0,400,400,13,https://resultados2019.blob.core.windows.net/201901/140674.jpg,OK,0,21,HUEHUETENANGO,TECTITÁN,14067,CORPORACIÓN MUNICIPAL,2,2,2,0,1,4,330,330,319,319,114,5,20,180
1,8,0,400,400,13,https://resultados2019.blob.core.windows.net/201901/140694.jpg,OK,0,21,HUEHUETENANGO,TECTITÁN,14069,CORPORACIÓN MUNICIPAL,9,2,2,0,1,4,331,331,314,314,127,4,16,167
1,2,0,380,380,13,https://resultados2019.blob.core.windows.net/201901/140754.jpg,OK,0,21,HUEHUETENANGO,TECTITÁN,14075,CORPORACIÓN MUNICIPAL,5,2,2,0,1,4,310,310,303,303,76,4,109,114
1,3,0,400,400,13,https://resultados2019.blob.core.windows.net/201901/140724.jpg,OK,0,21,HUEHUETENANGO,TECTITÁN,14072,CORPORACIÓN MUNICIPAL,3,2,2,0,1,4,284,284,278,278,101,5,25,147
1,8,0,400,400,13,https://resultados2019.blob.core.windows.net/201901/140684.jpg,OK,0,21,HUEHUETENANGO,TECTITÁN,14068,CORPORACIÓN MUNICIPAL,4,2,2,0,1,4,340,340,328,328,149,2,18,159
1,8,0,400,400,13,https://resultados2019.blob.core.windows.net/201901/140664.jpg,OK,0,21,HUEHUETENANGO,TECTITÁN,14066,CORPORACIÓN MUNICIPAL,4,2,2,0,1,4,326,326,314,314,127,7,20,160
1,6,0,380,380,13,https://resultados2019.blob.core.windows.net/201901/140784.jpg,OK,0,21,HUEHUETENANGO,TECTITÁN,14078,CORPORACIÓN MUNICIPAL,3,2,2,0,1,4,299,299,290,290,59,5,67,159
1,6,0,346,346,13,https://resultados2019.blob.core.windows.net/201901/140774.jpg,OK,0,21,HUEHUETENANGO,TECTITÁN,14077,CORPORACIÓN MUNICIPAL,2,2,2,0,1,4,282,282,274,274,71,6,96,101
1,7,0,380,380,13,https://resultados2019.blob.core.windows.net/201901/140794.jpg,OK,0,21,HUEHUETENANGO,TECTITÁN,14079,CORPORACIÓN MUNICIPAL,4,2,2,0,1,4,293,293,282,282,82,6,81,113
