ACTACUADRA,BLANCOS,CNTIMPUGNA,CNTINSCRITOS,CNTPAPELETAS,DEP,IMGSRC,IMGSTATUS,INVALIDOS,MUN,NDEP,NMUN,NROMESA,NTE,NULOS,STACTA,STESCAN,STFISIC,STTRANS,TIPOELECCION,TOTALACTA,TOTALVOTOS,VOTOSVALIDOS,VOTOSVALIDOSACTA,voto_FCN-NACION,voto_FUERZA,voto_LIBRE,voto_UCN,voto_UNE,voto_URNG_MAIZ
1,5,0,285,284,13,https://resultados2019.blob.core.windows.net/201901/141074.jpg,OK,1,22,HUEHUETENANGO,CONCEPCIÓN HUISTA,14107,CORPORACIÓN MUNICIPAL,7,2,2,0,1,4,143,143,131,131,35,3,1,34,43,15
0,12,0,352,352,13,https://resultados2019.blob.core.windows.net/201901/141044.jpg,OK,0,22,HUEHUETENANGO,CONCEPCIÓN HUISTA,14104,CORPORACIÓN MUNICIPAL,11,2,2,0,1,4,218,219,196,195,61,1,3,62,61,8
1,8,0,400,400,13,https://resultados2019.blob.core.windows.net/201901/140914.jpg,OK,0,22,HUEHUETENANGO,CONCEPCIÓN HUISTA,14091,CORPORACIÓN MUNICIPAL,4,2,2,0,1,4,268,268,256,256,93,4,9,59,91,0
1,9,0,380,380,13,https://resultados2019.blob.core.windows.net/201901/140994.jpg,OK,0,22,HUEHUETENANGO,CONCEPCIÓN HUISTA,14099,CORPORACIÓN MUNICIPAL,6,2,2,0,1,4,249,249,234,234,76,7,3,75,70,3
0,2,0,400,400,13,https://resultados2019.blob.core.windows.net/201901/140904.jpg,OK,0,22,HUEHUETENANGO,CONCEPCIÓN HUISTA,14090,CORPORACIÓN MUNICIPAL,8,2,2,0,1,4,239,249,239,239,100,7,5,42,83,2
1,14,0,380,380,13,https://resultados2019.blob.core.windows.net/201901/140964.jpg,OK,0,22,HUEHUETENANGO,CONCEPCIÓN HUISTA,14096,CORPORACIÓN MUNICIPAL,5,2,2,0,1,4,203,203,184,184,64,5,1,24,87,3
1,1,0,458,458,13,https://resultados2019.blob.core.windows.net/201901/141094.jpg,OK,0,22,HUEHUETENANGO,CONCEPCIÓN HUISTA,14109,CORPORACIÓN MUNICIPAL,0,2,2,0,1,4,53,53,52,52,27,2,4,12,6,1
1,5,0,352,352,13,https://resultados2019.blob.core.windows.net/201901/141054.jpg,OK,0,22,HUEHUETENANGO,CONCEPCIÓN HUISTA,14105,CORPORACIÓN MUNICIPAL,7,2,2,0,1,4,209,209,197,197,78,7,3,53,56,0
1,1,0,392,492,13,https://resultados2019.blob.core.windows.net/201901/140924.jpg,OK,0,22,HUEHUETENANGO,CONCEPCIÓN HUISTA,14092,CORPORACIÓN MUNICIPAL,2,2,2,0,1,4,278,278,275,275,126,11,6,38,94,0
1,6,0,268,268,13,https://resultados2019.blob.core.windows.net/201901/140974.jpg,OK,0,22,HUEHUETENANGO,CONCEPCIÓN HUISTA,14097,CORPORACIÓN MUNICIPAL,0,2,2,0,1,4,98,98,92,92,35,5,2,12,36,2
1,9,0,285,283,13,https://resultados2019.blob.core.windows.net/201901/141084.jpg,OK,0,22,HUEHUETENANGO,CONCEPCIÓN HUISTA,14108,CORPORACIÓN MUNICIPAL,7,2,2,0,1,4,151,151,135,135,39,3,1,33,46,13
1,4,0,197,197,13,https://resultados2019.blob.core.windows.net/201901/141024.jpg,OK,0,22,HUEHUETENANGO,CONCEPCIÓN HUISTA,14102,CORPORACIÓN MUNICIPAL,2,2,2,0,1,4,118,118,112,112,37,9,1,35,30,0
1,4,0,400,400,13,https://resultados2019.blob.core.windows.net/201901/140894.jpg,OK,0,22,HUEHUETENANGO,CONCEPCIÓN HUISTA,14089,CORPORACIÓN MUNICIPAL,3,2,2,0,1,4,248,248,241,241,92,13,8,38,89,1
1,2,0,380,380,13,https://resultados2019.blob.core.windows.net/201901/140954.jpg,OK,0,22,HUEHUETENANGO,CONCEPCIÓN HUISTA,14095,CORPORACIÓN MUNICIPAL,6,2,2,0,1,4,168,168,160,160,49,10,4,28,67,2
1,3,0,400,399,13,https://resultados2019.blob.core.windows.net/201901/140864.jpg,OK,0,22,HUEHUETENANGO,CONCEPCIÓN HUISTA,14086,CORPORACIÓN MUNICIPAL,0,2,2,0,1,4,294,294,291,291,133,11,9,48,87,3
1,4,0,400,400,13,https://resultados2019.blob.core.windows.net/201901/140854.jpg,OK,0,22,HUEHUETENANGO,CONCEPCIÓN HUISTA,14085,CORPORACIÓN MUNICIPAL,5,2,2,0,1,4,296,296,287,287,136,10,10,40,90,1
1,1,0,276,276,13,https://resultados2019.blob.core.windows.net/201901/140944.jpg,OK,0,22,HUEHUETENANGO,CONCEPCIÓN HUISTA,14094,CORPORACIÓN MUNICIPAL,0,2,2,0,1,4,115,115,114,114,22,4,1,7,77,3
1,14,0,380,380,13,https://resultados2019.blob.core.windows.net/201901/141004.jpg,OK,0,22,HUEHUETENANGO,CONCEPCIÓN HUISTA,14100,CORPORACIÓN MUNICIPAL,3,2,2,0,1,4,252,252,235,235,93,9,1,73,59,0
1,9,0,268,268,13,https://resultados2019.blob.core.windows.net/201901/140984.jpg,OK,0,22,HUEHUETENANGO,CONCEPCIÓN HUISTA,14098,CORPORACIÓN MUNICIPAL,1,2,2,0,1,4,133,133,123,123,41,7,1,19,55,0
1,6,0,400,400,13,https://resultados2019.blob.core.windows.net/201901/140824.jpg,OK,0,22,HUEHUETENANGO,CONCEPCIÓN HUISTA,14082,CORPORACIÓN MUNICIPAL,2,2,2,0,1,4,283,283,275,275,113,15,12,56,78,1
1,5,0,400,400,13,https://resultados2019.blob.core.windows.net/201901/140834.jpg,OK,0,22,HUEHUETENANGO,CONCEPCIÓN HUISTA,14083,CORPORACIÓN MUNICIPAL,2,2,2,0,1,4,297,297,290,290,113,13,15,58,89,2
1,1,0,196,196,13,https://resultados2019.blob.core.windows.net/201901/141034.jpg,OK,0,22,HUEHUETENANGO,CONCEPCIÓN HUISTA,14103,CORPORACIÓN MUNICIPAL,0,2,2,0,1,4,129,129,128,128,53,3,1,39,30,2
1,6,0,400,400,13,https://resultados2019.blob.core.windows.net/201901/140874.jpg,OK,0,22,HUEHUETENANGO,CONCEPCIÓN HUISTA,14087,CORPORACIÓN MUNICIPAL,3,2,2,0,1,4,306,306,297,297,130,20,10,51,84,2
1,2,0,400,400,13,https://resultados2019.blob.core.windows.net/201901/140884.jpg,OK,0,22,HUEHUETENANGO,CONCEPCIÓN HUISTA,14088,CORPORACIÓN MUNICIPAL,0,2,2,0,1,4,234,234,232,232,96,11,10,34,81,0
1,6,0,380,352,13,https://resultados2019.blob.core.windows.net/201901/141014.jpg,OK,0,22,HUEHUETENANGO,CONCEPCIÓN HUISTA,14101,CORPORACIÓN MUNICIPAL,4,2,2,0,1,4,210,210,200,200,61,8,3,67,58,3
1,4,0,400,400,13,https://resultados2019.blob.core.windows.net/201901/140844.jpg,OK,0,22,HUEHUETENANGO,CONCEPCIÓN HUISTA,14084,CORPORACIÓN MUNICIPAL,2,2,2,0,1,4,291,291,285,285,114,12,11,44,103,1
1,1,0,391,391,13,https://resultados2019.blob.core.windows.net/201901/140934.jpg,OK,0,22,HUEHUETENANGO,CONCEPCIÓN HUISTA,14093,CORPORACIÓN MUNICIPAL,1,2,2,0,1,4,265,265,263,263,112,13,8,59,71,0
1,11,0,380,359,13,https://resultados2019.blob.core.windows.net/201901/141064.jpg,OK,0,22,HUEHUETENANGO,CONCEPCIÓN HUISTA,14106,CORPORACIÓN MUNICIPAL,6,2,2,0,1,4,224,224,207,207,50,8,1,76,40,32
