ACTACUADRA,BLANCOS,CNTIMPUGNA,CNTINSCRITOS,CNTPAPELETAS,DEP,IMGSRC,IMGSTATUS,INVALIDOS,MUN,NDEP,NMUN,NROMESA,NTE,NULOS,STACTA,STESCAN,STFISIC,STTRANS,TIPOELECCION,TOTALACTA,TOTALVOTOS,VOTOSVALIDOS,VOTOSVALIDOSACTA,voto_CREO,voto_FCN-NACION,voto_MLP,voto_PHG,voto_PODEMOS,voto_TODOS,voto_UCN,voto_UNE,voto_UNIDOS,voto_UNIONISTA,voto_URNG_MAIZ,voto_VAMOS,voto_WINAQ
0,0,0,600,600,13,https://resultados2019.blob.core.windows.net/201901/143094.jpg,OK,0,26,HUEHUETENANGO,BARILLAS,14309,CORPORACIÓN MUNICIPAL,5,2,2,0,1,4,139,131,126,126,66,1,0,0,2,3,4,19,0,2,7,3,19
1,9,0,380,376,13,https://resultados2019.blob.core.windows.net/201901/142564.jpg,OK,0,26,HUEHUETENANGO,BARILLAS,14256,CORPORACIÓN MUNICIPAL,17,2,2,0,1,4,167,167,141,141,90,2,3,0,4,2,9,12,0,0,5,3,11
1,3,0,380,376,13,https://resultados2019.blob.core.windows.net/201901/142694.jpg,OK,0,26,HUEHUETENANGO,BARILLAS,14269,CORPORACIÓN MUNICIPAL,16,2,2,0,1,4,192,192,173,173,112,1,4,0,1,2,1,16,0,2,4,7,23
1,4,0,448,447,13,https://resultados2019.blob.core.windows.net/201901/143124.jpg,OK,0,26,HUEHUETENANGO,BARILLAS,14312,CORPORACIÓN MUNICIPAL,8,2,2,0,1,4,101,101,89,89,45,1,1,0,5,1,3,10,0,1,8,3,11
1,10,0,380,380,13,https://resultados2019.blob.core.windows.net/201901/142964.jpg,OK,0,26,HUEHUETENANGO,BARILLAS,14296,CORPORACIÓN MUNICIPAL,21,2,2,0,1,4,191,191,160,160,77,0,2,0,13,0,7,42,2,1,7,4,5
1,6,0,600,596,13,https://resultados2019.blob.core.windows.net/201901/143104.jpg,OK,0,26,HUEHUETENANGO,BARILLAS,14310,CORPORACIÓN MUNICIPAL,15,2,2,0,1,4,170,170,149,149,83,2,0,1,7,2,4,17,0,0,4,9,20
1,8,0,343,343,13,https://resultados2019.blob.core.windows.net/201901/142884.jpg,OK,0,26,HUEHUETENANGO,BARILLAS,14288,CORPORACIÓN MUNICIPAL,11,2,2,0,1,4,155,155,136,136,51,0,0,0,7,5,0,43,0,0,10,10,10
1,6,0,380,381,13,https://resultados2019.blob.core.windows.net/201901/142494.jpg,OK,0,26,HUEHUETENANGO,BARILLAS,14249,CORPORACIÓN MUNICIPAL,22,2,2,0,1,4,170,170,142,142,64,1,3,0,10,4,1,20,1,1,19,7,11
1,12,0,380,376,13,https://resultados2019.blob.core.windows.net/201901/142974.jpg,OK,0,26,HUEHUETENANGO,BARILLAS,14297,CORPORACIÓN MUNICIPAL,18,2,2,0,1,4,208,208,178,178,70,0,3,0,20,1,11,54,2,0,10,5,2
1,0,0,400,396,13,https://resultados2019.blob.core.windows.net/201901/142434.jpg,OK,0,26,HUEHUETENANGO,BARILLAS,14243,CORPORACIÓN MUNICIPAL,18,2,2,0,1,4,183,183,165,165,89,1,1,1,1,3,4,23,1,0,8,6,27
1,16,0,380,380,13,https://resultados2019.blob.core.windows.net/201901/142914.jpg,OK,0,26,HUEHUETENANGO,BARILLAS,14291,CORPORACIÓN MUNICIPAL,15,2,2,0,1,4,198,198,167,167,59,0,2,0,6,3,9,30,0,2,50,2,4
1,12,0,380,380,13,https://resultados2019.blob.core.windows.net/201901/142584.jpg,OK,0,26,HUEHUETENANGO,BARILLAS,14258,CORPORACIÓN MUNICIPAL,28,2,2,0,1,4,193,193,153,153,89,3,0,0,5,1,7,13,1,0,5,3,26
1,8,0,380,380,13,https://resultados2019.blob.core.windows.net/201901/142614.jpg,OK,0,26,HUEHUETENANGO,BARILLAS,14261,CORPORACIÓN MUNICIPAL,15,2,2,0,1,4,146,146,123,123,78,0,3,0,1,1,2,14,0,0,3,1,20
1,3,0,400,397,13,https://resultados2019.blob.core.windows.net/201901/142244.jpg,OK,0,26,HUEHUETENANGO,BARILLAS,14224,CORPORACIÓN MUNICIPAL,12,2,2,0,1,4,199,199,184,184,87,0,5,1,8,5,5,20,0,3,15,6,29
1,5,0,400,400,13,https://resultados2019.blob.core.windows.net/201901/142014.jpg,OK,0,26,HUEHUETENANGO,BARILLAS,14201,CORPORACIÓN MUNICIPAL,19,2,2,0,1,4,226,226,202,202,97,1,2,0,7,3,3,35,0,1,17,4,32
1,5,0,223,223,13,https://resultados2019.blob.core.windows.net/201901/142984.jpg,OK,0,26,HUEHUETENANGO,BARILLAS,14298,CORPORACIÓN MUNICIPAL,9,2,2,0,1,4,116,116,102,102,50,2,2,0,6,0,6,26,0,1,7,0,2
1,8,0,400,396,13,https://resultados2019.blob.core.windows.net/201901/142084.jpg,OK,0,26,HUEHUETENANGO,BARILLAS,14208,CORPORACIÓN MUNICIPAL,18,2,2,0,1,4,266,266,240,240,123,1,3,0,6,6,1,52,0,3,12,6,27
1,4,0,400,397,13,https://resultados2019.blob.core.windows.net/201901/142334.jpg,OK,0,26,HUEHUETENANGO,BARILLAS,14233,CORPORACIÓN MUNICIPAL,21,2,2,0,1,4,264,264,239,239,130,0,1,1,1,6,6,45,0,0,6,2,41
1,1,0,291,291,13,https://resultados2019.blob.core.windows.net/201901/142664.jpg,OK,0,26,HUEHUETENANGO,BARILLAS,14266,CORPORACIÓN MUNICIPAL,7,2,2,0,1,4,125,125,117,117,87,0,1,0,0,0,6,8,0,0,2,3,10
1,10,0,380,380,13,https://resultados2019.blob.core.windows.net/201901/142544.jpg,OK,0,26,HUEHUETENANGO,BARILLAS,14254,CORPORACIÓN MUNICIPAL,21,2,2,0,1,4,201,201,170,170,117,0,2,0,4,2,5,18,0,0,2,2,18
1,4,0,400,396,13,https://resultados2019.blob.core.windows.net/201901/142054.jpg,OK,0,26,HUEHUETENANGO,BARILLAS,14205,CORPORACIÓN MUNICIPAL,15,2,2,0,1,4,227,227,208,208,100,0,4,0,8,5,6,39,0,1,16,9,20
1,6,0,380,376,13,https://resultados2019.blob.core.windows.net/201901/142894.jpg,OK,0,26,HUEHUETENANGO,BARILLAS,14289,CORPORACIÓN MUNICIPAL,21,2,2,0,1,4,151,151,124,124,45,2,1,0,8,4,7,13,2,0,31,5,6
1,3,0,400,396,13,https://resultados2019.blob.core.windows.net/201901/142364.jpg,OK,0,26,HUEHUETENANGO,BARILLAS,14236,CORPORACIÓN MUNICIPAL,21,2,2,0,1,4,243,243,219,219,99,0,3,0,3,4,8,38,0,1,7,3,53
1,6,0,400,396,13,https://resultados2019.blob.core.windows.net/201901/142104.jpg,OK,0,26,HUEHUETENANGO,BARILLAS,14210,CORPORACIÓN MUNICIPAL,10,2,2,0,1,4,238,238,222,222,100,2,2,0,6,1,4,47,0,2,22,11,25
1,11,0,380,376,13,https://resultados2019.blob.core.windows.net/201901/142794.jpg,OK,0,26,HUEHUETENANGO,BARILLAS,14279,CORPORACIÓN MUNICIPAL,21,2,2,0,1,4,165,165,133,133,67,2,1,0,9,3,1,11,3,0,7,6,23
1,3,0,222,223,13,https://resultados2019.blob.core.windows.net/201901/142844.jpg,OK,0,26,HUEHUETENANGO,BARILLAS,14284,CORPORACIÓN MUNICIPAL,6,2,2,0,1,4,72,72,63,63,32,0,1,0,1,3,2,13,0,0,3,1,7
1,12,0,400,405,13,https://resultados2019.blob.core.windows.net/201901/142034.jpg,OK,0,26,HUEHUETENANGO,BARILLAS,14203,CORPORACIÓN MUNICIPAL,18,2,2,0,1,4,234,234,204,204,107,0,2,0,12,7,5,33,0,1,10,4,23
1,7,0,380,373,13,https://resultados2019.blob.core.windows.net/201901/143014.jpg,OK,0,26,HUEHUETENANGO,BARILLAS,14301,CORPORACIÓN MUNICIPAL,16,2,2,0,1,4,158,158,135,135,92,0,3,0,10,0,1,19,0,0,3,4,3
1,10,0,380,380,13,https://resultados2019.blob.core.windows.net/201901/142924.jpg,OK,0,26,HUEHUETENANGO,BARILLAS,14292,CORPORACIÓN MUNICIPAL,14,2,2,0,1,4,135,135,111,111,32,0,0,2,0,1,4,21,0,0,29,15,7
1,8,0,380,373,13,https://resultados2019.blob.core.windows.net/201901/142704.jpg,OK,0,26,HUEHUETENANGO,BARILLAS,14270,CORPORACIÓN MUNICIPAL,32,2,2,0,1,4,211,211,171,171,103,0,4,0,2,8,2,23,0,1,3,4,21
1,4,0,400,400,13,https://resultados2019.blob.core.windows.net/201901/142094.jpg,OK,0,26,HUEHUETENANGO,BARILLAS,14209,CORPORACIÓN MUNICIPAL,17,2,2,0,1,4,232,232,211,211,84,2,3,1,3,4,0,41,2,0,24,7,40
1,3,0,400,400,13,https://resultados2019.blob.core.windows.net/201901/142394.jpg,OK,0,26,HUEHUETENANGO,BARILLAS,14239,CORPORACIÓN MUNICIPAL,19,2,2,0,1,4,179,179,157,157,86,0,1,0,4,0,3,25,0,0,5,4,29
1,9,0,380,376,13,https://resultados2019.blob.core.windows.net/201901/142524.jpg,OK,0,26,HUEHUETENANGO,BARILLAS,14252,CORPORACIÓN MUNICIPAL,26,2,2,0,1,4,180,180,145,145,99,1,0,0,2,5,4,10,2,1,6,2,13
1,1,0,380,376,13,https://resultados2019.blob.core.windows.net/201901/142934.jpg,OK,0,26,HUEHUETENANGO,BARILLAS,14293,CORPORACIÓN MUNICIPAL,15,2,2,0,1,4,169,169,153,153,52,0,1,0,4,2,7,23,0,0,57,2,5
1,3,0,380,376,13,https://resultados2019.blob.core.windows.net/201901/142644.jpg,OK,0,26,HUEHUETENANGO,BARILLAS,14264,CORPORACIÓN MUNICIPAL,10,2,2,0,1,4,161,161,148,148,98,1,0,0,1,3,4,10,0,1,5,3,22
1,4,0,268,268,13,https://resultados2019.blob.core.windows.net/201901/142454.jpg,OK,0,26,HUEHUETENANGO,BARILLAS,14245,CORPORACIÓN MUNICIPAL,8,2,2,0,1,4,168,168,156,156,76,1,1,0,5,2,3,20,1,0,16,3,28
1,6,0,300,300,13,https://resultados2019.blob.core.windows.net/201901/142734.jpg,OK,0,26,HUEHUETENANGO,BARILLAS,14273,CORPORACIÓN MUNICIPAL,10,2,2,0,1,4,125,125,109,109,63,1,4,0,2,1,2,17,0,0,3,5,11
1,2,0,400,400,13,https://resultados2019.blob.core.windows.net/201901/142274.jpg,OK,0,26,HUEHUETENANGO,BARILLAS,14227,CORPORACIÓN MUNICIPAL,3,2,2,0,1,4,189,189,184,184,87,0,1,1,8,1,7,34,0,0,20,4,21
1,6,0,380,377,13,https://resultados2019.blob.core.windows.net/201901/142824.jpg,OK,0,26,HUEHUETENANGO,BARILLAS,14282,CORPORACIÓN MUNICIPAL,19,2,2,0,1,4,157,157,132,132,69,2,4,0,2,3,0,18,2,0,7,5,20
1,6,0,380,376,13,https://resultados2019.blob.core.windows.net/201901/142624.jpg,OK,0,26,HUEHUETENANGO,BARILLAS,14262,CORPORACIÓN MUNICIPAL,12,2,2,0,1,4,150,150,132,132,82,1,2,0,1,2,6,12,0,0,4,1,21
1,6,0,370,370,13,https://resultados2019.blob.core.windows.net/201901/143024.jpg,OK,0,26,HUEHUETENANGO,BARILLAS,14302,CORPORACIÓN MUNICIPAL,13,2,2,0,1,4,152,152,133,133,74,2,0,1,17,3,0,19,2,0,4,9,2
1,6,0,370,370,13,https://resultados2019.blob.core.windows.net/201901/143034.jpg,OK,0,26,HUEHUETENANGO,BARILLAS,14303,CORPORACIÓN MUNICIPAL,11,2,2,0,1,4,159,159,142,142,91,0,0,0,20,2,0,18,1,0,3,5,2
1,9,0,380,380,13,https://resultados2019.blob.core.windows.net/201901/142724.jpg,OK,0,26,HUEHUETENANGO,BARILLAS,14272,CORPORACIÓN MUNICIPAL,23,2,2,0,1,4,168,168,136,136,68,5,6,1,1,5,4,20,1,1,3,7,14
1,8,0,400,396,13,https://resultados2019.blob.core.windows.net/201901/142184.jpg,OK,0,26,HUEHUETENANGO,BARILLAS,14218,CORPORACIÓN MUNICIPAL,14,2,2,0,1,4,238,238,216,216,115,2,1,0,5,5,8,30,1,1,21,6,21
1,6,0,380,380,13,https://resultados2019.blob.core.windows.net/201901/142774.jpg,OK,0,26,HUEHUETENANGO,BARILLAS,14277,CORPORACIÓN MUNICIPAL,20,2,2,0,1,4,170,170,144,144,69,2,0,1,2,2,11,25,0,0,6,6,20
1,2,0,313,313,13,https://resultados2019.blob.core.windows.net/201901/143074.jpg,OK,0,26,HUEHUETENANGO,BARILLAS,14307,CORPORACIÓN MUNICIPAL,7,2,2,0,1,4,177,177,168,168,60,1,0,1,17,1,1,76,0,0,8,1,2
1,9,0,400,396,13,https://resultados2019.blob.core.windows.net/201901/142304.jpg,OK,0,26,HUEHUETENANGO,BARILLAS,14230,CORPORACIÓN MUNICIPAL,22,2,2,0,1,4,210,210,179,179,99,1,3,0,5,3,2,31,0,0,6,3,26
1,6,0,380,376,13,https://resultados2019.blob.core.windows.net/201901/143004.jpg,OK,0,26,HUEHUETENANGO,BARILLAS,14300,CORPORACIÓN MUNICIPAL,18,2,2,0,1,4,197,197,173,173,112,0,0,0,16,4,2,23,0,0,7,7,2
1,6,0,380,380,13,https://resultados2019.blob.core.windows.net/201901/142864.jpg,OK,0,26,HUEHUETENANGO,BARILLAS,14286,CORPORACIÓN MUNICIPAL,31,2,2,0,1,4,186,186,149,149,57,2,1,0,9,8,0,43,0,0,9,14,6
1,3,0,225,225,13,https://resultados2019.blob.core.windows.net/201901/142514.jpg,OK,0,26,HUEHUETENANGO,BARILLAS,14251,CORPORACIÓN MUNICIPAL,6,2,2,0,1,4,106,106,97,97,42,2,1,0,7,2,2,14,1,1,15,2,8
1,3,0,400,400,13,https://resultados2019.blob.core.windows.net/201901/142214.jpg,OK,0,26,HUEHUETENANGO,BARILLAS,14221,CORPORACIÓN MUNICIPAL,11,2,2,0,1,4,222,222,208,208,102,0,0,0,8,5,5,34,0,1,25,2,26
1,14,0,380,380,13,https://resultados2019.blob.core.windows.net/201901/142464.jpg,OK,0,26,HUEHUETENANGO,BARILLAS,14246,CORPORACIÓN MUNICIPAL,23,2,2,0,1,4,193,193,156,156,64,2,3,0,10,8,14,22,1,1,19,3,9
1,7,0,400,396,13,https://resultados2019.blob.core.windows.net/201901/142174.jpg,OK,0,26,HUEHUETENANGO,BARILLAS,14217,CORPORACIÓN MUNICIPAL,14,2,2,0,1,4,223,223,202,202,97,2,4,0,11,2,6,33,0,0,19,9,19
1,7,0,400,400,13,https://resultados2019.blob.core.windows.net/201901/142324.jpg,OK,0,26,HUEHUETENANGO,BARILLAS,14232,CORPORACIÓN MUNICIPAL,20,2,2,0,1,4,242,242,215,215,110,4,4,1,6,4,2,28,1,1,11,3,40
1,4,0,313,313,13,https://resultados2019.blob.core.windows.net/201901/143084.jpg,OK,0,26,HUEHUETENANGO,BARILLAS,14308,CORPORACIÓN MUNICIPAL,7,2,2,0,1,4,186,186,175,175,64,0,4,0,16,0,0,83,0,0,7,1,0
1,6,1,400,400,13,https://resultados2019.blob.core.windows.net/201901/142404.jpg,OK,0,26,HUEHUETENANGO,BARILLAS,14240,CORPORACIÓN MUNICIPAL,21,2,2,0,1,4,223,223,196,196,96,1,5,1,2,7,2,32,0,1,8,4,37
1,11,0,400,400,13,https://resultados2019.blob.core.windows.net/201901/142354.jpg,OK,0,26,HUEHUETENANGO,BARILLAS,14235,CORPORACIÓN MUNICIPAL,28,2,2,0,1,4,248,248,209,209,119,5,2,0,4,1,2,31,1,0,2,2,40
1,0,0,447,447,13,https://resultados2019.blob.core.windows.net/201901/143134.jpg,OK,0,26,HUEHUETENANGO,BARILLAS,14313,CORPORACIÓN MUNICIPAL,4,2,2,0,1,4,46,46,42,42,26,0,0,0,1,2,2,4,0,2,1,1,3
1,5,0,400,400,13,https://resultados2019.blob.core.windows.net/201901/142204.jpg,OK,0,26,HUEHUETENANGO,BARILLAS,14220,CORPORACIÓN MUNICIPAL,5,2,2,0,1,4,240,240,230,230,88,0,1,0,9,4,1,74,0,2,34,7,10
1,6,0,380,380,13,https://resultados2019.blob.core.windows.net/201901/142574.jpg,OK,0,26,HUEHUETENANGO,BARILLAS,14257,CORPORACIÓN MUNICIPAL,16,2,2,0,1,4,190,190,168,168,113,1,1,0,1,0,1,16,0,1,3,4,27
1,9,0,380,377,13,https://resultados2019.blob.core.windows.net/201901/142604.jpg,OK,0,26,HUEHUETENANGO,BARILLAS,14260,CORPORACIÓN MUNICIPAL,15,2,2,0,1,4,161,161,137,137,101,0,1,0,2,2,4,6,0,1,1,2,17
1,6,0,400,400,13,https://resultados2019.blob.core.windows.net/201901/142144.jpg,OK,0,26,HUEHUETENANGO,BARILLAS,14214,CORPORACIÓN MUNICIPAL,12,2,2,0,1,4,187,187,169,169,79,1,3,0,5,0,2,22,0,1,18,7,31
1,5,0,380,379,13,https://resultados2019.blob.core.windows.net/201901/142684.jpg,OK,0,26,HUEHUETENANGO,BARILLAS,14268,CORPORACIÓN MUNICIPAL,12,2,2,0,1,4,179,179,162,162,90,4,6,0,1,0,1,28,1,1,6,7,17
1,8,0,380,376,13,https://resultados2019.blob.core.windows.net/201901/142804.jpg,OK,0,26,HUEHUETENANGO,BARILLAS,14280,CORPORACIÓN MUNICIPAL,10,2,2,0,1,4,145,145,127,127,60,0,1,3,4,2,8,18,2,0,13,5,11
1,8,0,400,396,13,https://resultados2019.blob.core.windows.net/201901/142344.jpg,OK,0,26,HUEHUETENANGO,BARILLAS,14234,CORPORACIÓN MUNICIPAL,18,2,2,0,1,4,246,246,220,220,101,1,1,0,5,4,13,36,0,1,5,6,47
1,9,0,380,380,13,https://resultados2019.blob.core.windows.net/201901/142554.jpg,OK,0,26,HUEHUETENANGO,BARILLAS,14255,CORPORACIÓN MUNICIPAL,21,2,2,0,1,4,195,195,165,165,114,2,2,0,2,3,1,12,2,1,3,0,23
1,7,0,380,400,13,https://resultados2019.blob.core.windows.net/201901/142484.jpg,OK,0,26,HUEHUETENANGO,BARILLAS,14248,CORPORACIÓN MUNICIPAL,15,2,2,0,1,4,161,161,139,139,68,1,1,0,7,2,4,18,0,1,25,4,8
1,7,0,380,376,13,https://resultados2019.blob.core.windows.net/201901/143054.jpg,OK,0,26,HUEHUETENANGO,BARILLAS,14305,CORPORACIÓN MUNICIPAL,13,2,2,0,1,4,230,230,210,210,106,0,1,1,12,1,0,75,2,1,6,5,0
1,9,0,380,373,13,https://resultados2019.blob.core.windows.net/201901/142784.jpg,OK,0,26,HUEHUETENANGO,BARILLAS,14278,CORPORACIÓN MUNICIPAL,23,2,2,0,1,4,142,142,110,110,43,1,2,0,3,2,8,14,1,1,9,6,20
1,25,0,400,400,13,https://resultados2019.blob.core.windows.net/201901/142374.jpg,OK,0,26,HUEHUETENANGO,BARILLAS,14237,CORPORACIÓN MUNICIPAL,11,2,2,0,1,4,270,270,234,234,130,1,2,0,2,4,4,31,1,1,6,4,48
1,5,0,265,265,13,https://resultados2019.blob.core.windows.net/201901/142954.jpg,OK,0,26,HUEHUETENANGO,BARILLAS,14295,CORPORACIÓN MUNICIPAL,7,2,2,0,1,4,108,108,96,96,46,0,0,0,6,0,5,13,0,0,21,3,2
1,4,0,400,400,13,https://resultados2019.blob.core.windows.net/201901/142154.jpg,OK,0,26,HUEHUETENANGO,BARILLAS,14215,CORPORACIÓN MUNICIPAL,10,2,2,0,1,4,211,211,197,197,107,2,5,0,4,4,7,33,0,0,9,5,21
1,5,0,400,400,13,https://resultados2019.blob.core.windows.net/201901/142384.jpg,OK,0,26,HUEHUETENANGO,BARILLAS,14238,CORPORACIÓN MUNICIPAL,19,2,2,0,1,4,234,234,210,210,115,0,2,0,2,2,5,34,3,0,7,1,39
1,2,0,226,226,13,https://resultados2019.blob.core.windows.net/201901/142504.jpg,OK,0,26,HUEHUETENANGO,BARILLAS,14250,CORPORACIÓN MUNICIPAL,8,2,2,0,1,4,105,105,95,95,46,3,2,0,6,2,1,15,0,0,15,2,3
1,5,0,380,376,13,https://resultados2019.blob.core.windows.net/201901/142534.jpg,OK,0,26,HUEHUETENANGO,BARILLAS,14253,CORPORACIÓN MUNICIPAL,31,2,2,0,1,4,190,190,154,154,116,0,1,0,2,4,7,12,0,2,2,1,7
1,5,0,300,300,13,https://resultados2019.blob.core.windows.net/201901/142744.jpg,OK,0,26,HUEHUETENANGO,BARILLAS,14274,CORPORACIÓN MUNICIPAL,10,2,2,0,1,4,132,132,117,117,69,4,4,0,1,0,0,12,0,1,6,5,15
1,6,0,400,397,13,https://resultados2019.blob.core.windows.net/201901/142414.jpg,OK,0,26,HUEHUETENANGO,BARILLAS,14241,CORPORACIÓN MUNICIPAL,17,2,2,0,1,4,217,217,194,194,99,2,1,0,4,2,2,41,0,0,4,4,35
1,3,0,222,222,13,https://resultados2019.blob.core.windows.net/201901/142854.jpg,OK,0,26,HUEHUETENANGO,BARILLAS,14285,CORPORACIÓN MUNICIPAL,9,2,2,0,1,4,84,84,72,72,35,0,0,0,5,0,2,9,0,0,8,2,11
1,7,0,266,266,13,https://resultados2019.blob.core.windows.net/201901/142944.jpg,OK,0,26,HUEHUETENANGO,BARILLAS,14294,CORPORACIÓN MUNICIPAL,8,2,2,0,1,4,111,111,96,96,34,0,0,0,6,1,3,17,0,0,24,7,4
1,14,0,380,376,13,https://resultados2019.blob.core.windows.net/201901/142904.jpg,OK,0,26,HUEHUETENANGO,BARILLAS,14290,CORPORACIÓN MUNICIPAL,16,2,2,0,1,4,184,184,154,154,51,1,0,1,8,0,8,38,0,0,29,4,14
1,9,0,400,397,13,https://resultados2019.blob.core.windows.net/201901/142234.jpg,OK,0,26,HUEHUETENANGO,BARILLAS,14223,CORPORACIÓN MUNICIPAL,6,2,2,0,1,4,213,213,198,198,84,0,2,1,6,7,5,44,0,4,14,6,25
1,1,0,212,212,13,https://resultados2019.blob.core.windows.net/201901/142294.jpg,OK,0,26,HUEHUETENANGO,BARILLAS,14229,CORPORACIÓN MUNICIPAL,5,2,2,0,1,4,131,131,125,125,71,0,1,0,2,1,5,15,0,1,18,2,9
1,3,0,400,396,13,https://resultados2019.blob.core.windows.net/201901/142254.jpg,OK,0,26,HUEHUETENANGO,BARILLAS,14225,CORPORACIÓN MUNICIPAL,7,2,2,0,1,4,197,197,187,187,86,0,2,0,7,4,6,37,0,0,16,11,18
1,5,0,380,380,13,https://resultados2019.blob.core.windows.net/201901/142764.jpg,OK,0,26,HUEHUETENANGO,BARILLAS,14276,CORPORACIÓN MUNICIPAL,17,2,2,0,1,4,151,151,129,129,57,5,0,2,4,3,11,25,2,2,7,2,9
1,2,0,380,380,13,https://resultados2019.blob.core.windows.net/201901/143064.jpg,OK,0,26,HUEHUETENANGO,BARILLAS,14306,CORPORACIÓN MUNICIPAL,15,2,2,0,1,4,207,207,190,190,51,0,0,0,14,0,1,116,1,0,1,3,3
1,5,0,400,396,13,https://resultados2019.blob.core.windows.net/201901/142424.jpg,OK,0,26,HUEHUETENANGO,BARILLAS,14242,CORPORACIÓN MUNICIPAL,18,2,2,0,1,4,209,209,186,186,103,1,2,0,10,4,3,22,0,1,11,3,26
1,1,0,400,400,13,https://resultados2019.blob.core.windows.net/201901/142264.jpg,OK,0,26,HUEHUETENANGO,BARILLAS,14226,CORPORACIÓN MUNICIPAL,6,2,2,0,1,4,229,229,222,222,104,1,1,1,11,1,3,41,0,1,28,4,26
1,5,0,380,380,13,https://resultados2019.blob.core.windows.net/201901/142714.jpg,OK,0,26,HUEHUETENANGO,BARILLAS,14271,CORPORACIÓN MUNICIPAL,15,2,2,0,1,4,175,175,155,155,83,5,3,1,0,2,3,22,1,0,8,6,21
1,7,0,600,596,13,https://resultados2019.blob.core.windows.net/201901/143114.jpg,OK,0,26,HUEHUETENANGO,BARILLAS,14311,CORPORACIÓN MUNICIPAL,12,2,2,0,1,4,163,163,144,144,71,2,2,0,6,4,6,27,0,0,7,5,14
1,0,0,269,269,13,https://resultados2019.blob.core.windows.net/201901/142444.jpg,OK,0,26,HUEHUETENANGO,BARILLAS,14244,CORPORACIÓN MUNICIPAL,8,2,2,0,1,4,151,151,143,143,79,0,3,1,1,1,1,24,0,0,7,1,25
1,3,0,400,396,13,https://resultados2019.blob.core.windows.net/201901/142124.jpg,OK,0,26,HUEHUETENANGO,BARILLAS,14212,CORPORACIÓN MUNICIPAL,12,2,2,0,1,4,246,246,231,231,109,2,4,2,6,5,5,46,0,1,19,9,23
1,9,0,380,377,13,https://resultados2019.blob.core.windows.net/201901/142634.jpg,OK,0,26,HUEHUETENANGO,BARILLAS,14263,CORPORACIÓN MUNICIPAL,19,2,2,0,1,4,168,168,140,140,98,2,1,0,3,2,5,8,0,1,3,4,13
1,11,0,380,376,13,https://resultados2019.blob.core.windows.net/201901/142474.jpg,OK,0,26,HUEHUETENANGO,BARILLAS,14247,CORPORACIÓN MUNICIPAL,24,2,2,0,1,4,181,181,146,146,74,3,2,0,12,4,5,20,0,0,16,2,8
1,4,0,400,400,13,https://resultados2019.blob.core.windows.net/201901/142074.jpg,OK,0,26,HUEHUETENANGO,BARILLAS,14207,CORPORACIÓN MUNICIPAL,18,2,2,0,1,4,256,256,234,234,116,1,7,0,7,7,5,42,0,1,11,10,27
1,3,0,400,396,13,https://resultados2019.blob.core.windows.net/201901/142164.jpg,OK,0,26,HUEHUETENANGO,BARILLAS,14216,CORPORACIÓN MUNICIPAL,19,2,2,0,1,4,236,236,214,214,119,0,2,0,4,1,5,32,0,1,17,5,28
1,11,0,380,376,13,https://resultados2019.blob.core.windows.net/201901/142594.jpg,OK,0,26,HUEHUETENANGO,BARILLAS,14259,CORPORACIÓN MUNICIPAL,21,2,2,0,1,4,216,216,184,184,102,1,4,1,6,3,5,18,1,0,4,2,37
1,10,0,400,396,13,https://resultados2019.blob.core.windows.net/201901/142314.jpg,OK,0,26,HUEHUETENANGO,BARILLAS,14231,CORPORACIÓN MUNICIPAL,21,2,2,0,1,4,242,242,211,211,133,0,1,0,11,2,4,28,0,2,5,4,21
1,0,0,213,213,13,https://resultados2019.blob.core.windows.net/201901/142284.jpg,OK,0,26,HUEHUETENANGO,BARILLAS,14228,CORPORACIÓN MUNICIPAL,2,2,2,0,1,4,130,130,128,128,63,0,2,0,4,1,4,22,0,1,7,7,17
1,6,0,400,400,13,https://resultados2019.blob.core.windows.net/201901/142064.jpg,OK,0,26,HUEHUETENANGO,BARILLAS,14206,CORPORACIÓN MUNICIPAL,29,2,2,0,1,4,239,239,204,204,100,1,3,0,5,5,4,33,1,1,17,5,29
1,5,0,400,395,13,https://resultados2019.blob.core.windows.net/201901/142044.jpg,OK,0,26,HUEHUETENANGO,BARILLAS,14204,CORPORACIÓN MUNICIPAL,6,2,2,0,1,4,232,232,221,221,116,2,0,0,10,7,5,40,0,0,7,7,27
1,5,0,400,400,13,https://resultados2019.blob.core.windows.net/201901/142194.jpg,OK,0,26,HUEHUETENANGO,BARILLAS,14219,CORPORACIÓN MUNICIPAL,8,2,2,0,1,4,238,238,225,225,109,2,1,0,6,4,3,48,0,1,20,7,24
1,6,0,380,379,13,https://resultados2019.blob.core.windows.net/201901/142754.jpg,OK,0,26,HUEHUETENANGO,BARILLAS,14275,CORPORACIÓN MUNICIPAL,13,2,2,0,1,4,150,150,131,131,64,2,1,0,3,3,3,26,0,1,11,3,14
1,4,0,292,293,13,https://resultados2019.blob.core.windows.net/201901/142654.jpg,OK,0,26,HUEHUETENANGO,BARILLAS,14265,CORPORACIÓN MUNICIPAL,7,2,2,0,1,4,132,132,121,121,88,1,0,1,2,0,2,3,0,0,4,0,20
1,9,0,400,400,13,https://resultados2019.blob.core.windows.net/201901/142114.jpg,OK,0,26,HUEHUETENANGO,BARILLAS,14211,CORPORACIÓN MUNICIPAL,10,2,2,0,1,4,229,229,210,210,104,1,3,0,7,4,2,45,0,0,14,9,21
1,5,0,400,400,13,https://resultados2019.blob.core.windows.net/201901/142224.jpg,OK,0,26,HUEHUETENANGO,BARILLAS,14222,CORPORACIÓN MUNICIPAL,20,2,2,0,1,4,229,229,204,204,96,2,3,1,9,5,8,37,0,2,16,3,22
1,13,0,380,376,13,https://resultados2019.blob.core.windows.net/201901/142674.jpg,OK,0,26,HUEHUETENANGO,BARILLAS,14267,CORPORACIÓN MUNICIPAL,22,2,2,0,1,4,208,208,173,173,82,4,7,0,2,5,4,25,0,1,7,12,24
1,9,0,222,221,13,https://resultados2019.blob.core.windows.net/201901/142994.jpg,OK,0,26,HUEHUETENANGO,BARILLAS,14299,CORPORACIÓN MUNICIPAL,6,2,2,0,1,4,112,112,97,97,43,2,4,0,6,0,8,23,1,1,7,1,1
1,12,0,400,400,13,https://resultados2019.blob.core.windows.net/201901/142024.jpg,OK,0,26,HUEHUETENANGO,BARILLAS,14202,CORPORACIÓN MUNICIPAL,8,2,2,0,1,4,257,257,237,237,128,1,2,0,8,5,1,40,1,3,16,12,20
1,7,0,380,376,13,https://resultados2019.blob.core.windows.net/201901/142814.jpg,OK,0,26,HUEHUETENANGO,BARILLAS,14281,CORPORACIÓN MUNICIPAL,22,2,2,0,1,4,140,140,111,111,55,0,2,0,2,4,5,18,0,1,7,11,6
1,0,0,400,400,13,https://resultados2019.blob.core.windows.net/201901/142134.jpg,OK,0,26,HUEHUETENANGO,BARILLAS,14213,CORPORACIÓN MUNICIPAL,6,2,2,0,1,4,188,188,182,182,91,0,0,0,10,5,4,23,0,1,23,3,22
1,7,0,380,376,13,https://resultados2019.blob.core.windows.net/201901/142834.jpg,OK,0,26,HUEHUETENANGO,BARILLAS,14283,CORPORACIÓN MUNICIPAL,13,2,2,0,1,4,139,139,119,119,71,1,3,0,0,1,3,22,0,1,6,1,10
1,10,0,344,344,13,https://resultados2019.blob.core.windows.net/201901/142874.jpg,OK,0,26,HUEHUETENANGO,BARILLAS,14287,CORPORACIÓN MUNICIPAL,11,2,2,0,1,4,151,151,130,130,37,2,1,1,2,5,1,56,0,1,16,5,3
1,5,0,380,380,13,https://resultados2019.blob.core.windows.net/201901/143044.jpg,OK,0,26,HUEHUETENANGO,BARILLAS,14304,CORPORACIÓN MUNICIPAL,13,2,2,0,1,4,218,218,200,200,48,1,4,0,22,0,0,115,0,0,8,1,1
