ACTACUADRA,BLANCOS,CNTIMPUGNA,CNTINSCRITOS,CNTPAPELETAS,DEP,IMGSRC,IMGSTATUS,INVALIDOS,MUN,NDEP,NMUN,NROMESA,NTE,NULOS,STACTA,STESCAN,STFISIC,STTRANS,TIPOELECCION,TOTALACTA,TOTALVOTOS,VOTOSVALIDOS,VOTOSVALIDOSACTA,voto_CCTU,voto_CONVERGENCIA,voto_CREO,voto_FCN-NACION,voto_FUERZA,voto_TODOS,voto_UCN,voto_UNE,voto_UNIONISTA,voto_VAMOS
1,5,0,400,400,13,https://resultados2019.blob.core.windows.net/201901/141494.jpg,OK,0,24,HUEHUETENANGO,SAN ANTONIO HUISTA,14149,CORPORACIÓN MUNICIPAL,4,2,2,0,1,4,253,253,244,244,41,8,109,6,3,53,4,16,2,2
1,7,0,480,480,13,https://resultados2019.blob.core.windows.net/201901/141654.jpg,OK,0,24,HUEHUETENANGO,SAN ANTONIO HUISTA,14165,CORPORACIÓN MUNICIPAL,11,2,2,0,1,4,148,148,130,130,19,8,36,9,7,36,1,12,0,2
1,7,0,270,270,13,https://resultados2019.blob.core.windows.net/201901/141584.jpg,OK,0,24,HUEHUETENANGO,SAN ANTONIO HUISTA,14158,CORPORACIÓN MUNICIPAL,7,2,2,0,1,4,120,120,106,106,2,14,5,7,2,63,1,10,1,1
1,6,0,380,380,13,https://resultados2019.blob.core.windows.net/201901/141594.jpg,OK,0,24,HUEHUETENANGO,SAN ANTONIO HUISTA,14159,CORPORACIÓN MUNICIPAL,14,2,2,0,1,4,205,205,185,185,7,9,13,13,20,83,1,37,0,2
1,5,0,400,396,13,https://resultados2019.blob.core.windows.net/201901/141524.jpg,OK,0,24,HUEHUETENANGO,SAN ANTONIO HUISTA,14152,CORPORACIÓN MUNICIPAL,5,2,2,0,1,4,237,237,227,227,16,17,71,14,7,63,3,30,5,1
1,10,0,400,400,13,https://resultados2019.blob.core.windows.net/201901/141484.jpg,OK,0,24,HUEHUETENANGO,SAN ANTONIO HUISTA,14148,CORPORACIÓN MUNICIPAL,10,2,2,0,1,4,262,262,242,242,25,18,107,8,8,49,3,18,4,2
1,0,0,400,395,13,https://resultados2019.blob.core.windows.net/201901/141504.jpg,OK,0,24,HUEHUETENANGO,SAN ANTONIO HUISTA,14150,CORPORACIÓN MUNICIPAL,10,2,2,0,1,4,233,233,223,223,20,12,63,21,9,62,1,27,4,4
1,3,0,347,351,13,https://resultados2019.blob.core.windows.net/201901/141534.jpg,OK,0,24,HUEHUETENANGO,SAN ANTONIO HUISTA,14153,CORPORACIÓN MUNICIPAL,6,2,2,0,1,4,226,226,217,217,28,9,64,19,10,60,1,20,5,1
1,3,0,400,396,13,https://resultados2019.blob.core.windows.net/201901/141464.jpg,OK,0,24,HUEHUETENANGO,SAN ANTONIO HUISTA,14146,CORPORACIÓN MUNICIPAL,10,2,2,0,1,4,264,264,251,251,19,15,85,20,5,78,1,21,3,4
1,6,0,400,396,13,https://resultados2019.blob.core.windows.net/201901/141454.jpg,OK,0,24,HUEHUETENANGO,SAN ANTONIO HUISTA,14145,CORPORACIÓN MUNICIPAL,10,2,2,0,1,4,242,242,226,226,30,10,58,27,7,58,5,21,5,5
1,5,0,400,395,13,https://resultados2019.blob.core.windows.net/201901/141434.jpg,OK,0,24,HUEHUETENANGO,SAN ANTONIO HUISTA,14143,CORPORACIÓN MUNICIPAL,8,2,2,0,1,4,234,234,221,221,19,13,51,20,5,62,3,31,10,7
1,8,0,380,380,13,https://resultados2019.blob.core.windows.net/201901/141554.jpg,OK,0,24,HUEHUETENANGO,SAN ANTONIO HUISTA,14155,CORPORACIÓN MUNICIPAL,9,2,2,0,1,4,209,209,192,192,2,27,14,24,12,91,3,15,3,1
1,2,0,271,271,13,https://resultados2019.blob.core.windows.net/201901/141574.jpg,OK,1,24,HUEHUETENANGO,SAN ANTONIO HUISTA,14157,CORPORACIÓN MUNICIPAL,4,2,2,0,1,4,137,137,131,131,4,21,10,21,3,63,0,5,1,3
1,4,0,400,397,13,https://resultados2019.blob.core.windows.net/201901/141444.jpg,OK,0,24,HUEHUETENANGO,SAN ANTONIO HUISTA,14144,CORPORACIÓN MUNICIPAL,10,2,2,0,1,4,254,254,240,240,17,10,75,22,5,78,4,24,4,1
1,7,0,380,376,13,https://resultados2019.blob.core.windows.net/201901/141564.jpg,OK,0,24,HUEHUETENANGO,SAN ANTONIO HUISTA,14156,CORPORACIÓN MUNICIPAL,16,2,2,0,1,4,194,194,171,171,4,12,11,9,14,107,0,10,3,1
1,5,0,380,380,13,https://resultados2019.blob.core.windows.net/201901/141604.jpg,OK,0,24,HUEHUETENANGO,SAN ANTONIO HUISTA,14160,CORPORACIÓN MUNICIPAL,10,2,2,0,1,4,213,213,198,198,4,1,27,10,33,81,2,40,0,0
1,4,0,400,400,13,https://resultados2019.blob.core.windows.net/201901/141514.jpg,OK,0,24,HUEHUETENANGO,SAN ANTONIO HUISTA,14151,CORPORACIÓN MUNICIPAL,5,2,2,0,1,4,242,242,233,233,19,11,81,23,7,46,4,32,9,1
1,4,0,358,358,13,https://resultados2019.blob.core.windows.net/201901/141634.jpg,OK,0,24,HUEHUETENANGO,SAN ANTONIO HUISTA,14163,CORPORACIÓN MUNICIPAL,5,2,2,0,1,4,214,214,205,205,4,7,17,14,12,116,0,34,0,1
1,3,0,480,480,13,https://resultados2019.blob.core.windows.net/201901/141644.jpg,OK,0,24,HUEHUETENANGO,SAN ANTONIO HUISTA,14164,CORPORACIÓN MUNICIPAL,7,2,2,0,1,4,210,210,200,200,16,13,43,13,17,64,1,29,0,4
1,5,0,400,396,13,https://resultados2019.blob.core.windows.net/201901/141474.jpg,OK,0,24,HUEHUETENANGO,SAN ANTONIO HUISTA,14147,CORPORACIÓN MUNICIPAL,8,2,2,0,1,4,273,273,260,260,31,25,69,24,7,73,3,24,2,2
1,5,0,358,353,13,https://resultados2019.blob.core.windows.net/201901/141624.jpg,OK,0,24,HUEHUETENANGO,SAN ANTONIO HUISTA,14162,CORPORACIÓN MUNICIPAL,6,2,2,0,1,4,182,182,171,171,3,3,22,9,20,83,0,29,1,1
1,3,0,347,247,13,https://resultados2019.blob.core.windows.net/201901/141544.jpg,OK,0,24,HUEHUETENANGO,SAN ANTONIO HUISTA,14154,CORPORACIÓN MUNICIPAL,1,2,2,0,1,4,218,218,214,214,20,13,63,21,6,68,0,21,1,1
1,2,0,380,385,13,https://resultados2019.blob.core.windows.net/201901/141614.jpg,OK,0,24,HUEHUETENANGO,SAN ANTONIO HUISTA,14161,CORPORACIÓN MUNICIPAL,5,2,2,0,1,4,221,221,214,214,5,5,27,8,21,103,1,43,1,0
