ACTACUADRA,BLANCOS,CNTIMPUGNA,CNTINSCRITOS,CNTPAPELETAS,DEP,IMGSRC,IMGSTATUS,INVALIDOS,MUN,NDEP,NMUN,NROMESA,NTE,NULOS,STACTA,STESCAN,STFISIC,STTRANS,TIPOELECCION,TOTALACTA,TOTALVOTOS,VOTOSVALIDOS,VOTOSVALIDOSACTA,voto_TODOS,voto_UCN,voto_UNE,voto_VAMOS
1,6,0,400,400,13,https://resultados2019.blob.core.windows.net/201901/144144.jpg,OK,0,29,HUEHUETENANGO,SAN GASPAR IXCHIL,14414,CORPORACIÓN MUNICIPAL,5,2,2,0,1,4,280,280,269,269,5,180,78,6
1,10,0,400,400,13,https://resultados2019.blob.core.windows.net/201901/144084.jpg,OK,0,29,HUEHUETENANGO,SAN GASPAR IXCHIL,14408,CORPORACIÓN MUNICIPAL,4,2,2,0,1,4,251,251,237,237,8,168,56,5
1,17,0,400,400,13,https://resultados2019.blob.core.windows.net/201901/144104.jpg,OK,0,29,HUEHUETENANGO,SAN GASPAR IXCHIL,14410,CORPORACIÓN MUNICIPAL,6,2,2,0,1,4,288,288,265,265,8,199,55,3
1,10,0,400,400,13,https://resultados2019.blob.core.windows.net/201901/144124.jpg,OK,0,29,HUEHUETENANGO,SAN GASPAR IXCHIL,14412,CORPORACIÓN MUNICIPAL,8,2,2,0,1,4,311,311,293,293,13,222,54,4
1,5,0,400,393,13,https://resultados2019.blob.core.windows.net/201901/144094.jpg,OK,0,29,HUEHUETENANGO,SAN GASPAR IXCHIL,14409,CORPORACIÓN MUNICIPAL,10,2,2,0,1,4,310,310,295,295,19,220,52,4
1,4,0,400,400,13,https://resultados2019.blob.core.windows.net/201901/144134.jpg,OK,0,29,HUEHUETENANGO,SAN GASPAR IXCHIL,14413,CORPORACIÓN MUNICIPAL,11,2,2,0,1,4,303,303,288,288,6,180,96,6
1,1,0,400,401,13,https://resultados2019.blob.core.windows.net/201901/144164.jpg,OK,0,29,HUEHUETENANGO,SAN GASPAR IXCHIL,14416,CORPORACIÓN MUNICIPAL,7,2,2,0,1,4,236,236,228,228,6,165,53,4
1,4,0,400,400,13,https://resultados2019.blob.core.windows.net/201901/144154.jpg,OK,0,29,HUEHUETENANGO,SAN GASPAR IXCHIL,14415,CORPORACIÓN MUNICIPAL,6,2,2,0,1,4,235,235,225,225,11,167,45,2
1,7,0,400,400,13,https://resultados2019.blob.core.windows.net/201901/144114.jpg,OK,0,29,HUEHUETENANGO,SAN GASPAR IXCHIL,14411,CORPORACIÓN MUNICIPAL,7,2,2,0,1,4,296,296,282,282,4,203,70,5
1,3,0,370,370,13,https://resultados2019.blob.core.windows.net/201901/144174.jpg,OK,0,29,HUEHUETENANGO,SAN GASPAR IXCHIL,14417,CORPORACIÓN MUNICIPAL,7,2,2,0,1,4,246,246,236,236,14,176,39,7
1,3,0,369,366,13,https://resultados2019.blob.core.windows.net/201901/144184.jpg,OK,0,29,HUEHUETENANGO,SAN GASPAR IXCHIL,14418,CORPORACIÓN MUNICIPAL,9,2,2,0,1,4,204,204,192,192,6,141,43,2
