ACTACUADRA,BLANCOS,CNTIMPUGNA,CNTINSCRITOS,CNTPAPELETAS,DEP,IMGSRC,IMGSTATUS,INVALIDOS,MUN,NDEP,NMUN,NROMESA,NTE,NULOS,STACTA,STESCAN,STFISIC,STTRANS,TIPOELECCION,TOTALACTA,TOTALVOTOS,VOTOSVALIDOS,VOTOSVALIDOSACTA,voto_FCN-NACION,voto_LIBRE,voto_SEMILLA,voto_UCN,voto_UNE,voto_URNG_MAIZ
1,14,0,400,400,13,https://resultados2019.blob.core.windows.net/201901/140254.jpg,OK,0,20,HUEHUETENANGO,SAN SEBASTIÁN HUEHUETENANGO,14025,CORPORACIÓN MUNICIPAL,4,2,2,0,1,4,310,310,292,292,60,4,14,99,114,1
1,4,0,193,193,13,https://resultados2019.blob.core.windows.net/201901/140484.jpg,OK,0,20,HUEHUETENANGO,SAN SEBASTIÁN HUEHUETENANGO,14048,CORPORACIÓN MUNICIPAL,1,2,2,0,1,4,168,168,163,163,17,1,65,54,26,0
1,10,0,380,376,13,https://resultados2019.blob.core.windows.net/201901/140474.jpg,OK,0,20,HUEHUETENANGO,SAN SEBASTIÁN HUEHUETENANGO,14047,CORPORACIÓN MUNICIPAL,1,2,2,0,1,4,260,260,249,249,25,1,105,75,43,0
1,16,0,380,377,13,https://resultados2019.blob.core.windows.net/201901/140374.jpg,OK,0,20,HUEHUETENANGO,SAN SEBASTIÁN HUEHUETENANGO,14037,CORPORACIÓN MUNICIPAL,7,2,2,0,1,4,299,299,276,276,38,3,66,43,122,4
1,7,2,380,375,13,https://resultados2019.blob.core.windows.net/201901/140464.jpg,OK,0,20,HUEHUETENANGO,SAN SEBASTIÁN HUEHUETENANGO,14046,CORPORACIÓN MUNICIPAL,7,2,2,0,1,4,318,318,304,304,53,0,92,109,50,0
1,8,0,400,400,13,https://resultados2019.blob.core.windows.net/201901/140204.jpg,OK,0,20,HUEHUETENANGO,SAN SEBASTIÁN HUEHUETENANGO,14020,CORPORACIÓN MUNICIPAL,7,2,2,0,1,4,296,296,281,281,68,9,33,82,87,2
1,6,0,268,268,13,https://resultados2019.blob.core.windows.net/201901/140634.jpg,OK,0,20,HUEHUETENANGO,SAN SEBASTIÁN HUEHUETENANGO,14063,CORPORACIÓN MUNICIPAL,1,2,2,0,1,4,178,178,171,171,47,2,35,32,55,0
1,6,0,400,400,13,https://resultados2019.blob.core.windows.net/201901/140304.jpg,OK,1,20,HUEHUETENANGO,SAN SEBASTIÁN HUEHUETENANGO,14030,CORPORACIÓN MUNICIPAL,9,2,2,0,1,4,310,310,295,295,45,0,17,139,93,1
1,7,0,400,401,13,https://resultados2019.blob.core.windows.net/201901/140214.jpg,OK,0,20,HUEHUETENANGO,SAN SEBASTIÁN HUEHUETENANGO,14021,CORPORACIÓN MUNICIPAL,5,2,2,0,1,4,289,289,277,277,63,4,28,92,89,1
1,8,0,400,400,13,https://resultados2019.blob.core.windows.net/201901/140294.jpg,OK,0,20,HUEHUETENANGO,SAN SEBASTIÁN HUEHUETENANGO,14029,CORPORACIÓN MUNICIPAL,12,2,2,0,1,4,326,326,306,306,39,5,11,143,104,4
1,10,0,380,376,13,https://resultados2019.blob.core.windows.net/201901/140544.jpg,OK,0,20,HUEHUETENANGO,SAN SEBASTIÁN HUEHUETENANGO,14054,CORPORACIÓN MUNICIPAL,1,2,2,0,1,4,344,344,333,333,71,3,3,128,127,1
1,2,0,198,198,13,https://resultados2019.blob.core.windows.net/201901/140434.jpg,OK,0,20,HUEHUETENANGO,SAN SEBASTIÁN HUEHUETENANGO,14043,CORPORACIÓN MUNICIPAL,1,2,2,0,1,4,160,160,157,157,23,0,25,30,76,3
1,4,0,393,395,13,https://resultados2019.blob.core.windows.net/201901/140244.jpg,OK,0,20,HUEHUETENANGO,SAN SEBASTIÁN HUEHUETENANGO,14024,CORPORACIÓN MUNICIPAL,2,2,2,0,1,4,316,316,310,310,95,4,15,105,89,2
1,7,0,380,380,13,https://resultados2019.blob.core.windows.net/201901/140524.jpg,OK,0,20,HUEHUETENANGO,SAN SEBASTIÁN HUEHUETENANGO,14052,CORPORACIÓN MUNICIPAL,7,2,2,0,1,4,331,331,317,317,54,1,5,132,125,0
1,11,0,380,380,13,https://resultados2019.blob.core.windows.net/201901/140384.jpg,OK,0,20,HUEHUETENANGO,SAN SEBASTIÁN HUEHUETENANGO,14038,CORPORACIÓN MUNICIPAL,3,2,2,0,1,4,306,306,292,292,56,1,43,60,130,2
1,0,0,400,400,13,https://resultados2019.blob.core.windows.net/201901/140334.jpg,OK,0,20,HUEHUETENANGO,SAN SEBASTIÁN HUEHUETENANGO,14033,CORPORACIÓN MUNICIPAL,6,2,2,0,1,4,272,272,266,266,52,9,16,127,62,0
1,2,0,394,394,13,https://resultados2019.blob.core.windows.net/201901/140234.jpg,OK,0,20,HUEHUETENANGO,SAN SEBASTIÁN HUEHUETENANGO,14023,CORPORACIÓN MUNICIPAL,4,2,2,0,1,4,306,306,300,300,70,2,21,106,99,2
1,7,0,380,380,13,https://resultados2019.blob.core.windows.net/201901/140624.jpg,OK,0,20,HUEHUETENANGO,SAN SEBASTIÁN HUEHUETENANGO,14062,CORPORACIÓN MUNICIPAL,3,2,2,0,1,4,257,257,247,247,53,2,70,62,59,1
1,13,0,380,380,13,https://resultados2019.blob.core.windows.net/201901/140604.jpg,OK,0,20,HUEHUETENANGO,SAN SEBASTIÁN HUEHUETENANGO,14060,CORPORACIÓN MUNICIPAL,9,2,2,0,1,4,284,284,262,262,62,3,54,71,72,0
1,7,0,380,376,13,https://resultados2019.blob.core.windows.net/201901/140564.jpg,OK,0,20,HUEHUETENANGO,SAN SEBASTIÁN HUEHUETENANGO,14056,CORPORACIÓN MUNICIPAL,2,2,2,0,1,4,303,303,294,294,56,2,9,120,107,0
1,4,0,380,376,13,https://resultados2019.blob.core.windows.net/201901/140554.jpg,OK,0,20,HUEHUETENANGO,SAN SEBASTIÁN HUEHUETENANGO,14055,CORPORACIÓN MUNICIPAL,2,2,2,0,1,4,305,305,299,299,54,1,7,133,103,1
1,2,0,380,380,13,https://resultados2019.blob.core.windows.net/201901/140414.jpg,OK,0,20,HUEHUETENANGO,SAN SEBASTIÁN HUEHUETENANGO,14041,CORPORACIÓN MUNICIPAL,4,2,2,0,1,4,268,268,262,262,41,4,54,60,103,0
1,19,0,400,400,13,https://resultados2019.blob.core.windows.net/201901/140264.jpg,OK,0,20,HUEHUETENANGO,SAN SEBASTIÁN HUEHUETENANGO,14026,CORPORACIÓN MUNICIPAL,12,2,2,0,1,4,329,329,298,298,39,7,13,130,108,1
1,3,0,400,400,13,https://resultados2019.blob.core.windows.net/201901/140224.jpg,OK,0,20,HUEHUETENANGO,SAN SEBASTIÁN HUEHUETENANGO,14022,CORPORACIÓN MUNICIPAL,13,2,2,0,1,4,275,275,259,259,75,2,45,78,57,2
1,1,0,307,307,13,https://resultados2019.blob.core.windows.net/201901/140574.jpg,OK,0,20,HUEHUETENANGO,SAN SEBASTIÁN HUEHUETENANGO,14057,CORPORACIÓN MUNICIPAL,2,2,2,0,1,4,270,270,267,267,54,1,2,117,93,0
1,8,0,380,380,13,https://resultados2019.blob.core.windows.net/201901/140444.jpg,OK,0,20,HUEHUETENANGO,SAN SEBASTIÁN HUEHUETENANGO,14044,CORPORACIÓN MUNICIPAL,7,2,2,0,1,4,304,304,289,289,24,2,157,55,50,1
1,11,0,380,381,13,https://resultados2019.blob.core.windows.net/201901/140534.jpg,OK,0,20,HUEHUETENANGO,SAN SEBASTIÁN HUEHUETENANGO,14053,CORPORACIÓN MUNICIPAL,2,2,2,0,1,4,329,329,316,316,54,2,5,133,121,1
1,4,0,310,310,13,https://resultados2019.blob.core.windows.net/201901/140344.jpg,OK,0,20,HUEHUETENANGO,SAN SEBASTIÁN HUEHUETENANGO,14034,CORPORACIÓN MUNICIPAL,0,2,2,0,1,4,252,252,248,248,42,7,19,109,70,1
1,9,0,380,380,13,https://resultados2019.blob.core.windows.net/201901/140504.jpg,OK,0,20,HUEHUETENANGO,SAN SEBASTIÁN HUEHUETENANGO,14050,CORPORACIÓN MUNICIPAL,0,2,2,0,1,4,316,316,307,307,58,5,8,121,115,0
1,9,0,400,400,13,https://resultados2019.blob.core.windows.net/201901/140284.jpg,OK,0,20,HUEHUETENANGO,SAN SEBASTIÁN HUEHUETENANGO,14028,CORPORACIÓN MUNICIPAL,8,2,2,0,1,4,307,307,290,290,40,15,13,119,103,0
1,13,0,380,376,13,https://resultados2019.blob.core.windows.net/201901/140364.jpg,OK,0,20,HUEHUETENANGO,SAN SEBASTIÁN HUEHUETENANGO,14036,CORPORACIÓN MUNICIPAL,6,2,2,0,1,4,275,275,256,256,26,4,63,52,104,7
1,2,0,198,198,13,https://resultados2019.blob.core.windows.net/201901/140424.jpg,OK,0,20,HUEHUETENANGO,SAN SEBASTIÁN HUEHUETENANGO,14042,CORPORACIÓN MUNICIPAL,0,2,2,0,1,4,161,161,159,159,29,2,33,26,69,0
1,10,0,400,400,13,https://resultados2019.blob.core.windows.net/201901/140164.jpg,OK,0,20,HUEHUETENANGO,SAN SEBASTIÁN HUEHUETENANGO,14016,CORPORACIÓN MUNICIPAL,10,2,2,0,1,4,309,309,289,289,92,4,37,101,54,1
1,8,0,380,380,13,https://resultados2019.blob.core.windows.net/201901/140454.jpg,OK,0,20,HUEHUETENANGO,SAN SEBASTIÁN HUEHUETENANGO,14045,CORPORACIÓN MUNICIPAL,1,2,2,0,1,4,302,302,293,293,44,0,129,65,54,1
1,2,0,400,396,13,https://resultados2019.blob.core.windows.net/201901/140324.jpg,OK,0,20,HUEHUETENANGO,SAN SEBASTIÁN HUEHUETENANGO,14032,CORPORACIÓN MUNICIPAL,7,2,2,0,1,4,282,282,273,273,56,9,11,107,90,0
1,11,0,400,400,13,https://resultados2019.blob.core.windows.net/201901/140174.jpg,OK,0,20,HUEHUETENANGO,SAN SEBASTIÁN HUEHUETENANGO,14017,CORPORACIÓN MUNICIPAL,7,2,2,0,1,4,339,339,321,321,80,7,21,116,93,4
1,12,0,380,380,13,https://resultados2019.blob.core.windows.net/201901/140594.jpg,OK,0,20,HUEHUETENANGO,SAN SEBASTIÁN HUEHUETENANGO,14059,CORPORACIÓN MUNICIPAL,11,2,2,0,1,4,290,290,267,267,63,0,35,73,93,3
1,11,0,400,400,13,https://resultados2019.blob.core.windows.net/201901/140184.jpg,OK,0,20,HUEHUETENANGO,SAN SEBASTIÁN HUEHUETENANGO,14018,CORPORACIÓN MUNICIPAL,6,2,2,0,1,4,333,333,316,316,78,8,12,112,106,0
1,6,0,380,380,13,https://resultados2019.blob.core.windows.net/201901/140394.jpg,OK,0,20,HUEHUETENANGO,SAN SEBASTIÁN HUEHUETENANGO,14039,CORPORACIÓN MUNICIPAL,3,2,2,0,1,4,316,316,307,307,39,4,55,79,129,1
1,4,0,306,306,13,https://resultados2019.blob.core.windows.net/201901/140584.jpg,OK,0,20,HUEHUETENANGO,SAN SEBASTIÁN HUEHUETENANGO,14058,CORPORACIÓN MUNICIPAL,1,2,2,0,1,4,250,250,245,245,56,0,7,92,90,0
1,3,0,309,309,13,https://resultados2019.blob.core.windows.net/201901/140354.jpg,OK,0,20,HUEHUETENANGO,SAN SEBASTIÁN HUEHUETENANGO,14035,CORPORACIÓN MUNICIPAL,0,2,2,0,1,4,222,222,219,219,32,6,10,100,69,2
1,6,0,193,193,13,https://resultados2019.blob.core.windows.net/201901/140494.jpg,OK,0,20,HUEHUETENANGO,SAN SEBASTIÁN HUEHUETENANGO,14049,CORPORACIÓN MUNICIPAL,1,2,2,0,1,4,162,162,155,155,17,1,68,39,30,0
1,4,0,400,400,13,https://resultados2019.blob.core.windows.net/201901/140314.jpg,OK,1,20,HUEHUETENANGO,SAN SEBASTIÁN HUEHUETENANGO,14031,CORPORACIÓN MUNICIPAL,3,2,2,0,1,4,280,280,273,273,36,5,15,150,66,1
1,7,0,380,375,13,https://resultados2019.blob.core.windows.net/201901/140404.jpg,OK,0,20,HUEHUETENANGO,SAN SEBASTIÁN HUEHUETENANGO,14040,CORPORACIÓN MUNICIPAL,5,2,2,0,1,4,272,272,260,260,45,3,50,60,102,0
1,13,0,400,396,13,https://resultados2019.blob.core.windows.net/201901/140274.jpg,OK,0,20,HUEHUETENANGO,SAN SEBASTIÁN HUEHUETENANGO,14027,CORPORACIÓN MUNICIPAL,11,2,2,0,1,4,335,335,311,311,39,5,11,191,63,2
1,4,0,400,400,13,https://resultados2019.blob.core.windows.net/201901/140194.jpg,OK,0,20,HUEHUETENANGO,SAN SEBASTIÁN HUEHUETENANGO,14019,CORPORACIÓN MUNICIPAL,2,2,2,0,1,4,345,345,339,339,79,2,12,109,133,4
1,23,0,380,380,13,https://resultados2019.blob.core.windows.net/201901/140614.jpg,OK,0,20,HUEHUETENANGO,SAN SEBASTIÁN HUEHUETENANGO,14061,CORPORACIÓN MUNICIPAL,10,2,2,0,1,4,303,303,270,270,53,3,40,66,108,0
1,7,0,267,264,13,https://resultados2019.blob.core.windows.net/201901/140644.jpg,OK,0,20,HUEHUETENANGO,SAN SEBASTIÁN HUEHUETENANGO,14064,CORPORACIÓN MUNICIPAL,3,2,2,0,1,4,211,211,201,201,59,3,34,35,69,1
1,14,0,380,376,13,https://resultados2019.blob.core.windows.net/201901/140514.jpg,OK,0,20,HUEHUETENANGO,SAN SEBASTIÁN HUEHUETENANGO,14051,CORPORACIÓN MUNICIPAL,2,2,2,0,1,4,332,332,316,316,67,2,5,125,117,0
