ACTACUADRA,BLANCOS,CNTIMPUGNA,CNTINSCRITOS,CNTPAPELETAS,DEP,IMGSRC,IMGSTATUS,INVALIDOS,MUN,NDEP,NMUN,NROMESA,NTE,NULOS,STACTA,STESCAN,STFISIC,STTRANS,TIPOELECCION,TOTALACTA,TOTALVOTOS,VOTOSVALIDOS,VOTOSVALIDOSACTA,voto_CONVERGENCIA,voto_PC,voto_TODOS,voto_UNE,voto_VAMOS
1,3,0,400,400,13,https://resultados2019.blob.core.windows.net/201901/144364.jpg,OK,0,31,HUEHUETENANGO,SANTA ANA HUISTA,14436,CORPORACIÓN MUNICIPAL,10,2,2,0,1,4,242,242,229,229,3,74,109,23,20
1,2,1,400,400,13,https://resultados2019.blob.core.windows.net/201901/144374.jpg,OK,0,31,HUEHUETENANGO,SANTA ANA HUISTA,14437,CORPORACIÓN MUNICIPAL,13,2,2,0,1,4,275,275,260,260,7,95,101,45,12
1,1,0,195,195,13,https://resultados2019.blob.core.windows.net/201901/144494.jpg,OK,0,31,HUEHUETENANGO,SANTA ANA HUISTA,14449,CORPORACIÓN MUNICIPAL,0,2,2,0,1,4,138,138,137,137,9,52,53,13,10
1,1,0,238,238,13,https://resultados2019.blob.core.windows.net/201901/144524.jpg,OK,0,31,HUEHUETENANGO,SANTA ANA HUISTA,14452,CORPORACIÓN MUNICIPAL,6,2,2,0,1,4,153,153,146,146,24,44,60,13,5
1,3,0,400,400,13,https://resultados2019.blob.core.windows.net/201901/144404.jpg,OK,0,31,HUEHUETENANGO,SANTA ANA HUISTA,14440,CORPORACIÓN MUNICIPAL,6,2,2,0,1,4,249,249,240,240,6,80,119,22,13
1,4,1,392,392,13,https://resultados2019.blob.core.windows.net/201901/144414.jpg,OK,0,31,HUEHUETENANGO,SANTA ANA HUISTA,14441,CORPORACIÓN MUNICIPAL,7,2,2,0,1,4,231,231,220,220,7,77,104,17,15
1,7,0,380,380,13,https://resultados2019.blob.core.windows.net/201901/144474.jpg,OK,0,31,HUEHUETENANGO,SANTA ANA HUISTA,14447,CORPORACIÓN MUNICIPAL,12,2,2,0,1,4,222,222,203,203,21,81,52,30,19
1,12,0,380,380,13,https://resultados2019.blob.core.windows.net/201901/144434.jpg,OK,0,31,HUEHUETENANGO,SANTA ANA HUISTA,14443,CORPORACIÓN MUNICIPAL,18,2,2,0,1,4,237,237,207,207,14,89,64,21,19
1,4,0,400,400,13,https://resultados2019.blob.core.windows.net/201901/144504.jpg,OK,0,31,HUEHUETENANGO,SANTA ANA HUISTA,14450,CORPORACIÓN MUNICIPAL,24,2,2,0,1,4,279,279,251,251,50,53,108,24,16
1,8,0,380,400,13,https://resultados2019.blob.core.windows.net/201901/144454.jpg,OK,0,31,HUEHUETENANGO,SANTA ANA HUISTA,14445,CORPORACIÓN MUNICIPAL,17,2,2,0,1,4,245,245,220,220,15,96,64,27,18
1,1,0,400,400,13,https://resultados2019.blob.core.windows.net/201901/144394.jpg,OK,0,31,HUEHUETENANGO,SANTA ANA HUISTA,14439,CORPORACIÓN MUNICIPAL,16,2,2,0,1,4,282,282,265,265,7,77,152,15,14
1,2,0,400,400,13,https://resultados2019.blob.core.windows.net/201901/144384.jpg,OK,0,31,HUEHUETENANGO,SANTA ANA HUISTA,14438,CORPORACIÓN MUNICIPAL,8,2,2,0,1,4,304,304,294,294,11,90,159,19,15
1,1,0,238,238,13,https://resultados2019.blob.core.windows.net/201901/144514.jpg,OK,1,31,HUEHUETENANGO,SANTA ANA HUISTA,14451,CORPORACIÓN MUNICIPAL,7,2,2,0,1,4,140,140,132,132,22,38,51,13,8
1,0,0,196,196,13,https://resultados2019.blob.core.windows.net/201901/144484.jpg,OK,0,31,HUEHUETENANGO,SANTA ANA HUISTA,14448,CORPORACIÓN MUNICIPAL,6,2,2,0,1,4,128,128,122,122,7,43,53,7,12
1,1,0,392,392,13,https://resultados2019.blob.core.windows.net/201901/144424.jpg,OK,0,31,HUEHUETENANGO,SANTA ANA HUISTA,14442,CORPORACIÓN MUNICIPAL,3,2,2,0,1,4,233,233,229,229,8,76,123,11,11
1,11,0,380,380,13,https://resultados2019.blob.core.windows.net/201901/144444.jpg,OK,0,31,HUEHUETENANGO,SANTA ANA HUISTA,14444,CORPORACIÓN MUNICIPAL,20,2,2,0,1,4,249,249,218,218,16,77,78,26,21
1,6,0,380,380,13,https://resultados2019.blob.core.windows.net/201901/144464.jpg,OK,1,31,HUEHUETENANGO,SANTA ANA HUISTA,14446,CORPORACIÓN MUNICIPAL,12,2,2,0,1,4,221,221,203,203,6,78,67,32,20
