ACTACUADRA,BLANCOS,CNTIMPUGNA,CNTINSCRITOS,CNTPAPELETAS,DEP,IMGSRC,IMGSTATUS,INVALIDOS,MUN,NDEP,NMUN,NROMESA,NTE,NULOS,STACTA,STESCAN,STFISIC,STTRANS,TIPOELECCION,TOTALACTA,TOTALVOTOS,VOTOSVALIDOS,VOTOSVALIDOSACTA,voto_FCN-NACION,voto_FUERZA,voto_LIBRE,voto_TODOS,voto_UCN,voto_UNE,voto_UNIONISTA
1,5,0,247,347,13,https://resultados2019.blob.core.windows.net/201901/144634.jpg,OK,0,32,HUEHUETENANGO,UNIÓN CANTINIL,14463,CORPORACIÓN MUNICIPAL,5,2,2,0,1,4,88,88,78,78,4,18,6,1,11,19,19
1,5,0,380,380,13,https://resultados2019.blob.core.windows.net/201901/144694.jpg,OK,0,32,HUEHUETENANGO,UNIÓN CANTINIL,14469,CORPORACIÓN MUNICIPAL,11,2,2,0,1,4,166,166,150,150,12,6,35,3,10,45,39
1,4,0,400,400,13,https://resultados2019.blob.core.windows.net/201901/144614.jpg,OK,0,32,HUEHUETENANGO,UNIÓN CANTINIL,14461,CORPORACIÓN MUNICIPAL,3,2,2,0,1,4,157,157,150,150,6,28,10,1,8,57,40
1,2,0,246,246,13,https://resultados2019.blob.core.windows.net/201901/144644.jpg,OK,0,32,HUEHUETENANGO,UNIÓN CANTINIL,14464,CORPORACIÓN MUNICIPAL,5,2,2,0,1,4,104,104,97,97,4,14,6,0,4,38,31
1,13,0,239,239,13,https://resultados2019.blob.core.windows.net/201901/144734.jpg,OK,0,32,HUEHUETENANGO,UNIÓN CANTINIL,14473,CORPORACIÓN MUNICIPAL,2,2,2,0,1,4,92,92,77,77,9,3,12,2,1,34,16
1,7,0,400,400,13,https://resultados2019.blob.core.windows.net/201901/144534.jpg,OK,0,32,HUEHUETENANGO,UNIÓN CANTINIL,14453,CORPORACIÓN MUNICIPAL,15,2,2,0,1,4,177,177,155,155,3,25,16,2,9,44,56
1,5,0,400,400,13,https://resultados2019.blob.core.windows.net/201901/144564.jpg,OK,0,32,HUEHUETENANGO,UNIÓN CANTINIL,14456,CORPORACIÓN MUNICIPAL,8,2,2,0,1,4,214,214,201,201,0,9,9,1,12,66,104
1,8,0,400,400,13,https://resultados2019.blob.core.windows.net/201901/144604.jpg,OK,0,32,HUEHUETENANGO,UNIÓN CANTINIL,14460,CORPORACIÓN MUNICIPAL,2,2,2,0,1,4,129,129,119,119,4,26,6,1,1,44,37
1,10,0,380,380,13,https://resultados2019.blob.core.windows.net/201901/144684.jpg,OK,0,32,HUEHUETENANGO,UNIÓN CANTINIL,14468,CORPORACIÓN MUNICIPAL,17,2,2,0,1,4,188,188,161,161,32,5,15,13,6,54,36
1,12,0,380,380,13,https://resultados2019.blob.core.windows.net/201901/144724.jpg,OK,0,32,HUEHUETENANGO,UNIÓN CANTINIL,14472,CORPORACIÓN MUNICIPAL,4,2,2,0,1,4,129,129,113,113,12,4,23,5,5,46,18
1,9,0,400,401,13,https://resultados2019.blob.core.windows.net/201901/144594.jpg,OK,0,32,HUEHUETENANGO,UNIÓN CANTINIL,14459,CORPORACIÓN MUNICIPAL,11,2,2,0,1,4,196,196,176,176,5,90,24,2,9,23,23
1,4,0,380,380,13,https://resultados2019.blob.core.windows.net/201901/144714.jpg,OK,0,32,HUEHUETENANGO,UNIÓN CANTINIL,14471,CORPORACIÓN MUNICIPAL,16,2,2,0,1,4,141,141,121,121,18,4,19,3,6,57,14
1,15,0,380,380,13,https://resultados2019.blob.core.windows.net/201901/144664.jpg,OK,0,32,HUEHUETENANGO,UNIÓN CANTINIL,14466,CORPORACIÓN MUNICIPAL,13,2,2,0,1,4,160,160,132,132,18,4,30,3,4,55,18
1,1,0,238,238,13,https://resultados2019.blob.core.windows.net/201901/144744.jpg,OK,0,32,HUEHUETENANGO,UNIÓN CANTINIL,14474,CORPORACIÓN MUNICIPAL,6,2,2,0,1,4,86,86,79,79,9,10,15,2,4,19,20
1,7,0,380,380,13,https://resultados2019.blob.core.windows.net/201901/144674.jpg,OK,0,32,HUEHUETENANGO,UNIÓN CANTINIL,14467,CORPORACIÓN MUNICIPAL,13,2,2,0,1,4,190,190,170,170,17,2,38,7,10,70,26
1,7,0,400,400,13,https://resultados2019.blob.core.windows.net/201901/144554.jpg,OK,0,32,HUEHUETENANGO,UNIÓN CANTINIL,14455,CORPORACIÓN MUNICIPAL,11,2,2,0,1,4,163,163,145,145,3,16,7,0,15,50,54
1,7,0,400,400,13,https://resultados2019.blob.core.windows.net/201901/144624.jpg,OK,0,32,HUEHUETENANGO,UNIÓN CANTINIL,14462,CORPORACIÓN MUNICIPAL,7,2,2,0,1,4,148,148,134,134,4,23,10,3,16,48,30
1,7,0,380,380,13,https://resultados2019.blob.core.windows.net/201901/144704.jpg,OK,0,32,HUEHUETENANGO,UNIÓN CANTINIL,14470,CORPORACIÓN MUNICIPAL,4,2,2,0,1,4,140,140,129,129,16,5,28,3,4,45,28
1,7,0,400,400,13,https://resultados2019.blob.core.windows.net/201901/144584.jpg,OK,0,32,HUEHUETENANGO,UNIÓN CANTINIL,14458,CORPORACIÓN MUNICIPAL,11,2,2,0,1,4,205,205,187,187,4,30,16,3,9,60,65
1,13,0,400,400,13,https://resultados2019.blob.core.windows.net/201901/144574.jpg,OK,0,32,HUEHUETENANGO,UNIÓN CANTINIL,14457,CORPORACIÓN MUNICIPAL,9,2,2,0,1,4,194,194,172,172,4,7,12,3,9,76,61
1,14,0,380,380,13,https://resultados2019.blob.core.windows.net/201901/144654.jpg,OK,2,32,HUEHUETENANGO,UNIÓN CANTINIL,14465,CORPORACIÓN MUNICIPAL,6,2,2,0,1,4,154,154,134,134,19,2,28,4,8,58,15
1,12,0,400,400,13,https://resultados2019.blob.core.windows.net/201901/144544.jpg,OK,0,32,HUEHUETENANGO,UNIÓN CANTINIL,14454,CORPORACIÓN MUNICIPAL,9,2,2,0,1,4,152,152,131,131,2,12,14,0,8,51,44
