ACTACUADRA,BLANCOS,CNTIMPUGNA,CNTINSCRITOS,CNTPAPELETAS,DEP,IMGSRC,IMGSTATUS,INVALIDOS,MUN,NDEP,NMUN,NROMESA,NTE,NULOS,STACTA,STESCAN,STFISIC,STTRANS,TIPOELECCION,TOTALACTA,TOTALVOTOS,VOTOSVALIDOS,VOTOSVALIDOSACTA,voto_CONVERGENCIA,voto_EG,voto_FCN-NACION,voto_FUERZA,voto_PC,voto_TODOS,voto_UCN,voto_UNE,voto_URNG_MAIZ,voto_VAMOS,voto_VIVA
1,2,0,400,400,13,https://resultados2019.blob.core.windows.net/201901/131954.jpg,OK,0,4,HUEHUETENANGO,CUILCO,13195,CORPORACIÓN MUNICIPAL,13,2,1,0,1,4,169,169,154,154,3,4,3,5,12,0,31,37,24,6,29
1,3,0,400,400,13,https://resultados2019.blob.core.windows.net/201901/132154.jpg,OK,0,4,HUEHUETENANGO,CUILCO,13215,CORPORACIÓN MUNICIPAL,15,2,2,0,1,4,153,153,135,135,1,1,1,1,9,0,17,26,50,10,19
1,7,0,400,400,13,https://resultados2019.blob.core.windows.net/201901/131864.jpg,OK,0,4,HUEHUETENANGO,CUILCO,13186,CORPORACIÓN MUNICIPAL,17,2,2,0,1,4,176,176,152,152,4,5,3,3,12,3,38,29,30,6,19
1,2,0,316,316,13,https://resultados2019.blob.core.windows.net/201901/131854.jpg,OK,0,4,HUEHUETENANGO,CUILCO,13185,CORPORACIÓN MUNICIPAL,4,2,2,0,1,4,159,159,153,153,2,1,0,2,6,1,40,52,28,8,13
1,2,0,380,380,13,https://resultados2019.blob.core.windows.net/201901/132064.jpg,OK,0,4,HUEHUETENANGO,CUILCO,13206,CORPORACIÓN MUNICIPAL,17,2,2,0,1,4,156,156,137,137,3,0,0,1,9,0,11,36,58,15,4
1,6,0,400,400,13,https://resultados2019.blob.core.windows.net/201901/132094.jpg,OK,0,4,HUEHUETENANGO,CUILCO,13209,CORPORACIÓN MUNICIPAL,16,2,2,0,1,4,159,159,137,137,5,2,1,4,28,0,16,16,12,10,43
1,8,0,273,273,13,https://resultados2019.blob.core.windows.net/201901/132034.jpg,OK,0,4,HUEHUETENANGO,CUILCO,13203,CORPORACIÓN MUNICIPAL,3,2,1,0,1,4,113,113,102,102,3,3,2,1,4,0,21,31,16,7,14
1,15,0,400,400,13,https://resultados2019.blob.core.windows.net/201901/131984.jpg,OK,0,4,HUEHUETENANGO,CUILCO,13198,CORPORACIÓN MUNICIPAL,7,2,2,0,1,4,184,184,162,162,18,1,0,1,14,3,39,32,25,6,23
1,4,0,274,274,13,https://resultados2019.blob.core.windows.net/201901/132024.jpg,OK,0,4,HUEHUETENANGO,CUILCO,13202,CORPORACIÓN MUNICIPAL,3,2,1,0,1,4,121,121,114,114,3,2,3,5,9,0,30,25,22,3,12
1,7,0,400,400,13,https://resultados2019.blob.core.windows.net/201901/132194.jpg,OK,0,4,HUEHUETENANGO,CUILCO,13219,CORPORACIÓN MUNICIPAL,12,2,2,0,1,4,200,200,181,181,9,0,0,3,35,0,17,33,44,2,38
1,6,0,400,400,13,https://resultados2019.blob.core.windows.net/201901/131924.jpg,OK,0,4,HUEHUETENANGO,CUILCO,13192,CORPORACIÓN MUNICIPAL,17,2,2,0,1,4,173,173,150,150,6,0,3,3,13,1,29,27,35,21,12
1,10,0,227,227,13,https://resultados2019.blob.core.windows.net/201901/132074.jpg,OK,0,4,HUEHUETENANGO,CUILCO,13207,CORPORACIÓN MUNICIPAL,10,2,1,0,1,4,95,95,75,75,3,0,0,0,6,1,7,21,23,11,3
1,10,0,600,600,13,https://resultados2019.blob.core.windows.net/201901/132284.jpg,OK,0,4,HUEHUETENANGO,CUILCO,13228,CORPORACIÓN MUNICIPAL,9,2,2,0,1,4,119,119,100,100,4,3,2,2,12,0,23,19,15,6,14
1,9,0,358,358,13,https://resultados2019.blob.core.windows.net/201901/132214.jpg,OK,0,4,HUEHUETENANGO,CUILCO,13221,CORPORACIÓN MUNICIPAL,5,2,2,0,1,4,123,123,109,109,3,0,0,3,25,0,11,18,24,2,23
1,5,0,316,316,13,https://resultados2019.blob.core.windows.net/201901/131844.jpg,OK,0,4,HUEHUETENANGO,CUILCO,13184,CORPORACIÓN MUNICIPAL,8,2,1,0,1,4,140,140,127,127,4,0,0,4,11,0,35,47,14,4,8
1,1,0,600,600,13,https://resultados2019.blob.core.windows.net/201901/132324.jpg,OK,0,4,HUEHUETENANGO,CUILCO,13232,CORPORACIÓN MUNICIPAL,10,2,2,0,1,4,111,111,100,100,1,0,3,5,9,1,18,21,18,8,16
1,7,0,380,380,13,https://resultados2019.blob.core.windows.net/201901/132044.jpg,OK,0,4,HUEHUETENANGO,CUILCO,13204,CORPORACIÓN MUNICIPAL,16,2,1,0,1,4,191,191,168,168,6,0,1,3,14,0,19,37,53,29,6
1,2,0,360,360,13,https://resultados2019.blob.core.windows.net/201901/132174.jpg,OK,0,4,HUEHUETENANGO,CUILCO,13217,CORPORACIÓN MUNICIPAL,4,2,2,0,1,4,126,126,120,120,2,0,0,3,8,0,15,37,39,6,10
1,6,0,400,400,13,https://resultados2019.blob.core.windows.net/201901/131824.jpg,OK,0,4,HUEHUETENANGO,CUILCO,13182,CORPORACIÓN MUNICIPAL,12,2,1,0,1,4,145,145,127,127,5,2,1,4,6,0,39,34,14,11,11
1,5,0,400,400,13,https://resultados2019.blob.core.windows.net/201901/131774.jpg,OK,0,4,HUEHUETENANGO,CUILCO,13177,CORPORACIÓN MUNICIPAL,16,2,2,0,1,4,203,203,182,182,0,5,10,2,15,2,26,93,15,7,7
1,5,0,400,400,13,https://resultados2019.blob.core.windows.net/201901/131994.jpg,OK,0,4,HUEHUETENANGO,CUILCO,13199,CORPORACIÓN MUNICIPAL,16,2,2,0,1,4,175,175,154,154,4,3,1,3,17,3,44,31,22,9,17
1,7,0,400,400,13,https://resultados2019.blob.core.windows.net/201901/131754.jpg,OK,0,4,HUEHUETENANGO,CUILCO,13175,CORPORACIÓN MUNICIPAL,21,2,2,0,1,4,216,216,188,188,3,4,5,1,13,1,46,68,26,6,15
1,9,2,400,400,13,https://resultados2019.blob.core.windows.net/201901/131894.jpg,OK,0,4,HUEHUETENANGO,CUILCO,13189,CORPORACIÓN MUNICIPAL,22,2,2,0,1,4,181,181,150,150,11,0,3,1,25,0,15,62,15,15,3
1,8,0,338,338,13,https://resultados2019.blob.core.windows.net/201901/132274.jpg,OK,0,4,HUEHUETENANGO,CUILCO,13227,CORPORACIÓN MUNICIPAL,8,2,1,0,1,4,212,212,196,196,4,0,0,2,1,1,1,46,121,17,3
1,2,0,385,385,13,https://resultados2019.blob.core.windows.net/201901/132134.jpg,OK,0,4,HUEHUETENANGO,CUILCO,13213,CORPORACIÓN MUNICIPAL,8,2,2,0,1,4,148,148,138,138,1,1,1,4,19,0,27,13,11,9,52
1,11,0,400,400,13,https://resultados2019.blob.core.windows.net/201901/132184.jpg,OK,0,4,HUEHUETENANGO,CUILCO,13218,CORPORACIÓN MUNICIPAL,14,2,2,0,1,4,168,168,143,143,6,5,0,4,31,0,14,22,30,2,29
1,7,0,400,400,13,https://resultados2019.blob.core.windows.net/201901/131914.jpg,OK,0,4,HUEHUETENANGO,CUILCO,13191,CORPORACIÓN MUNICIPAL,14,2,2,0,1,4,184,184,163,163,11,3,2,4,14,1,48,36,22,10,12
1,5,1,400,400,13,https://resultados2019.blob.core.windows.net/201901/131804.jpg,OK,0,4,HUEHUETENANGO,CUILCO,13180,CORPORACIÓN MUNICIPAL,17,2,1,0,1,4,178,178,156,156,6,4,1,2,10,4,32,39,30,18,10
1,4,0,205,205,13,https://resultados2019.blob.core.windows.net/201901/131974.jpg,OK,0,4,HUEHUETENANGO,CUILCO,13197,CORPORACIÓN MUNICIPAL,4,2,2,0,1,4,96,96,88,88,2,0,4,1,4,2,31,17,8,9,10
1,5,0,400,400,13,https://resultados2019.blob.core.windows.net/201901/131794.jpg,OK,0,4,HUEHUETENANGO,CUILCO,13179,CORPORACIÓN MUNICIPAL,16,2,2,0,1,4,186,186,165,165,1,4,0,6,14,3,38,39,26,7,27
1,3,0,361,361,13,https://resultados2019.blob.core.windows.net/201901/132164.jpg,OK,0,4,HUEHUETENANGO,CUILCO,13216,CORPORACIÓN MUNICIPAL,5,2,2,0,1,4,125,125,117,117,1,0,1,1,6,1,16,30,47,3,11
1,6,0,400,400,13,https://resultados2019.blob.core.windows.net/201901/132014.jpg,OK,0,4,HUEHUETENANGO,CUILCO,13201,CORPORACIÓN MUNICIPAL,11,2,2,0,1,4,157,157,140,140,7,1,4,5,12,3,27,23,34,9,15
1,5,0,400,400,13,https://resultados2019.blob.core.windows.net/201901/132234.jpg,OK,0,4,HUEHUETENANGO,CUILCO,13223,CORPORACIÓN MUNICIPAL,14,2,2,0,1,4,140,140,121,121,0,0,1,1,10,0,12,28,33,24,12
1,12,0,400,400,13,https://resultados2019.blob.core.windows.net/201901/131884.jpg,OK,0,4,HUEHUETENANGO,CUILCO,13188,CORPORACIÓN MUNICIPAL,24,2,2,0,1,4,186,186,150,150,4,5,9,4,12,4,29,46,14,13,10
1,4,0,400,400,13,https://resultados2019.blob.core.windows.net/201901/132144.jpg,OK,0,4,HUEHUETENANGO,CUILCO,13214,CORPORACIÓN MUNICIPAL,6,2,2,0,1,4,136,136,126,126,4,1,3,2,9,2,18,23,38,8,18
1,3,0,474,474,13,https://resultados2019.blob.core.windows.net/201901/132344.jpg,OK,0,4,HUEHUETENANGO,CUILCO,13234,CORPORACIÓN MUNICIPAL,5,2,2,0,1,4,55,55,47,47,6,1,0,2,7,0,7,13,5,1,5
1,2,0,226,226,13,https://resultados2019.blob.core.windows.net/201901/132084.jpg,OK,0,4,HUEHUETENANGO,CUILCO,13208,CORPORACIÓN MUNICIPAL,5,2,1,0,1,4,98,98,91,91,4,1,1,0,11,0,11,21,28,12,2
1,14,0,400,399,13,https://resultados2019.blob.core.windows.net/201901/131904.jpg,OK,0,4,HUEHUETENANGO,CUILCO,13190,CORPORACIÓN MUNICIPAL,17,2,2,0,1,4,212,212,181,181,2,1,0,2,7,1,40,81,36,6,5
1,4,0,400,400,13,https://resultados2019.blob.core.windows.net/201901/131734.jpg,OK,0,4,HUEHUETENANGO,CUILCO,13173,CORPORACIÓN MUNICIPAL,14,2,2,0,1,4,181,181,163,163,3,4,0,2,8,0,40,60,25,8,13
1,8,0,400,400,13,https://resultados2019.blob.core.windows.net/201901/131764.jpg,OK,0,4,HUEHUETENANGO,CUILCO,13176,CORPORACIÓN MUNICIPAL,19,2,2,0,1,4,173,173,146,146,5,0,4,2,19,0,17,49,27,13,10
1,5,0,400,400,13,https://resultados2019.blob.core.windows.net/201901/132224.jpg,OK,0,4,HUEHUETENANGO,CUILCO,13222,CORPORACIÓN MUNICIPAL,8,2,2,0,1,4,124,124,111,111,4,1,0,1,3,1,8,28,31,19,15
1,10,0,338,338,13,https://resultados2019.blob.core.windows.net/201901/132264.jpg,OK,0,4,HUEHUETENANGO,CUILCO,13226,CORPORACIÓN MUNICIPAL,24,2,1,0,1,4,234,234,200,200,1,1,0,1,1,0,1,54,128,9,4
1,3,0,400,400,13,https://resultados2019.blob.core.windows.net/201901/131944.jpg,OK,0,4,HUEHUETENANGO,CUILCO,13194,CORPORACIÓN MUNICIPAL,11,2,2,0,1,4,164,164,150,150,4,1,4,3,9,0,38,43,23,5,20
1,10,0,380,380,13,https://resultados2019.blob.core.windows.net/201901/132054.jpg,OK,0,4,HUEHUETENANGO,CUILCO,13205,CORPORACIÓN MUNICIPAL,15,2,2,0,1,4,188,188,163,163,2,0,0,1,22,1,12,48,47,25,5
1,5,0,400,400,13,https://resultados2019.blob.core.windows.net/201901/131934.jpg,OK,0,4,HUEHUETENANGO,CUILCO,13193,CORPORACIÓN MUNICIPAL,3,2,2,0,1,4,155,155,147,147,0,1,2,6,7,2,38,30,20,32,9
1,9,0,400,400,13,https://resultados2019.blob.core.windows.net/201901/131874.jpg,OK,0,4,HUEHUETENANGO,CUILCO,13187,CORPORACIÓN MUNICIPAL,19,2,2,0,1,4,201,201,173,173,2,5,13,4,7,1,42,38,24,7,30
1,6,0,358,358,13,https://resultados2019.blob.core.windows.net/201901/132204.jpg,OK,0,4,HUEHUETENANGO,CUILCO,13220,CORPORACIÓN MUNICIPAL,9,2,2,0,1,4,152,152,137,137,9,1,1,1,18,0,17,20,44,5,21
1,2,0,205,205,13,https://resultados2019.blob.core.windows.net/201901/131964.jpg,OK,0,4,HUEHUETENANGO,CUILCO,13196,CORPORACIÓN MUNICIPAL,3,2,2,0,1,4,94,94,89,89,4,0,4,2,8,0,26,19,16,2,8
1,3,0,315,315,13,https://resultados2019.blob.core.windows.net/201901/132254.jpg,OK,0,4,HUEHUETENANGO,CUILCO,13225,CORPORACIÓN MUNICIPAL,12,2,2,0,1,4,83,83,68,68,0,0,0,1,0,1,7,16,24,10,9
1,2,0,600,600,13,https://resultados2019.blob.core.windows.net/201901/132314.jpg,OK,0,4,HUEHUETENANGO,CUILCO,13231,CORPORACIÓN MUNICIPAL,14,2,2,0,1,4,98,98,82,82,3,4,1,3,4,1,24,17,10,4,11
1,1,0,400,400,13,https://resultados2019.blob.core.windows.net/201901/131814.jpg,OK,0,4,HUEHUETENANGO,CUILCO,13181,CORPORACIÓN MUNICIPAL,8,2,1,0,1,4,130,130,121,121,2,5,0,2,12,0,22,43,20,6,9
1,9,0,600,600,13,https://resultados2019.blob.core.windows.net/201901/132294.jpg,OK,0,4,HUEHUETENANGO,CUILCO,13229,CORPORACIÓN MUNICIPAL,7,2,2,0,1,4,122,122,106,106,3,2,3,5,6,2,21,29,14,8,13
1,4,0,475,475,13,https://resultados2019.blob.core.windows.net/201901/132334.jpg,OK,0,4,HUEHUETENANGO,CUILCO,13233,CORPORACIÓN MUNICIPAL,5,2,2,0,1,4,64,64,55,55,1,1,1,1,7,0,11,11,10,4,8
1,10,0,400,400,13,https://resultados2019.blob.core.windows.net/201901/131744.jpg,OK,0,4,HUEHUETENANGO,CUILCO,13174,CORPORACIÓN MUNICIPAL,16,2,2,0,1,4,213,213,187,187,6,1,3,6,9,0,58,49,39,2,14
1,9,0,600,600,13,https://resultados2019.blob.core.windows.net/201901/132304.jpg,OK,0,4,HUEHUETENANGO,CUILCO,13230,CORPORACIÓN MUNICIPAL,9,2,2,0,1,4,112,112,94,94,2,1,1,5,14,0,21,16,13,9,12
1,5,0,400,400,13,https://resultados2019.blob.core.windows.net/201901/131784.jpg,OK,0,4,HUEHUETENANGO,CUILCO,13178,CORPORACIÓN MUNICIPAL,12,2,2,0,1,4,163,163,146,146,2,0,1,1,5,3,22,67,18,8,19
1,7,0,400,400,13,https://resultados2019.blob.core.windows.net/201901/132114.jpg,OK,0,4,HUEHUETENANGO,CUILCO,13211,CORPORACIÓN MUNICIPAL,9,2,2,0,1,4,166,166,150,150,2,0,0,5,17,4,19,34,19,3,47
1,2,1,316,316,13,https://resultados2019.blob.core.windows.net/201901/132244.jpg,OK,0,4,HUEHUETENANGO,CUILCO,13224,CORPORACIÓN MUNICIPAL,5,2,2,0,1,4,66,66,59,59,0,1,0,1,5,0,5,8,20,5,14
1,2,0,385,385,13,https://resultados2019.blob.core.windows.net/201901/132124.jpg,OK,0,4,HUEHUETENANGO,CUILCO,13212,CORPORACIÓN MUNICIPAL,7,2,2,0,1,4,135,135,126,126,3,1,2,0,22,0,32,20,10,4,32
1,13,0,400,400,13,https://resultados2019.blob.core.windows.net/201901/132104.jpg,OK,0,4,HUEHUETENANGO,CUILCO,13210,CORPORACIÓN MUNICIPAL,12,2,2,0,1,4,176,176,151,151,4,1,0,3,19,1,30,23,16,2,52
1,3,0,400,400,13,https://resultados2019.blob.core.windows.net/201901/131834.jpg,OK,1,4,HUEHUETENANGO,CUILCO,13183,CORPORACIÓN MUNICIPAL,7,2,2,0,1,4,199,199,189,189,4,2,4,5,6,2,47,48,37,14,20
1,11,0,400,400,13,https://resultados2019.blob.core.windows.net/201901/132004.jpg,OK,0,4,HUEHUETENANGO,CUILCO,13200,CORPORACIÓN MUNICIPAL,15,2,2,0,1,4,190,190,164,164,1,3,1,4,16,2,24,56,25,11,21
