ACTACUADRA,BLANCOS,CNTIMPUGNA,CNTINSCRITOS,CNTPAPELETAS,DEP,IMGSRC,IMGSTATUS,INVALIDOS,MUN,NDEP,NMUN,NROMESA,NTE,NULOS,STACTA,STESCAN,STFISIC,STTRANS,TIPOELECCION,TOTALACTA,TOTALVOTOS,VOTOSVALIDOS,VOTOSVALIDOSACTA,voto_CONVERGENCIA,voto_FCN-NACION,voto_FUERZA,voto_TODOS,voto_UCN,voto_UNE,voto_UNIONISTA,voto_VAMOS
1,7,0,380,380,13,https://resultados2019.blob.core.windows.net/201901/132864.jpg,OK,1,5,HUEHUETENANGO,NENTÓN,13286,CORPORACIÓN MUNICIPAL,6,2,2,0,1,4,277,277,264,264,99,99,4,2,25,3,1,31
1,2,0,351,351,13,https://resultados2019.blob.core.windows.net/201901/132544.jpg,OK,0,5,HUEHUETENANGO,NENTÓN,13254,CORPORACIÓN MUNICIPAL,1,2,2,0,1,4,257,257,254,254,77,53,12,0,44,24,0,44
1,0,0,400,400,13,https://resultados2019.blob.core.windows.net/201901/132534.jpg,OK,0,5,HUEHUETENANGO,NENTÓN,13253,CORPORACIÓN MUNICIPAL,5,2,2,0,1,4,262,262,257,257,54,69,15,1,41,38,2,37
1,0,0,338,338,13,https://resultados2019.blob.core.windows.net/201901/132774.jpg,OK,0,5,HUEHUETENANGO,NENTÓN,13277,CORPORACIÓN MUNICIPAL,3,2,2,0,1,4,301,301,298,298,127,95,1,0,21,2,5,47
1,2,0,380,380,13,https://resultados2019.blob.core.windows.net/201901/132724.jpg,OK,0,5,HUEHUETENANGO,NENTÓN,13272,CORPORACIÓN MUNICIPAL,7,2,2,0,1,4,313,313,304,304,127,105,3,1,20,5,9,34
1,6,0,380,380,13,https://resultados2019.blob.core.windows.net/201901/132844.jpg,OK,0,5,HUEHUETENANGO,NENTÓN,13284,CORPORACIÓN MUNICIPAL,5,2,2,0,1,4,284,284,273,273,111,104,5,1,31,2,1,18
1,2,0,380,380,13,https://resultados2019.blob.core.windows.net/201901/132654.jpg,OK,0,5,HUEHUETENANGO,NENTÓN,13265,CORPORACIÓN MUNICIPAL,3,2,2,0,1,4,283,283,278,278,23,104,18,2,53,10,0,68
1,1,0,380,380,13,https://resultados2019.blob.core.windows.net/201901/132684.jpg,OK,0,5,HUEHUETENANGO,NENTÓN,13268,CORPORACIÓN MUNICIPAL,3,2,2,0,1,4,323,323,319,319,93,107,2,1,53,5,2,56
1,2,0,380,380,13,https://resultados2019.blob.core.windows.net/201901/132704.jpg,OK,0,5,HUEHUETENANGO,NENTÓN,13270,CORPORACIÓN MUNICIPAL,2,2,2,0,1,4,270,270,266,266,100,111,2,0,10,6,5,32
1,6,0,400,400,13,https://resultados2019.blob.core.windows.net/201901/132504.jpg,OK,0,5,HUEHUETENANGO,NENTÓN,13250,CORPORACIÓN MUNICIPAL,7,2,2,0,1,4,261,261,248,248,54,56,20,5,46,32,3,32
1,3,0,338,338,13,https://resultados2019.blob.core.windows.net/201901/132784.jpg,OK,0,5,HUEHUETENANGO,NENTÓN,13278,CORPORACIÓN MUNICIPAL,3,2,2,0,1,4,274,274,268,268,120,88,2,0,17,6,2,33
1,7,0,400,400,13,https://resultados2019.blob.core.windows.net/201901/132374.jpg,OK,0,5,HUEHUETENANGO,NENTÓN,13237,CORPORACIÓN MUNICIPAL,8,2,2,0,1,4,287,287,272,272,56,81,9,4,39,38,1,44
1,6,0,400,400,13,https://resultados2019.blob.core.windows.net/201901/132394.jpg,OK,0,5,HUEHUETENANGO,NENTÓN,13239,CORPORACIÓN MUNICIPAL,5,2,2,0,1,4,290,290,279,279,67,48,5,1,48,50,0,60
1,5,0,400,400,13,https://resultados2019.blob.core.windows.net/201901/132524.jpg,OK,0,5,HUEHUETENANGO,NENTÓN,13252,CORPORACIÓN MUNICIPAL,7,2,2,0,1,4,243,243,231,231,46,51,11,2,42,31,2,46
1,0,0,400,0,13,https://resultados2019.blob.core.windows.net/201901/132384.jpg,OK,0,5,HUEHUETENANGO,NENTÓN,13238,CORPORACIÓN MUNICIPAL,5,2,2,0,1,4,286,286,281,281,51,63,11,0,42,49,1,64
1,4,0,380,380,13,https://resultados2019.blob.core.windows.net/201901/132574.jpg,OK,0,5,HUEHUETENANGO,NENTÓN,13257,CORPORACIÓN MUNICIPAL,1,2,2,0,1,4,315,315,310,310,26,81,5,2,84,31,0,81
1,2,0,400,400,13,https://resultados2019.blob.core.windows.net/201901/132434.jpg,OK,0,5,HUEHUETENANGO,NENTÓN,13243,CORPORACIÓN MUNICIPAL,6,2,2,0,1,4,312,312,304,304,24,94,22,2,63,46,2,51
1,5,0,380,380,13,https://resultados2019.blob.core.windows.net/201901/132814.jpg,OK,0,5,HUEHUETENANGO,NENTÓN,13281,CORPORACIÓN MUNICIPAL,4,2,2,0,1,4,309,309,300,300,147,74,1,0,21,4,2,51
1,3,0,380,380,13,https://resultados2019.blob.core.windows.net/201901/132874.jpg,OK,0,5,HUEHUETENANGO,NENTÓN,13287,CORPORACIÓN MUNICIPAL,6,2,2,0,1,4,287,287,278,278,118,102,2,2,15,4,0,35
0,8,0,380,380,13,https://resultados2019.blob.core.windows.net/201901/132794.jpg,OK,0,5,HUEHUETENANGO,NENTÓN,13279,CORPORACIÓN MUNICIPAL,3,2,2,0,1,4,302,302,291,302,125,80,3,3,33,3,0,44
1,1,0,380,380,13,https://resultados2019.blob.core.windows.net/201901/132824.jpg,OK,0,5,HUEHUETENANGO,NENTÓN,13282,CORPORACIÓN MUNICIPAL,6,2,2,0,1,4,300,300,293,293,100,79,6,0,27,3,1,77
1,2,0,380,0,13,https://resultados2019.blob.core.windows.net/201901/132594.jpg,OK,0,5,HUEHUETENANGO,NENTÓN,13259,CORPORACIÓN MUNICIPAL,5,2,2,0,1,4,316,316,309,309,19,91,49,1,30,4,0,115
1,1,0,380,0,13,https://resultados2019.blob.core.windows.net/201901/132624.jpg,OK,0,5,HUEHUETENANGO,NENTÓN,13262,CORPORACIÓN MUNICIPAL,1,2,2,0,1,4,268,268,266,266,30,67,15,3,78,10,1,62
1,1,0,195,195,13,https://resultados2019.blob.core.windows.net/201901/132894.jpg,OK,0,5,HUEHUETENANGO,NENTÓN,13289,CORPORACIÓN MUNICIPAL,1,2,2,0,1,4,157,157,155,155,66,50,1,1,8,3,0,26
1,4,0,350,350,13,https://resultados2019.blob.core.windows.net/201901/132554.jpg,OK,0,5,HUEHUETENANGO,NENTÓN,13255,CORPORACIÓN MUNICIPAL,2,2,2,0,1,4,220,220,214,214,47,47,19,4,42,20,2,33
1,4,0,380,380,13,https://resultados2019.blob.core.windows.net/201901/132834.jpg,OK,0,5,HUEHUETENANGO,NENTÓN,13283,CORPORACIÓN MUNICIPAL,2,2,2,0,1,4,286,286,280,280,121,77,1,3,21,1,1,55
1,2,0,380,380,13,https://resultados2019.blob.core.windows.net/201901/132584.jpg,OK,0,5,HUEHUETENANGO,NENTÓN,13258,CORPORACIÓN MUNICIPAL,1,2,2,0,1,4,294,294,291,291,22,92,8,0,65,22,0,82
1,7,0,380,380,13,https://resultados2019.blob.core.windows.net/201901/132804.jpg,OK,0,5,HUEHUETENANGO,NENTÓN,13280,CORPORACIÓN MUNICIPAL,4,2,2,0,1,4,297,297,286,286,138,84,1,0,25,3,1,34
1,7,0,380,380,13,https://resultados2019.blob.core.windows.net/201901/132714.jpg,OK,0,5,HUEHUETENANGO,NENTÓN,13271,CORPORACIÓN MUNICIPAL,5,2,2,0,1,4,242,242,230,230,88,95,2,0,12,6,10,17
1,4,0,400,400,13,https://resultados2019.blob.core.windows.net/201901/132454.jpg,OK,0,5,HUEHUETENANGO,NENTÓN,13245,CORPORACIÓN MUNICIPAL,5,2,2,0,1,4,228,228,219,219,65,55,12,2,35,28,1,21
1,8,0,400,400,13,https://resultados2019.blob.core.windows.net/201901/132444.jpg,OK,0,5,HUEHUETENANGO,NENTÓN,13244,CORPORACIÓN MUNICIPAL,5,2,2,0,1,4,246,246,233,233,34,68,17,3,48,28,1,34
1,6,0,380,380,13,https://resultados2019.blob.core.windows.net/201901/132744.jpg,OK,0,5,HUEHUETENANGO,NENTÓN,13274,CORPORACIÓN MUNICIPAL,2,2,2,0,1,4,316,316,308,308,108,130,5,0,27,4,7,27
1,4,0,400,400,13,https://resultados2019.blob.core.windows.net/201901/132424.jpg,OK,0,5,HUEHUETENANGO,NENTÓN,13242,CORPORACIÓN MUNICIPAL,12,2,2,0,1,4,291,291,275,275,13,69,8,0,55,73,2,55
1,0,0,400,400,13,https://resultados2019.blob.core.windows.net/201901/132354.jpg,OK,0,5,HUEHUETENANGO,NENTÓN,13235,CORPORACIÓN MUNICIPAL,4,2,2,0,1,4,251,251,247,247,56,79,23,4,38,15,0,32
1,4,0,380,380,13,https://resultados2019.blob.core.windows.net/201901/132694.jpg,OK,0,5,HUEHUETENANGO,NENTÓN,13269,CORPORACIÓN MUNICIPAL,4,2,2,0,1,4,310,310,302,302,124,115,1,0,8,3,2,49
1,6,0,400,400,13,https://resultados2019.blob.core.windows.net/201901/132514.jpg,OK,0,5,HUEHUETENANGO,NENTÓN,13251,CORPORACIÓN MUNICIPAL,6,2,2,0,1,4,260,260,248,248,52,71,12,0,49,23,1,40
1,6,0,380,0,13,https://resultados2019.blob.core.windows.net/201901/132604.jpg,OK,0,5,HUEHUETENANGO,NENTÓN,13260,CORPORACIÓN MUNICIPAL,1,2,2,0,1,4,313,313,306,306,23,91,31,0,58,9,0,94
1,5,0,380,0,13,https://resultados2019.blob.core.windows.net/201901/132634.jpg,OK,0,5,HUEHUETENANGO,NENTÓN,13263,CORPORACIÓN MUNICIPAL,1,2,2,0,1,4,285,285,279,279,29,109,7,1,65,20,2,46
1,5,0,509,509,13,https://resultados2019.blob.core.windows.net/201901/132914.jpg,OK,0,5,HUEHUETENANGO,NENTÓN,13291,CORPORACIÓN MUNICIPAL,3,2,2,0,1,4,129,129,121,121,29,18,5,2,27,20,2,18
1,2,0,400,400,13,https://resultados2019.blob.core.windows.net/201901/132484.jpg,OK,0,5,HUEHUETENANGO,NENTÓN,13248,CORPORACIÓN MUNICIPAL,10,2,2,0,1,4,253,253,241,241,48,48,7,0,52,47,1,38
1,1,0,400,0,13,https://resultados2019.blob.core.windows.net/201901/132414.jpg,OK,0,5,HUEHUETENANGO,NENTÓN,13241,CORPORACIÓN MUNICIPAL,3,2,2,0,1,4,284,284,280,280,54,54,4,2,37,74,4,51
1,2,0,380,380,13,https://resultados2019.blob.core.windows.net/201901/132754.jpg,OK,0,5,HUEHUETENANGO,NENTÓN,13275,CORPORACIÓN MUNICIPAL,4,2,2,0,1,4,309,309,303,303,114,111,4,1,26,4,4,39
1,4,1,195,195,13,https://resultados2019.blob.core.windows.net/201901/132904.jpg,OK,0,5,HUEHUETENANGO,NENTÓN,13290,CORPORACIÓN MUNICIPAL,3,2,2,0,1,4,159,159,152,152,70,41,2,1,11,5,0,22
1,3,0,380,379,13,https://resultados2019.blob.core.windows.net/201901/132614.jpg,OK,0,5,HUEHUETENANGO,NENTÓN,13261,CORPORACIÓN MUNICIPAL,3,2,2,0,1,4,245,245,239,239,19,75,11,0,54,12,0,68
1,0,0,343,343,13,https://resultados2019.blob.core.windows.net/201901/132664.jpg,OK,0,5,HUEHUETENANGO,NENTÓN,13266,CORPORACIÓN MUNICIPAL,0,2,2,0,1,4,264,264,264,264,23,82,23,0,57,9,0,70
1,3,0,380,0,13,https://resultados2019.blob.core.windows.net/201901/132564.jpg,OK,0,5,HUEHUETENANGO,NENTÓN,13256,CORPORACIÓN MUNICIPAL,3,2,2,0,1,4,312,312,306,306,38,127,7,0,56,14,0,64
1,9,0,400,0,13,https://resultados2019.blob.core.windows.net/201901/132464.jpg,OK,0,5,HUEHUETENANGO,NENTÓN,13246,CORPORACIÓN MUNICIPAL,5,2,2,0,1,4,255,255,241,241,65,82,11,3,28,22,0,30
1,3,0,400,400,13,https://resultados2019.blob.core.windows.net/201901/132364.jpg,OK,0,5,HUEHUETENANGO,NENTÓN,13236,CORPORACIÓN MUNICIPAL,8,2,2,0,1,4,271,271,260,260,57,62,8,1,26,71,5,30
1,2,0,400,400,13,https://resultados2019.blob.core.windows.net/201901/132474.jpg,OK,143,5,HUEHUETENANGO,NENTÓN,13247,CORPORACIÓN MUNICIPAL,6,2,2,0,1,4,257,257,249,249,58,76,10,2,41,26,5,31
1,1,0,380,380,13,https://resultados2019.blob.core.windows.net/201901/132764.jpg,OK,0,5,HUEHUETENANGO,NENTÓN,13276,CORPORACIÓN MUNICIPAL,7,2,2,0,1,4,287,287,279,279,115,94,2,0,20,3,5,40
1,7,0,343,343,13,https://resultados2019.blob.core.windows.net/201901/132674.jpg,OK,0,5,HUEHUETENANGO,NENTÓN,13267,CORPORACIÓN MUNICIPAL,2,2,2,0,1,4,279,279,270,270,22,67,10,1,88,13,1,68
1,6,0,400,400,13,https://resultados2019.blob.core.windows.net/201901/132494.jpg,OK,122,5,HUEHUETENANGO,NENTÓN,13249,CORPORACIÓN MUNICIPAL,8,2,2,0,1,4,275,275,261,261,53,56,15,0,42,50,2,43
1,2,0,380,0,13,https://resultados2019.blob.core.windows.net/201901/132734.jpg,OK,0,5,HUEHUETENANGO,NENTÓN,13273,CORPORACIÓN MUNICIPAL,5,2,2,0,1,4,261,261,254,254,83,119,2,0,13,3,8,26
1,1,0,380,0,13,https://resultados2019.blob.core.windows.net/201901/132884.jpg,OK,0,5,HUEHUETENANGO,NENTÓN,13288,CORPORACIÓN MUNICIPAL,4,2,2,0,1,4,294,294,289,289,138,69,3,2,22,2,0,53
1,3,0,380,380,13,https://resultados2019.blob.core.windows.net/201901/132854.jpg,OK,0,5,HUEHUETENANGO,NENTÓN,13285,CORPORACIÓN MUNICIPAL,1,2,2,0,1,4,268,268,264,264,90,96,2,3,30,1,1,41
1,5,0,400,0,13,https://resultados2019.blob.core.windows.net/201901/132404.jpg,OK,0,5,HUEHUETENANGO,NENTÓN,13240,CORPORACIÓN MUNICIPAL,11,2,2,0,1,4,280,280,264,264,78,45,12,0,46,27,0,56
1,4,0,380,380,13,https://resultados2019.blob.core.windows.net/201901/132644.jpg,OK,0,5,HUEHUETENANGO,NENTÓN,13264,CORPORACIÓN MUNICIPAL,3,2,2,0,1,4,286,286,279,279,34,81,8,0,66,23,1,66
