ACTACUADRA,BLANCOS,CNTIMPUGNA,CNTINSCRITOS,CNTPAPELETAS,DEP,IMGSRC,IMGSTATUS,INVALIDOS,MUN,NDEP,NMUN,NROMESA,NTE,NULOS,STACTA,STESCAN,STFISIC,STTRANS,TIPOELECCION,TOTALACTA,TOTALVOTOS,VOTOSVALIDOS,VOTOSVALIDOSACTA,voto_CONVERGENCIA,voto_CREO,voto_FCN-NACION,voto_PAN,voto_PC,voto_SEMILLA,voto_TODOS,voto_UCN,voto_UNE,voto_UNIONISTA,voto_URNG_MAIZ,voto_VALOR
1,1,0,208,208,13,https://resultados2019.blob.core.windows.net/201901/133184.jpg,OK,0,6,HUEHUETENANGO,SAN PEDRO NECTA,13318,CORPORACIÓN MUNICIPAL,4,2,2,0,1,4,109,109,104,104,1,0,40,0,3,1,13,16,2,4,10,14
1,6,0,400,400,13,https://resultados2019.blob.core.windows.net/201901/133314.jpg,OK,0,6,HUEHUETENANGO,SAN PEDRO NECTA,13331,CORPORACIÓN MUNICIPAL,7,2,2,0,1,4,177,177,164,164,16,0,28,4,22,2,14,30,8,13,25,2
1,4,0,400,400,13,https://resultados2019.blob.core.windows.net/201901/133094.jpg,OK,0,6,HUEHUETENANGO,SAN PEDRO NECTA,13309,CORPORACIÓN MUNICIPAL,5,2,2,0,1,4,230,230,221,221,3,0,61,0,23,2,29,58,8,8,15,14
1,8,0,400,396,13,https://resultados2019.blob.core.windows.net/201901/133324.jpg,OK,0,6,HUEHUETENANGO,SAN PEDRO NECTA,13332,CORPORACIÓN MUNICIPAL,8,2,2,0,1,4,153,153,137,137,8,2,24,2,24,5,10,34,2,6,16,4
1,1,0,400,397,13,https://resultados2019.blob.core.windows.net/201901/133274.jpg,OK,0,6,HUEHUETENANGO,SAN PEDRO NECTA,13327,CORPORACIÓN MUNICIPAL,21,2,2,0,1,4,221,221,199,199,3,0,20,8,16,1,21,48,10,7,62,3
1,7,0,400,396,13,https://resultados2019.blob.core.windows.net/201901/132934.jpg,OK,0,6,HUEHUETENANGO,SAN PEDRO NECTA,13293,CORPORACIÓN MUNICIPAL,15,2,2,0,1,4,187,187,165,165,1,0,24,1,9,1,16,55,17,4,27,10
1,4,0,400,400,13,https://resultados2019.blob.core.windows.net/201901/133374.jpg,OK,0,6,HUEHUETENANGO,SAN PEDRO NECTA,13337,CORPORACIÓN MUNICIPAL,23,2,2,0,1,4,248,248,221,221,0,27,56,0,21,0,17,37,22,14,16,11
1,6,0,400,400,13,https://resultados2019.blob.core.windows.net/201901/133294.jpg,OK,0,6,HUEHUETENANGO,SAN PEDRO NECTA,13329,CORPORACIÓN MUNICIPAL,5,2,2,0,1,4,227,227,216,216,32,1,49,1,38,2,14,36,16,14,12,1
1,7,0,400,400,13,https://resultados2019.blob.core.windows.net/201901/133414.jpg,OK,0,6,HUEHUETENANGO,SAN PEDRO NECTA,13341,CORPORACIÓN MUNICIPAL,13,2,2,0,1,4,251,251,231,231,6,2,87,3,20,1,20,51,10,4,23,4
1,9,0,400,400,13,https://resultados2019.blob.core.windows.net/201901/132974.jpg,OK,0,6,HUEHUETENANGO,SAN PEDRO NECTA,13297,CORPORACIÓN MUNICIPAL,9,2,2,0,1,4,260,260,242,242,3,0,76,1,7,6,28,58,7,27,14,15
1,4,0,400,400,13,https://resultados2019.blob.core.windows.net/201901/133034.jpg,OK,0,6,HUEHUETENANGO,SAN PEDRO NECTA,13303,CORPORACIÓN MUNICIPAL,12,2,2,0,1,4,295,295,279,279,4,0,89,0,15,0,34,86,15,6,16,14
1,7,0,400,396,13,https://resultados2019.blob.core.windows.net/201901/132964.jpg,OK,0,6,HUEHUETENANGO,SAN PEDRO NECTA,13296,CORPORACIÓN MUNICIPAL,15,2,2,0,1,4,285,285,263,263,7,0,69,0,20,8,23,75,4,12,19,26
1,7,0,400,396,13,https://resultados2019.blob.core.windows.net/201901/132924.jpg,OK,0,6,HUEHUETENANGO,SAN PEDRO NECTA,13292,CORPORACIÓN MUNICIPAL,12,2,2,0,1,4,226,226,207,207,4,0,49,0,15,1,15,43,12,4,51,13
1,5,0,400,396,13,https://resultados2019.blob.core.windows.net/201901/133004.jpg,OK,0,6,HUEHUETENANGO,SAN PEDRO NECTA,13300,CORPORACIÓN MUNICIPAL,4,2,2,0,1,4,286,286,277,277,2,0,108,1,4,2,45,62,6,8,9,30
1,11,0,400,396,13,https://resultados2019.blob.core.windows.net/201901/133264.jpg,OK,0,6,HUEHUETENANGO,SAN PEDRO NECTA,13326,CORPORACIÓN MUNICIPAL,17,2,2,0,1,4,190,190,162,162,13,0,28,6,9,11,12,27,12,18,16,10
1,4,0,400,400,13,https://resultados2019.blob.core.windows.net/201901/133084.jpg,OK,0,6,HUEHUETENANGO,SAN PEDRO NECTA,13308,CORPORACIÓN MUNICIPAL,2,2,2,0,1,4,243,243,237,237,1,0,69,0,10,4,39,67,9,6,19,13
1,2,0,400,396,13,https://resultados2019.blob.core.windows.net/201901/133014.jpg,OK,0,6,HUEHUETENANGO,SAN PEDRO NECTA,13301,CORPORACIÓN MUNICIPAL,11,2,2,0,1,4,281,281,268,268,1,2,102,1,12,1,37,59,9,3,8,33
1,13,0,400,396,13,https://resultados2019.blob.core.windows.net/201901/133064.jpg,OK,0,6,HUEHUETENANGO,SAN PEDRO NECTA,13306,CORPORACIÓN MUNICIPAL,14,2,2,0,1,4,274,274,247,247,4,1,85,0,18,3,14,62,9,5,34,12
1,8,0,400,396,13,https://resultados2019.blob.core.windows.net/201901/133204.jpg,OK,0,6,HUEHUETENANGO,SAN PEDRO NECTA,13320,CORPORACIÓN MUNICIPAL,36,2,2,0,1,4,269,269,225,225,3,2,48,1,4,2,45,56,46,1,11,6
1,9,0,400,400,13,https://resultados2019.blob.core.windows.net/201901/132944.jpg,OK,0,6,HUEHUETENANGO,SAN PEDRO NECTA,13294,CORPORACIÓN MUNICIPAL,17,2,2,0,1,4,203,203,177,177,1,1,43,3,16,4,19,30,11,7,32,10
1,7,0,400,396,13,https://resultados2019.blob.core.windows.net/201901/133124.jpg,OK,1,6,HUEHUETENANGO,SAN PEDRO NECTA,13312,CORPORACIÓN MUNICIPAL,14,2,2,0,1,4,217,217,196,196,2,0,42,0,17,2,15,53,15,1,27,22
1,2,0,219,219,13,https://resultados2019.blob.core.windows.net/201901/133384.jpg,OK,0,6,HUEHUETENANGO,SAN PEDRO NECTA,13338,CORPORACIÓN MUNICIPAL,7,2,2,0,1,4,124,124,115,115,0,9,19,0,13,0,8,34,13,10,4,5
1,4,0,400,400,13,https://resultados2019.blob.core.windows.net/201901/133044.jpg,OK,0,6,HUEHUETENANGO,SAN PEDRO NECTA,13304,CORPORACIÓN MUNICIPAL,12,2,2,0,1,4,287,287,271,271,1,0,99,1,11,2,20,87,9,10,21,10
1,2,0,225,225,13,https://resultados2019.blob.core.windows.net/201901/133434.jpg,OK,0,6,HUEHUETENANGO,SAN PEDRO NECTA,13343,CORPORACIÓN MUNICIPAL,7,2,2,0,1,4,137,137,128,128,2,0,40,0,12,0,7,36,12,5,10,4
1,5,0,400,393,13,https://resultados2019.blob.core.windows.net/201901/133104.jpg,OK,0,6,HUEHUETENANGO,SAN PEDRO NECTA,13310,CORPORACIÓN MUNICIPAL,8,2,2,0,1,4,235,235,222,222,2,0,75,4,10,2,26,56,8,10,19,10
1,7,0,400,400,13,https://resultados2019.blob.core.windows.net/201901/133424.jpg,OK,0,6,HUEHUETENANGO,SAN PEDRO NECTA,13342,CORPORACIÓN MUNICIPAL,7,2,2,0,1,4,223,223,209,209,8,0,70,1,24,1,10,47,15,8,23,2
1,1,0,208,208,13,https://resultados2019.blob.core.windows.net/201901/133174.jpg,OK,0,6,HUEHUETENANGO,SAN PEDRO NECTA,13317,CORPORACIÓN MUNICIPAL,1,2,2,0,1,4,136,136,134,134,1,0,33,0,8,2,21,32,4,6,11,16
1,1,0,281,281,13,https://resultados2019.blob.core.windows.net/201901/133344.jpg,OK,0,6,HUEHUETENANGO,SAN PEDRO NECTA,13334,CORPORACIÓN MUNICIPAL,3,2,2,0,1,4,108,108,104,104,7,1,21,2,13,2,12,21,4,10,9,2
1,3,0,400,400,13,https://resultados2019.blob.core.windows.net/201901/133304.jpg,OK,0,6,HUEHUETENANGO,SAN PEDRO NECTA,13330,CORPORACIÓN MUNICIPAL,6,2,2,0,1,4,147,147,138,138,11,0,31,3,21,2,16,20,3,9,20,2
1,7,0,400,396,13,https://resultados2019.blob.core.windows.net/201901/132984.jpg,OK,0,6,HUEHUETENANGO,SAN PEDRO NECTA,13298,CORPORACIÓN MUNICIPAL,9,2,2,0,1,4,294,294,278,278,1,2,76,2,19,0,49,76,11,8,24,10
1,11,0,400,396,13,https://resultados2019.blob.core.windows.net/201901/133074.jpg,OK,0,6,HUEHUETENANGO,SAN PEDRO NECTA,13307,CORPORACIÓN MUNICIPAL,8,2,2,0,1,4,299,299,280,280,2,0,101,1,9,1,44,69,11,7,28,7
1,10,0,400,400,13,https://resultados2019.blob.core.windows.net/201901/133194.jpg,OK,0,6,HUEHUETENANGO,SAN PEDRO NECTA,13319,CORPORACIÓN MUNICIPAL,27,2,2,0,1,4,269,269,232,232,4,0,73,0,7,1,40,41,36,4,21,5
1,3,0,400,400,13,https://resultados2019.blob.core.windows.net/201901/133164.jpg,OK,0,6,HUEHUETENANGO,SAN PEDRO NECTA,13316,CORPORACIÓN MUNICIPAL,1,2,2,0,1,4,246,246,242,242,1,0,82,0,16,1,32,57,5,10,26,12
1,12,0,400,400,13,https://resultados2019.blob.core.windows.net/201901/133404.jpg,OK,0,6,HUEHUETENANGO,SAN PEDRO NECTA,13340,CORPORACIÓN MUNICIPAL,10,2,2,0,1,4,259,259,237,237,2,1,63,0,12,0,29,78,37,6,7,2
1,3,0,400,396,13,https://resultados2019.blob.core.windows.net/201901/133144.jpg,OK,0,6,HUEHUETENANGO,SAN PEDRO NECTA,13314,CORPORACIÓN MUNICIPAL,8,2,2,0,1,4,231,231,220,220,3,0,67,0,11,3,24,56,6,11,28,11
1,13,0,400,400,13,https://resultados2019.blob.core.windows.net/201901/133284.jpg,OK,0,6,HUEHUETENANGO,SAN PEDRO NECTA,13328,CORPORACIÓN MUNICIPAL,9,2,2,0,1,4,265,265,243,243,34,0,48,2,9,4,30,67,23,7,16,3
1,9,0,400,396,13,https://resultados2019.blob.core.windows.net/201901/133254.jpg,OK,0,6,HUEHUETENANGO,SAN PEDRO NECTA,13325,CORPORACIÓN MUNICIPAL,17,2,2,0,1,4,223,223,197,197,7,1,52,3,31,1,6,33,10,13,26,14
1,4,0,400,400,13,https://resultados2019.blob.core.windows.net/201901/132994.jpg,OK,0,6,HUEHUETENANGO,SAN PEDRO NECTA,13299,CORPORACIÓN MUNICIPAL,19,2,2,0,1,4,307,307,284,284,1,0,73,0,24,0,25,110,10,6,28,7
1,3,0,218,218,13,https://resultados2019.blob.core.windows.net/201901/133394.jpg,OK,0,6,HUEHUETENANGO,SAN PEDRO NECTA,13339,CORPORACIÓN MUNICIPAL,2,2,2,0,1,4,130,130,125,125,0,10,32,1,17,0,15,26,8,6,6,4
1,7,0,400,396,13,https://resultados2019.blob.core.windows.net/201901/133364.jpg,OK,0,6,HUEHUETENANGO,SAN PEDRO NECTA,13336,CORPORACIÓN MUNICIPAL,26,2,2,0,1,4,262,262,229,229,1,10,41,1,14,0,30,63,43,14,10,2
1,4,0,400,400,13,https://resultados2019.blob.core.windows.net/201901/133234.jpg,OK,0,6,HUEHUETENANGO,SAN PEDRO NECTA,13323,CORPORACIÓN MUNICIPAL,9,2,2,0,1,4,184,184,171,171,4,1,33,3,19,0,8,44,13,9,32,5
1,6,0,400,396,13,https://resultados2019.blob.core.windows.net/201901/132954.jpg,OK,0,6,HUEHUETENANGO,SAN PEDRO NECTA,13295,CORPORACIÓN MUNICIPAL,17,2,2,0,1,4,249,249,226,226,3,0,55,3,10,4,37,44,10,10,31,19
1,1,0,400,400,13,https://resultados2019.blob.core.windows.net/201901/133154.jpg,OK,0,6,HUEHUETENANGO,SAN PEDRO NECTA,13315,CORPORACIÓN MUNICIPAL,6,2,2,0,1,4,217,217,210,210,2,0,69,0,11,0,24,53,4,9,19,19
1,0,0,400,396,13,https://resultados2019.blob.core.windows.net/201901/133244.jpg,OK,0,6,HUEHUETENANGO,SAN PEDRO NECTA,13324,CORPORACIÓN MUNICIPAL,8,2,2,0,1,4,227,227,219,219,4,3,33,5,32,1,10,47,6,13,61,4
1,3,0,347,347,13,https://resultados2019.blob.core.windows.net/201901/133224.jpg,OK,0,6,HUEHUETENANGO,SAN PEDRO NECTA,13322,CORPORACIÓN MUNICIPAL,9,2,2,0,1,4,185,185,173,173,0,0,51,1,6,2,18,53,20,1,19,2
1,6,0,550,550,13,https://resultados2019.blob.core.windows.net/201901/133454.jpg,OK,0,6,HUEHUETENANGO,SAN PEDRO NECTA,13345,CORPORACIÓN MUNICIPAL,8,2,2,0,1,4,137,137,123,123,3,1,27,3,5,4,16,33,6,9,8,8
1,4,0,400,400,13,https://resultados2019.blob.core.windows.net/201901/133024.jpg,OK,0,6,HUEHUETENANGO,SAN PEDRO NECTA,13302,CORPORACIÓN MUNICIPAL,20,2,2,0,1,4,307,307,283,283,3,4,90,2,4,2,32,106,4,4,17,15
1,9,0,400,396,13,https://resultados2019.blob.core.windows.net/201901/133134.jpg,OK,0,6,HUEHUETENANGO,SAN PEDRO NECTA,13313,CORPORACIÓN MUNICIPAL,3,2,2,0,1,4,222,222,210,210,0,2,51,0,15,7,27,60,1,12,19,16
1,10,0,400,400,13,https://resultados2019.blob.core.windows.net/201901/133054.jpg,OK,0,6,HUEHUETENANGO,SAN PEDRO NECTA,13305,CORPORACIÓN MUNICIPAL,18,2,2,0,1,4,312,312,284,284,2,1,109,2,8,1,33,73,19,5,22,9
1,9,0,400,400,13,https://resultados2019.blob.core.windows.net/201901/133354.jpg,OK,0,6,HUEHUETENANGO,SAN PEDRO NECTA,13335,CORPORACIÓN MUNICIPAL,33,2,2,0,1,4,238,238,196,196,2,11,29,0,21,1,13,61,21,19,14,4
1,1,0,224,224,13,https://resultados2019.blob.core.windows.net/201901/133444.jpg,OK,0,6,HUEHUETENANGO,SAN PEDRO NECTA,13344,CORPORACIÓN MUNICIPAL,4,2,2,0,1,4,117,117,112,112,4,0,33,1,8,2,8,31,15,3,6,1
1,2,0,347,347,13,https://resultados2019.blob.core.windows.net/201901/133214.jpg,OK,0,6,HUEHUETENANGO,SAN PEDRO NECTA,13321,CORPORACIÓN MUNICIPAL,18,2,2,0,1,4,230,230,210,210,0,0,97,1,4,2,21,46,19,4,14,2
1,2,0,281,281,13,https://resultados2019.blob.core.windows.net/201901/133334.jpg,OK,0,6,HUEHUETENANGO,SAN PEDRO NECTA,13333,CORPORACIÓN MUNICIPAL,1,2,2,0,1,4,102,102,99,99,10,1,17,1,19,0,14,19,5,4,8,1
1,8,0,400,397,13,https://resultados2019.blob.core.windows.net/201901/133114.jpg,OK,0,6,HUEHUETENANGO,SAN PEDRO NECTA,13311,CORPORACIÓN MUNICIPAL,9,2,2,0,1,4,214,214,197,197,2,0,53,1,6,3,21,49,10,7,31,14
