ACTACUADRA,BLANCOS,CNTIMPUGNA,CNTINSCRITOS,CNTPAPELETAS,DEP,IMGSRC,IMGSTATUS,INVALIDOS,MUN,NDEP,NMUN,NROMESA,NTE,NULOS,STACTA,STESCAN,STFISIC,STTRANS,TIPOELECCION,TOTALACTA,TOTALVOTOS,VOTOSVALIDOS,VOTOSVALIDOSACTA,voto_BIEN,voto_FCN-NACION,voto_PC,voto_TODOS,voto_UNE,voto_VAMOS,voto_VIVA
1,0,0,400,396,14,https://resultados2019.blob.core.windows.net/201901/155564.jpg,OK,0,19,QUICHÉ,CHICAMÁN,15556,CORPORACIÓN MUNICIPAL,12,2,2,0,1,4,295,295,283,283,37,15,85,4,106,30,6
1,4,0,380,380,14,https://resultados2019.blob.core.windows.net/201901/155694.jpg,OK,0,19,QUICHÉ,CHICAMÁN,15569,CORPORACIÓN MUNICIPAL,21,2,0,0,1,4,223,223,198,198,3,3,33,4,112,39,4
1,13,0,380,380,14,https://resultados2019.blob.core.windows.net/201901/155654.jpg,OK,0,19,QUICHÉ,CHICAMÁN,15565,CORPORACIÓN MUNICIPAL,30,2,2,0,1,4,262,262,219,219,7,3,86,18,72,23,10
1,1,0,400,400,14,https://resultados2019.blob.core.windows.net/201901/155594.jpg,OK,1,19,QUICHÉ,CHICAMÁN,15559,CORPORACIÓN MUNICIPAL,13,2,2,0,1,4,299,299,285,285,23,21,99,5,81,40,16
1,5,0,400,400,14,https://resultados2019.blob.core.windows.net/201901/155384.jpg,OK,0,19,QUICHÉ,CHICAMÁN,15538,CORPORACIÓN MUNICIPAL,18,2,2,0,1,4,240,240,217,217,0,1,54,10,107,43,2
1,10,0,400,400,14,https://resultados2019.blob.core.windows.net/201901/155404.jpg,OK,0,19,QUICHÉ,CHICAMÁN,15540,CORPORACIÓN MUNICIPAL,16,2,2,0,1,4,256,256,230,230,0,4,40,17,134,31,4
1,4,0,400,400,14,https://resultados2019.blob.core.windows.net/201901/155494.jpg,OK,0,19,QUICHÉ,CHICAMÁN,15549,CORPORACIÓN MUNICIPAL,11,2,2,0,1,4,225,225,210,210,2,2,43,19,105,36,3
1,6,0,400,396,14,https://resultados2019.blob.core.windows.net/201901/155524.jpg,OK,0,19,QUICHÉ,CHICAMÁN,15552,CORPORACIÓN MUNICIPAL,10,2,2,0,1,4,311,311,295,295,35,26,98,5,81,39,11
1,6,0,400,400,14,https://resultados2019.blob.core.windows.net/201901/155464.jpg,OK,0,19,QUICHÉ,CHICAMÁN,15546,CORPORACIÓN MUNICIPAL,12,2,2,0,1,4,235,235,217,217,1,1,57,13,105,38,2
1,3,0,298,298,14,https://resultados2019.blob.core.windows.net/201901/155514.jpg,OK,0,19,QUICHÉ,CHICAMÁN,15551,CORPORACIÓN MUNICIPAL,6,2,2,0,1,4,178,178,169,169,3,1,32,5,94,31,3
1,14,0,380,380,14,https://resultados2019.blob.core.windows.net/201901/155664.jpg,OK,0,19,QUICHÉ,CHICAMÁN,15566,CORPORACIÓN MUNICIPAL,29,2,2,0,1,4,230,230,187,187,4,1,42,38,76,21,5
1,4,0,400,401,14,https://resultados2019.blob.core.windows.net/201901/155744.jpg,OK,0,19,QUICHÉ,CHICAMÁN,15574,CORPORACIÓN MUNICIPAL,11,2,0,0,1,4,269,269,254,254,7,3,107,7,99,20,11
1,5,0,400,400,14,https://resultados2019.blob.core.windows.net/201901/155544.jpg,OK,0,19,QUICHÉ,CHICAMÁN,15554,CORPORACIÓN MUNICIPAL,9,2,2,0,1,4,325,325,311,311,22,23,107,7,107,38,7
1,2,0,400,396,14,https://resultados2019.blob.core.windows.net/201901/155534.jpg,OK,0,19,QUICHÉ,CHICAMÁN,15553,CORPORACIÓN MUNICIPAL,9,2,2,0,1,4,306,306,295,295,22,32,83,2,111,34,11
1,4,0,400,400,14,https://resultados2019.blob.core.windows.net/201901/155584.jpg,OK,0,19,QUICHÉ,CHICAMÁN,15558,CORPORACIÓN MUNICIPAL,18,2,2,0,1,4,297,297,275,275,40,19,88,1,83,29,15
1,9,0,346,347,14,https://resultados2019.blob.core.windows.net/201901/155674.jpg,OK,0,19,QUICHÉ,CHICAMÁN,15567,CORPORACIÓN MUNICIPAL,37,2,2,0,1,4,243,243,197,197,3,2,68,31,68,20,5
1,2,0,400,400,14,https://resultados2019.blob.core.windows.net/201901/155424.jpg,OK,4,19,QUICHÉ,CHICAMÁN,15542,CORPORACIÓN MUNICIPAL,13,2,2,0,1,4,267,267,252,252,4,1,52,11,147,32,5
1,9,0,400,396,14,https://resultados2019.blob.core.windows.net/201901/155394.jpg,OK,0,19,QUICHÉ,CHICAMÁN,15539,CORPORACIÓN MUNICIPAL,18,2,2,0,1,4,244,244,217,217,1,1,46,15,119,33,2
1,5,0,345,345,14,https://resultados2019.blob.core.windows.net/201901/155684.jpg,OK,0,19,QUICHÉ,CHICAMÁN,15568,CORPORACIÓN MUNICIPAL,22,2,2,0,1,4,210,210,183,183,6,3,59,41,57,13,4
1,0,0,273,273,14,https://resultados2019.blob.core.windows.net/201901/155634.jpg,OK,0,19,QUICHÉ,CHICAMÁN,15563,CORPORACIÓN MUNICIPAL,2,2,2,0,1,4,195,195,193,193,26,4,70,1,63,18,11
1,9,2,400,400,14,https://resultados2019.blob.core.windows.net/201901/155444.jpg,OK,0,19,QUICHÉ,CHICAMÁN,15544,CORPORACIÓN MUNICIPAL,11,2,0,0,1,4,273,273,253,253,0,1,49,12,145,43,3
1,4,0,400,400,14,https://resultados2019.blob.core.windows.net/201901/155414.jpg,OK,0,19,QUICHÉ,CHICAMÁN,15541,CORPORACIÓN MUNICIPAL,19,2,2,0,1,4,299,299,276,276,2,4,71,23,125,46,5
1,9,0,507,507,14,https://resultados2019.blob.core.windows.net/201901/155804.jpg,OK,2,19,QUICHÉ,CHICAMÁN,15580,CORPORACIÓN MUNICIPAL,13,2,2,0,1,4,172,172,150,150,5,4,33,11,62,35,0
1,2,0,337,337,14,https://resultados2019.blob.core.windows.net/201901/155704.jpg,OK,0,19,QUICHÉ,CHICAMÁN,15570,CORPORACIÓN MUNICIPAL,9,2,1,0,1,4,182,182,171,171,5,2,25,5,87,41,6
1,0,0,272,273,14,https://resultados2019.blob.core.windows.net/201901/155644.jpg,OK,0,19,QUICHÉ,CHICAMÁN,15564,CORPORACIÓN MUNICIPAL,6,2,2,0,1,4,189,189,183,183,15,8,58,1,61,29,11
1,2,0,338,338,14,https://resultados2019.blob.core.windows.net/201901/155794.jpg,OK,1,19,QUICHÉ,CHICAMÁN,15579,CORPORACIÓN MUNICIPAL,1,2,1,0,1,4,177,177,174,174,5,2,83,7,45,23,9
1,4,0,400,396,14,https://resultados2019.blob.core.windows.net/201901/155624.jpg,OK,0,19,QUICHÉ,CHICAMÁN,15562,CORPORACIÓN MUNICIPAL,4,2,0,0,1,4,303,303,295,295,39,16,110,3,84,27,16
1,1,0,400,396,14,https://resultados2019.blob.core.windows.net/201901/155574.jpg,OK,0,19,QUICHÉ,CHICAMÁN,15557,CORPORACIÓN MUNICIPAL,4,2,2,0,1,4,259,259,254,254,44,13,92,1,71,28,5
1,3,0,400,400,14,https://resultados2019.blob.core.windows.net/201901/155454.jpg,OK,0,19,QUICHÉ,CHICAMÁN,15545,CORPORACIÓN MUNICIPAL,8,2,2,0,1,4,218,218,207,207,3,0,56,13,98,35,2
1,7,0,400,400,14,https://resultados2019.blob.core.windows.net/201901/155604.jpg,OK,0,19,QUICHÉ,CHICAMÁN,15560,CORPORACIÓN MUNICIPAL,14,2,2,0,1,4,287,287,266,266,42,12,98,9,68,25,12
1,7,0,400,394,14,https://resultados2019.blob.core.windows.net/201901/155764.jpg,OK,0,19,QUICHÉ,CHICAMÁN,15576,CORPORACIÓN MUNICIPAL,11,2,0,0,1,4,192,192,174,174,2,7,61,7,54,31,12
1,3,0,298,298,14,https://resultados2019.blob.core.windows.net/201901/155504.jpg,OK,0,19,QUICHÉ,CHICAMÁN,15550,CORPORACIÓN MUNICIPAL,1,2,2,0,1,4,185,185,181,181,1,1,38,6,108,25,2
1,3,0,400,400,14,https://resultados2019.blob.core.windows.net/201901/155614.jpg,OK,0,19,QUICHÉ,CHICAMÁN,15561,CORPORACIÓN MUNICIPAL,15,2,2,0,1,4,306,306,288,288,26,6,104,5,109,31,7
1,3,2,339,339,14,https://resultados2019.blob.core.windows.net/201901/155784.jpg,OK,0,19,QUICHÉ,CHICAMÁN,15578,CORPORACIÓN MUNICIPAL,5,2,1,0,1,4,164,164,156,156,2,2,77,11,36,20,8
1,4,0,400,400,14,https://resultados2019.blob.core.windows.net/201901/155484.jpg,OK,0,19,QUICHÉ,CHICAMÁN,15548,CORPORACIÓN MUNICIPAL,9,2,2,0,1,4,240,240,227,227,0,2,44,18,112,49,2
1,3,0,400,400,14,https://resultados2019.blob.core.windows.net/201901/155554.jpg,OK,0,19,QUICHÉ,CHICAMÁN,15555,CORPORACIÓN MUNICIPAL,5,2,2,0,1,4,342,342,334,334,32,16,87,2,159,33,5
1,4,0,400,400,14,https://resultados2019.blob.core.windows.net/201901/155774.jpg,OK,0,19,QUICHÉ,CHICAMÁN,15577,CORPORACIÓN MUNICIPAL,7,2,1,0,1,4,201,201,190,190,2,1,85,16,44,30,12
1,5,0,336,336,14,https://resultados2019.blob.core.windows.net/201901/155714.jpg,OK,0,19,QUICHÉ,CHICAMÁN,15571,CORPORACIÓN MUNICIPAL,10,2,1,0,1,4,176,176,161,161,3,2,36,5,82,31,2
1,7,0,400,400,14,https://resultados2019.blob.core.windows.net/201901/155754.jpg,OK,0,19,QUICHÉ,CHICAMÁN,15575,CORPORACIÓN MUNICIPAL,3,2,1,0,1,4,224,224,214,214,3,5,91,13,57,31,14
1,5,0,400,400,14,https://resultados2019.blob.core.windows.net/201901/155734.jpg,OK,0,19,QUICHÉ,CHICAMÁN,15573,CORPORACIÓN MUNICIPAL,11,2,0,0,1,4,250,250,234,234,8,8,108,6,66,28,10
1,6,0,400,396,14,https://resultados2019.blob.core.windows.net/201901/155434.jpg,OK,0,19,QUICHÉ,CHICAMÁN,15543,CORPORACIÓN MUNICIPAL,26,2,2,0,1,4,267,267,235,235,4,3,40,17,128,41,2
1,2,0,400,400,14,https://resultados2019.blob.core.windows.net/201901/155724.jpg,OK,0,19,QUICHÉ,CHICAMÁN,15572,CORPORACIÓN MUNICIPAL,9,2,1,0,1,4,230,230,219,219,4,11,92,14,61,30,7
1,2,0,400,400,14,https://resultados2019.blob.core.windows.net/201901/155474.jpg,OK,1,19,QUICHÉ,CHICAMÁN,15547,CORPORACIÓN MUNICIPAL,13,2,2,0,1,4,218,218,203,203,1,1,50,8,97,42,4
