ACTACUADRA,BLANCOS,CNTIMPUGNA,CNTINSCRITOS,CNTPAPELETAS,DEP,IMGSRC,IMGSTATUS,INVALIDOS,MUN,NDEP,NMUN,NROMESA,NTE,NULOS,STACTA,STESCAN,STFISIC,STTRANS,TIPOELECCION,TOTALACTA,TOTALVOTOS,VOTOSVALIDOS,VOTOSVALIDOSACTA,voto_CONVERGENCIA,voto_FCN-NACION,voto_FUERZA,voto_JPU,voto_LIBRE,voto_MLP,voto_PC,voto_TODOS,voto_UNE,voto_URNG_MAIZ,voto_VAMOS,voto_VIVA
1,6,0,380,387,14,https://resultados2019.blob.core.windows.net/201901/153864.jpg,OK,0,15,QUICHÉ,USPANTÁN,15386,CORPORACIÓN MUNICIPAL,11,2,2,0,1,4,275,275,258,258,3,0,0,8,0,0,16,0,160,1,1,69
1,4,0,380,380,14,https://resultados2019.blob.core.windows.net/201901/154104.jpg,OK,0,15,QUICHÉ,USPANTÁN,15410,CORPORACIÓN MUNICIPAL,7,2,2,0,1,4,177,177,166,166,2,0,10,7,1,4,21,2,84,8,0,27
1,3,0,245,242,14,https://resultados2019.blob.core.windows.net/201901/154254.jpg,OK,0,15,QUICHÉ,USPANTÁN,15425,CORPORACIÓN MUNICIPAL,7,2,1,0,1,4,130,130,120,120,0,0,7,6,2,2,28,1,50,4,2,18
1,5,0,327,327,14,https://resultados2019.blob.core.windows.net/201901/153854.jpg,OK,0,15,QUICHÉ,USPANTÁN,15385,CORPORACIÓN MUNICIPAL,3,1,2,0,1,4,202,202,194,194,2,1,0,5,0,0,80,1,90,1,5,9
1,10,0,400,396,14,https://resultados2019.blob.core.windows.net/201901/153664.jpg,OK,0,15,QUICHÉ,USPANTÁN,15366,CORPORACIÓN MUNICIPAL,17,2,2,0,1,4,267,267,240,240,2,0,0,2,0,5,70,4,112,7,5,33
1,8,0,380,380,14,https://resultados2019.blob.core.windows.net/201901/154154.jpg,OK,0,15,QUICHÉ,USPANTÁN,15415,CORPORACIÓN MUNICIPAL,11,2,2,0,1,4,215,215,196,196,2,0,19,9,1,3,23,1,109,1,3,25
1,2,0,380,380,14,https://resultados2019.blob.core.windows.net/201901/154214.jpg,OK,0,15,QUICHÉ,USPANTÁN,15421,CORPORACIÓN MUNICIPAL,12,2,1,0,1,4,198,198,184,184,3,1,12,21,1,3,38,1,71,7,1,25
1,4,0,400,400,14,https://resultados2019.blob.core.windows.net/201901/153724.jpg,OK,0,15,QUICHÉ,USPANTÁN,15372,CORPORACIÓN MUNICIPAL,2,1,2,0,1,4,210,210,204,204,3,0,1,3,0,2,46,3,114,4,6,22
1,5,0,380,380,14,https://resultados2019.blob.core.windows.net/201901/153984.jpg,OK,0,15,QUICHÉ,USPANTÁN,15398,CORPORACIÓN MUNICIPAL,9,2,2,0,1,4,185,185,171,171,2,0,10,4,18,3,18,6,85,4,6,15
1,10,0,380,380,14,https://resultados2019.blob.core.windows.net/201901/154234.jpg,OK,0,15,QUICHÉ,USPANTÁN,15423,CORPORACIÓN MUNICIPAL,12,2,1,0,1,4,181,181,159,159,2,1,8,6,2,3,28,2,85,5,2,15
1,9,0,380,380,14,https://resultados2019.blob.core.windows.net/201901/153834.jpg,OK,0,15,QUICHÉ,USPANTÁN,15383,CORPORACIÓN MUNICIPAL,16,2,2,0,1,4,277,277,252,252,4,5,2,0,9,1,55,1,142,1,13,19
1,19,0,400,400,14,https://resultados2019.blob.core.windows.net/201901/153564.jpg,OK,0,15,QUICHÉ,USPANTÁN,15356,CORPORACIÓN MUNICIPAL,11,2,2,0,1,4,276,276,246,246,5,0,2,1,0,5,46,3,140,5,5,34
1,115,0,380,380,14,https://resultados2019.blob.core.windows.net/201901/153904.jpg,OK,0,15,QUICHÉ,USPANTÁN,15390,CORPORACIÓN MUNICIPAL,30,2,2,0,1,4,380,380,235,235,8,3,3,5,0,1,17,0,149,1,22,26
1,5,0,400,400,14,https://resultados2019.blob.core.windows.net/201901/153784.jpg,OK,0,15,QUICHÉ,USPANTÁN,15378,CORPORACIÓN MUNICIPAL,1,2,2,0,1,4,252,252,246,246,2,0,0,5,0,0,58,5,132,7,10,27
1,22,0,380,379,14,https://resultados2019.blob.core.windows.net/201901/153894.jpg,OK,0,15,QUICHÉ,USPANTÁN,15389,CORPORACIÓN MUNICIPAL,12,2,2,0,1,4,245,245,211,211,8,2,3,0,1,0,17,2,137,3,22,16
1,1,0,215,215,14,https://resultados2019.blob.core.windows.net/201901/154074.jpg,OK,0,15,QUICHÉ,USPANTÁN,15407,CORPORACIÓN MUNICIPAL,5,2,2,0,1,4,110,110,104,104,1,1,3,1,15,3,13,1,53,1,1,11
1,3,0,400,400,14,https://resultados2019.blob.core.windows.net/201901/153804.jpg,OK,0,15,QUICHÉ,USPANTÁN,15380,CORPORACIÓN MUNICIPAL,3,2,2,0,1,4,288,288,282,282,3,0,0,4,0,3,75,3,143,2,2,47
1,10,0,380,380,14,https://resultados2019.blob.core.windows.net/201901/154224.jpg,OK,0,15,QUICHÉ,USPANTÁN,15422,CORPORACIÓN MUNICIPAL,18,2,1,0,1,4,217,217,189,189,5,0,15,7,0,0,13,3,119,6,3,18
1,3,0,214,214,14,https://resultados2019.blob.core.windows.net/201901/154084.jpg,OK,0,15,QUICHÉ,USPANTÁN,15408,CORPORACIÓN MUNICIPAL,3,2,2,0,1,4,118,118,112,112,0,0,2,2,17,3,16,3,60,1,3,5
1,4,0,400,400,14,https://resultados2019.blob.core.windows.net/201901/153764.jpg,OK,0,15,QUICHÉ,USPANTÁN,15376,CORPORACIÓN MUNICIPAL,6,2,2,0,1,4,207,207,197,197,3,1,2,4,0,4,34,1,123,0,6,19
1,20,0,400,400,14,https://resultados2019.blob.core.windows.net/201901/153624.jpg,OK,0,15,QUICHÉ,USPANTÁN,15362,CORPORACIÓN MUNICIPAL,9,2,2,0,1,4,265,265,236,236,8,1,2,4,0,9,68,2,97,1,20,24
1,2,0,400,399,14,https://resultados2019.blob.core.windows.net/201901/153794.jpg,OK,0,15,QUICHÉ,USPANTÁN,15379,CORPORACIÓN MUNICIPAL,6,1,2,0,1,4,269,269,261,261,4,0,0,3,0,1,48,1,154,1,6,43
1,8,0,353,353,14,https://resultados2019.blob.core.windows.net/201901/153884.jpg,OK,0,15,QUICHÉ,USPANTÁN,15388,CORPORACIÓN MUNICIPAL,5,2,2,0,1,4,195,195,182,182,1,0,2,4,0,0,12,0,97,0,2,64
1,8,0,380,380,14,https://resultados2019.blob.core.windows.net/201901/154014.jpg,OK,0,15,QUICHÉ,USPANTÁN,15401,CORPORACIÓN MUNICIPAL,27,2,2,0,1,4,209,209,174,174,2,0,6,6,12,3,32,12,78,4,8,11
1,3,0,400,400,14,https://resultados2019.blob.core.windows.net/201901/153774.jpg,OK,0,15,QUICHÉ,USPANTÁN,15377,CORPORACIÓN MUNICIPAL,6,2,2,0,1,4,224,224,215,215,1,0,0,3,0,2,50,1,115,2,9,32
1,4,0,400,400,14,https://resultados2019.blob.core.windows.net/201901/153594.jpg,OK,0,15,QUICHÉ,USPANTÁN,15359,CORPORACIÓN MUNICIPAL,7,2,2,0,1,4,264,264,253,253,1,2,1,2,0,4,40,2,165,4,3,29
1,10,0,380,380,14,https://resultados2019.blob.core.windows.net/201901/154204.jpg,OK,0,15,QUICHÉ,USPANTÁN,15420,CORPORACIÓN MUNICIPAL,11,2,1,0,1,4,197,197,176,176,6,1,14,13,1,7,27,1,74,8,1,23
1,3,0,400,400,14,https://resultados2019.blob.core.windows.net/201901/153734.jpg,OK,0,15,QUICHÉ,USPANTÁN,15373,CORPORACIÓN MUNICIPAL,4,2,2,0,1,4,205,205,198,198,1,1,1,0,0,2,37,3,121,0,9,23
1,3,0,400,400,14,https://resultados2019.blob.core.windows.net/201901/153744.jpg,OK,0,15,QUICHÉ,USPANTÁN,15374,CORPORACIÓN MUNICIPAL,6,2,2,0,1,4,250,250,241,241,4,0,1,3,0,1,44,0,135,3,13,37
1,12,0,380,380,14,https://resultados2019.blob.core.windows.net/201901/154164.jpg,OK,0,15,QUICHÉ,USPANTÁN,15416,CORPORACIÓN MUNICIPAL,11,2,2,0,1,4,230,230,207,207,3,1,15,18,2,2,30,2,98,8,4,24
1,6,0,400,400,14,https://resultados2019.blob.core.windows.net/201901/153544.jpg,OK,0,15,QUICHÉ,USPANTÁN,15354,CORPORACIÓN MUNICIPAL,17,2,2,0,1,4,257,257,234,234,1,1,1,3,0,4,42,4,135,1,5,37
1,5,0,400,380,14,https://resultados2019.blob.core.windows.net/201901/153814.jpg,OK,0,15,QUICHÉ,USPANTÁN,15381,CORPORACIÓN MUNICIPAL,3,2,2,0,1,4,246,246,238,238,1,0,0,3,0,3,64,1,131,3,7,25
1,7,0,400,400,14,https://resultados2019.blob.core.windows.net/201901/153644.jpg,OK,0,15,QUICHÉ,USPANTÁN,15364,CORPORACIÓN MUNICIPAL,10,2,2,0,1,4,277,277,260,260,3,0,1,4,0,2,35,5,154,2,3,51
1,15,0,380,377,14,https://resultados2019.blob.core.windows.net/201901/154134.jpg,OK,0,15,QUICHÉ,USPANTÁN,15413,CORPORACIÓN MUNICIPAL,18,2,2,0,1,4,203,203,170,170,5,0,16,5,2,1,20,1,73,5,4,38
1,14,0,380,380,14,https://resultados2019.blob.core.windows.net/201901/154064.jpg,OK,0,15,QUICHÉ,USPANTÁN,15406,CORPORACIÓN MUNICIPAL,11,2,2,0,1,4,171,171,146,146,5,1,4,3,6,3,14,5,90,1,5,9
1,8,0,380,380,14,https://resultados2019.blob.core.windows.net/201901/154144.jpg,OK,0,15,QUICHÉ,USPANTÁN,15414,CORPORACIÓN MUNICIPAL,8,2,2,0,1,4,206,206,190,190,3,0,18,12,4,5,15,3,90,5,4,31
1,12,0,380,380,14,https://resultados2019.blob.core.windows.net/201901/153924.jpg,OK,0,15,QUICHÉ,USPANTÁN,15392,CORPORACIÓN MUNICIPAL,33,2,2,0,1,4,272,272,227,227,7,5,4,9,0,1,19,2,104,3,39,34
1,9,0,316,316,14,https://resultados2019.blob.core.windows.net/201901/153964.jpg,OK,0,15,QUICHÉ,USPANTÁN,15396,CORPORACIÓN MUNICIPAL,7,2,2,0,1,4,185,185,169,169,10,4,5,4,0,0,19,1,89,1,16,20
1,6,0,400,400,14,https://resultados2019.blob.core.windows.net/201901/153604.jpg,OK,0,15,QUICHÉ,USPANTÁN,15360,CORPORACIÓN MUNICIPAL,10,2,2,0,1,4,288,288,272,272,5,1,2,5,0,6,37,4,171,1,8,32
0,0,0,380,380,14,https://resultados2019.blob.core.windows.net/201901/154034.jpg,OK,0,15,QUICHÉ,USPANTÁN,15403,CORPORACIÓN MUNICIPAL,5,2,2,0,1,4,193,184,179,179,0,2,15,5,5,0,27,3,109,3,2,8
1,12,0,486,483,14,https://resultados2019.blob.core.windows.net/201901/154264.jpg,OK,0,15,QUICHÉ,USPANTÁN,15426,CORPORACIÓN MUNICIPAL,7,2,2,0,1,4,173,173,154,154,3,1,0,3,0,0,16,1,94,2,6,28
1,4,0,486,486,14,https://resultados2019.blob.core.windows.net/201901/154274.jpg,OK,0,15,QUICHÉ,USPANTÁN,15427,CORPORACIÓN MUNICIPAL,2,2,2,0,1,4,50,50,44,44,1,0,0,0,0,0,7,0,25,0,2,9
0,10,0,380,380,14,https://resultados2019.blob.core.windows.net/201901/153944.jpg,OK,0,15,QUICHÉ,USPANTÁN,15394,CORPORACIÓN MUNICIPAL,14,2,2,0,1,4,218,219,195,195,13,1,3,1,0,1,12,6,115,0,15,28
1,9,0,380,380,14,https://resultados2019.blob.core.windows.net/201901/153824.jpg,OK,0,15,QUICHÉ,USPANTÁN,15382,CORPORACIÓN MUNICIPAL,12,2,2,0,1,4,276,276,255,255,3,3,1,5,0,2,66,0,144,2,11,18
1,5,0,400,399,14,https://resultados2019.blob.core.windows.net/201901/153634.jpg,OK,0,15,QUICHÉ,USPANTÁN,15363,CORPORACIÓN MUNICIPAL,7,2,2,0,1,4,284,284,272,272,5,0,1,6,0,2,34,2,180,2,7,33
1,7,0,400,400,14,https://resultados2019.blob.core.windows.net/201901/153754.jpg,OK,0,15,QUICHÉ,USPANTÁN,15375,CORPORACIÓN MUNICIPAL,3,2,2,0,1,4,228,228,218,218,1,2,0,1,0,1,45,1,130,3,11,23
1,16,0,400,400,14,https://resultados2019.blob.core.windows.net/201901/153704.jpg,OK,0,15,QUICHÉ,USPANTÁN,15370,CORPORACIÓN MUNICIPAL,12,2,2,0,1,4,268,268,240,240,4,0,0,4,0,0,66,1,142,1,5,17
1,4,0,400,400,14,https://resultados2019.blob.core.windows.net/201901/153614.jpg,OK,0,15,QUICHÉ,USPANTÁN,15361,CORPORACIÓN MUNICIPAL,13,2,2,0,1,4,286,286,269,269,5,0,2,7,2,4,54,3,154,0,7,31
1,15,0,400,400,14,https://resultados2019.blob.core.windows.net/201901/153534.jpg,OK,0,15,QUICHÉ,USPANTÁN,15353,CORPORACIÓN MUNICIPAL,12,2,2,0,1,4,258,258,231,231,6,1,1,1,0,4,37,1,141,1,3,35
1,15,0,380,380,14,https://resultados2019.blob.core.windows.net/201901/154004.jpg,OK,0,15,QUICHÉ,USPANTÁN,15400,CORPORACIÓN MUNICIPAL,15,2,2,0,1,4,200,200,170,170,4,3,7,5,12,4,27,7,85,4,1,11
1,2,0,380,380,14,https://resultados2019.blob.core.windows.net/201901/153974.jpg,OK,0,15,QUICHÉ,USPANTÁN,15397,CORPORACIÓN MUNICIPAL,7,2,2,0,1,4,190,190,181,181,3,1,3,5,16,2,26,3,97,4,5,16
1,14,0,380,380,14,https://resultados2019.blob.core.windows.net/201901/153994.jpg,OK,0,15,QUICHÉ,USPANTÁN,15399,CORPORACIÓN MUNICIPAL,20,2,2,0,1,4,231,231,197,197,2,0,10,7,15,4,15,4,121,3,0,16
1,4,0,400,397,14,https://resultados2019.blob.core.windows.net/201901/153584.jpg,OK,0,15,QUICHÉ,USPANTÁN,15358,CORPORACIÓN MUNICIPAL,11,2,2,0,1,4,298,298,283,283,6,1,6,6,0,2,30,4,195,3,9,21
1,3,0,400,400,14,https://resultados2019.blob.core.windows.net/201901/153524.jpg,OK,0,15,QUICHÉ,USPANTÁN,15352,CORPORACIÓN MUNICIPAL,19,2,2,0,1,4,245,245,223,223,7,1,1,3,0,2,76,2,110,3,3,15
1,1,0,245,245,14,https://resultados2019.blob.core.windows.net/201901/154244.jpg,OK,0,15,QUICHÉ,USPANTÁN,15424,CORPORACIÓN MUNICIPAL,0,2,1,0,1,4,144,144,143,143,0,0,9,1,0,1,21,1,89,1,1,19
1,15,0,400,400,14,https://resultados2019.blob.core.windows.net/201901/153694.jpg,OK,0,15,QUICHÉ,USPANTÁN,15369,CORPORACIÓN MUNICIPAL,14,2,2,0,1,4,289,289,260,260,4,2,0,6,0,4,94,2,130,4,3,11
1,13,0,380,380,14,https://resultados2019.blob.core.windows.net/201901/154054.jpg,OK,0,15,QUICHÉ,USPANTÁN,15405,CORPORACIÓN MUNICIPAL,12,2,2,0,1,4,205,205,180,180,5,0,11,1,10,3,13,2,111,4,8,12
1,9,0,400,410,14,https://resultados2019.blob.core.windows.net/201901/153654.jpg,OK,0,15,QUICHÉ,USPANTÁN,15365,CORPORACIÓN MUNICIPAL,15,2,2,0,1,4,269,269,245,245,3,0,1,1,0,10,34,1,159,9,5,22
1,9,0,400,400,14,https://resultados2019.blob.core.windows.net/201901/153674.jpg,OK,0,15,QUICHÉ,USPANTÁN,15367,CORPORACIÓN MUNICIPAL,7,1,2,0,1,4,254,254,238,238,8,0,1,2,0,2,67,2,125,3,5,23
1,16,0,380,380,14,https://resultados2019.blob.core.windows.net/201901/153914.jpg,OK,0,15,QUICHÉ,USPANTÁN,15391,CORPORACIÓN MUNICIPAL,38,2,2,0,1,4,257,257,203,203,6,1,3,2,0,1,13,2,127,2,31,15
1,7,0,380,380,14,https://resultados2019.blob.core.windows.net/201901/154184.jpg,OK,0,15,QUICHÉ,USPANTÁN,15418,CORPORACIÓN MUNICIPAL,12,2,2,0,1,4,202,202,183,183,4,2,16,6,3,4,20,3,95,3,2,25
1,12,0,380,390,14,https://resultados2019.blob.core.windows.net/201901/154194.jpg,OK,1,15,QUICHÉ,USPANTÁN,15419,CORPORACIÓN MUNICIPAL,10,2,2,0,1,4,180,180,158,158,7,1,11,0,0,1,35,1,72,6,2,22
1,38,0,380,380,14,https://resultados2019.blob.core.windows.net/201901/154124.jpg,OK,0,15,QUICHÉ,USPANTÁN,15412,CORPORACIÓN MUNICIPAL,12,2,2,0,1,4,206,206,156,156,2,1,10,2,3,3,8,3,92,2,5,25
1,6,0,327,327,14,https://resultados2019.blob.core.windows.net/201901/153844.jpg,OK,0,15,QUICHÉ,USPANTÁN,15384,CORPORACIÓN MUNICIPAL,9,2,2,0,1,4,199,199,184,184,2,5,2,7,0,0,62,1,82,1,8,14
1,12,0,380,380,14,https://resultados2019.blob.core.windows.net/201901/154024.jpg,OK,0,15,QUICHÉ,USPANTÁN,15402,CORPORACIÓN MUNICIPAL,12,2,2,0,1,4,204,204,180,180,1,0,8,2,14,2,16,7,119,0,4,7
1,4,0,380,380,14,https://resultados2019.blob.core.windows.net/201901/154114.jpg,OK,0,15,QUICHÉ,USPANTÁN,15411,CORPORACIÓN MUNICIPAL,13,2,2,0,1,4,191,191,174,174,4,0,14,8,2,4,28,1,84,4,3,22
1,7,0,400,400,14,https://resultados2019.blob.core.windows.net/201901/153684.jpg,OK,0,15,QUICHÉ,USPANTÁN,15368,CORPORACIÓN MUNICIPAL,15,1,2,0,1,4,283,283,261,261,5,1,0,2,0,5,96,0,123,7,4,18
1,12,0,354,354,14,https://resultados2019.blob.core.windows.net/201901/153874.jpg,OK,0,15,QUICHÉ,USPANTÁN,15387,CORPORACIÓN MUNICIPAL,19,2,2,0,1,4,254,254,223,223,3,1,0,4,0,1,14,0,132,3,0,65
1,6,0,380,380,14,https://resultados2019.blob.core.windows.net/201901/153934.jpg,OK,0,15,QUICHÉ,USPANTÁN,15393,CORPORACIÓN MUNICIPAL,23,2,2,0,1,4,256,256,227,227,13,9,4,5,1,3,12,0,109,0,59,12
1,9,0,380,380,14,https://resultados2019.blob.core.windows.net/201901/154174.jpg,OK,0,15,QUICHÉ,USPANTÁN,15417,CORPORACIÓN MUNICIPAL,15,2,2,0,1,4,195,195,171,171,6,0,10,7,1,2,31,3,79,8,4,20
1,12,0,380,380,14,https://resultados2019.blob.core.windows.net/201901/154094.jpg,OK,0,15,QUICHÉ,USPANTÁN,15409,CORPORACIÓN MUNICIPAL,8,2,2,0,1,4,224,224,204,204,1,0,18,5,0,3,32,2,85,10,4,44
1,10,0,316,316,14,https://resultados2019.blob.core.windows.net/201901/153954.jpg,OK,0,15,QUICHÉ,USPANTÁN,15395,CORPORACIÓN MUNICIPAL,12,2,2,0,1,4,170,170,148,148,8,1,0,3,0,1,17,2,82,2,18,14
1,4,0,400,400,14,https://resultados2019.blob.core.windows.net/201901/153714.jpg,OK,0,15,QUICHÉ,USPANTÁN,15371,CORPORACIÓN MUNICIPAL,6,1,2,0,1,4,222,222,212,212,4,0,2,3,0,0,39,1,130,1,2,30
1,8,0,400,401,14,https://resultados2019.blob.core.windows.net/201901/153514.jpg,OK,0,15,QUICHÉ,USPANTÁN,15351,CORPORACIÓN MUNICIPAL,11,2,2,0,1,4,219,219,200,200,2,1,1,4,0,2,22,3,129,3,7,26
1,17,0,400,491,14,https://resultados2019.blob.core.windows.net/201901/153574.jpg,OK,0,15,QUICHÉ,USPANTÁN,15357,CORPORACIÓN MUNICIPAL,6,1,2,0,1,4,278,278,255,255,11,0,2,3,0,5,30,0,150,5,5,44
1,8,0,400,400,14,https://resultados2019.blob.core.windows.net/201901/153554.jpg,OK,0,15,QUICHÉ,USPANTÁN,15355,CORPORACIÓN MUNICIPAL,7,2,2,0,1,4,265,265,250,250,5,1,1,1,0,3,27,1,172,0,5,34
1,13,0,380,0,14,https://resultados2019.blob.core.windows.net/201901/154044.jpg,OK,0,15,QUICHÉ,USPANTÁN,15404,CORPORACIÓN MUNICIPAL,15,2,2,0,1,4,220,220,192,192,7,1,6,6,7,1,18,8,122,2,4,10
