ACTACUADRA,BLANCOS,CNTIMPUGNA,CNTINSCRITOS,CNTPAPELETAS,DEP,IMGSRC,IMGSTATUS,INVALIDOS,MUN,NDEP,NMUN,NROMESA,NTE,NULOS,STACTA,STESCAN,STFISIC,STTRANS,TIPOELECCION,TOTALACTA,TOTALVOTOS,VOTOSVALIDOS,VOTOSVALIDOSACTA,voto_PC,voto_PHG,voto_UNE,voto_VAMOS
1,10,0,400,400,14,https://resultados2019.blob.core.windows.net/201901/155094.jpg,OK,0,17,QUICHÉ,SAN BARTOLOMÉ JOCOTENANGO,15509,CORPORACIÓN MUNICIPAL,3,2,2,0,1,4,270,270,257,257,46,20,102,89
1,6,0,400,399,14,https://resultados2019.blob.core.windows.net/201901/155044.jpg,OK,0,17,QUICHÉ,SAN BARTOLOMÉ JOCOTENANGO,15504,CORPORACIÓN MUNICIPAL,2,2,0,0,1,4,325,325,317,317,61,37,106,113
1,4,0,400,400,14,https://resultados2019.blob.core.windows.net/201901/155084.jpg,OK,0,17,QUICHÉ,SAN BARTOLOMÉ JOCOTENANGO,15508,CORPORACIÓN MUNICIPAL,5,2,2,0,1,4,303,303,294,294,41,27,112,114
1,7,0,400,400,14,https://resultados2019.blob.core.windows.net/201901/155104.jpg,OK,0,17,QUICHÉ,SAN BARTOLOMÉ JOCOTENANGO,15510,CORPORACIÓN MUNICIPAL,3,2,0,0,1,4,288,288,278,278,45,27,94,112
1,1,0,226,0,14,https://resultados2019.blob.core.windows.net/201901/155114.jpg,OK,0,17,QUICHÉ,SAN BARTOLOMÉ JOCOTENANGO,15511,CORPORACIÓN MUNICIPAL,3,2,2,0,1,4,148,148,144,144,19,13,51,61
1,15,0,300,302,14,https://resultados2019.blob.core.windows.net/201901/155164.jpg,OK,0,17,QUICHÉ,SAN BARTOLOMÉ JOCOTENANGO,15516,CORPORACIÓN MUNICIPAL,4,2,2,0,1,4,241,241,222,222,15,11,77,119
1,6,0,328,328,14,https://resultados2019.blob.core.windows.net/201901/155184.jpg,OK,0,17,QUICHÉ,SAN BARTOLOMÉ JOCOTENANGO,15518,CORPORACIÓN MUNICIPAL,2,1,2,0,1,4,164,164,156,156,21,11,57,67
1,3,0,225,225,14,https://resultados2019.blob.core.windows.net/201901/155124.jpg,OK,0,17,QUICHÉ,SAN BARTOLOMÉ JOCOTENANGO,15512,CORPORACIÓN MUNICIPAL,1,2,2,0,1,4,154,154,150,150,32,13,59,46
1,1,0,380,380,14,https://resultados2019.blob.core.windows.net/201901/155134.jpg,OK,0,17,QUICHÉ,SAN BARTOLOMÉ JOCOTENANGO,15513,CORPORACIÓN MUNICIPAL,0,2,2,0,1,4,320,320,319,319,23,9,139,148
1,3,1,319,319,14,https://resultados2019.blob.core.windows.net/201901/155144.jpg,OK,0,17,QUICHÉ,SAN BARTOLOMÉ JOCOTENANGO,15514,CORPORACIÓN MUNICIPAL,0,2,2,0,1,4,269,269,266,266,10,4,96,156
1,5,3,400,408,14,https://resultados2019.blob.core.windows.net/201901/154974.jpg,OK,0,17,QUICHÉ,SAN BARTOLOMÉ JOCOTENANGO,15497,CORPORACIÓN MUNICIPAL,3,2,2,0,1,4,263,263,255,255,50,18,82,105
1,10,0,400,400,14,https://resultados2019.blob.core.windows.net/201901/155034.jpg,OK,0,17,QUICHÉ,SAN BARTOLOMÉ JOCOTENANGO,15503,CORPORACIÓN MUNICIPAL,6,2,2,0,1,4,324,324,308,308,52,22,128,106
1,4,0,400,400,14,https://resultados2019.blob.core.windows.net/201901/155024.jpg,OK,0,17,QUICHÉ,SAN BARTOLOMÉ JOCOTENANGO,15502,CORPORACIÓN MUNICIPAL,5,2,2,0,1,4,329,329,320,320,64,18,140,98
1,4,0,400,400,14,https://resultados2019.blob.core.windows.net/201901/155074.jpg,OK,0,17,QUICHÉ,SAN BARTOLOMÉ JOCOTENANGO,15507,CORPORACIÓN MUNICIPAL,2,2,2,0,1,4,278,278,272,272,35,20,102,115
1,9,1,299,299,14,https://resultados2019.blob.core.windows.net/201901/155174.jpg,OK,0,17,QUICHÉ,SAN BARTOLOMÉ JOCOTENANGO,15517,CORPORACIÓN MUNICIPAL,3,2,2,0,1,4,225,225,213,213,11,18,54,130
1,6,0,400,400,14,https://resultados2019.blob.core.windows.net/201901/154984.jpg,OK,0,17,QUICHÉ,SAN BARTOLOMÉ JOCOTENANGO,15498,CORPORACIÓN MUNICIPAL,2,2,2,0,1,4,303,303,295,295,35,38,92,130
1,9,0,400,400,14,https://resultados2019.blob.core.windows.net/201901/155054.jpg,OK,0,17,QUICHÉ,SAN BARTOLOMÉ JOCOTENANGO,15505,CORPORACIÓN MUNICIPAL,0,2,2,0,1,4,290,290,281,281,38,25,102,116
1,7,0,400,400,14,https://resultados2019.blob.core.windows.net/201901/154994.jpg,OK,0,17,QUICHÉ,SAN BARTOLOMÉ JOCOTENANGO,15499,CORPORACIÓN MUNICIPAL,6,2,2,0,1,4,312,312,299,299,45,27,112,115
1,1,0,318,318,14,https://resultados2019.blob.core.windows.net/201901/155154.jpg,OK,0,17,QUICHÉ,SAN BARTOLOMÉ JOCOTENANGO,15515,CORPORACIÓN MUNICIPAL,3,2,2,0,1,4,265,265,261,261,11,3,106,141
1,14,1,400,400,14,https://resultados2019.blob.core.windows.net/201901/155004.jpg,OK,0,17,QUICHÉ,SAN BARTOLOMÉ JOCOTENANGO,15500,CORPORACIÓN MUNICIPAL,4,2,2,0,1,4,325,325,307,307,45,21,127,114
1,3,0,400,400,14,https://resultados2019.blob.core.windows.net/201901/155064.jpg,OK,0,17,QUICHÉ,SAN BARTOLOMÉ JOCOTENANGO,15506,CORPORACIÓN MUNICIPAL,5,2,2,0,1,4,267,267,259,259,52,20,93,94
0,9,1,400,400,14,https://resultados2019.blob.core.windows.net/201901/155014.jpg,OK,0,17,QUICHÉ,SAN BARTOLOMÉ JOCOTENANGO,15501,CORPORACIÓN MUNICIPAL,9,2,2,0,1,4,319,318,300,300,54,19,114,113
