ACTACUADRA,BLANCOS,CNTIMPUGNA,CNTINSCRITOS,CNTPAPELETAS,DEP,IMGSRC,IMGSTATUS,INVALIDOS,MUN,NDEP,NMUN,NROMESA,NTE,NULOS,STACTA,STESCAN,STFISIC,STTRANS,TIPOELECCION,TOTALACTA,TOTALVOTOS,VOTOSVALIDOS,VOTOSVALIDOSACTA,voto_BIEN,voto_CONVERGENCIA,voto_EG,voto_FCN-NACION,voto_FUERZA,voto_PC,voto_PHG,voto_PODEMOS,voto_SEMILLA,voto_TODOS,voto_UCN,voto_UNE,voto_URNG_MAIZ,voto_VALOR,voto_VAMOS,voto_VIVA
1,13,0,400,0,14,https://resultados2019.blob.core.windows.net/201901/144924.jpg,OK,0,1,QUICHÉ,SANTA CRUZ DEL QUICHÉ,14492,CORPORACIÓN MUNICIPAL,11,2,2,0,1,4,250,250,226,226,7,3,6,4,4,31,6,3,8,7,8,62,3,23,16,35
1,3,0,400,396,14,https://resultados2019.blob.core.windows.net/201901/145034.jpg,OK,156,1,QUICHÉ,SANTA CRUZ DEL QUICHÉ,14503,CORPORACIÓN MUNICIPAL,14,2,2,0,1,4,234,234,217,217,6,3,1,4,4,62,2,1,3,4,11,46,9,11,26,24
1,1,0,400,0,14,https://resultados2019.blob.core.windows.net/201901/144904.jpg,OK,0,1,QUICHÉ,SANTA CRUZ DEL QUICHÉ,14490,CORPORACIÓN MUNICIPAL,9,2,2,0,1,4,248,248,238,238,14,12,4,4,4,27,2,1,10,7,5,61,2,28,21,36
1,11,1,400,396,14,https://resultados2019.blob.core.windows.net/201901/145254.jpg,OK,0,1,QUICHÉ,SANTA CRUZ DEL QUICHÉ,14525,CORPORACIÓN MUNICIPAL,20,1,2,0,1,4,294,294,263,263,10,8,4,5,4,54,5,0,7,9,5,76,10,22,14,30
1,5,0,352,349,14,https://resultados2019.blob.core.windows.net/201901/145464.jpg,OK,0,1,QUICHÉ,SANTA CRUZ DEL QUICHÉ,14546,CORPORACIÓN MUNICIPAL,3,2,2,0,1,4,211,211,203,203,6,2,6,1,7,48,11,0,4,5,4,65,2,23,8,11
1,5,0,400,0,14,https://resultados2019.blob.core.windows.net/201901/144864.jpg,OK,0,1,QUICHÉ,SANTA CRUZ DEL QUICHÉ,14486,CORPORACIÓN MUNICIPAL,12,2,2,0,1,4,294,294,277,277,11,12,7,9,6,52,9,2,6,5,10,64,5,24,25,30
1,24,0,380,380,14,https://resultados2019.blob.core.windows.net/201901/145484.jpg,OK,0,1,QUICHÉ,SANTA CRUZ DEL QUICHÉ,14548,CORPORACIÓN MUNICIPAL,23,2,2,0,1,4,312,312,265,265,1,2,3,3,2,27,3,0,3,2,12,128,6,1,72,0
1,5,0,400,400,14,https://resultados2019.blob.core.windows.net/201901/145444.jpg,OK,0,1,QUICHÉ,SANTA CRUZ DEL QUICHÉ,14544,CORPORACIÓN MUNICIPAL,6,2,2,0,1,4,285,285,274,274,8,4,5,5,4,50,7,1,9,6,3,76,3,40,25,28
1,14,0,400,395,14,https://resultados2019.blob.core.windows.net/201901/145024.jpg,OK,0,1,QUICHÉ,SANTA CRUZ DEL QUICHÉ,14502,CORPORACIÓN MUNICIPAL,22,2,2,0,1,4,245,245,209,209,4,7,2,5,1,51,6,0,3,4,6,50,4,13,22,31
0,0,0,600,0,14,https://resultados2019.blob.core.windows.net/201901/145944.jpg,OK,0,1,QUICHÉ,SANTA CRUZ DEL QUICHÉ,14594,CORPORACIÓN MUNICIPAL,0,0,2,0,0,4,0,0,0,0,0,0,0,0,0,0,0,0,0,0,0,0,0,0,0,0
1,9,0,529,529,14,https://resultados2019.blob.core.windows.net/201901/145984.jpg,OK,0,1,QUICHÉ,SANTA CRUZ DEL QUICHÉ,14598,CORPORACIÓN MUNICIPAL,5,1,2,0,1,4,95,95,81,81,2,4,1,2,1,13,5,0,5,2,3,19,2,5,0,17
1,12,0,400,396,14,https://resultados2019.blob.core.windows.net/201901/145264.jpg,OK,0,1,QUICHÉ,SANTA CRUZ DEL QUICHÉ,14526,CORPORACIÓN MUNICIPAL,18,2,2,0,1,4,271,271,241,241,6,6,3,3,1,54,9,1,10,5,6,73,6,21,20,17
1,4,0,400,396,14,https://resultados2019.blob.core.windows.net/201901/145094.jpg,OK,0,1,QUICHÉ,SANTA CRUZ DEL QUICHÉ,14509,CORPORACIÓN MUNICIPAL,8,2,2,0,1,4,200,200,188,188,3,3,1,5,6,48,1,1,8,4,3,48,5,18,21,13
1,2,0,371,339,14,https://resultados2019.blob.core.windows.net/201901/144984.jpg,OK,0,1,QUICHÉ,SANTA CRUZ DEL QUICHÉ,14498,CORPORACIÓN MUNICIPAL,3,2,2,0,1,4,233,233,228,228,8,6,3,2,14,26,5,3,8,7,5,74,3,28,19,17
1,25,0,380,374,14,https://resultados2019.blob.core.windows.net/201901/145604.jpg,OK,0,1,QUICHÉ,SANTA CRUZ DEL QUICHÉ,14560,CORPORACIÓN MUNICIPAL,27,2,2,0,1,4,239,239,187,187,2,4,7,8,15,35,1,0,0,16,7,56,3,3,25,5
1,9,0,400,393,14,https://resultados2019.blob.core.windows.net/201901/145404.jpg,OK,0,1,QUICHÉ,SANTA CRUZ DEL QUICHÉ,14540,CORPORACIÓN MUNICIPAL,12,2,2,0,1,4,263,263,242,242,9,8,5,5,5,51,4,1,10,0,4,63,6,26,18,27
1,4,0,400,396,14,https://resultados2019.blob.core.windows.net/201901/145324.jpg,OK,0,1,QUICHÉ,SANTA CRUZ DEL QUICHÉ,14532,CORPORACIÓN MUNICIPAL,29,2,2,0,1,4,297,297,264,264,6,4,6,5,5,30,12,3,6,6,11,85,4,18,26,37
1,15,0,400,400,14,https://resultados2019.blob.core.windows.net/201901/145014.jpg,OK,0,1,QUICHÉ,SANTA CRUZ DEL QUICHÉ,14501,CORPORACIÓN MUNICIPAL,16,2,2,0,1,4,268,268,237,237,5,5,0,9,2,41,4,1,11,6,6,72,5,15,21,34
1,7,0,400,0,14,https://resultados2019.blob.core.windows.net/201901/145414.jpg,OK,0,1,QUICHÉ,SANTA CRUZ DEL QUICHÉ,14541,CORPORACIÓN MUNICIPAL,15,2,2,0,1,4,249,249,227,227,6,4,6,4,4,51,7,0,5,12,4,55,5,14,25,25
1,11,0,400,400,14,https://resultados2019.blob.core.windows.net/201901/145244.jpg,OK,0,1,QUICHÉ,SANTA CRUZ DEL QUICHÉ,14524,CORPORACIÓN MUNICIPAL,17,2,2,0,1,4,285,285,257,257,1,2,1,1,4,29,6,0,9,2,4,124,11,21,23,19
1,7,0,380,380,14,https://resultados2019.blob.core.windows.net/201901/145854.jpg,OK,0,1,QUICHÉ,SANTA CRUZ DEL QUICHÉ,14585,CORPORACIÓN MUNICIPAL,13,1,2,0,1,4,235,235,215,215,3,13,3,0,1,66,2,0,13,0,11,67,7,5,19,5
0,3,0,400,400,14,https://resultados2019.blob.core.windows.net/201901/145344.jpg,OK,0,1,QUICHÉ,SANTA CRUZ DEL QUICHÉ,14534,CORPORACIÓN MUNICIPAL,4,2,2,0,1,4,247,246,239,239,7,14,3,4,3,55,4,0,7,3,9,59,3,22,22,24
1,19,0,380,0,14,https://resultados2019.blob.core.windows.net/201901/145594.jpg,OK,0,1,QUICHÉ,SANTA CRUZ DEL QUICHÉ,14559,CORPORACIÓN MUNICIPAL,34,2,2,0,1,4,224,224,171,171,1,7,8,14,8,27,3,0,0,21,4,43,2,5,24,4
1,0,0,400,0,14,https://resultados2019.blob.core.windows.net/201901/144874.jpg,OK,0,1,QUICHÉ,SANTA CRUZ DEL QUICHÉ,14487,CORPORACIÓN MUNICIPAL,0,2,2,0,1,4,246,246,246,246,10,19,6,2,4,30,12,0,3,7,10,67,4,24,16,32
1,2,0,400,0,14,https://resultados2019.blob.core.windows.net/201901/144914.jpg,OK,0,1,QUICHÉ,SANTA CRUZ DEL QUICHÉ,14491,CORPORACIÓN MUNICIPAL,11,2,2,0,1,4,256,256,243,243,11,12,6,8,10,31,5,1,14,7,6,59,4,32,18,19
1,20,0,380,373,14,https://resultados2019.blob.core.windows.net/201901/145504.jpg,OK,0,1,QUICHÉ,SANTA CRUZ DEL QUICHÉ,14550,CORPORACIÓN MUNICIPAL,17,2,2,0,1,4,256,256,219,219,0,1,3,1,4,33,5,1,5,2,3,77,13,2,68,1
1,4,0,400,400,14,https://resultados2019.blob.core.windows.net/201901/145434.jpg,OK,0,1,QUICHÉ,SANTA CRUZ DEL QUICHÉ,14543,CORPORACIÓN MUNICIPAL,10,2,2,0,1,4,260,260,246,246,7,3,6,8,3,34,8,0,9,1,4,83,3,27,23,27
1,5,0,354,354,14,https://resultados2019.blob.core.windows.net/201901/145794.jpg,OK,0,1,QUICHÉ,SANTA CRUZ DEL QUICHÉ,14579,CORPORACIÓN MUNICIPAL,6,2,2,0,1,4,228,228,217,217,3,4,11,2,2,32,0,4,4,4,7,118,2,5,18,1
1,5,0,251,251,14,https://resultados2019.blob.core.windows.net/201901/145894.jpg,OK,0,1,QUICHÉ,SANTA CRUZ DEL QUICHÉ,14589,CORPORACIÓN MUNICIPAL,3,1,2,0,1,4,182,182,174,174,4,8,1,0,4,46,2,0,6,1,4,74,5,5,13,1
1,4,1,530,530,14,https://resultados2019.blob.core.windows.net/201901/145974.jpg,OK,372,1,QUICHÉ,SANTA CRUZ DEL QUICHÉ,14597,CORPORACIÓN MUNICIPAL,7,1,2,0,1,4,154,154,143,143,5,5,1,4,1,24,4,0,3,5,7,37,9,9,11,18
1,12,0,380,380,14,https://resultados2019.blob.core.windows.net/201901/145764.jpg,OK,0,1,QUICHÉ,SANTA CRUZ DEL QUICHÉ,14576,CORPORACIÓN MUNICIPAL,11,2,2,0,1,4,256,256,233,233,1,14,6,1,0,40,1,4,7,2,5,121,5,6,18,2
0,8,0,209,0,14,https://resultados2019.blob.core.windows.net/201901/145654.jpg,OK,0,1,QUICHÉ,SANTA CRUZ DEL QUICHÉ,14565,CORPORACIÓN MUNICIPAL,24,2,2,0,1,4,100,117,85,68,0,1,3,0,6,14,3,0,1,17,3,25,1,6,5,0
1,16,0,400,400,14,https://resultados2019.blob.core.windows.net/201901/144994.jpg,OK,0,1,QUICHÉ,SANTA CRUZ DEL QUICHÉ,14499,CORPORACIÓN MUNICIPAL,13,2,2,0,1,4,246,246,217,217,4,13,6,5,3,44,1,0,5,6,7,57,0,11,38,17
1,18,0,380,380,14,https://resultados2019.blob.core.windows.net/201901/145614.jpg,OK,0,1,QUICHÉ,SANTA CRUZ DEL QUICHÉ,14561,CORPORACIÓN MUNICIPAL,34,2,2,0,1,4,237,237,185,185,0,3,14,19,7,26,1,1,0,23,7,49,8,1,26,0
1,0,0,372,372,14,https://resultados2019.blob.core.windows.net/201901/144974.jpg,OK,0,1,QUICHÉ,SANTA CRUZ DEL QUICHÉ,14497,CORPORACIÓN MUNICIPAL,6,2,2,0,1,4,238,238,232,232,14,3,3,1,3,27,8,0,11,8,8,63,3,26,20,34
0,4,0,400,396,14,https://resultados2019.blob.core.windows.net/201901/145174.jpg,OK,0,1,QUICHÉ,SANTA CRUZ DEL QUICHÉ,14517,CORPORACIÓN MUNICIPAL,7,2,2,0,1,4,221,216,205,210,7,4,3,6,1,47,0,0,7,9,5,51,3,21,24,17
1,10,0,400,396,14,https://resultados2019.blob.core.windows.net/201901/145394.jpg,OK,0,1,QUICHÉ,SANTA CRUZ DEL QUICHÉ,14539,CORPORACIÓN MUNICIPAL,15,2,2,0,1,4,274,274,249,249,4,10,6,3,4,44,5,1,9,9,4,90,6,15,13,26
1,17,0,380,0,14,https://resultados2019.blob.core.windows.net/201901/145624.jpg,OK,0,1,QUICHÉ,SANTA CRUZ DEL QUICHÉ,14562,CORPORACIÓN MUNICIPAL,29,2,2,0,1,4,225,225,179,179,0,3,10,15,10,22,1,2,0,28,7,56,3,2,17,3
1,15,0,380,380,14,https://resultados2019.blob.core.windows.net/201901/145684.jpg,OK,0,1,QUICHÉ,SANTA CRUZ DEL QUICHÉ,14568,CORPORACIÓN MUNICIPAL,17,2,2,0,1,4,256,256,224,224,4,5,1,2,1,45,0,0,2,7,2,80,5,7,56,7
0,8,1,400,400,14,https://resultados2019.blob.core.windows.net/201901/145294.jpg,OK,0,1,QUICHÉ,SANTA CRUZ DEL QUICHÉ,14529,CORPORACIÓN MUNICIPAL,17,2,2,0,1,4,290,289,264,265,7,10,5,4,6,63,3,2,4,1,7,74,10,14,30,24
1,17,0,380,380,14,https://resultados2019.blob.core.windows.net/201901/145804.jpg,OK,0,1,QUICHÉ,SANTA CRUZ DEL QUICHÉ,14580,CORPORACIÓN MUNICIPAL,8,1,2,0,1,4,240,240,215,215,8,9,3,0,1,54,0,1,13,3,8,72,7,6,29,1
1,12,0,400,400,14,https://resultados2019.blob.core.windows.net/201901/145054.jpg,OK,0,1,QUICHÉ,SANTA CRUZ DEL QUICHÉ,14505,CORPORACIÓN MUNICIPAL,16,2,2,0,1,4,238,238,210,210,6,5,2,3,2,73,2,3,3,7,3,44,3,11,25,18
1,1,0,265,0,14,https://resultados2019.blob.core.windows.net/201901/145194.jpg,OK,0,1,QUICHÉ,SANTA CRUZ DEL QUICHÉ,14519,CORPORACIÓN MUNICIPAL,2,2,2,0,1,4,172,172,169,169,3,1,3,1,1,25,7,2,3,1,1,60,3,22,14,22
1,5,0,287,284,14,https://resultados2019.blob.core.windows.net/201901/145554.jpg,OK,0,1,QUICHÉ,SANTA CRUZ DEL QUICHÉ,14555,CORPORACIÓN MUNICIPAL,4,2,2,0,1,4,213,213,204,204,2,2,2,0,4,28,1,1,4,2,3,111,5,4,33,2
0,7,0,200,201,14,https://resultados2019.blob.core.windows.net/201901/145934.jpg,OK,0,1,QUICHÉ,SANTA CRUZ DEL QUICHÉ,14593,CORPORACIÓN MUNICIPAL,3,2,2,0,1,4,148,148,138,148,1,0,1,1,4,22,1,1,0,0,3,92,0,3,6,3
1,17,0,380,376,14,https://resultados2019.blob.core.windows.net/201901/145584.jpg,OK,0,1,QUICHÉ,SANTA CRUZ DEL QUICHÉ,14558,CORPORACIÓN MUNICIPAL,20,2,2,0,1,4,214,214,177,177,2,1,12,12,5,23,1,0,1,20,13,57,2,6,19,3
1,14,0,380,377,14,https://resultados2019.blob.core.windows.net/201901/145524.jpg,OK,0,1,QUICHÉ,SANTA CRUZ DEL QUICHÉ,14552,CORPORACIÓN MUNICIPAL,8,2,2,0,1,4,246,246,224,224,4,8,3,1,8,34,0,2,4,1,9,91,1,2,54,2
1,5,0,400,0,14,https://resultados2019.blob.core.windows.net/201901/145334.jpg,OK,0,1,QUICHÉ,SANTA CRUZ DEL QUICHÉ,14533,CORPORACIÓN MUNICIPAL,7,2,2,0,1,4,246,246,234,234,9,2,5,6,1,57,5,1,5,3,4,65,6,18,24,23
1,10,0,380,0,14,https://resultados2019.blob.core.windows.net/201901/145694.jpg,OK,0,1,QUICHÉ,SANTA CRUZ DEL QUICHÉ,14569,CORPORACIÓN MUNICIPAL,19,2,2,0,1,4,237,237,208,208,2,8,0,2,1,33,7,0,7,10,6,77,7,1,43,4
1,21,0,380,376,14,https://resultados2019.blob.core.windows.net/201901/145494.jpg,OK,0,1,QUICHÉ,SANTA CRUZ DEL QUICHÉ,14549,CORPORACIÓN MUNICIPAL,24,2,2,0,1,4,286,286,241,241,0,4,1,1,4,45,0,0,3,1,3,116,10,1,51,1
1,9,0,400,400,14,https://resultados2019.blob.core.windows.net/201901/145304.jpg,OK,0,1,QUICHÉ,SANTA CRUZ DEL QUICHÉ,14530,CORPORACIÓN MUNICIPAL,15,2,2,0,1,4,305,305,281,281,18,2,1,2,4,53,8,0,9,5,1,107,4,13,24,30
1,5,0,600,600,14,https://resultados2019.blob.core.windows.net/201901/145964.jpg,OK,386,1,QUICHÉ,SANTA CRUZ DEL QUICHÉ,14596,CORPORACIÓN MUNICIPAL,7,2,2,0,1,4,214,214,202,202,9,7,6,4,1,37,5,2,11,7,7,48,5,15,7,31
1,11,0,380,376,14,https://resultados2019.blob.core.windows.net/201901/145824.jpg,OK,3,1,QUICHÉ,SANTA CRUZ DEL QUICHÉ,14582,CORPORACIÓN MUNICIPAL,9,1,2,0,1,4,265,265,245,245,4,12,0,1,1,60,3,0,12,1,9,108,5,7,18,4
1,14,0,400,396,14,https://resultados2019.blob.core.windows.net/201901/145424.jpg,OK,0,1,QUICHÉ,SANTA CRUZ DEL QUICHÉ,14542,CORPORACIÓN MUNICIPAL,8,2,2,0,1,4,225,225,203,203,11,6,3,1,6,26,8,1,6,6,3,50,7,27,18,24
1,5,0,265,265,14,https://resultados2019.blob.core.windows.net/201901/145204.jpg,OK,13,1,QUICHÉ,SANTA CRUZ DEL QUICHÉ,14520,CORPORACIÓN MUNICIPAL,8,2,2,0,1,4,158,158,145,145,2,2,0,4,6,29,1,0,3,0,4,36,6,15,18,19
0,113,0,400,400,14,https://resultados2019.blob.core.windows.net/201901/145074.jpg,OK,0,1,QUICHÉ,SANTA CRUZ DEL QUICHÉ,14507,CORPORACIÓN MUNICIPAL,24,2,2,0,1,4,287,400,263,263,5,11,5,3,5,44,7,0,12,11,7,69,4,24,22,34
1,13,0,400,400,14,https://resultados2019.blob.core.windows.net/201901/145224.jpg,OK,0,1,QUICHÉ,SANTA CRUZ DEL QUICHÉ,14522,CORPORACIÓN MUNICIPAL,15,2,2,0,1,4,268,268,240,240,5,6,5,4,5,47,7,1,11,6,4,70,4,20,17,28
1,11,0,400,0,14,https://resultados2019.blob.core.windows.net/201901/144844.jpg,OK,0,1,QUICHÉ,SANTA CRUZ DEL QUICHÉ,14484,CORPORACIÓN MUNICIPAL,11,2,2,0,1,4,280,280,258,258,6,12,3,5,9,27,6,0,9,14,5,78,4,22,22,36
1,7,0,400,0,14,https://resultados2019.blob.core.windows.net/201901/145374.jpg,OK,1,1,QUICHÉ,SANTA CRUZ DEL QUICHÉ,14537,CORPORACIÓN MUNICIPAL,16,2,2,0,1,4,277,277,254,254,8,3,2,4,4,48,4,0,7,6,10,78,6,15,29,30
1,10,0,400,395,14,https://resultados2019.blob.core.windows.net/201901/145104.jpg,OK,0,1,QUICHÉ,SANTA CRUZ DEL QUICHÉ,14510,CORPORACIÓN MUNICIPAL,7,2,2,0,1,4,233,233,216,216,3,6,4,9,3,39,9,1,3,12,6,53,4,14,26,24
1,15,0,400,396,14,https://resultados2019.blob.core.windows.net/201901/145044.jpg,OK,0,1,QUICHÉ,SANTA CRUZ DEL QUICHÉ,14504,CORPORACIÓN MUNICIPAL,12,2,2,0,1,4,232,232,205,205,2,2,5,3,5,48,3,0,5,4,8,54,2,13,20,31
1,23,0,380,377,14,https://resultados2019.blob.core.windows.net/201901/145564.jpg,OK,0,1,QUICHÉ,SANTA CRUZ DEL QUICHÉ,14556,CORPORACIÓN MUNICIPAL,26,2,2,0,1,4,233,233,184,184,1,5,8,10,10,21,2,1,0,17,7,60,6,5,28,3
0,23,0,400,400,14,https://resultados2019.blob.core.windows.net/201901/145274.jpg,OK,0,1,QUICHÉ,SANTA CRUZ DEL QUICHÉ,14527,CORPORACIÓN MUNICIPAL,17,2,2,0,1,4,219,276,236,179,5,5,1,4,6,64,4,0,3,4,6,99,8,7,14,6
1,2,0,400,393,14,https://resultados2019.blob.core.windows.net/201901/145124.jpg,OK,0,1,QUICHÉ,SANTA CRUZ DEL QUICHÉ,14512,CORPORACIÓN MUNICIPAL,8,2,2,0,1,4,252,252,242,242,10,5,3,7,2,51,6,0,8,3,6,50,6,25,24,36
0,4,0,400,0,14,https://resultados2019.blob.core.windows.net/201901/144944.jpg,OK,0,1,QUICHÉ,SANTA CRUZ DEL QUICHÉ,14494,CORPORACIÓN MUNICIPAL,8,2,2,0,1,4,253,245,233,241,9,6,4,5,9,31,0,1,9,3,3,72,4,28,14,35
1,5,0,400,400,14,https://resultados2019.blob.core.windows.net/201901/144954.jpg,OK,0,1,QUICHÉ,SANTA CRUZ DEL QUICHÉ,14495,CORPORACIÓN MUNICIPAL,7,2,2,0,1,4,235,235,223,223,12,9,10,1,15,28,9,0,7,6,7,49,2,26,19,23
1,14,0,380,378,14,https://resultados2019.blob.core.windows.net/201901/145914.jpg,OK,0,1,QUICHÉ,SANTA CRUZ DEL QUICHÉ,14591,CORPORACIÓN MUNICIPAL,11,1,2,0,1,4,294,294,269,269,2,4,2,3,4,72,0,1,1,0,3,161,2,3,10,1
1,20,0,380,380,14,https://resultados2019.blob.core.windows.net/201901/145834.jpg,OK,109,1,QUICHÉ,SANTA CRUZ DEL QUICHÉ,14583,CORPORACIÓN MUNICIPAL,13,1,2,0,1,4,271,271,238,238,3,14,6,2,6,76,0,0,5,1,8,89,3,3,18,4
1,2,0,353,353,14,https://resultados2019.blob.core.windows.net/201901/145454.jpg,OK,0,1,QUICHÉ,SANTA CRUZ DEL QUICHÉ,14545,CORPORACIÓN MUNICIPAL,5,2,2,0,1,4,263,263,256,256,11,2,2,3,4,55,8,2,6,7,1,81,4,24,19,27
1,9,0,400,0,14,https://resultados2019.blob.core.windows.net/201901/144854.jpg,OK,0,1,QUICHÉ,SANTA CRUZ DEL QUICHÉ,14485,CORPORACIÓN MUNICIPAL,13,2,2,0,1,4,296,296,274,274,15,8,6,7,3,34,10,3,6,7,12,75,3,26,17,42
1,11,0,400,397,14,https://resultados2019.blob.core.windows.net/201901/145154.jpg,OK,6,1,QUICHÉ,SANTA CRUZ DEL QUICHÉ,14515,CORPORACIÓN MUNICIPAL,16,2,2,0,1,4,228,228,201,201,5,7,3,7,0,47,3,0,8,9,2,56,0,9,16,29
1,5,0,400,397,14,https://resultados2019.blob.core.windows.net/201901/144934.jpg,OK,0,1,QUICHÉ,SANTA CRUZ DEL QUICHÉ,14493,CORPORACIÓN MUNICIPAL,15,2,2,0,1,4,247,247,227,227,12,8,4,5,11,25,15,1,8,3,5,56,5,24,15,30
0,13,0,209,206,14,https://resultados2019.blob.core.windows.net/201901/145644.jpg,OK,0,1,QUICHÉ,SANTA CRUZ DEL QUICHÉ,14564,CORPORACIÓN MUNICIPAL,7,2,2,0,1,4,0,101,81,101,0,2,4,5,5,7,1,0,0,18,9,20,2,3,5,0
1,16,0,380,376,14,https://resultados2019.blob.core.windows.net/201901/145534.jpg,OK,0,1,QUICHÉ,SANTA CRUZ DEL QUICHÉ,14553,CORPORACIÓN MUNICIPAL,10,2,2,0,1,4,243,243,217,217,3,2,5,1,5,29,0,0,2,4,5,100,2,2,53,4
1,10,0,400,400,14,https://resultados2019.blob.core.windows.net/201901/145364.jpg,OK,0,1,QUICHÉ,SANTA CRUZ DEL QUICHÉ,14536,CORPORACIÓN MUNICIPAL,16,2,2,0,1,4,256,256,230,230,4,3,2,1,5,47,7,1,11,3,3,65,5,27,25,21
1,17,0,380,0,14,https://resultados2019.blob.core.windows.net/201901/145634.jpg,OK,196,1,QUICHÉ,SANTA CRUZ DEL QUICHÉ,14563,CORPORACIÓN MUNICIPAL,22,2,2,0,1,4,180,180,141,141,0,3,11,6,14,21,0,0,1,16,2,49,2,4,12,0
1,11,0,400,395,14,https://resultados2019.blob.core.windows.net/201901/145084.jpg,OK,0,1,QUICHÉ,SANTA CRUZ DEL QUICHÉ,14508,CORPORACIÓN MUNICIPAL,19,2,2,0,1,4,272,272,242,242,8,2,1,7,7,50,7,0,6,11,10,57,4,16,28,28
1,19,0,353,0,14,https://resultados2019.blob.core.windows.net/201901/145704.jpg,OK,0,1,QUICHÉ,SANTA CRUZ DEL QUICHÉ,14570,CORPORACIÓN MUNICIPAL,18,2,2,0,1,4,196,196,159,159,1,2,3,1,2,30,1,1,3,5,1,68,2,2,32,5
1,8,0,400,393,14,https://resultados2019.blob.core.windows.net/201901/145064.jpg,OK,0,1,QUICHÉ,SANTA CRUZ DEL QUICHÉ,14506,CORPORACIÓN MUNICIPAL,13,2,2,0,1,4,276,276,255,255,8,6,6,4,1,72,6,0,5,8,3,61,8,18,26,23
1,15,0,380,376,14,https://resultados2019.blob.core.windows.net/201901/145514.jpg,OK,0,1,QUICHÉ,SANTA CRUZ DEL QUICHÉ,14551,CORPORACIÓN MUNICIPAL,25,2,2,0,1,4,257,257,217,217,2,5,4,2,9,29,1,1,3,2,11,80,15,2,51,0
1,13,0,400,0,14,https://resultados2019.blob.core.windows.net/201901/144834.jpg,OK,0,1,QUICHÉ,SANTA CRUZ DEL QUICHÉ,14483,CORPORACIÓN MUNICIPAL,12,2,2,0,1,4,287,287,262,262,10,10,4,3,12,34,5,1,7,5,7,77,10,19,35,23
0,0,0,400,0,14,https://resultados2019.blob.core.windows.net/201901/145354.jpg,OK,0,1,QUICHÉ,SANTA CRUZ DEL QUICHÉ,14535,CORPORACIÓN MUNICIPAL,0,0,2,0,0,4,0,0,0,0,0,0,0,0,0,0,0,0,0,0,0,0,0,0,0,0
1,9,1,287,287,14,https://resultados2019.blob.core.windows.net/201901/145544.jpg,OK,0,1,QUICHÉ,SANTA CRUZ DEL QUICHÉ,14554,CORPORACIÓN MUNICIPAL,8,2,2,0,1,4,171,171,154,154,1,2,5,1,3,26,1,0,1,2,1,60,2,4,41,4
1,5,0,221,221,14,https://resultados2019.blob.core.windows.net/201901/145734.jpg,OK,0,1,QUICHÉ,SANTA CRUZ DEL QUICHÉ,14573,CORPORACIÓN MUNICIPAL,6,2,2,0,1,4,139,139,128,128,2,1,5,1,3,14,7,1,10,12,3,47,3,5,9,5
1,23,0,380,380,14,https://resultados2019.blob.core.windows.net/201901/145664.jpg,OK,0,1,QUICHÉ,SANTA CRUZ DEL QUICHÉ,14566,CORPORACIÓN MUNICIPAL,19,2,2,0,1,4,252,252,210,210,1,8,1,0,2,45,2,0,1,17,1,87,2,2,36,5
1,5,0,380,380,14,https://resultados2019.blob.core.windows.net/201901/145844.jpg,OK,0,1,QUICHÉ,SANTA CRUZ DEL QUICHÉ,14584,CORPORACIÓN MUNICIPAL,8,1,2,0,1,4,233,233,220,220,10,9,2,0,2,73,1,1,12,1,9,73,3,9,14,1
1,9,0,400,396,14,https://resultados2019.blob.core.windows.net/201901/145144.jpg,OK,0,1,QUICHÉ,SANTA CRUZ DEL QUICHÉ,14514,CORPORACIÓN MUNICIPAL,12,2,2,0,1,4,231,231,210,210,5,4,6,5,3,38,2,1,7,7,6,60,6,12,22,26
1,1,0,400,400,14,https://resultados2019.blob.core.windows.net/201901/144894.jpg,OK,0,1,QUICHÉ,SANTA CRUZ DEL QUICHÉ,14489,CORPORACIÓN MUNICIPAL,16,2,2,0,1,4,307,307,290,290,9,6,14,3,4,26,13,3,15,8,12,80,3,33,28,33
1,11,0,380,0,14,https://resultados2019.blob.core.windows.net/201901/145674.jpg,OK,0,1,QUICHÉ,SANTA CRUZ DEL QUICHÉ,14567,CORPORACIÓN MUNICIPAL,32,2,2,0,1,4,270,270,227,227,4,4,2,0,2,43,1,2,5,15,3,88,2,7,45,4
1,13,0,380,375,14,https://resultados2019.blob.core.windows.net/201901/145864.jpg,OK,0,1,QUICHÉ,SANTA CRUZ DEL QUICHÉ,14586,CORPORACIÓN MUNICIPAL,12,1,2,0,1,4,241,241,216,216,5,11,3,3,1,59,3,0,14,1,10,72,4,10,16,4
1,7,0,400,400,14,https://resultados2019.blob.core.windows.net/201901/145114.jpg,OK,0,1,QUICHÉ,SANTA CRUZ DEL QUICHÉ,14511,CORPORACIÓN MUNICIPAL,13,2,2,0,1,4,252,252,232,232,5,5,1,8,4,50,4,0,5,11,9,48,9,13,39,21
0,1,0,400,400,14,https://resultados2019.blob.core.windows.net/201901/145184.jpg,OK,164,1,QUICHÉ,SANTA CRUZ DEL QUICHÉ,14518,CORPORACIÓN MUNICIPAL,7,2,2,0,1,4,236,226,218,228,5,5,0,6,3,37,3,2,8,8,3,46,7,23,20,42
1,8,0,600,600,14,https://resultados2019.blob.core.windows.net/201901/145954.jpg,OK,0,1,QUICHÉ,SANTA CRUZ DEL QUICHÉ,14595,CORPORACIÓN MUNICIPAL,12,2,2,0,1,4,201,201,181,181,4,7,6,2,0,31,6,0,9,2,8,47,6,13,12,28
1,1,0,251,250,14,https://resultados2019.blob.core.windows.net/201901/145884.jpg,OK,0,1,QUICHÉ,SANTA CRUZ DEL QUICHÉ,14588,CORPORACIÓN MUNICIPAL,2,1,2,0,1,4,153,153,150,150,2,12,1,1,0,39,2,1,10,1,4,54,1,6,10,6
1,9,0,355,355,14,https://resultados2019.blob.core.windows.net/201901/145784.jpg,OK,0,1,QUICHÉ,SANTA CRUZ DEL QUICHÉ,14578,CORPORACIÓN MUNICIPAL,13,2,1,0,1,4,226,226,204,204,5,4,11,2,1,28,1,4,4,3,6,117,0,5,12,1
0,8,0,353,0,14,https://resultados2019.blob.core.windows.net/201901/145714.jpg,OK,19,1,QUICHÉ,SANTA CRUZ DEL QUICHÉ,14571,CORPORACIÓN MUNICIPAL,11,2,2,0,1,4,191,210,191,0,3,5,0,1,0,36,3,0,4,4,3,80,2,7,43,0
1,8,0,400,400,14,https://resultados2019.blob.core.windows.net/201901/145214.jpg,OK,0,1,QUICHÉ,SANTA CRUZ DEL QUICHÉ,14521,CORPORACIÓN MUNICIPAL,13,2,2,0,1,4,237,237,216,216,1,5,5,4,1,57,4,0,5,2,2,73,5,13,20,19
0,14,1,400,400,14,https://resultados2019.blob.core.windows.net/201901/145234.jpg,OK,0,1,QUICHÉ,SANTA CRUZ DEL QUICHÉ,14523,CORPORACIÓN MUNICIPAL,12,2,2,0,1,4,273,272,246,246,6,5,5,3,3,58,5,1,8,2,7,72,2,25,24,20
1,14,0,380,380,14,https://resultados2019.blob.core.windows.net/201901/145754.jpg,OK,0,1,QUICHÉ,SANTA CRUZ DEL QUICHÉ,14575,CORPORACIÓN MUNICIPAL,17,2,2,0,1,4,278,278,247,247,3,7,8,1,0,38,1,3,5,8,7,130,9,3,22,2
1,11,0,400,400,14,https://resultados2019.blob.core.windows.net/201901/145164.jpg,OK,0,1,QUICHÉ,SANTA CRUZ DEL QUICHÉ,14516,CORPORACIÓN MUNICIPAL,6,2,2,0,1,4,198,198,181,181,3,2,3,5,2,42,1,2,8,8,2,29,5,18,29,22
1,4,0,400,0,14,https://resultados2019.blob.core.windows.net/201901/144884.jpg,OK,0,1,QUICHÉ,SANTA CRUZ DEL QUICHÉ,14488,CORPORACIÓN MUNICIPAL,20,2,2,0,1,4,305,305,281,281,10,7,7,4,8,21,13,2,8,10,10,80,3,30,20,48
0,29,0,380,376,14,https://resultados2019.blob.core.windows.net/201901/145904.jpg,OK,0,1,QUICHÉ,SANTA CRUZ DEL QUICHÉ,14590,CORPORACIÓN MUNICIPAL,13,1,2,0,1,4,266,308,266,266,2,2,0,2,12,72,0,0,0,0,5,158,2,3,6,2
1,18,0,380,377,14,https://resultados2019.blob.core.windows.net/201901/145474.jpg,OK,0,1,QUICHÉ,SANTA CRUZ DEL QUICHÉ,14547,CORPORACIÓN MUNICIPAL,17,2,2,0,1,4,271,271,236,236,1,2,2,1,2,44,0,1,2,1,5,104,11,2,54,4
1,5,0,400,396,14,https://resultados2019.blob.core.windows.net/201901/145134.jpg,OK,0,1,QUICHÉ,SANTA CRUZ DEL QUICHÉ,14513,CORPORACIÓN MUNICIPAL,11,2,2,0,1,4,260,260,244,244,5,1,8,5,1,45,3,0,6,8,5,65,4,24,32,32
1,13,0,380,376,14,https://resultados2019.blob.core.windows.net/201901/145874.jpg,OK,0,1,QUICHÉ,SANTA CRUZ DEL QUICHÉ,14587,CORPORACIÓN MUNICIPAL,16,1,2,0,1,4,205,205,176,176,3,11,1,2,2,43,1,1,6,2,8,70,8,5,10,3
1,16,0,380,380,14,https://resultados2019.blob.core.windows.net/201901/145814.jpg,OK,3,1,QUICHÉ,SANTA CRUZ DEL QUICHÉ,14581,CORPORACIÓN MUNICIPAL,13,1,2,0,1,4,294,294,265,265,2,11,2,1,7,74,1,2,14,3,15,96,6,5,19,7
0,0,0,400,0,14,https://resultados2019.blob.core.windows.net/201901/145314.jpg,OK,0,1,QUICHÉ,SANTA CRUZ DEL QUICHÉ,14531,CORPORACIÓN MUNICIPAL,0,2,2,0,1,4,0,266,266,0,18,8,5,3,3,39,10,1,11,4,5,81,7,17,25,29
0,13,0,400,401,14,https://resultados2019.blob.core.windows.net/201901/145284.jpg,OK,96,1,QUICHÉ,SANTA CRUZ DEL QUICHÉ,14528,CORPORACIÓN MUNICIPAL,12,2,2,0,1,4,305,306,281,281,6,10,8,4,4,53,4,1,11,1,5,95,7,18,20,34
1,12,0,380,376,14,https://resultados2019.blob.core.windows.net/201901/145774.jpg,OK,0,1,QUICHÉ,SANTA CRUZ DEL QUICHÉ,14577,CORPORACIÓN MUNICIPAL,12,2,2,0,1,4,256,256,232,232,0,10,17,0,3,29,4,1,3,2,2,124,3,7,23,4
1,2,0,400,400,14,https://resultados2019.blob.core.windows.net/201901/144964.jpg,OK,0,1,QUICHÉ,SANTA CRUZ DEL QUICHÉ,14496,CORPORACIÓN MUNICIPAL,2,2,2,0,1,4,207,207,203,203,6,9,9,4,4,30,3,1,9,7,9,45,3,23,12,29
1,8,0,400,0,14,https://resultados2019.blob.core.windows.net/201901/145384.jpg,OK,0,1,QUICHÉ,SANTA CRUZ DEL QUICHÉ,14538,CORPORACIÓN MUNICIPAL,8,2,2,0,1,4,252,252,236,236,13,7,2,0,4,49,10,0,9,6,3,60,3,16,20,34
1,6,0,221,221,14,https://resultados2019.blob.core.windows.net/201901/145744.jpg,OK,0,1,QUICHÉ,SANTA CRUZ DEL QUICHÉ,14574,CORPORACIÓN MUNICIPAL,2,2,2,0,1,4,130,130,122,122,1,2,7,1,2,10,5,0,16,2,12,48,3,2,6,5
1,9,0,400,396,14,https://resultados2019.blob.core.windows.net/201901/145004.jpg,OK,0,1,QUICHÉ,SANTA CRUZ DEL QUICHÉ,14500,CORPORACIÓN MUNICIPAL,18,2,2,0,1,4,215,215,188,188,6,7,2,6,5,38,2,1,9,5,4,49,4,16,12,22
1,26,0,380,380,14,https://resultados2019.blob.core.windows.net/201901/145574.jpg,OK,0,1,QUICHÉ,SANTA CRUZ DEL QUICHÉ,14557,CORPORACIÓN MUNICIPAL,25,1,2,0,1,4,243,243,192,192,2,3,9,12,7,26,3,0,2,31,11,59,4,2,18,3
1,14,0,200,200,14,https://resultados2019.blob.core.windows.net/201901/145924.jpg,OK,0,1,QUICHÉ,SANTA CRUZ DEL QUICHÉ,14592,CORPORACIÓN MUNICIPAL,2,2,2,0,1,4,149,149,133,133,1,2,0,1,6,25,1,0,2,1,2,84,1,2,5,0
1,15,0,380,380,14,https://resultados2019.blob.core.windows.net/201901/145724.jpg,OK,0,1,QUICHÉ,SANTA CRUZ DEL QUICHÉ,14572,CORPORACIÓN MUNICIPAL,11,2,2,0,1,4,266,266,240,240,4,5,8,5,3,22,5,1,24,12,12,106,7,11,9,6
