ACTACUADRA,BLANCOS,CNTIMPUGNA,CNTINSCRITOS,CNTPAPELETAS,DEP,IMGSRC,IMGSTATUS,INVALIDOS,MUN,NDEP,NMUN,NROMESA,NTE,NULOS,STACTA,STESCAN,STFISIC,STTRANS,TIPOELECCION,TOTALACTA,TOTALVOTOS,VOTOSVALIDOS,VOTOSVALIDOSACTA,voto_BIEN,voto_CONVERGENCIA,voto_EG,voto_FCN-NACION,voto_FUERZA,voto_LIBRE,voto_MLP,voto_PC,voto_PHG,voto_SEMILLA,voto_TODOS,voto_UCN,voto_UNE,voto_UNIDOS,voto_URNG_MAIZ,voto_VALOR,voto_VAMOS,voto_VICTORIA,voto_VIVA
1,12,0,400,400,14,https://resultados2019.blob.core.windows.net/201901/152544.jpg,OK,0,13,QUICHÉ,NEBAJ,15254,CORPORACIÓN MUNICIPAL,10,2,2,0,1,4,271,271,249,249,23,0,0,1,0,1,1,55,33,0,1,0,63,1,5,2,38,1,24
1,22,0,380,376,14,https://resultados2019.blob.core.windows.net/201901/152794.jpg,OK,0,13,QUICHÉ,NEBAJ,15279,CORPORACIÓN MUNICIPAL,6,2,2,0,1,4,289,289,261,261,51,4,1,2,1,0,1,54,12,0,0,2,100,1,6,1,22,0,3
1,18,0,400,399,14,https://resultados2019.blob.core.windows.net/201901/152244.jpg,OK,0,13,QUICHÉ,NEBAJ,15224,CORPORACIÓN MUNICIPAL,16,2,2,0,1,4,331,331,297,297,22,4,0,0,1,1,3,75,37,0,1,0,74,2,4,4,56,1,12
1,8,0,400,400,14,https://resultados2019.blob.core.windows.net/201901/152524.jpg,OK,0,13,QUICHÉ,NEBAJ,15252,CORPORACIÓN MUNICIPAL,17,2,2,0,1,4,275,275,250,250,29,2,0,1,0,0,4,68,31,1,1,0,54,1,3,0,39,3,13
1,22,0,400,400,14,https://resultados2019.blob.core.windows.net/201901/152234.jpg,OK,0,13,QUICHÉ,NEBAJ,15223,CORPORACIÓN MUNICIPAL,5,2,2,0,1,4,333,333,306,306,26,2,0,2,1,1,1,91,40,1,1,0,71,1,4,8,42,1,13
1,19,0,380,380,14,https://resultados2019.blob.core.windows.net/201901/152864.jpg,OK,0,13,QUICHÉ,NEBAJ,15286,CORPORACIÓN MUNICIPAL,8,2,2,0,1,4,293,293,266,266,14,6,1,1,1,1,11,55,18,2,2,0,94,1,2,5,42,0,10
1,15,0,380,380,14,https://resultados2019.blob.core.windows.net/201901/153084.jpg,OK,0,13,QUICHÉ,NEBAJ,15308,CORPORACIÓN MUNICIPAL,9,2,0,0,1,4,188,188,164,164,50,2,0,0,0,0,3,20,25,0,0,3,39,0,0,0,18,0,4
1,3,0,281,281,14,https://resultados2019.blob.core.windows.net/201901/152564.jpg,OK,0,13,QUICHÉ,NEBAJ,15256,CORPORACIÓN MUNICIPAL,1,2,2,0,1,4,172,172,168,168,15,3,0,0,1,0,2,49,24,2,1,1,36,2,1,0,19,1,11
1,5,0,334,334,14,https://resultados2019.blob.core.windows.net/201901/153064.jpg,OK,0,13,QUICHÉ,NEBAJ,15306,CORPORACIÓN MUNICIPAL,0,2,2,0,1,4,260,260,255,255,67,1,0,0,0,1,6,53,31,1,0,0,35,0,1,2,28,0,29
1,7,0,300,300,14,https://resultados2019.blob.core.windows.net/201901/152774.jpg,OK,0,13,QUICHÉ,NEBAJ,15277,CORPORACIÓN MUNICIPAL,6,2,2,0,1,4,188,188,175,175,25,2,1,1,1,0,5,38,30,0,1,1,33,0,2,4,10,0,21
1,8,0,427,427,14,https://resultados2019.blob.core.windows.net/201901/153134.jpg,OK,0,13,QUICHÉ,NEBAJ,15313,CORPORACIÓN MUNICIPAL,7,2,2,0,1,4,149,149,134,134,10,1,1,1,0,0,4,19,33,0,0,0,33,0,1,6,16,0,9
1,9,0,400,400,14,https://resultados2019.blob.core.windows.net/201901/152374.jpg,OK,0,13,QUICHÉ,NEBAJ,15237,CORPORACIÓN MUNICIPAL,6,2,2,0,1,4,267,267,252,252,23,3,2,2,1,2,2,58,48,2,1,0,48,5,2,10,23,1,19
1,18,0,400,400,14,https://resultados2019.blob.core.windows.net/201901/152494.jpg,OK,0,13,QUICHÉ,NEBAJ,15249,CORPORACIÓN MUNICIPAL,12,2,2,0,1,4,328,328,298,298,27,4,0,0,2,0,1,113,35,1,3,2,50,1,6,1,38,1,13
1,1,0,400,396,14,https://resultados2019.blob.core.windows.net/201901/152404.jpg,OK,0,13,QUICHÉ,NEBAJ,15240,CORPORACIÓN MUNICIPAL,2,2,1,0,1,4,322,322,319,319,43,2,0,1,1,2,3,65,49,2,2,2,54,1,6,12,43,6,25
1,16,0,380,380,14,https://resultados2019.blob.core.windows.net/201901/152844.jpg,OK,0,13,QUICHÉ,NEBAJ,15284,CORPORACIÓN MUNICIPAL,16,2,2,0,1,4,266,266,234,234,15,3,0,0,2,1,5,52,12,2,3,1,84,1,4,4,41,0,4
1,13,0,400,400,14,https://resultados2019.blob.core.windows.net/201901/152164.jpg,OK,0,13,QUICHÉ,NEBAJ,15216,CORPORACIÓN MUNICIPAL,11,2,2,0,1,4,303,303,279,279,19,2,0,5,1,3,4,61,55,0,1,1,57,3,6,9,35,5,12
1,3,0,400,396,14,https://resultados2019.blob.core.windows.net/201901/152414.jpg,OK,0,13,QUICHÉ,NEBAJ,15241,CORPORACIÓN MUNICIPAL,1,2,1,0,1,4,324,324,320,320,36,3,1,0,0,1,4,71,46,0,1,0,63,2,4,11,57,0,20
1,18,0,380,380,14,https://resultados2019.blob.core.windows.net/201901/152594.jpg,OK,0,13,QUICHÉ,NEBAJ,15259,CORPORACIÓN MUNICIPAL,9,2,2,0,1,4,324,324,297,297,31,5,2,3,3,3,2,84,36,1,1,2,76,0,7,2,27,0,12
1,6,0,380,376,14,https://resultados2019.blob.core.windows.net/201901/153004.jpg,OK,0,13,QUICHÉ,NEBAJ,15300,CORPORACIÓN MUNICIPAL,11,2,2,0,1,4,303,303,286,286,61,3,1,3,1,0,15,70,26,0,2,2,40,0,5,1,25,1,30
1,16,0,380,376,14,https://resultados2019.blob.core.windows.net/201901/152814.jpg,OK,0,13,QUICHÉ,NEBAJ,15281,CORPORACIÓN MUNICIPAL,9,2,2,0,1,4,274,274,249,249,66,3,1,1,0,1,2,81,6,0,1,2,70,0,0,2,10,0,3
1,13,0,400,396,14,https://resultados2019.blob.core.windows.net/201901/152224.jpg,OK,0,13,QUICHÉ,NEBAJ,15222,CORPORACIÓN MUNICIPAL,11,2,2,0,1,4,319,319,295,295,21,0,3,0,1,0,7,89,45,0,3,3,63,5,2,2,34,3,14
1,12,0,400,400,14,https://resultados2019.blob.core.windows.net/201901/152324.jpg,OK,0,13,QUICHÉ,NEBAJ,15232,CORPORACIÓN MUNICIPAL,11,2,2,0,1,4,307,307,284,284,29,4,0,2,0,0,0,50,56,1,1,0,64,2,6,11,35,1,22
1,20,0,400,400,14,https://resultados2019.blob.core.windows.net/201901/152504.jpg,OK,0,13,QUICHÉ,NEBAJ,15250,CORPORACIÓN MUNICIPAL,12,2,2,0,1,4,304,304,272,272,27,6,0,1,0,0,2,68,23,1,2,0,74,1,5,2,38,1,21
1,5,0,209,209,14,https://resultados2019.blob.core.windows.net/201901/152634.jpg,OK,0,13,QUICHÉ,NEBAJ,15263,CORPORACIÓN MUNICIPAL,22,2,2,0,1,4,145,145,118,118,18,0,0,2,0,1,1,27,21,1,0,2,26,0,4,3,7,0,5
1,7,0,400,396,14,https://resultados2019.blob.core.windows.net/201901/152314.jpg,OK,0,13,QUICHÉ,NEBAJ,15231,CORPORACIÓN MUNICIPAL,3,2,2,0,1,4,279,279,269,269,26,3,1,2,1,1,4,54,68,1,0,0,39,1,3,11,32,4,18
1,15,0,380,380,14,https://resultados2019.blob.core.windows.net/201901/152994.jpg,OK,0,13,QUICHÉ,NEBAJ,15299,CORPORACIÓN MUNICIPAL,14,2,2,0,1,4,311,311,282,282,50,3,0,2,0,0,13,49,21,1,3,1,68,0,4,0,39,0,28
1,21,0,380,376,14,https://resultados2019.blob.core.windows.net/201901/152574.jpg,OK,0,13,QUICHÉ,NEBAJ,15257,CORPORACIÓN MUNICIPAL,7,2,2,0,1,4,295,295,267,267,38,4,1,1,0,0,1,63,47,0,0,1,77,0,3,7,15,2,7
1,5,0,400,400,14,https://resultados2019.blob.core.windows.net/201901/152394.jpg,OK,0,13,QUICHÉ,NEBAJ,15239,CORPORACIÓN MUNICIPAL,3,2,2,0,1,4,298,298,290,290,34,3,0,1,1,4,4,77,48,0,1,1,52,0,2,5,37,2,18
1,1,0,400,396,14,https://resultados2019.blob.core.windows.net/201901/152284.jpg,OK,0,13,QUICHÉ,NEBAJ,15228,CORPORACIÓN MUNICIPAL,3,2,2,0,1,4,247,247,243,243,23,2,1,0,0,2,3,54,50,0,4,0,47,2,2,9,26,1,17
1,10,0,400,400,14,https://resultados2019.blob.core.windows.net/201901/152174.jpg,OK,0,13,QUICHÉ,NEBAJ,15217,CORPORACIÓN MUNICIPAL,15,2,2,0,1,4,302,302,277,277,26,2,1,2,1,0,6,75,35,0,0,1,70,0,2,4,38,1,13
1,28,0,380,375,14,https://resultados2019.blob.core.windows.net/201901/152904.jpg,OK,0,13,QUICHÉ,NEBAJ,15290,CORPORACIÓN MUNICIPAL,7,2,2,0,1,4,311,311,276,276,9,3,1,3,0,1,4,93,14,2,2,3,62,0,3,10,55,0,11
1,24,0,380,380,14,https://resultados2019.blob.core.windows.net/201901/152654.jpg,OK,0,13,QUICHÉ,NEBAJ,15265,CORPORACIÓN MUNICIPAL,9,2,2,0,1,4,288,288,255,255,33,2,0,1,0,0,12,108,6,1,0,4,29,0,2,2,41,1,13
1,9,0,380,376,14,https://resultados2019.blob.core.windows.net/201901/152734.jpg,OK,0,13,QUICHÉ,NEBAJ,15273,CORPORACIÓN MUNICIPAL,11,2,2,0,1,4,301,301,281,281,30,2,3,1,0,0,6,67,28,1,3,1,63,1,4,1,29,1,40
1,7,0,400,400,14,https://resultados2019.blob.core.windows.net/201901/152304.jpg,OK,0,13,QUICHÉ,NEBAJ,15230,CORPORACIÓN MUNICIPAL,7,2,2,0,1,4,291,291,277,277,19,6,1,0,1,1,3,54,44,3,2,1,80,4,7,4,32,2,13
1,16,0,380,376,14,https://resultados2019.blob.core.windows.net/201901/152584.jpg,OK,0,13,QUICHÉ,NEBAJ,15258,CORPORACIÓN MUNICIPAL,13,2,2,0,1,4,285,285,256,256,28,1,0,1,3,0,2,61,39,1,0,1,74,0,11,3,23,0,8
1,8,0,316,316,14,https://resultados2019.blob.core.windows.net/201901/152834.jpg,OK,0,13,QUICHÉ,NEBAJ,15283,CORPORACIÓN MUNICIPAL,3,2,2,0,1,4,192,192,181,181,42,0,1,0,0,2,0,61,10,0,1,0,51,1,0,0,10,0,2
1,12,0,311,311,14,https://resultados2019.blob.core.windows.net/201901/153114.jpg,OK,0,13,QUICHÉ,NEBAJ,15311,CORPORACIÓN MUNICIPAL,5,2,1,0,1,4,152,152,135,135,36,1,0,0,0,0,1,14,31,0,1,0,19,1,1,0,26,0,4
1,9,0,380,380,14,https://resultados2019.blob.core.windows.net/201901/152764.jpg,OK,0,13,QUICHÉ,NEBAJ,15276,CORPORACIÓN MUNICIPAL,9,2,2,0,1,4,249,249,231,231,27,2,2,1,0,0,6,37,43,0,0,1,41,0,11,4,20,2,34
1,4,0,295,295,14,https://resultados2019.blob.core.windows.net/201901/152434.jpg,OK,0,13,QUICHÉ,NEBAJ,15243,CORPORACIÓN MUNICIPAL,1,2,1,0,1,4,200,200,195,195,37,2,1,1,2,0,2,41,26,0,0,1,35,1,3,4,21,1,17
1,6,0,334,334,14,https://resultados2019.blob.core.windows.net/201901/153054.jpg,OK,0,13,QUICHÉ,NEBAJ,15305,CORPORACIÓN MUNICIPAL,12,2,2,0,1,4,239,239,221,221,53,0,0,0,0,2,7,41,17,0,1,1,45,0,4,3,21,0,26
1,2,0,400,400,14,https://resultados2019.blob.core.windows.net/201901/152274.jpg,OK,0,13,QUICHÉ,NEBAJ,15227,CORPORACIÓN MUNICIPAL,2,2,2,0,1,4,266,266,262,262,36,6,1,2,0,0,2,50,53,1,0,0,46,4,1,6,33,3,18
1,3,0,400,400,14,https://resultados2019.blob.core.windows.net/201901/152294.jpg,OK,0,13,QUICHÉ,NEBAJ,15229,CORPORACIÓN MUNICIPAL,11,2,2,0,1,4,292,292,278,278,16,2,0,2,1,2,2,68,46,0,2,2,63,1,2,8,47,4,10
1,18,0,380,379,14,https://resultados2019.blob.core.windows.net/201901/152664.jpg,OK,0,13,QUICHÉ,NEBAJ,15266,CORPORACIÓN MUNICIPAL,10,2,2,0,1,4,274,274,246,246,59,3,0,0,0,1,15,62,12,1,0,2,38,1,2,1,42,0,7
1,5,0,400,400,14,https://resultados2019.blob.core.windows.net/201901/152354.jpg,OK,0,13,QUICHÉ,NEBAJ,15235,CORPORACIÓN MUNICIPAL,5,2,2,0,1,4,300,300,290,290,39,0,0,2,0,1,5,49,66,1,0,0,57,5,5,14,26,2,18
1,12,0,380,376,14,https://resultados2019.blob.core.windows.net/201901/153014.jpg,OK,0,13,QUICHÉ,NEBAJ,15301,CORPORACIÓN MUNICIPAL,14,2,2,0,1,4,313,313,287,287,63,3,0,1,1,1,16,68,16,0,1,4,53,1,1,0,38,0,20
1,9,0,300,300,14,https://resultados2019.blob.core.windows.net/201901/152694.jpg,OK,0,13,QUICHÉ,NEBAJ,15269,CORPORACIÓN MUNICIPAL,9,2,2,0,1,4,208,208,190,190,18,2,1,0,0,0,7,69,9,0,0,0,19,0,3,2,53,0,7
1,21,0,380,380,14,https://resultados2019.blob.core.windows.net/201901/152804.jpg,OK,0,13,QUICHÉ,NEBAJ,15280,CORPORACIÓN MUNICIPAL,3,2,2,0,1,4,284,284,260,260,41,4,1,3,0,0,2,93,19,0,3,2,72,1,1,0,14,0,4
1,9,0,300,300,14,https://resultados2019.blob.core.windows.net/201901/152704.jpg,OK,0,13,QUICHÉ,NEBAJ,15270,CORPORACIÓN MUNICIPAL,3,2,2,0,1,4,230,230,218,218,22,0,0,0,0,0,8,79,10,0,1,1,28,0,0,0,62,0,7
1,16,0,380,380,14,https://resultados2019.blob.core.windows.net/201901/152984.jpg,OK,0,13,QUICHÉ,NEBAJ,15298,CORPORACIÓN MUNICIPAL,14,2,2,0,1,4,273,273,243,243,49,0,0,3,0,0,20,30,28,0,1,0,54,0,4,2,26,0,26
1,14,0,428,428,14,https://resultados2019.blob.core.windows.net/201901/153124.jpg,OK,0,13,QUICHÉ,NEBAJ,15312,CORPORACIÓN MUNICIPAL,7,2,2,0,1,4,156,156,135,135,17,5,0,1,0,0,2,14,25,0,0,0,36,1,2,4,20,0,8
1,9,0,282,282,14,https://resultados2019.blob.core.windows.net/201901/152554.jpg,OK,0,13,QUICHÉ,NEBAJ,15255,CORPORACIÓN MUNICIPAL,5,2,2,0,1,4,169,169,155,155,22,0,0,1,0,0,1,41,19,0,0,0,29,2,3,0,22,1,14
1,5,0,380,376,14,https://resultados2019.blob.core.windows.net/201901/152614.jpg,OK,0,13,QUICHÉ,NEBAJ,15261,CORPORACIÓN MUNICIPAL,7,2,2,0,1,4,263,263,251,251,35,2,0,2,3,0,1,44,42,0,2,0,80,1,0,13,16,0,10
1,15,0,400,400,14,https://resultados2019.blob.core.windows.net/201901/152194.jpg,OK,0,13,QUICHÉ,NEBAJ,15219,CORPORACIÓN MUNICIPAL,10,2,2,0,1,4,315,315,290,290,38,0,0,2,2,2,6,60,51,0,0,1,62,0,6,9,34,4,13
1,15,0,380,376,14,https://resultados2019.blob.core.windows.net/201901/152884.jpg,OK,0,13,QUICHÉ,NEBAJ,15288,CORPORACIÓN MUNICIPAL,6,2,2,0,1,4,277,277,256,256,13,0,0,1,1,1,11,38,15,2,2,2,106,0,0,3,58,0,3
1,14,0,380,380,14,https://resultados2019.blob.core.windows.net/201901/153024.jpg,OK,0,13,QUICHÉ,NEBAJ,15302,CORPORACIÓN MUNICIPAL,12,2,2,0,1,4,298,298,272,272,74,4,0,0,1,0,13,78,29,0,2,0,19,0,2,0,26,0,24
1,5,0,400,400,14,https://resultados2019.blob.core.windows.net/201901/152384.jpg,OK,0,13,QUICHÉ,NEBAJ,15238,CORPORACIÓN MUNICIPAL,4,2,2,0,1,4,269,269,260,260,27,2,0,1,0,2,0,68,53,2,0,0,52,1,2,9,25,4,12
1,29,0,400,400,14,https://resultados2019.blob.core.windows.net/201901/152484.jpg,OK,0,13,QUICHÉ,NEBAJ,15248,CORPORACIÓN MUNICIPAL,5,2,2,0,1,4,312,312,278,278,44,2,0,0,1,0,6,83,19,0,1,3,61,1,0,3,37,2,15
1,17,0,400,400,14,https://resultados2019.blob.core.windows.net/201901/152464.jpg,OK,0,13,QUICHÉ,NEBAJ,15246,CORPORACIÓN MUNICIPAL,9,2,2,0,1,4,336,336,310,310,38,2,0,3,2,1,6,87,26,1,2,0,73,1,0,1,50,1,16
1,11,0,334,334,14,https://resultados2019.blob.core.windows.net/201901/152974.jpg,OK,0,13,QUICHÉ,NEBAJ,15297,CORPORACIÓN MUNICIPAL,4,2,2,0,1,4,236,236,221,221,13,1,0,0,1,0,0,52,10,1,0,1,74,1,4,1,52,0,10
1,21,0,380,380,14,https://resultados2019.blob.core.windows.net/201901/153074.jpg,OK,0,13,QUICHÉ,NEBAJ,15307,CORPORACIÓN MUNICIPAL,18,2,1,0,1,4,211,211,172,172,49,2,1,0,2,0,2,22,37,0,1,4,26,1,2,0,21,1,1
1,19,0,380,380,14,https://resultados2019.blob.core.windows.net/201901/152724.jpg,OK,0,13,QUICHÉ,NEBAJ,15272,CORPORACIÓN MUNICIPAL,21,2,2,0,1,4,281,281,241,241,22,3,0,1,2,1,5,43,53,0,3,0,58,1,5,4,16,1,23
1,16,0,380,376,14,https://resultados2019.blob.core.windows.net/201901/152854.jpg,OK,84,13,QUICHÉ,NEBAJ,15285,CORPORACIÓN MUNICIPAL,9,2,2,0,1,4,289,289,264,264,14,4,0,1,4,0,9,54,16,2,2,0,92,0,2,11,49,0,4
1,5,0,400,400,14,https://resultados2019.blob.core.windows.net/201901/152264.jpg,OK,0,13,QUICHÉ,NEBAJ,15226,CORPORACIÓN MUNICIPAL,3,2,2,0,1,4,300,300,292,292,34,5,0,2,0,0,2,60,64,0,2,1,62,2,4,10,23,1,20
1,16,0,380,376,14,https://resultados2019.blob.core.windows.net/201901/153094.jpg,OK,0,13,QUICHÉ,NEBAJ,15309,CORPORACIÓN MUNICIPAL,8,2,1,0,1,4,207,207,183,183,35,1,0,3,0,1,0,19,51,0,1,0,26,0,1,0,42,0,3
1,12,0,317,317,14,https://resultados2019.blob.core.windows.net/201901/152824.jpg,OK,0,13,QUICHÉ,NEBAJ,15282,CORPORACIÓN MUNICIPAL,5,2,2,0,1,4,203,203,186,186,33,3,0,1,0,0,0,55,10,0,0,0,64,0,3,3,11,0,3
1,10,0,311,312,14,https://resultados2019.blob.core.windows.net/201901/153104.jpg,OK,0,13,QUICHÉ,NEBAJ,15310,CORPORACIÓN MUNICIPAL,9,2,1,0,1,4,166,166,147,147,39,1,0,0,0,0,2,12,39,1,0,1,13,0,2,0,32,0,5
1,2,0,296,296,14,https://resultados2019.blob.core.windows.net/201901/152424.jpg,OK,0,13,QUICHÉ,NEBAJ,15242,CORPORACIÓN MUNICIPAL,2,2,1,0,1,4,243,243,239,239,21,5,0,1,3,1,3,55,41,0,0,0,44,1,1,3,49,0,11
1,3,0,380,376,14,https://resultados2019.blob.core.windows.net/201901/152754.jpg,OK,0,13,QUICHÉ,NEBAJ,15275,CORPORACIÓN MUNICIPAL,2,2,2,0,1,4,265,265,260,260,32,1,0,1,1,0,2,63,43,0,0,1,54,1,3,1,24,2,31
1,13,0,400,399,14,https://resultados2019.blob.core.windows.net/201901/152154.jpg,OK,0,13,QUICHÉ,NEBAJ,15215,CORPORACIÓN MUNICIPAL,14,2,2,0,1,4,299,299,272,272,33,2,0,1,0,1,1,47,62,0,0,1,59,3,1,9,29,1,22
1,13,0,400,400,14,https://resultados2019.blob.core.windows.net/201901/152254.jpg,OK,0,13,QUICHÉ,NEBAJ,15225,CORPORACIÓN MUNICIPAL,10,2,2,0,1,4,313,313,290,290,20,5,1,2,0,1,8,85,41,1,3,0,50,4,3,9,41,1,15
1,15,0,380,380,14,https://resultados2019.blob.core.windows.net/201901/152744.jpg,OK,0,13,QUICHÉ,NEBAJ,15274,CORPORACIÓN MUNICIPAL,9,2,2,0,1,4,301,301,277,277,29,4,2,1,0,0,6,83,42,0,1,4,58,0,3,1,15,1,27
1,9,0,400,400,14,https://resultados2019.blob.core.windows.net/201901/152214.jpg,OK,0,13,QUICHÉ,NEBAJ,15221,CORPORACIÓN MUNICIPAL,10,2,2,0,1,4,344,344,325,325,31,0,0,2,0,2,0,81,51,2,1,3,60,1,6,11,50,4,20
1,4,0,334,334,14,https://resultados2019.blob.core.windows.net/201901/152964.jpg,OK,0,13,QUICHÉ,NEBAJ,15296,CORPORACIÓN MUNICIPAL,7,2,2,0,1,4,244,244,233,233,12,0,0,0,2,0,6,65,13,4,0,0,71,0,1,3,46,1,9
1,7,0,400,396,14,https://resultados2019.blob.core.windows.net/201901/152364.jpg,OK,1,13,QUICHÉ,NEBAJ,15236,CORPORACIÓN MUNICIPAL,8,2,2,0,1,4,286,286,271,271,22,1,0,3,0,1,2,56,71,0,3,1,62,2,4,4,19,3,17
1,8,0,400,396,14,https://resultados2019.blob.core.windows.net/201901/152454.jpg,OK,0,13,QUICHÉ,NEBAJ,15245,CORPORACIÓN MUNICIPAL,11,2,2,0,1,4,309,309,290,290,32,6,1,0,0,0,4,82,24,1,3,0,71,1,0,1,48,0,16
1,3,0,400,396,14,https://resultados2019.blob.core.windows.net/201901/152144.jpg,OK,3,13,QUICHÉ,NEBAJ,15214,CORPORACIÓN MUNICIPAL,8,2,2,0,1,4,297,297,286,286,32,0,1,3,1,5,4,37,60,1,3,2,60,1,5,9,50,0,12
1,9,0,400,400,14,https://resultados2019.blob.core.windows.net/201901/152444.jpg,OK,0,13,QUICHÉ,NEBAJ,15244,CORPORACIÓN MUNICIPAL,10,2,1,0,1,4,290,290,271,271,30,3,0,2,1,1,3,77,36,0,4,0,58,0,1,3,40,1,11
1,5,0,400,400,14,https://resultados2019.blob.core.windows.net/201901/152514.jpg,OK,0,13,QUICHÉ,NEBAJ,15251,CORPORACIÓN MUNICIPAL,1,2,2,0,1,4,252,252,246,246,32,3,0,0,0,1,4,58,25,0,0,0,56,0,3,0,40,2,22
1,7,0,400,400,14,https://resultados2019.blob.core.windows.net/201901/152334.jpg,OK,0,13,QUICHÉ,NEBAJ,15233,CORPORACIÓN MUNICIPAL,7,2,2,0,1,4,301,301,287,287,29,3,2,1,3,4,4,50,58,1,2,0,58,4,4,6,37,3,18
1,7,0,380,377,14,https://resultados2019.blob.core.windows.net/201901/152944.jpg,OK,1,13,QUICHÉ,NEBAJ,15294,CORPORACIÓN MUNICIPAL,6,2,2,0,1,4,262,262,249,249,20,2,0,0,4,0,9,49,15,1,0,1,86,0,2,4,50,0,6
1,4,0,380,379,14,https://resultados2019.blob.core.windows.net/201901/152924.jpg,OK,0,13,QUICHÉ,NEBAJ,15292,CORPORACIÓN MUNICIPAL,11,2,2,0,1,4,238,238,223,223,11,1,0,1,3,0,9,52,13,2,0,3,65,1,7,4,47,0,4
1,3,0,209,209,14,https://resultados2019.blob.core.windows.net/201901/152644.jpg,OK,0,13,QUICHÉ,NEBAJ,15264,CORPORACIÓN MUNICIPAL,4,2,2,0,1,4,158,158,151,151,20,0,0,1,2,0,1,38,28,0,0,0,36,1,4,3,14,0,3
1,8,0,380,376,14,https://resultados2019.blob.core.windows.net/201901/152914.jpg,OK,0,13,QUICHÉ,NEBAJ,15291,CORPORACIÓN MUNICIPAL,6,2,2,0,1,4,237,237,223,223,13,3,0,0,4,0,10,60,6,1,0,0,70,1,3,4,43,0,5
1,8,0,400,400,14,https://resultados2019.blob.core.windows.net/201901/152184.jpg,OK,0,13,QUICHÉ,NEBAJ,15218,CORPORACIÓN MUNICIPAL,7,2,2,0,1,4,320,320,305,305,31,3,1,1,2,1,4,68,55,1,1,1,67,4,4,4,38,1,18
1,4,0,400,400,14,https://resultados2019.blob.core.windows.net/201901/152344.jpg,OK,0,13,QUICHÉ,NEBAJ,15234,CORPORACIÓN MUNICIPAL,5,2,2,0,1,4,304,304,295,295,22,0,2,4,0,3,4,52,52,0,2,0,83,1,3,9,40,1,17
1,10,0,380,380,14,https://resultados2019.blob.core.windows.net/201901/152954.jpg,OK,0,13,QUICHÉ,NEBAJ,15295,CORPORACIÓN MUNICIPAL,11,2,2,0,1,4,253,253,232,232,13,2,0,1,2,1,7,48,11,0,2,0,79,0,5,2,48,0,11
1,9,0,400,400,14,https://resultados2019.blob.core.windows.net/201901/152534.jpg,OK,0,13,QUICHÉ,NEBAJ,15253,CORPORACIÓN MUNICIPAL,4,2,2,0,1,4,270,270,257,257,34,5,0,1,0,0,6,72,27,1,1,0,46,0,5,4,41,1,13
1,4,0,380,380,14,https://resultados2019.blob.core.windows.net/201901/153034.jpg,OK,0,13,QUICHÉ,NEBAJ,15303,CORPORACIÓN MUNICIPAL,5,2,2,0,1,4,263,263,254,254,73,2,0,0,2,0,12,47,17,2,0,1,35,0,5,6,19,1,32
1,8,0,400,400,14,https://resultados2019.blob.core.windows.net/201901/152474.jpg,OK,0,13,QUICHÉ,NEBAJ,15247,CORPORACIÓN MUNICIPAL,13,2,2,0,1,4,327,327,306,306,27,2,3,0,0,0,3,83,37,0,0,0,93,0,1,1,44,0,12
1,0,0,300,300,14,https://resultados2019.blob.core.windows.net/201901/152784.jpg,OK,0,13,QUICHÉ,NEBAJ,15278,CORPORACIÓN MUNICIPAL,3,2,2,0,1,4,208,208,205,205,24,1,0,1,1,0,5,37,37,3,1,2,40,0,3,4,16,0,30
1,10,0,380,380,14,https://resultados2019.blob.core.windows.net/201901/153044.jpg,OK,0,13,QUICHÉ,NEBAJ,15304,CORPORACIÓN MUNICIPAL,6,2,2,0,1,4,268,268,252,252,63,2,0,2,1,0,16,42,19,0,1,1,50,1,6,1,25,0,22
1,18,0,380,377,14,https://resultados2019.blob.core.windows.net/201901/152674.jpg,OK,0,13,QUICHÉ,NEBAJ,15267,CORPORACIÓN MUNICIPAL,7,2,2,0,1,4,308,308,283,283,25,11,1,0,1,0,7,94,8,1,2,5,28,0,3,3,84,0,10
1,16,0,380,376,14,https://resultados2019.blob.core.windows.net/201901/152874.jpg,OK,0,13,QUICHÉ,NEBAJ,15287,CORPORACIÓN MUNICIPAL,12,2,2,0,1,4,270,270,242,242,17,2,0,0,1,1,8,53,6,0,0,0,87,0,4,4,56,0,3
1,19,0,380,380,14,https://resultados2019.blob.core.windows.net/201901/152604.jpg,OK,0,13,QUICHÉ,NEBAJ,15260,CORPORACIÓN MUNICIPAL,8,2,2,0,1,4,321,321,294,294,24,2,0,4,3,1,5,94,38,2,2,2,62,0,6,8,22,0,19
1,17,0,380,380,14,https://resultados2019.blob.core.windows.net/201901/152714.jpg,OK,0,13,QUICHÉ,NEBAJ,15271,CORPORACIÓN MUNICIPAL,11,2,2,0,1,4,278,278,250,250,36,1,2,1,0,0,4,38,45,1,1,1,63,1,6,2,25,1,22
1,7,0,380,380,14,https://resultados2019.blob.core.windows.net/201901/152624.jpg,OK,0,13,QUICHÉ,NEBAJ,15262,CORPORACIÓN MUNICIPAL,6,2,2,0,1,4,265,265,252,252,47,4,0,2,0,0,2,53,39,1,2,3,57,1,10,2,18,0,11
1,9,0,400,395,14,https://resultados2019.blob.core.windows.net/201901/152204.jpg,OK,0,13,QUICHÉ,NEBAJ,15220,CORPORACIÓN MUNICIPAL,8,2,2,0,1,4,307,307,290,290,22,3,2,1,1,3,4,72,49,0,0,0,69,1,4,7,33,3,16
1,8,0,380,376,14,https://resultados2019.blob.core.windows.net/201901/152934.jpg,OK,0,13,QUICHÉ,NEBAJ,15293,CORPORACIÓN MUNICIPAL,9,2,2,0,1,4,252,252,235,235,24,3,2,1,3,0,9,46,11,2,0,1,75,0,5,4,39,0,10
1,14,0,380,375,14,https://resultados2019.blob.core.windows.net/201901/152684.jpg,OK,0,13,QUICHÉ,NEBAJ,15268,CORPORACIÓN MUNICIPAL,11,2,2,0,1,4,271,271,246,246,37,4,0,0,0,0,18,73,13,1,0,1,20,0,2,2,66,0,9
1,24,0,380,380,14,https://resultados2019.blob.core.windows.net/201901/152894.jpg,OK,0,13,QUICHÉ,NEBAJ,15289,CORPORACIÓN MUNICIPAL,10,2,2,0,1,4,299,299,265,265,15,1,0,1,0,0,4,59,16,0,1,1,99,0,0,5,56,0,7
