ACTACUADRA,BLANCOS,CNTIMPUGNA,CNTINSCRITOS,CNTPAPELETAS,DEP,IMGSRC,IMGSTATUS,INVALIDOS,MUN,NDEP,NMUN,NROMESA,NTE,NULOS,STACTA,STESCAN,STFISIC,STTRANS,TIPOELECCION,TOTALACTA,TOTALVOTOS,VOTOSVALIDOS,VOTOSVALIDOSACTA,voto_PHG,voto_TODOS,voto_UCN,voto_UNE,voto_VALOR,voto_VAMOS,voto_VIVA
1,7,0,400,400,14,https://resultados2019.blob.core.windows.net/201901/154354.jpg,OK,0,16,QUICHÉ,SACAPULAS,15435,CORPORACIÓN MUNICIPAL,6,2,2,0,1,4,293,293,280,280,19,2,3,38,198,3,17
1,8,0,380,380,14,https://resultados2019.blob.core.windows.net/201901/154714.jpg,OK,0,16,QUICHÉ,SACAPULAS,15471,CORPORACIÓN MUNICIPAL,19,2,2,0,1,4,259,259,232,232,4,2,8,109,35,8,66
1,15,0,380,400,14,https://resultados2019.blob.core.windows.net/201901/154884.jpg,OK,0,16,QUICHÉ,SACAPULAS,15488,CORPORACIÓN MUNICIPAL,12,2,2,0,1,4,267,267,240,240,5,0,4,153,17,3,58
1,7,0,380,380,14,https://resultados2019.blob.core.windows.net/201901/154624.jpg,OK,0,16,QUICHÉ,SACAPULAS,15462,CORPORACIÓN MUNICIPAL,11,2,2,0,1,4,273,273,255,255,7,8,7,118,68,13,34
1,9,0,380,380,14,https://resultados2019.blob.core.windows.net/201901/154774.jpg,OK,0,16,QUICHÉ,SACAPULAS,15477,CORPORACIÓN MUNICIPAL,8,2,2,0,1,4,214,214,197,197,3,0,4,103,64,2,21
1,4,0,400,400,14,https://resultados2019.blob.core.windows.net/201901/154374.jpg,OK,0,16,QUICHÉ,SACAPULAS,15437,CORPORACIÓN MUNICIPAL,8,2,2,0,1,4,239,239,227,227,5,0,7,88,100,0,27
1,5,0,241,241,14,https://resultados2019.blob.core.windows.net/201901/154934.jpg,OK,0,16,QUICHÉ,SACAPULAS,15493,CORPORACIÓN MUNICIPAL,11,2,2,0,1,4,124,124,108,108,1,0,1,50,17,2,37
1,3,0,400,396,14,https://resultados2019.blob.core.windows.net/201901/154294.jpg,OK,0,16,QUICHÉ,SACAPULAS,15429,CORPORACIÓN MUNICIPAL,17,2,2,0,1,4,259,259,239,239,5,3,0,80,109,5,37
1,5,0,231,231,14,https://resultados2019.blob.core.windows.net/201901/154594.jpg,OK,0,16,QUICHÉ,SACAPULAS,15459,CORPORACIÓN MUNICIPAL,3,2,2,0,1,4,115,115,107,107,1,1,0,49,13,1,42
1,9,0,380,400,14,https://resultados2019.blob.core.windows.net/201901/154864.jpg,OK,0,16,QUICHÉ,SACAPULAS,15486,CORPORACIÓN MUNICIPAL,17,2,1,0,1,4,228,228,202,202,6,0,2,115,16,3,60
1,3,0,473,470,14,https://resultados2019.blob.core.windows.net/201901/154964.jpg,OK,0,16,QUICHÉ,SACAPULAS,15496,CORPORACIÓN MUNICIPAL,3,2,2,0,1,4,78,78,72,72,4,1,2,32,26,0,7
0,0,0,400,400,14,https://resultados2019.blob.core.windows.net/201901/154424.jpg,OK,0,16,QUICHÉ,SACAPULAS,15442,CORPORACIÓN MUNICIPAL,6,2,2,0,1,4,259,259,253,259,13,1,3,104,112,1,19
1,4,0,380,380,14,https://resultados2019.blob.core.windows.net/201901/154544.jpg,OK,0,16,QUICHÉ,SACAPULAS,15454,CORPORACIÓN MUNICIPAL,9,2,2,0,1,4,191,191,178,178,3,0,2,87,22,1,63
1,0,0,257,257,14,https://resultados2019.blob.core.windows.net/201901/154804.jpg,OK,0,16,QUICHÉ,SACAPULAS,15480,CORPORACIÓN MUNICIPAL,6,2,2,0,1,4,128,128,122,122,8,1,2,63,39,2,7
1,1,0,400,400,14,https://resultados2019.blob.core.windows.net/201901/154384.jpg,OK,0,16,QUICHÉ,SACAPULAS,15438,CORPORACIÓN MUNICIPAL,5,2,2,0,1,4,250,250,244,244,14,2,3,81,117,4,23
1,8,0,380,380,14,https://resultados2019.blob.core.windows.net/201901/154644.jpg,OK,0,16,QUICHÉ,SACAPULAS,15464,CORPORACIÓN MUNICIPAL,8,2,2,0,1,4,248,248,232,232,5,6,9,115,65,10,22
1,5,0,346,346,14,https://resultados2019.blob.core.windows.net/201901/154754.jpg,OK,0,16,QUICHÉ,SACAPULAS,15475,CORPORACIÓN MUNICIPAL,2,2,2,0,1,4,150,150,143,143,1,0,4,57,29,2,50
1,14,0,400,400,14,https://resultados2019.blob.core.windows.net/201901/154394.jpg,OK,0,16,QUICHÉ,SACAPULAS,15439,CORPORACIÓN MUNICIPAL,8,2,2,0,1,4,255,255,233,233,12,1,3,80,106,5,26
1,11,0,380,380,14,https://resultados2019.blob.core.windows.net/201901/154734.jpg,OK,0,16,QUICHÉ,SACAPULAS,15473,CORPORACIÓN MUNICIPAL,16,2,2,0,1,4,222,222,195,195,4,0,7,79,28,7,70
1,10,0,380,380,14,https://resultados2019.blob.core.windows.net/201901/154654.jpg,OK,0,16,QUICHÉ,SACAPULAS,15465,CORPORACIÓN MUNICIPAL,13,2,2,0,1,4,247,247,224,224,9,4,3,108,56,10,34
1,26,0,380,376,14,https://resultados2019.blob.core.windows.net/201901/154524.jpg,OK,0,16,QUICHÉ,SACAPULAS,15452,CORPORACIÓN MUNICIPAL,21,2,2,0,1,4,297,297,250,250,7,2,0,88,38,2,113
1,1,0,400,395,14,https://resultados2019.blob.core.windows.net/201901/154414.jpg,OK,0,16,QUICHÉ,SACAPULAS,15441,CORPORACIÓN MUNICIPAL,6,2,2,0,1,4,242,242,235,235,7,2,2,82,100,6,36
1,2,0,400,400,14,https://resultados2019.blob.core.windows.net/201901/154364.jpg,OK,0,16,QUICHÉ,SACAPULAS,15436,CORPORACIÓN MUNICIPAL,3,2,2,0,1,4,244,244,239,239,12,0,5,90,95,2,35
1,9,0,400,400,14,https://resultados2019.blob.core.windows.net/201901/154484.jpg,OK,0,16,QUICHÉ,SACAPULAS,15448,CORPORACIÓN MUNICIPAL,4,2,2,0,1,4,282,282,269,269,6,0,2,115,39,3,104
1,3,0,240,240,14,https://resultados2019.blob.core.windows.net/201901/154944.jpg,OK,0,16,QUICHÉ,SACAPULAS,15494,CORPORACIÓN MUNICIPAL,6,2,2,0,1,4,132,132,123,123,1,0,1,49,28,0,44
1,6,0,314,315,14,https://resultados2019.blob.core.windows.net/201901/154494.jpg,OK,0,16,QUICHÉ,SACAPULAS,15449,CORPORACIÓN MUNICIPAL,9,2,2,0,1,4,207,207,192,192,5,1,0,73,23,3,87
1,6,0,380,380,14,https://resultados2019.blob.core.windows.net/201901/154604.jpg,OK,0,16,QUICHÉ,SACAPULAS,15460,CORPORACIÓN MUNICIPAL,13,2,2,0,1,4,259,259,240,240,4,4,4,149,40,5,34
1,13,0,380,380,14,https://resultados2019.blob.core.windows.net/201901/154924.jpg,OK,0,16,QUICHÉ,SACAPULAS,15492,CORPORACIÓN MUNICIPAL,6,2,2,0,1,4,243,243,224,224,0,2,5,92,46,2,77
1,11,0,400,395,14,https://resultados2019.blob.core.windows.net/201901/154454.jpg,OK,0,16,QUICHÉ,SACAPULAS,15445,CORPORACIÓN MUNICIPAL,11,2,2,0,1,4,279,279,257,257,5,0,5,105,27,3,112
1,13,0,380,380,14,https://resultados2019.blob.core.windows.net/201901/154914.jpg,OK,0,16,QUICHÉ,SACAPULAS,15491,CORPORACIÓN MUNICIPAL,11,2,2,0,1,4,220,220,196,196,2,0,0,76,42,3,73
0,4,0,400,400,14,https://resultados2019.blob.core.windows.net/201901/154334.jpg,OK,0,16,QUICHÉ,SACAPULAS,15433,CORPORACIÓN MUNICIPAL,14,2,2,0,1,4,285,285,267,167,12,0,3,90,129,12,21
1,11,0,380,380,14,https://resultados2019.blob.core.windows.net/201901/154514.jpg,OK,0,16,QUICHÉ,SACAPULAS,15451,CORPORACIÓN MUNICIPAL,21,2,2,0,1,4,235,235,203,203,4,2,3,103,52,1,38
1,4,0,400,396,14,https://resultados2019.blob.core.windows.net/201901/154314.jpg,OK,0,16,QUICHÉ,SACAPULAS,15431,CORPORACIÓN MUNICIPAL,9,2,1,0,1,4,285,285,272,272,4,0,2,147,72,8,39
1,7,0,380,380,14,https://resultados2019.blob.core.windows.net/201901/154764.jpg,OK,0,16,QUICHÉ,SACAPULAS,15476,CORPORACIÓN MUNICIPAL,10,2,2,0,1,4,171,171,154,154,14,0,3,71,45,5,16
1,4,0,400,400,14,https://resultados2019.blob.core.windows.net/201901/154474.jpg,OK,0,16,QUICHÉ,SACAPULAS,15447,CORPORACIÓN MUNICIPAL,13,2,2,0,1,4,300,300,283,283,7,3,3,116,38,0,116
1,8,0,400,396,14,https://resultados2019.blob.core.windows.net/201901/154464.jpg,OK,0,16,QUICHÉ,SACAPULAS,15446,CORPORACIÓN MUNICIPAL,10,2,2,0,1,4,309,309,291,291,6,0,0,147,12,1,125
1,8,0,232,232,14,https://resultados2019.blob.core.windows.net/201901/154584.jpg,OK,0,16,QUICHÉ,SACAPULAS,15458,CORPORACIÓN MUNICIPAL,8,2,2,0,1,4,146,146,130,130,3,0,2,53,24,1,47
1,2,0,313,312,14,https://resultados2019.blob.core.windows.net/201901/154504.jpg,OK,0,16,QUICHÉ,SACAPULAS,15450,CORPORACIÓN MUNICIPAL,0,2,2,0,1,4,203,203,201,201,3,0,0,99,15,1,83
1,11,0,380,380,14,https://resultados2019.blob.core.windows.net/201901/154534.jpg,OK,0,16,QUICHÉ,SACAPULAS,15453,CORPORACIÓN MUNICIPAL,8,2,2,0,1,4,237,237,218,218,6,0,3,87,43,4,75
1,15,0,380,380,14,https://resultados2019.blob.core.windows.net/201901/154704.jpg,OK,0,16,QUICHÉ,SACAPULAS,15470,CORPORACIÓN MUNICIPAL,19,2,2,0,1,4,234,234,200,200,3,2,10,66,30,5,84
1,5,0,400,379,14,https://resultados2019.blob.core.windows.net/201901/154284.jpg,OK,0,16,QUICHÉ,SACAPULAS,15428,CORPORACIÓN MUNICIPAL,5,2,2,0,1,4,250,250,240,240,12,1,5,91,99,3,29
0,11,0,380,380,14,https://resultados2019.blob.core.windows.net/201901/154784.jpg,OK,0,16,QUICHÉ,SACAPULAS,15478,CORPORACIÓN MUNICIPAL,13,2,2,0,1,4,151,175,151,151,4,0,3,81,50,4,9
1,6,0,473,472,14,https://resultados2019.blob.core.windows.net/201901/154954.jpg,OK,0,16,QUICHÉ,SACAPULAS,15495,CORPORACIÓN MUNICIPAL,7,2,2,0,1,4,89,89,76,76,6,3,2,6,45,1,13
1,10,0,380,380,14,https://resultados2019.blob.core.windows.net/201901/154794.jpg,OK,0,16,QUICHÉ,SACAPULAS,15479,CORPORACIÓN MUNICIPAL,13,2,2,0,1,4,207,207,184,184,5,0,1,77,70,6,25
1,10,0,380,396,14,https://resultados2019.blob.core.windows.net/201901/154564.jpg,OK,0,16,QUICHÉ,SACAPULAS,15456,CORPORACIÓN MUNICIPAL,19,2,2,0,1,4,214,214,185,185,3,0,0,82,44,3,53
1,5,0,380,380,14,https://resultados2019.blob.core.windows.net/201901/154614.jpg,OK,0,16,QUICHÉ,SACAPULAS,15461,CORPORACIÓN MUNICIPAL,11,2,2,0,1,4,249,249,233,233,5,3,8,113,59,8,37
1,6,0,380,380,14,https://resultados2019.blob.core.windows.net/201901/154874.jpg,OK,0,16,QUICHÉ,SACAPULAS,15487,CORPORACIÓN MUNICIPAL,17,2,2,0,1,4,257,257,234,234,11,1,2,125,26,2,67
1,8,0,400,400,14,https://resultados2019.blob.core.windows.net/201901/154344.jpg,OK,0,16,QUICHÉ,SACAPULAS,15434,CORPORACIÓN MUNICIPAL,5,2,2,0,1,4,294,294,281,281,32,0,2,56,170,4,17
1,13,0,380,380,14,https://resultados2019.blob.core.windows.net/201901/154684.jpg,OK,0,16,QUICHÉ,SACAPULAS,15468,CORPORACIÓN MUNICIPAL,7,2,2,0,1,4,201,201,181,181,6,1,10,69,33,3,59
1,14,0,380,380,14,https://resultados2019.blob.core.windows.net/201901/154554.jpg,OK,0,16,QUICHÉ,SACAPULAS,15455,CORPORACIÓN MUNICIPAL,19,2,2,0,1,4,249,249,216,216,1,1,2,101,45,1,65
1,2,0,231,232,14,https://resultados2019.blob.core.windows.net/201901/154434.jpg,OK,0,16,QUICHÉ,SACAPULAS,15443,CORPORACIÓN MUNICIPAL,2,2,2,0,1,4,150,150,146,146,2,0,1,58,73,0,12
1,15,0,380,380,14,https://resultados2019.blob.core.windows.net/201901/154694.jpg,OK,0,16,QUICHÉ,SACAPULAS,15469,CORPORACIÓN MUNICIPAL,15,2,1,0,1,4,226,226,196,196,9,1,11,76,21,8,70
1,5,0,256,256,14,https://resultados2019.blob.core.windows.net/201901/154814.jpg,OK,0,16,QUICHÉ,SACAPULAS,15481,CORPORACIÓN MUNICIPAL,1,2,2,0,1,4,128,128,122,122,3,0,3,60,47,1,8
1,12,0,249,250,14,https://resultados2019.blob.core.windows.net/201901/154894.jpg,OK,0,16,QUICHÉ,SACAPULAS,15489,CORPORACIÓN MUNICIPAL,1,2,1,0,1,4,165,165,152,152,6,0,1,100,10,1,34
1,7,0,380,380,14,https://resultados2019.blob.core.windows.net/201901/154574.jpg,OK,0,16,QUICHÉ,SACAPULAS,15457,CORPORACIÓN MUNICIPAL,15,2,2,0,1,4,205,205,183,183,6,0,4,77,34,2,60
1,10,0,380,380,14,https://resultados2019.blob.core.windows.net/201901/154834.jpg,OK,0,16,QUICHÉ,SACAPULAS,15483,CORPORACIÓN MUNICIPAL,17,2,1,0,1,4,263,263,236,236,5,2,4,161,14,2,48
1,7,0,380,380,14,https://resultados2019.blob.core.windows.net/201901/154724.jpg,OK,0,16,QUICHÉ,SACAPULAS,15472,CORPORACIÓN MUNICIPAL,13,2,1,0,1,4,210,210,190,190,6,1,4,81,43,5,50
1,8,0,347,347,14,https://resultados2019.blob.core.windows.net/201901/154744.jpg,OK,0,16,QUICHÉ,SACAPULAS,15474,CORPORACIÓN MUNICIPAL,10,2,2,0,1,4,171,171,153,153,3,1,3,74,27,3,42
1,4,0,229,229,14,https://resultados2019.blob.core.windows.net/201901/154664.jpg,OK,0,16,QUICHÉ,SACAPULAS,15466,CORPORACIÓN MUNICIPAL,8,2,2,0,1,4,141,141,129,129,5,1,1,70,33,1,18
1,5,0,380,380,14,https://resultados2019.blob.core.windows.net/201901/154634.jpg,OK,0,16,QUICHÉ,SACAPULAS,15463,CORPORACIÓN MUNICIPAL,5,2,2,0,1,4,280,280,270,270,9,1,9,149,49,7,46
1,12,0,380,380,14,https://resultados2019.blob.core.windows.net/201901/154844.jpg,OK,0,16,QUICHÉ,SACAPULAS,15484,CORPORACIÓN MUNICIPAL,13,2,1,0,1,4,270,270,245,245,6,0,5,138,17,9,70
1,6,0,400,380,14,https://resultados2019.blob.core.windows.net/201901/154304.jpg,OK,0,16,QUICHÉ,SACAPULAS,15430,CORPORACIÓN MUNICIPAL,19,2,2,0,1,4,278,278,253,253,11,0,7,93,93,2,47
1,5,0,400,380,14,https://resultados2019.blob.core.windows.net/201901/154324.jpg,OK,0,16,QUICHÉ,SACAPULAS,15432,CORPORACIÓN MUNICIPAL,10,2,2,0,1,4,282,282,267,267,9,0,3,149,78,3,25
1,7,0,400,400,14,https://resultados2019.blob.core.windows.net/201901/154404.jpg,OK,0,16,QUICHÉ,SACAPULAS,15440,CORPORACIÓN MUNICIPAL,9,2,2,0,1,4,264,264,248,248,16,0,0,81,130,0,21
1,0,0,228,228,14,https://resultados2019.blob.core.windows.net/201901/154674.jpg,OK,0,16,QUICHÉ,SACAPULAS,15467,CORPORACIÓN MUNICIPAL,1,2,2,0,1,4,129,129,128,128,2,1,4,71,30,7,13
1,15,0,380,380,14,https://resultados2019.blob.core.windows.net/201901/154824.jpg,OK,0,16,QUICHÉ,SACAPULAS,15482,CORPORACIÓN MUNICIPAL,13,2,1,0,1,4,258,258,230,230,4,0,2,133,16,1,74
1,1,0,231,231,14,https://resultados2019.blob.core.windows.net/201901/154444.jpg,OK,0,16,QUICHÉ,SACAPULAS,15444,CORPORACIÓN MUNICIPAL,1,2,2,0,1,4,142,142,140,140,12,0,1,54,51,2,20
1,1,0,249,249,14,https://resultados2019.blob.core.windows.net/201901/154904.jpg,OK,0,16,QUICHÉ,SACAPULAS,15490,CORPORACIÓN MUNICIPAL,5,2,1,0,1,4,173,173,167,167,2,0,1,86,18,0,60
1,7,0,380,380,14,https://resultados2019.blob.core.windows.net/201901/154854.jpg,OK,0,16,QUICHÉ,SACAPULAS,15485,CORPORACIÓN MUNICIPAL,10,2,2,0,1,4,253,253,236,236,8,0,2,123,36,2,65
