ACTACUADRA,BLANCOS,CNTIMPUGNA,CNTINSCRITOS,CNTPAPELETAS,DEP,IMGSRC,IMGSTATUS,INVALIDOS,MUN,NDEP,NMUN,NROMESA,NTE,NULOS,STACTA,STESCAN,STFISIC,STTRANS,TIPOELECCION,TOTALACTA,TOTALVOTOS,VOTOSVALIDOS,VOTOSVALIDOSACTA,voto_EG,voto_FCN-NACION,voto_FUERZA,voto_PHG,voto_TODOS,voto_UNE,voto_VALOR,voto_VAMOS,voto_VIVA
1,9,0,400,400,14,https://resultados2019.blob.core.windows.net/201901/153144.jpg,OK,0,14,QUICHÉ,SAN ANDRÉS SAJCABAJÁ,15314,CORPORACIÓN MUNICIPAL,12,2,2,0,1,4,287,287,266,266,2,8,31,7,1,51,36,76,54
1,3,0,380,379,14,https://resultados2019.blob.core.windows.net/201901/153374.jpg,OK,0,14,QUICHÉ,SAN ANDRÉS SAJCABAJÁ,15337,CORPORACIÓN MUNICIPAL,6,2,2,0,1,4,244,244,235,235,1,17,20,4,3,52,12,69,57
1,6,0,400,400,14,https://resultados2019.blob.core.windows.net/201901/153204.jpg,OK,0,14,QUICHÉ,SAN ANDRÉS SAJCABAJÁ,15320,CORPORACIÓN MUNICIPAL,29,2,2,0,1,4,313,313,278,278,4,8,28,2,1,50,19,90,76
1,12,0,314,314,14,https://resultados2019.blob.core.windows.net/201901/153494.jpg,OK,0,14,QUICHÉ,SAN ANDRÉS SAJCABAJÁ,15349,CORPORACIÓN MUNICIPAL,18,2,2,0,1,4,161,161,131,131,1,6,17,4,0,28,9,33,33
1,6,0,400,400,14,https://resultados2019.blob.core.windows.net/201901/153154.jpg,OK,0,14,QUICHÉ,SAN ANDRÉS SAJCABAJÁ,15315,CORPORACIÓN MUNICIPAL,17,2,2,0,1,4,276,276,253,253,3,7,19,6,1,52,28,80,57
1,14,0,380,380,14,https://resultados2019.blob.core.windows.net/201901/153424.jpg,OK,0,14,QUICHÉ,SAN ANDRÉS SAJCABAJÁ,15342,CORPORACIÓN MUNICIPAL,19,2,2,0,1,4,324,324,291,291,2,6,16,69,0,50,92,39,17
1,10,0,400,400,14,https://resultados2019.blob.core.windows.net/201901/153244.jpg,OK,0,14,QUICHÉ,SAN ANDRÉS SAJCABAJÁ,15324,CORPORACIÓN MUNICIPAL,10,2,2,0,1,4,282,282,262,262,3,15,22,6,0,69,32,68,47
1,16,0,356,356,14,https://resultados2019.blob.core.windows.net/201901/153474.jpg,OK,0,14,QUICHÉ,SAN ANDRÉS SAJCABAJÁ,15347,CORPORACIÓN MUNICIPAL,18,2,2,0,1,4,302,302,268,268,1,4,19,6,0,98,26,107,7
1,15,0,400,400,14,https://resultados2019.blob.core.windows.net/201901/153184.jpg,OK,0,14,QUICHÉ,SAN ANDRÉS SAJCABAJÁ,15318,CORPORACIÓN MUNICIPAL,37,2,2,0,1,4,301,301,249,249,1,6,16,8,1,70,22,71,54
1,7,0,380,380,14,https://resultados2019.blob.core.windows.net/201901/153294.jpg,OK,0,14,QUICHÉ,SAN ANDRÉS SAJCABAJÁ,15329,CORPORACIÓN MUNICIPAL,18,2,2,0,1,4,284,284,259,259,0,4,5,19,1,34,26,42,128
1,11,0,363,363,14,https://resultados2019.blob.core.windows.net/201901/153274.jpg,OK,0,14,QUICHÉ,SAN ANDRÉS SAJCABAJÁ,15327,CORPORACIÓN MUNICIPAL,4,2,2,0,1,4,230,230,215,215,2,2,21,6,0,51,23,59,51
1,10,0,380,380,14,https://resultados2019.blob.core.windows.net/201901/153344.jpg,OK,3,14,QUICHÉ,SAN ANDRÉS SAJCABAJÁ,15334,CORPORACIÓN MUNICIPAL,16,2,2,0,1,4,279,279,253,253,3,7,31,9,1,70,6,68,58
1,21,0,400,400,14,https://resultados2019.blob.core.windows.net/201901/153464.jpg,OK,0,14,QUICHÉ,SAN ANDRÉS SAJCABAJÁ,15346,CORPORACIÓN MUNICIPAL,19,2,2,0,1,4,324,324,284,284,1,8,43,3,1,94,36,83,15
1,9,0,222,222,14,https://resultados2019.blob.core.windows.net/201901/153324.jpg,OK,2,14,QUICHÉ,SAN ANDRÉS SAJCABAJÁ,15332,CORPORACIÓN MUNICIPAL,9,2,2,0,1,4,164,164,146,146,2,2,3,14,2,23,17,15,68
1,13,0,276,276,14,https://resultados2019.blob.core.windows.net/201901/153394.jpg,OK,0,14,QUICHÉ,SAN ANDRÉS SAJCABAJÁ,15339,CORPORACIÓN MUNICIPAL,7,2,2,0,1,4,192,192,172,172,0,5,13,6,0,50,5,47,46
1,10,0,380,380,14,https://resultados2019.blob.core.windows.net/201901/153354.jpg,OK,14,14,QUICHÉ,SAN ANDRÉS SAJCABAJÁ,15335,CORPORACIÓN MUNICIPAL,4,2,2,0,1,4,262,262,248,248,1,4,36,8,0,73,5,66,55
1,13,0,400,400,14,https://resultados2019.blob.core.windows.net/201901/153264.jpg,OK,0,14,QUICHÉ,SAN ANDRÉS SAJCABAJÁ,15326,CORPORACIÓN MUNICIPAL,12,2,2,0,1,4,272,272,247,247,3,3,19,5,0,51,29,79,58
1,6,0,220,220,14,https://resultados2019.blob.core.windows.net/201901/153444.jpg,OK,4,14,QUICHÉ,SAN ANDRÉS SAJCABAJÁ,15344,CORPORACIÓN MUNICIPAL,7,2,2,0,1,4,166,166,153,153,1,0,18,24,2,31,28,26,23
1,7,0,400,400,14,https://resultados2019.blob.core.windows.net/201901/153224.jpg,OK,2,14,QUICHÉ,SAN ANDRÉS SAJCABAJÁ,15322,CORPORACIÓN MUNICIPAL,14,2,2,0,1,4,235,235,214,214,4,7,19,5,0,49,27,48,55
1,11,0,400,400,14,https://resultados2019.blob.core.windows.net/201901/153194.jpg,OK,0,14,QUICHÉ,SAN ANDRÉS SAJCABAJÁ,15319,CORPORACIÓN MUNICIPAL,15,2,2,0,1,4,301,301,275,275,2,8,29,7,1,76,23,78,51
1,11,0,380,380,14,https://resultados2019.blob.core.windows.net/201901/153314.jpg,OK,0,14,QUICHÉ,SAN ANDRÉS SAJCABAJÁ,15331,CORPORACIÓN MUNICIPAL,12,2,2,0,1,4,272,272,249,249,2,8,6,12,0,48,16,43,114
1,18,1,400,400,14,https://resultados2019.blob.core.windows.net/201901/153254.jpg,OK,0,14,QUICHÉ,SAN ANDRÉS SAJCABAJÁ,15325,CORPORACIÓN MUNICIPAL,26,2,2,0,1,4,278,278,234,234,5,9,16,6,2,50,36,70,40
1,8,0,400,400,14,https://resultados2019.blob.core.windows.net/201901/153214.jpg,OK,0,14,QUICHÉ,SAN ANDRÉS SAJCABAJÁ,15321,CORPORACIÓN MUNICIPAL,6,2,2,0,1,4,270,270,256,256,6,7,20,11,0,55,26,87,44
1,7,0,313,313,14,https://resultados2019.blob.core.windows.net/201901/153504.jpg,OK,0,14,QUICHÉ,SAN ANDRÉS SAJCABAJÁ,15350,CORPORACIÓN MUNICIPAL,9,2,2,0,1,4,124,124,108,108,1,1,9,3,1,24,7,28,34
1,4,0,219,216,14,https://resultados2019.blob.core.windows.net/201901/153454.jpg,OK,0,14,QUICHÉ,SAN ANDRÉS SAJCABAJÁ,15345,CORPORACIÓN MUNICIPAL,6,2,2,0,1,4,154,154,144,144,0,0,17,30,2,26,33,21,15
1,10,0,356,351,14,https://resultados2019.blob.core.windows.net/201901/153484.jpg,OK,0,14,QUICHÉ,SAN ANDRÉS SAJCABAJÁ,15348,CORPORACIÓN MUNICIPAL,7,2,2,0,1,4,291,291,274,274,1,4,30,2,0,91,19,121,6
1,5,0,363,363,14,https://resultados2019.blob.core.windows.net/201901/153284.jpg,OK,0,14,QUICHÉ,SAN ANDRÉS SAJCABAJÁ,15328,CORPORACIÓN MUNICIPAL,5,2,2,0,1,4,228,228,218,218,2,4,14,7,0,45,30,59,57
1,9,0,380,380,14,https://resultados2019.blob.core.windows.net/201901/153364.jpg,OK,0,14,QUICHÉ,SAN ANDRÉS SAJCABAJÁ,15336,CORPORACIÓN MUNICIPAL,15,2,2,0,1,4,293,293,269,269,1,14,20,5,2,68,9,77,73
1,3,0,222,222,14,https://resultados2019.blob.core.windows.net/201901/153334.jpg,OK,0,14,QUICHÉ,SAN ANDRÉS SAJCABAJÁ,15333,CORPORACIÓN MUNICIPAL,2,2,2,0,1,4,164,164,159,159,1,2,4,9,1,30,13,25,74
1,12,0,400,400,14,https://resultados2019.blob.core.windows.net/201901/153164.jpg,OK,0,14,QUICHÉ,SAN ANDRÉS SAJCABAJÁ,15316,CORPORACIÓN MUNICIPAL,24,2,2,0,1,4,280,280,244,244,2,3,18,4,4,52,44,64,53
1,15,0,380,380,14,https://resultados2019.blob.core.windows.net/201901/153404.jpg,OK,0,14,QUICHÉ,SAN ANDRÉS SAJCABAJÁ,15340,CORPORACIÓN MUNICIPAL,19,2,2,0,1,4,286,286,252,252,2,0,38,52,2,47,47,31,33
1,11,0,380,380,14,https://resultados2019.blob.core.windows.net/201901/153304.jpg,OK,0,14,QUICHÉ,SAN ANDRÉS SAJCABAJÁ,15330,CORPORACIÓN MUNICIPAL,7,2,2,0,1,4,259,259,241,241,4,6,3,14,0,43,15,35,121
1,10,0,380,377,14,https://resultados2019.blob.core.windows.net/201901/153414.jpg,OK,0,14,QUICHÉ,SAN ANDRÉS SAJCABAJÁ,15341,CORPORACIÓN MUNICIPAL,25,2,2,0,1,4,308,308,273,273,0,4,24,52,1,76,44,44,28
1,11,0,400,400,14,https://resultados2019.blob.core.windows.net/201901/153234.jpg,OK,0,14,QUICHÉ,SAN ANDRÉS SAJCABAJÁ,15323,CORPORACIÓN MUNICIPAL,9,2,2,0,1,4,268,268,248,248,2,5,27,11,1,56,23,74,49
1,10,0,276,276,14,https://resultados2019.blob.core.windows.net/201901/153384.jpg,OK,20,14,QUICHÉ,SAN ANDRÉS SAJCABAJÁ,15338,CORPORACIÓN MUNICIPAL,10,2,2,0,1,4,191,191,171,171,1,9,19,5,0,45,3,46,43
1,14,0,380,380,14,https://resultados2019.blob.core.windows.net/201901/153434.jpg,OK,0,14,QUICHÉ,SAN ANDRÉS SAJCABAJÁ,15343,CORPORACIÓN MUNICIPAL,14,2,2,0,1,4,260,260,232,232,1,2,24,45,3,39,56,40,22
0,90,0,400,400,14,https://resultados2019.blob.core.windows.net/201901/153174.jpg,OK,9,14,QUICHÉ,SAN ANDRÉS SAJCABAJÁ,15317,CORPORACIÓN MUNICIPAL,26,2,2,0,1,4,391,389,273,275,1,4,27,7,1,73,41,67,52
