ACTACUADRA,BLANCOS,CNTIMPUGNA,CNTINSCRITOS,CNTPAPELETAS,DEP,IMGSRC,IMGSTATUS,INVALIDOS,MUN,NDEP,NMUN,NROMESA,NTE,NULOS,STACTA,STESCAN,STFISIC,STTRANS,TIPOELECCION,TOTALACTA,TOTALVOTOS,VOTOSVALIDOS,VOTOSVALIDOSACTA,voto_PC,voto_PODEMOS,voto_UNE,voto_VALOR,voto_VAMOS
1,6,0,400,400,14,https://resultados2019.blob.core.windows.net/201901/156914.jpg,OK,0,21,QUICHÉ,PACHALUM,15691,CORPORACIÓN MUNICIPAL,10,2,2,0,1,4,227,227,211,211,38,19,35,45,74
1,15,0,400,401,14,https://resultados2019.blob.core.windows.net/201901/156894.jpg,OK,0,21,QUICHÉ,PACHALUM,15689,CORPORACIÓN MUNICIPAL,18,2,2,0,1,4,305,305,272,272,51,16,57,47,101
1,2,0,294,294,14,https://resultados2019.blob.core.windows.net/201901/156964.jpg,OK,0,21,QUICHÉ,PACHALUM,15696,CORPORACIÓN MUNICIPAL,4,2,2,0,1,4,242,242,236,236,48,21,25,64,78
1,8,0,400,400,14,https://resultados2019.blob.core.windows.net/201901/156954.jpg,OK,0,21,QUICHÉ,PACHALUM,15695,CORPORACIÓN MUNICIPAL,6,2,2,0,1,4,234,234,220,220,44,23,34,43,76
1,4,0,400,400,14,https://resultados2019.blob.core.windows.net/201901/156854.jpg,OK,0,21,QUICHÉ,PACHALUM,15685,CORPORACIÓN MUNICIPAL,9,2,2,0,1,4,299,299,286,286,53,14,51,48,120
1,10,0,400,400,14,https://resultados2019.blob.core.windows.net/201901/156864.jpg,OK,0,21,QUICHÉ,PACHALUM,15686,CORPORACIÓN MUNICIPAL,16,2,2,0,1,4,292,292,266,266,61,23,48,40,94
1,7,0,400,400,14,https://resultados2019.blob.core.windows.net/201901/156884.jpg,OK,0,21,QUICHÉ,PACHALUM,15688,CORPORACIÓN MUNICIPAL,13,2,2,0,1,4,289,289,269,269,45,20,50,60,94
1,8,0,400,400,14,https://resultados2019.blob.core.windows.net/201901/156904.jpg,OK,0,21,QUICHÉ,PACHALUM,15690,CORPORACIÓN MUNICIPAL,10,2,2,0,1,4,258,258,240,240,49,16,44,48,83
1,10,0,440,440,14,https://resultados2019.blob.core.windows.net/201901/156984.jpg,OK,0,21,QUICHÉ,PACHALUM,15698,CORPORACIÓN MUNICIPAL,5,2,2,0,1,4,116,116,101,101,22,4,22,9,44
1,6,0,400,400,14,https://resultados2019.blob.core.windows.net/201901/156944.jpg,OK,158,21,QUICHÉ,PACHALUM,15694,CORPORACIÓN MUNICIPAL,9,2,2,0,1,4,242,242,227,227,45,14,51,33,84
1,9,0,400,400,14,https://resultados2019.blob.core.windows.net/201901/156874.jpg,OK,0,21,QUICHÉ,PACHALUM,15687,CORPORACIÓN MUNICIPAL,14,2,2,0,1,4,298,298,275,275,50,16,59,53,97
1,2,0,400,400,14,https://resultados2019.blob.core.windows.net/201901/156924.jpg,OK,162,21,QUICHÉ,PACHALUM,15692,CORPORACIÓN MUNICIPAL,10,2,2,0,1,4,238,238,226,226,42,30,42,38,74
1,9,0,400,400,14,https://resultados2019.blob.core.windows.net/201901/156834.jpg,OK,0,21,QUICHÉ,PACHALUM,15683,CORPORACIÓN MUNICIPAL,7,2,2,0,1,4,256,256,240,240,33,11,53,53,90
1,4,0,293,293,14,https://resultados2019.blob.core.windows.net/201901/156974.jpg,OK,0,21,QUICHÉ,PACHALUM,15697,CORPORACIÓN MUNICIPAL,7,2,2,0,1,4,208,208,197,197,41,10,42,39,65
1,7,1,400,400,14,https://resultados2019.blob.core.windows.net/201901/156844.jpg,OK,0,21,QUICHÉ,PACHALUM,15684,CORPORACIÓN MUNICIPAL,15,2,2,0,1,4,265,265,243,243,46,17,43,40,97
1,2,0,400,400,14,https://resultados2019.blob.core.windows.net/201901/156934.jpg,OK,0,21,QUICHÉ,PACHALUM,15693,CORPORACIÓN MUNICIPAL,10,2,2,0,1,4,249,249,237,237,55,18,36,61,67
