ACTACUADRA,BLANCOS,CNTIMPUGNA,CNTINSCRITOS,CNTPAPELETAS,DEP,IMGSRC,IMGSTATUS,INVALIDOS,MUN,NDEP,NMUN,NROMESA,NTE,NULOS,STACTA,STESCAN,STFISIC,STTRANS,TIPOELECCION,TOTALACTA,TOTALVOTOS,VOTOSVALIDOS,VOTOSVALIDOSACTA,voto_FUERZA,voto_PHG,voto_PODEMOS,voto_UNE,voto_VALOR,voto_VAMOS,voto_VICTORIA
1,3,0,378,378,14,https://resultados2019.blob.core.windows.net/201901/146464.jpg,OK,0,3,QUICHÉ,CHINIQUE,14646,CORPORACIÓN MUNICIPAL,1,2,2,0,1,4,275,275,271,271,10,11,63,126,13,43,5
1,4,0,400,400,14,https://resultados2019.blob.core.windows.net/201901/146444.jpg,OK,0,3,QUICHÉ,CHINIQUE,14644,CORPORACIÓN MUNICIPAL,12,2,2,0,1,4,272,272,256,256,7,8,47,119,7,59,9
1,11,0,400,396,14,https://resultados2019.blob.core.windows.net/201901/146414.jpg,OK,0,3,QUICHÉ,CHINIQUE,14641,CORPORACIÓN MUNICIPAL,17,2,2,0,1,4,309,309,281,281,7,12,70,127,14,38,13
1,5,0,400,396,14,https://resultados2019.blob.core.windows.net/201901/146434.jpg,OK,0,3,QUICHÉ,CHINIQUE,14643,CORPORACIÓN MUNICIPAL,8,2,2,0,1,4,277,277,264,264,14,10,48,114,16,59,3
1,9,0,400,400,14,https://resultados2019.blob.core.windows.net/201901/146354.jpg,OK,0,3,QUICHÉ,CHINIQUE,14635,CORPORACIÓN MUNICIPAL,12,2,2,0,1,4,282,282,261,261,8,7,49,129,13,45,10
1,14,0,400,405,14,https://resultados2019.blob.core.windows.net/201901/146344.jpg,OK,0,3,QUICHÉ,CHINIQUE,14634,CORPORACIÓN MUNICIPAL,13,2,2,0,1,4,257,257,230,230,7,4,45,106,11,47,10
1,8,0,380,376,14,https://resultados2019.blob.core.windows.net/201901/146474.jpg,OK,0,3,QUICHÉ,CHINIQUE,14647,CORPORACIÓN MUNICIPAL,16,2,2,0,1,4,251,251,227,227,2,8,43,115,12,40,7
1,11,0,400,396,14,https://resultados2019.blob.core.windows.net/201901/146394.jpg,OK,0,3,QUICHÉ,CHINIQUE,14639,CORPORACIÓN MUNICIPAL,12,2,2,0,1,4,320,320,297,297,10,11,52,162,23,35,4
1,4,0,276,281,14,https://resultados2019.blob.core.windows.net/201901/146494.jpg,OK,0,3,QUICHÉ,CHINIQUE,14649,CORPORACIÓN MUNICIPAL,10,2,2,0,1,4,171,171,157,157,4,6,18,64,6,46,13
1,1,0,276,281,14,https://resultados2019.blob.core.windows.net/201901/146504.jpg,OK,0,3,QUICHÉ,CHINIQUE,14650,CORPORACIÓN MUNICIPAL,3,2,2,0,1,4,158,158,154,154,2,12,33,61,9,24,13
1,12,0,508,509,14,https://resultados2019.blob.core.windows.net/201901/146514.jpg,OK,0,3,QUICHÉ,CHINIQUE,14651,CORPORACIÓN MUNICIPAL,11,2,2,0,1,4,142,142,119,119,7,5,19,44,7,33,4
0,13,0,400,400,14,https://resultados2019.blob.core.windows.net/201901/146374.jpg,OK,3,3,QUICHÉ,CHINIQUE,14637,CORPORACIÓN MUNICIPAL,12,2,2,0,1,4,297,294,269,269,8,14,42,118,14,68,5
1,4,0,400,400,14,https://resultados2019.blob.core.windows.net/201901/146424.jpg,OK,0,3,QUICHÉ,CHINIQUE,14642,CORPORACIÓN MUNICIPAL,4,2,2,0,1,4,266,266,258,258,4,11,55,117,10,50,11
1,9,0,380,376,14,https://resultados2019.blob.core.windows.net/201901/146484.jpg,OK,0,3,QUICHÉ,CHINIQUE,14648,CORPORACIÓN MUNICIPAL,13,2,2,0,1,4,277,277,255,255,4,8,48,101,9,60,25
1,9,0,400,400,14,https://resultados2019.blob.core.windows.net/201901/146404.jpg,OK,0,3,QUICHÉ,CHINIQUE,14640,CORPORACIÓN MUNICIPAL,12,2,2,0,1,4,297,297,276,276,5,7,47,130,10,70,7
1,4,0,400,396,14,https://resultados2019.blob.core.windows.net/201901/146384.jpg,OK,0,3,QUICHÉ,CHINIQUE,14638,CORPORACIÓN MUNICIPAL,10,2,2,0,1,4,313,313,299,299,5,10,62,151,21,40,10
1,7,0,400,387,14,https://resultados2019.blob.core.windows.net/201901/146364.jpg,OK,0,3,QUICHÉ,CHINIQUE,14636,CORPORACIÓN MUNICIPAL,13,2,2,0,1,4,302,302,282,282,9,12,59,117,18,57,10
1,11,0,378,378,14,https://resultados2019.blob.core.windows.net/201901/146454.jpg,OK,0,3,QUICHÉ,CHINIQUE,14645,CORPORACIÓN MUNICIPAL,6,2,2,0,1,4,255,255,238,238,3,10,51,98,11,59,6
