ACTACUADRA,BLANCOS,CNTIMPUGNA,CNTINSCRITOS,CNTPAPELETAS,DEP,IMGSRC,IMGSTATUS,INVALIDOS,MUN,NDEP,NMUN,NROMESA,NTE,NULOS,STACTA,STESCAN,STFISIC,STTRANS,TIPOELECCION,TOTALACTA,TOTALVOTOS,VOTOSVALIDOS,VOTOSVALIDOSACTA,voto_MLP,voto_PC,voto_UCN,voto_UNE,voto_UNIDOS,voto_VAMOS
1,5,0,380,373,14,https://resultados2019.blob.core.windows.net/201901/147404.jpg,OK,0,5,QUICHÉ,CHAJUL,14740,CORPORACIÓN MUNICIPAL,7,2,2,0,1,4,334,334,322,322,1,99,32,93,4,93
1,3,0,238,238,14,https://resultados2019.blob.core.windows.net/201901/147234.jpg,OK,0,5,QUICHÉ,CHAJUL,14723,CORPORACIÓN MUNICIPAL,0,2,2,0,1,4,203,203,200,200,0,75,1,45,0,79
1,0,0,400,407,14,https://resultados2019.blob.core.windows.net/201901/147134.jpg,OK,0,5,QUICHÉ,CHAJUL,14713,CORPORACIÓN MUNICIPAL,5,2,2,0,1,4,300,300,295,295,0,93,2,81,0,119
1,3,0,380,376,14,https://resultados2019.blob.core.windows.net/201901/147614.jpg,OK,0,5,QUICHÉ,CHAJUL,14761,CORPORACIÓN MUNICIPAL,19,2,2,0,1,4,276,276,254,254,15,66,10,69,1,93
1,7,0,242,239,14,https://resultados2019.blob.core.windows.net/201901/147554.jpg,OK,0,5,QUICHÉ,CHAJUL,14755,CORPORACIÓN MUNICIPAL,7,1,2,0,1,4,193,193,179,179,5,45,23,69,2,35
1,8,0,242,239,14,https://resultados2019.blob.core.windows.net/201901/147564.jpg,OK,0,5,QUICHÉ,CHAJUL,14756,CORPORACIÓN MUNICIPAL,1,1,2,0,1,4,173,173,164,164,2,43,22,56,0,41
1,0,0,380,380,14,https://resultados2019.blob.core.windows.net/201901/147464.jpg,OK,5,5,QUICHÉ,CHAJUL,14746,CORPORACIÓN MUNICIPAL,5,2,2,0,1,4,268,268,263,263,0,72,20,70,0,101
1,11,0,380,372,14,https://resultados2019.blob.core.windows.net/201901/147304.jpg,OK,21,5,QUICHÉ,CHAJUL,14730,CORPORACIÓN MUNICIPAL,10,2,2,0,1,4,277,277,256,256,2,109,4,64,4,73
1,3,0,236,236,14,https://resultados2019.blob.core.windows.net/201901/147634.jpg,OK,0,5,QUICHÉ,CHAJUL,14763,CORPORACIÓN MUNICIPAL,7,2,2,0,1,4,156,156,146,146,6,34,3,44,0,59
1,10,0,380,376,14,https://resultados2019.blob.core.windows.net/201901/147314.jpg,OK,0,5,QUICHÉ,CHAJUL,14731,CORPORACIÓN MUNICIPAL,13,2,2,0,1,4,306,306,283,283,2,74,6,87,21,93
1,8,0,400,397,14,https://resultados2019.blob.core.windows.net/201901/147104.jpg,OK,0,5,QUICHÉ,CHAJUL,14710,CORPORACIÓN MUNICIPAL,6,1,2,0,1,4,373,373,359,359,3,119,2,98,0,137
1,7,0,380,376,14,https://resultados2019.blob.core.windows.net/201901/147504.jpg,OK,11,5,QUICHÉ,CHAJUL,14750,CORPORACIÓN MUNICIPAL,4,1,2,0,1,4,298,298,287,287,0,72,28,80,0,107
1,1,0,400,396,14,https://resultados2019.blob.core.windows.net/201901/147214.jpg,OK,0,5,QUICHÉ,CHAJUL,14721,CORPORACIÓN MUNICIPAL,0,2,2,0,1,4,338,338,337,337,1,131,1,76,0,128
1,5,0,380,373,14,https://resultados2019.blob.core.windows.net/201901/147324.jpg,OK,0,5,QUICHÉ,CHAJUL,14732,CORPORACIÓN MUNICIPAL,15,2,2,0,1,4,312,312,292,292,0,78,7,86,8,113
1,11,0,380,377,14,https://resultados2019.blob.core.windows.net/201901/147444.jpg,OK,0,5,QUICHÉ,CHAJUL,14744,CORPORACIÓN MUNICIPAL,10,2,2,0,1,4,322,322,301,301,0,71,15,107,1,107
1,12,0,380,377,14,https://resultados2019.blob.core.windows.net/201901/147494.jpg,OK,0,5,QUICHÉ,CHAJUL,14749,CORPORACIÓN MUNICIPAL,10,1,2,0,1,4,303,303,281,281,2,79,35,78,2,85
1,5,0,295,229,14,https://resultados2019.blob.core.windows.net/201901/147604.jpg,OK,0,5,QUICHÉ,CHAJUL,14760,CORPORACIÓN MUNICIPAL,6,2,2,0,1,4,166,166,155,155,0,28,37,53,0,37
1,5,0,400,400,14,https://resultados2019.blob.core.windows.net/201901/147184.jpg,OK,0,5,QUICHÉ,CHAJUL,14718,CORPORACIÓN MUNICIPAL,5,1,2,0,1,4,357,357,347,347,5,128,1,84,1,128
1,4,0,400,400,14,https://resultados2019.blob.core.windows.net/201901/147084.jpg,OK,0,5,QUICHÉ,CHAJUL,14708,CORPORACIÓN MUNICIPAL,5,2,2,0,1,4,363,363,354,354,3,93,2,122,0,134
1,5,0,280,277,14,https://resultados2019.blob.core.windows.net/201901/147644.jpg,OK,0,5,QUICHÉ,CHAJUL,14764,CORPORACIÓN MUNICIPAL,4,2,2,0,1,4,116,116,107,107,3,26,1,26,0,51
1,5,0,380,373,14,https://resultados2019.blob.core.windows.net/201901/147344.jpg,OK,0,5,QUICHÉ,CHAJUL,14734,CORPORACIÓN MUNICIPAL,8,1,2,0,1,4,295,295,282,282,0,90,8,93,6,85
1,2,0,243,243,14,https://resultados2019.blob.core.windows.net/201901/147394.jpg,OK,0,5,QUICHÉ,CHAJUL,14739,CORPORACIÓN MUNICIPAL,4,2,2,0,1,4,198,198,192,192,0,78,2,56,2,54
1,9,0,400,396,14,https://resultados2019.blob.core.windows.net/201901/147034.jpg,OK,0,5,QUICHÉ,CHAJUL,14703,CORPORACIÓN MUNICIPAL,5,2,2,0,1,4,357,357,343,343,1,105,2,100,0,135
1,5,0,244,244,14,https://resultados2019.blob.core.windows.net/201901/147384.jpg,OK,0,5,QUICHÉ,CHAJUL,14738,CORPORACIÓN MUNICIPAL,0,2,2,0,1,4,209,209,204,204,0,76,4,68,2,54
1,8,0,380,377,14,https://resultados2019.blob.core.windows.net/201901/147414.jpg,OK,0,5,QUICHÉ,CHAJUL,14741,CORPORACIÓN MUNICIPAL,5,2,2,0,1,4,321,321,308,308,3,80,36,92,5,92
1,2,0,370,369,14,https://resultados2019.blob.core.windows.net/201901/147294.jpg,OK,0,5,QUICHÉ,CHAJUL,14729,CORPORACIÓN MUNICIPAL,6,2,2,0,1,4,296,296,288,288,2,86,1,89,0,110
1,5,0,295,292,14,https://resultados2019.blob.core.windows.net/201901/147594.jpg,OK,0,5,QUICHÉ,CHAJUL,14759,CORPORACIÓN MUNICIPAL,10,2,2,0,1,4,189,189,174,174,0,20,33,65,0,56
1,0,0,237,237,14,https://resultados2019.blob.core.windows.net/201901/147244.jpg,OK,0,5,QUICHÉ,CHAJUL,14724,CORPORACIÓN MUNICIPAL,3,2,2,0,1,4,195,195,192,192,0,63,0,44,0,85
1,3,0,400,400,14,https://resultados2019.blob.core.windows.net/201901/147154.jpg,OK,0,5,QUICHÉ,CHAJUL,14715,CORPORACIÓN MUNICIPAL,2,2,2,0,1,4,336,336,331,331,1,109,2,100,0,119
1,10,0,380,373,14,https://resultados2019.blob.core.windows.net/201901/147364.jpg,OK,1,5,QUICHÉ,CHAJUL,14736,CORPORACIÓN MUNICIPAL,8,2,2,0,1,4,285,285,267,267,1,98,8,85,8,67
1,2,0,400,396,14,https://resultados2019.blob.core.windows.net/201901/147044.jpg,OK,0,5,QUICHÉ,CHAJUL,14704,CORPORACIÓN MUNICIPAL,4,2,2,0,1,4,334,334,328,328,1,107,1,88,0,131
1,5,0,400,400,14,https://resultados2019.blob.core.windows.net/201901/147204.jpg,OK,0,5,QUICHÉ,CHAJUL,14720,CORPORACIÓN MUNICIPAL,2,2,2,0,1,4,320,320,313,313,1,113,1,81,0,117
1,4,0,380,380,14,https://resultados2019.blob.core.windows.net/201901/147334.jpg,OK,0,5,QUICHÉ,CHAJUL,14733,CORPORACIÓN MUNICIPAL,4,2,2,0,1,4,325,325,317,317,1,90,2,115,3,106
1,5,0,380,377,14,https://resultados2019.blob.core.windows.net/201901/147354.jpg,OK,0,5,QUICHÉ,CHAJUL,14735,CORPORACIÓN MUNICIPAL,6,2,2,0,1,4,259,259,248,248,1,78,2,77,8,82
1,1,0,400,396,14,https://resultados2019.blob.core.windows.net/201901/147224.jpg,OK,0,5,QUICHÉ,CHAJUL,14722,CORPORACIÓN MUNICIPAL,1,2,2,0,1,4,352,352,350,350,0,126,1,93,0,130
1,3,0,400,400,14,https://resultados2019.blob.core.windows.net/201901/147124.jpg,OK,0,5,QUICHÉ,CHAJUL,14712,CORPORACIÓN MUNICIPAL,2,1,2,0,1,4,347,347,342,342,1,108,0,102,0,131
1,5,0,400,400,14,https://resultados2019.blob.core.windows.net/201901/147074.jpg,OK,0,5,QUICHÉ,CHAJUL,14707,CORPORACIÓN MUNICIPAL,1,2,2,0,1,4,366,366,360,360,0,108,1,113,0,138
1,3,0,380,373,14,https://resultados2019.blob.core.windows.net/201901/147374.jpg,OK,0,5,QUICHÉ,CHAJUL,14737,CORPORACIÓN MUNICIPAL,2,2,2,0,1,4,301,301,296,296,2,115,3,67,3,106
1,6,0,400,397,14,https://resultados2019.blob.core.windows.net/201901/147274.jpg,OK,0,5,QUICHÉ,CHAJUL,14727,CORPORACIÓN MUNICIPAL,3,2,2,0,1,4,304,304,295,295,0,92,1,84,0,118
1,2,0,400,400,14,https://resultados2019.blob.core.windows.net/201901/147164.jpg,OK,0,5,QUICHÉ,CHAJUL,14716,CORPORACIÓN MUNICIPAL,0,1,2,0,1,4,330,330,328,328,2,129,2,86,0,109
1,1,0,400,400,14,https://resultados2019.blob.core.windows.net/201901/147144.jpg,OK,85,5,QUICHÉ,CHAJUL,14714,CORPORACIÓN MUNICIPAL,5,2,2,0,1,4,315,315,309,309,1,94,1,100,0,113
1,7,0,380,377,14,https://resultados2019.blob.core.windows.net/201901/147424.jpg,OK,0,5,QUICHÉ,CHAJUL,14742,CORPORACIÓN MUNICIPAL,13,2,2,0,1,4,308,308,288,288,1,74,4,84,4,121
1,5,0,370,370,14,https://resultados2019.blob.core.windows.net/201901/147284.jpg,OK,0,5,QUICHÉ,CHAJUL,14728,CORPORACIÓN MUNICIPAL,8,1,2,0,1,4,267,267,254,254,1,52,2,85,1,113
1,5,0,400,396,14,https://resultados2019.blob.core.windows.net/201901/147064.jpg,OK,0,5,QUICHÉ,CHAJUL,14706,CORPORACIÓN MUNICIPAL,1,2,2,0,1,4,358,358,352,352,1,113,1,95,0,142
1,5,0,400,393,14,https://resultados2019.blob.core.windows.net/201901/147054.jpg,OK,1,5,QUICHÉ,CHAJUL,14705,CORPORACIÓN MUNICIPAL,1,2,2,0,1,4,358,358,352,352,2,117,2,103,0,128
1,1,0,400,400,14,https://resultados2019.blob.core.windows.net/201901/147174.jpg,OK,0,5,QUICHÉ,CHAJUL,14717,CORPORACIÓN MUNICIPAL,4,1,2,0,1,4,339,339,334,334,3,100,1,103,0,127
1,6,0,380,373,14,https://resultados2019.blob.core.windows.net/201901/147454.jpg,OK,0,5,QUICHÉ,CHAJUL,14745,CORPORACIÓN MUNICIPAL,11,2,2,0,1,4,286,286,269,269,2,58,17,97,1,94
1,7,0,380,377,14,https://resultados2019.blob.core.windows.net/201901/147434.jpg,OK,0,5,QUICHÉ,CHAJUL,14743,CORPORACIÓN MUNICIPAL,18,2,2,0,1,4,303,303,278,278,0,48,16,93,0,121
0,8,0,380,373,14,https://resultados2019.blob.core.windows.net/201901/147544.jpg,OK,0,5,QUICHÉ,CHAJUL,14754,CORPORACIÓN MUNICIPAL,9,1,2,0,1,4,274,291,274,274,4,62,52,76,0,80
1,1,0,237,237,14,https://resultados2019.blob.core.windows.net/201901/147624.jpg,OK,0,5,QUICHÉ,CHAJUL,14762,CORPORACIÓN MUNICIPAL,10,2,2,0,1,4,169,169,158,158,9,30,5,51,0,63
1,5,0,400,397,14,https://resultados2019.blob.core.windows.net/201901/147114.jpg,OK,0,5,QUICHÉ,CHAJUL,14711,CORPORACIÓN MUNICIPAL,3,1,2,0,1,4,357,357,349,349,3,108,1,120,0,117
1,6,0,315,312,14,https://resultados2019.blob.core.windows.net/201901/147574.jpg,OK,0,5,QUICHÉ,CHAJUL,14757,CORPORACIÓN MUNICIPAL,3,2,2,0,1,4,268,268,259,259,1,65,2,110,0,81
1,3,0,315,312,14,https://resultados2019.blob.core.windows.net/201901/147584.jpg,OK,0,5,QUICHÉ,CHAJUL,14758,CORPORACIÓN MUNICIPAL,1,2,2,0,1,4,272,272,268,268,0,55,4,97,1,111
1,3,0,286,284,14,https://resultados2019.blob.core.windows.net/201901/147524.jpg,OK,0,5,QUICHÉ,CHAJUL,14752,CORPORACIÓN MUNICIPAL,2,1,2,0,1,4,230,230,225,225,0,62,24,84,4,51
1,4,0,380,381,14,https://resultados2019.blob.core.windows.net/201901/147484.jpg,OK,0,5,QUICHÉ,CHAJUL,14748,CORPORACIÓN MUNICIPAL,11,1,2,0,1,4,311,311,296,296,2,103,38,60,4,89
0,8,0,380,87,14,https://resultados2019.blob.core.windows.net/201901/147474.jpg,OK,2,5,QUICHÉ,CHAJUL,14747,CORPORACIÓN MUNICIPAL,11,1,2,0,1,4,294,207,188,275,0,79,30,0,0,79
1,3,0,400,393,14,https://resultados2019.blob.core.windows.net/201901/147194.jpg,OK,0,5,QUICHÉ,CHAJUL,14719,CORPORACIÓN MUNICIPAL,10,2,2,0,1,4,329,329,316,316,3,100,1,99,0,113
1,17,0,400,396,14,https://resultados2019.blob.core.windows.net/201901/147254.jpg,OK,0,5,QUICHÉ,CHAJUL,14725,CORPORACIÓN MUNICIPAL,14,2,2,0,1,4,334,334,303,303,6,53,1,136,1,106
1,3,0,400,400,14,https://resultados2019.blob.core.windows.net/201901/147094.jpg,OK,0,5,QUICHÉ,CHAJUL,14709,CORPORACIÓN MUNICIPAL,3,2,2,0,1,4,366,366,360,360,2,102,2,91,0,163
1,7,0,400,400,14,https://resultados2019.blob.core.windows.net/201901/147264.jpg,OK,0,5,QUICHÉ,CHAJUL,14726,CORPORACIÓN MUNICIPAL,7,2,2,0,1,4,335,335,321,321,7,80,2,104,1,127
0,0,0,380,0,14,https://resultados2019.blob.core.windows.net/201901/147534.jpg,OK,0,5,QUICHÉ,CHAJUL,14753,CORPORACIÓN MUNICIPAL,0,0,2,0,0,4,0,0,0,0,0,0,0,0,0,0
1,0,0,287,284,14,https://resultados2019.blob.core.windows.net/201901/147514.jpg,OK,0,5,QUICHÉ,CHAJUL,14751,CORPORACIÓN MUNICIPAL,2,1,2,0,1,4,250,250,248,248,0,92,22,57,0,77
