ACTACUADRA,BLANCOS,CNTIMPUGNA,CNTINSCRITOS,CNTPAPELETAS,DEP,IMGSRC,IMGSTATUS,INVALIDOS,MUN,NDEP,NMUN,NROMESA,NTE,NULOS,STACTA,STESCAN,STFISIC,STTRANS,TIPOELECCION,TOTALACTA,TOTALVOTOS,VOTOSVALIDOS,VOTOSVALIDOSACTA,voto_BIEN,voto_CCT,voto_COCIM,voto_FCN-NACION,voto_FUERZA,voto_MLP,voto_PC,voto_SEMILLA,voto_UCN,voto_UNE,voto_UNIDOS,voto_URNG_MAIZ,voto_VALOR,voto_VAMOS,voto_VIVA,voto_WINAQ
1,13,0,380,380,14,https://resultados2019.blob.core.windows.net/201901/148904.jpg,OK,0,6,QUICHÉ,CHICHICASTENANGO,14890,CORPORACIÓN MUNICIPAL,11,1,2,0,1,4,212,212,188,188,4,2,13,33,2,3,15,0,0,66,1,3,12,30,3,1
1,9,0,379,379,14,https://resultados2019.blob.core.windows.net/201901/147994.jpg,OK,0,6,QUICHÉ,CHICHICASTENANGO,14799,CORPORACIÓN MUNICIPAL,4,2,2,0,1,4,245,245,232,232,4,1,29,3,9,6,7,2,0,25,0,1,59,84,1,1
0,5,0,380,380,14,https://resultados2019.blob.core.windows.net/201901/148184.jpg,OK,0,6,QUICHÉ,CHICHICASTENANGO,14818,CORPORACIÓN MUNICIPAL,12,2,2,0,1,4,247,235,218,230,0,2,0,11,3,5,49,0,3,43,0,2,41,54,2,3
1,9,0,380,380,14,https://resultados2019.blob.core.windows.net/201901/148434.jpg,OK,0,6,QUICHÉ,CHICHICASTENANGO,14843,CORPORACIÓN MUNICIPAL,7,1,0,0,1,4,223,223,207,207,0,0,41,1,2,6,11,0,0,82,0,3,15,44,1,1
0,18,0,380,380,14,https://resultados2019.blob.core.windows.net/201901/148604.jpg,OK,0,6,QUICHÉ,CHICHICASTENANGO,14860,CORPORACIÓN MUNICIPAL,18,2,2,0,1,4,254,237,201,218,4,0,0,0,17,2,21,0,2,63,0,2,26,63,1,0
1,14,0,380,380,14,https://resultados2019.blob.core.windows.net/201901/149194.jpg,OK,0,6,QUICHÉ,CHICHICASTENANGO,14919,CORPORACIÓN MUNICIPAL,13,1,2,0,1,4,221,221,194,194,3,1,17,6,3,2,10,0,1,35,0,0,22,90,1,3
1,10,0,400,400,14,https://resultados2019.blob.core.windows.net/201901/147654.jpg,OK,0,6,QUICHÉ,CHICHICASTENANGO,14765,CORPORACIÓN MUNICIPAL,11,2,2,0,1,4,293,293,272,272,10,1,17,3,15,8,24,2,2,46,0,12,44,77,4,7
1,5,0,299,299,14,https://resultados2019.blob.core.windows.net/201901/148664.jpg,OK,0,6,QUICHÉ,CHICHICASTENANGO,14866,CORPORACIÓN MUNICIPAL,6,1,2,0,1,4,206,206,195,195,2,0,13,3,3,0,23,0,1,46,1,0,10,92,0,1
1,17,0,400,400,14,https://resultados2019.blob.core.windows.net/201901/147904.jpg,OK,97,6,QUICHÉ,CHICHICASTENANGO,14790,CORPORACIÓN MUNICIPAL,12,1,2,0,1,4,303,303,274,274,14,0,28,15,7,5,21,2,1,33,0,9,49,86,3,1
1,8,0,380,380,14,https://resultados2019.blob.core.windows.net/201901/148744.jpg,OK,0,6,QUICHÉ,CHICHICASTENANGO,14874,CORPORACIÓN MUNICIPAL,16,1,1,0,1,4,284,284,260,260,5,0,19,7,2,3,19,0,0,56,1,3,91,54,0,0
1,22,0,380,380,14,https://resultados2019.blob.core.windows.net/201901/148104.jpg,OK,0,6,QUICHÉ,CHICHICASTENANGO,14810,CORPORACIÓN MUNICIPAL,12,2,2,0,1,4,245,245,211,211,1,4,40,4,0,0,20,0,0,54,1,3,43,36,3,2
1,12,0,380,380,14,https://resultados2019.blob.core.windows.net/201901/148454.jpg,OK,0,6,QUICHÉ,CHICHICASTENANGO,14845,CORPORACIÓN MUNICIPAL,14,1,0,0,1,4,239,239,213,213,4,0,28,0,0,10,16,0,0,92,0,11,16,32,2,2
1,5,0,299,299,14,https://resultados2019.blob.core.windows.net/201901/148654.jpg,OK,0,6,QUICHÉ,CHICHICASTENANGO,14865,CORPORACIÓN MUNICIPAL,5,2,2,0,1,4,186,186,176,176,1,0,12,1,4,1,25,0,0,52,0,0,11,69,0,0
1,12,0,380,380,14,https://resultados2019.blob.core.windows.net/201901/149244.jpg,OK,0,6,QUICHÉ,CHICHICASTENANGO,14924,CORPORACIÓN MUNICIPAL,20,2,2,0,1,4,263,263,231,231,2,1,13,6,23,11,24,7,0,81,0,3,15,42,2,1
1,16,0,380,0,14,https://resultados2019.blob.core.windows.net/201901/149174.jpg,OK,0,6,QUICHÉ,CHICHICASTENANGO,14917,CORPORACIÓN MUNICIPAL,11,1,2,0,1,4,205,205,178,178,3,0,16,5,4,2,9,0,0,24,0,2,20,86,1,6
1,21,0,380,380,14,https://resultados2019.blob.core.windows.net/201901/148944.jpg,OK,0,6,QUICHÉ,CHICHICASTENANGO,14894,CORPORACIÓN MUNICIPAL,13,1,2,0,1,4,232,232,198,198,2,1,32,7,3,5,26,1,4,74,0,2,20,17,2,2
1,12,0,380,380,14,https://resultados2019.blob.core.windows.net/201901/148494.jpg,OK,0,6,QUICHÉ,CHICHICASTENANGO,14849,CORPORACIÓN MUNICIPAL,9,1,0,0,1,4,190,190,169,169,1,0,28,3,1,4,8,1,0,62,0,5,8,43,1,4
1,13,0,380,376,14,https://resultados2019.blob.core.windows.net/201901/148174.jpg,OK,0,6,QUICHÉ,CHICHICASTENANGO,14817,CORPORACIÓN MUNICIPAL,13,2,2,0,1,4,275,275,249,249,5,3,10,18,2,4,7,1,0,42,0,1,17,133,6,0
1,7,0,400,400,14,https://resultados2019.blob.core.windows.net/201901/147764.jpg,OK,0,6,QUICHÉ,CHICHICASTENANGO,14776,CORPORACIÓN MUNICIPAL,8,2,2,0,1,4,283,283,268,268,17,0,13,4,9,7,19,3,1,30,2,10,77,66,7,3
1,25,0,380,380,14,https://resultados2019.blob.core.windows.net/201901/148774.jpg,OK,0,6,QUICHÉ,CHICHICASTENANGO,14877,CORPORACIÓN MUNICIPAL,7,2,2,0,1,4,274,274,242,242,3,3,0,27,0,2,24,0,0,100,0,1,17,61,3,1
1,10,0,380,380,14,https://resultados2019.blob.core.windows.net/201901/148044.jpg,OK,0,6,QUICHÉ,CHICHICASTENANGO,14804,CORPORACIÓN MUNICIPAL,12,2,2,0,1,4,256,256,234,234,8,0,19,15,17,3,17,4,0,32,0,4,53,58,2,2
0,11,0,380,380,14,https://resultados2019.blob.core.windows.net/201901/149064.jpg,OK,0,6,QUICHÉ,CHICHICASTENANGO,14906,CORPORACIÓN MUNICIPAL,9,2,2,0,1,4,281,279,259,261,2,1,16,6,0,18,60,0,0,103,0,1,8,43,1,0
1,13,0,400,400,14,https://resultados2019.blob.core.windows.net/201901/147884.jpg,OK,0,6,QUICHÉ,CHICHICASTENANGO,14788,CORPORACIÓN MUNICIPAL,13,1,2,0,1,4,313,313,287,287,13,1,23,12,2,5,10,1,2,44,1,7,59,94,4,9
1,3,0,380,380,14,https://resultados2019.blob.core.windows.net/201901/149044.jpg,OK,1,6,QUICHÉ,CHICHICASTENANGO,14904,CORPORACIÓN MUNICIPAL,11,2,2,0,1,4,294,294,280,280,3,0,34,4,1,15,117,0,1,77,0,3,6,18,0,1
1,10,0,380,380,14,https://resultados2019.blob.core.windows.net/201901/148584.jpg,OK,0,6,QUICHÉ,CHICHICASTENANGO,14858,CORPORACIÓN MUNICIPAL,18,2,2,0,1,4,282,282,254,254,5,0,13,6,9,2,26,0,1,75,0,1,15,100,1,0
1,8,0,380,380,14,https://resultados2019.blob.core.windows.net/201901/148424.jpg,OK,0,6,QUICHÉ,CHICHICASTENANGO,14842,CORPORACIÓN MUNICIPAL,15,2,0,0,1,4,240,240,217,217,3,0,32,1,0,4,28,1,1,87,0,5,8,44,0,3
1,14,0,380,376,14,https://resultados2019.blob.core.windows.net/201901/149274.jpg,OK,0,6,QUICHÉ,CHICHICASTENANGO,14927,CORPORACIÓN MUNICIPAL,14,2,2,0,1,4,205,205,177,177,3,2,11,4,1,8,31,11,0,50,0,7,3,43,0,3
1,2,0,287,287,14,https://resultados2019.blob.core.windows.net/201901/149114.jpg,OK,0,6,QUICHÉ,CHICHICASTENANGO,14911,CORPORACIÓN MUNICIPAL,3,2,2,0,1,4,187,187,182,182,5,0,24,1,1,10,22,0,1,81,1,2,6,27,0,1
1,19,0,380,380,14,https://resultados2019.blob.core.windows.net/201901/149094.jpg,OK,0,6,QUICHÉ,CHICHICASTENANGO,14909,CORPORACIÓN MUNICIPAL,17,2,2,0,1,4,232,232,196,196,0,0,23,0,1,21,24,0,0,95,0,0,2,29,1,0
1,8,0,400,400,14,https://resultados2019.blob.core.windows.net/201901/147944.jpg,OK,0,6,QUICHÉ,CHICHICASTENANGO,14794,CORPORACIÓN MUNICIPAL,8,2,2,0,1,4,259,259,243,243,9,1,24,1,5,4,2,3,0,27,0,10,58,94,0,5
1,8,0,380,380,14,https://resultados2019.blob.core.windows.net/201901/148504.jpg,OK,0,6,QUICHÉ,CHICHICASTENANGO,14850,CORPORACIÓN MUNICIPAL,8,1,0,0,1,4,195,195,179,179,4,1,21,2,0,7,18,1,2,63,0,5,12,40,2,1
1,8,0,331,201,14,https://resultados2019.blob.core.windows.net/201901/148534.jpg,OK,0,6,QUICHÉ,CHICHICASTENANGO,14853,CORPORACIÓN MUNICIPAL,12,1,0,0,1,4,201,201,181,181,1,0,24,1,1,9,17,1,0,82,0,4,8,31,0,2
1,20,0,380,380,14,https://resultados2019.blob.core.windows.net/201901/148964.jpg,OK,0,6,QUICHÉ,CHICHICASTENANGO,14896,CORPORACIÓN MUNICIPAL,10,1,2,0,1,4,221,221,191,191,3,2,18,1,1,3,8,0,13,76,0,3,38,18,2,5
1,9,0,273,273,14,https://resultados2019.blob.core.windows.net/201901/148074.jpg,OK,0,6,QUICHÉ,CHICHICASTENANGO,14807,CORPORACIÓN MUNICIPAL,8,2,2,0,1,4,167,167,150,150,9,0,11,4,7,2,11,7,0,23,0,3,31,39,2,1
1,15,0,380,380,14,https://resultados2019.blob.core.windows.net/201901/148614.jpg,OK,0,6,QUICHÉ,CHICHICASTENANGO,14861,CORPORACIÓN MUNICIPAL,12,2,2,0,1,4,236,236,209,209,5,0,9,7,5,3,17,1,1,64,0,2,16,77,1,1
1,10,0,400,400,14,https://resultados2019.blob.core.windows.net/201901/147674.jpg,OK,0,6,QUICHÉ,CHICHICASTENANGO,14767,CORPORACIÓN MUNICIPAL,14,2,2,0,1,4,296,296,272,272,15,0,17,7,8,5,20,2,4,80,0,6,40,61,5,2
1,2,0,400,400,14,https://resultados2019.blob.core.windows.net/201901/147724.jpg,OK,0,6,QUICHÉ,CHICHICASTENANGO,14772,CORPORACIÓN MUNICIPAL,7,2,2,0,1,4,295,295,286,286,9,3,12,9,9,3,9,6,2,58,1,8,83,62,9,3
1,10,0,380,380,14,https://resultados2019.blob.core.windows.net/201901/148394.jpg,OK,0,6,QUICHÉ,CHICHICASTENANGO,14839,CORPORACIÓN MUNICIPAL,13,1,0,0,1,4,242,242,219,219,4,0,34,1,2,5,11,0,1,82,0,3,14,59,2,1
1,10,0,380,381,14,https://resultados2019.blob.core.windows.net/201901/148464.jpg,OK,0,6,QUICHÉ,CHICHICASTENANGO,14846,CORPORACIÓN MUNICIPAL,7,1,0,0,1,4,226,226,209,209,1,0,26,0,0,7,17,2,3,75,0,2,16,57,1,2
1,8,0,380,380,14,https://resultados2019.blob.core.windows.net/201901/148264.jpg,OK,17,6,QUICHÉ,CHICHICASTENANGO,14826,CORPORACIÓN MUNICIPAL,0,2,2,0,1,4,220,220,212,212,0,6,23,8,5,7,21,1,0,32,0,3,24,74,5,3
1,8,0,315,315,14,https://resultados2019.blob.core.windows.net/201901/148834.jpg,OK,0,6,QUICHÉ,CHICHICASTENANGO,14883,CORPORACIÓN MUNICIPAL,2,2,2,0,1,4,242,242,232,232,0,0,12,6,0,1,25,2,1,121,0,1,15,48,0,0
0,23,0,380,380,14,https://resultados2019.blob.core.windows.net/201901/148034.jpg,OK,0,6,QUICHÉ,CHICHICASTENANGO,14803,CORPORACIÓN MUNICIPAL,12,2,2,0,1,4,299,189,154,264,15,0,15,8,9,5,9,7,2,38,2,10,29,5,0,0
1,16,0,400,400,14,https://resultados2019.blob.core.windows.net/201901/147864.jpg,OK,0,6,QUICHÉ,CHICHICASTENANGO,14786,CORPORACIÓN MUNICIPAL,16,1,2,0,1,4,286,286,254,254,4,1,25,1,6,5,8,0,0,48,1,19,31,100,1,4
1,11,0,400,400,14,https://resultados2019.blob.core.windows.net/201901/147714.jpg,OK,0,6,QUICHÉ,CHICHICASTENANGO,14771,CORPORACIÓN MUNICIPAL,16,2,2,0,1,4,295,295,268,268,13,0,28,6,8,7,30,1,1,50,3,12,56,48,1,4
1,11,0,380,375,14,https://resultados2019.blob.core.windows.net/201901/148954.jpg,OK,0,6,QUICHÉ,CHICHICASTENANGO,14895,CORPORACIÓN MUNICIPAL,13,1,2,0,1,4,210,210,186,186,2,0,16,1,4,3,5,2,11,75,0,1,42,21,3,0
1,7,0,331,331,14,https://resultados2019.blob.core.windows.net/201901/148524.jpg,OK,0,6,QUICHÉ,CHICHICASTENANGO,14852,CORPORACIÓN MUNICIPAL,1,1,0,0,1,4,217,217,209,209,2,0,33,2,0,5,25,4,1,91,0,5,7,33,1,0
1,9,0,380,376,14,https://resultados2019.blob.core.windows.net/201901/148144.jpg,OK,0,6,QUICHÉ,CHICHICASTENANGO,14814,CORPORACIÓN MUNICIPAL,6,2,2,0,1,4,259,259,244,244,3,3,11,12,7,6,26,1,2,59,1,4,14,92,3,0
1,147,0,380,377,14,https://resultados2019.blob.core.windows.net/201901/148134.jpg,OK,0,6,QUICHÉ,CHICHICASTENANGO,14813,CORPORACIÓN MUNICIPAL,23,2,2,0,1,4,377,377,207,207,2,2,10,3,0,4,26,1,1,47,0,1,20,87,2,1
1,2,0,400,400,14,https://resultados2019.blob.core.windows.net/201901/147834.jpg,OK,0,6,QUICHÉ,CHICHICASTENANGO,14783,CORPORACIÓN MUNICIPAL,7,2,2,0,1,4,245,245,236,236,19,1,21,7,7,5,15,2,1,25,2,4,67,52,8,0
1,17,0,380,380,14,https://resultados2019.blob.core.windows.net/201901/148384.jpg,OK,0,6,QUICHÉ,CHICHICASTENANGO,14838,CORPORACIÓN MUNICIPAL,13,1,0,0,1,4,242,242,212,212,4,0,23,3,3,5,13,0,2,61,0,4,10,79,2,3
1,11,0,380,380,14,https://resultados2019.blob.core.windows.net/201901/148974.jpg,OK,0,6,QUICHÉ,CHICHICASTENANGO,14897,CORPORACIÓN MUNICIPAL,12,1,2,0,1,4,195,195,172,172,1,1,16,2,1,2,7,0,8,77,0,1,35,20,1,0
1,8,0,400,400,14,https://resultados2019.blob.core.windows.net/201901/147894.jpg,OK,0,6,QUICHÉ,CHICHICASTENANGO,14789,CORPORACIÓN MUNICIPAL,15,1,2,0,1,4,298,298,275,275,8,2,21,11,6,8,16,0,1,32,1,7,52,97,4,9
1,12,0,380,380,14,https://resultados2019.blob.core.windows.net/201901/149054.jpg,OK,0,6,QUICHÉ,CHICHICASTENANGO,14905,CORPORACIÓN MUNICIPAL,11,2,2,0,1,4,274,274,251,251,3,0,30,3,1,30,35,0,1,95,0,2,5,46,0,0
1,17,0,380,376,14,https://resultados2019.blob.core.windows.net/201901/148344.jpg,OK,0,6,QUICHÉ,CHICHICASTENANGO,14834,CORPORACIÓN MUNICIPAL,13,1,0,0,1,4,263,263,233,233,3,1,32,3,0,8,23,0,3,115,0,3,4,36,0,2
1,9,0,380,380,14,https://resultados2019.blob.core.windows.net/201901/148154.jpg,OK,0,6,QUICHÉ,CHICHICASTENANGO,14815,CORPORACIÓN MUNICIPAL,14,1,2,0,1,4,266,266,243,243,7,6,9,9,2,9,6,0,1,52,2,3,23,103,4,7
1,1,0,400,400,14,https://resultados2019.blob.core.windows.net/201901/147784.jpg,OK,0,6,QUICHÉ,CHICHICASTENANGO,14778,CORPORACIÓN MUNICIPAL,5,2,2,0,1,4,277,277,271,271,10,4,11,1,12,4,12,3,0,26,1,9,96,71,5,6
0,21,0,380,380,14,https://resultados2019.blob.core.windows.net/201901/148864.jpg,OK,0,6,QUICHÉ,CHICHICASTENANGO,14886,CORPORACIÓN MUNICIPAL,15,1,2,0,1,4,296,269,233,260,3,1,3,0,6,2,13,1,9,62,0,3,69,52,7,2
0,8,0,380,380,14,https://resultados2019.blob.core.windows.net/201901/148514.jpg,OK,0,6,QUICHÉ,CHICHICASTENANGO,14851,CORPORACIÓN MUNICIPAL,7,1,0,0,1,4,217,216,201,201,0,0,34,2,0,13,17,0,2,75,0,3,11,44,0,0
1,12,0,380,380,14,https://resultados2019.blob.core.windows.net/201901/148474.jpg,OK,0,6,QUICHÉ,CHICHICASTENANGO,14847,CORPORACIÓN MUNICIPAL,6,1,0,0,1,4,231,231,213,213,6,0,29,1,4,11,21,0,0,70,0,7,6,57,1,0
1,12,0,380,380,14,https://resultados2019.blob.core.windows.net/201901/148124.jpg,OK,0,6,QUICHÉ,CHICHICASTENANGO,14812,CORPORACIÓN MUNICIPAL,12,2,2,0,1,4,241,241,217,217,7,2,15,8,2,6,7,0,1,67,0,1,12,78,5,6
0,19,0,380,376,14,https://resultados2019.blob.core.windows.net/201901/148914.jpg,OK,0,6,QUICHÉ,CHICHICASTENANGO,14891,CORPORACIÓN MUNICIPAL,8,1,2,0,1,4,202,194,167,175,2,0,22,4,3,6,0,0,0,90,1,2,20,9,3,5
1,9,0,380,380,14,https://resultados2019.blob.core.windows.net/201901/148734.jpg,OK,0,6,QUICHÉ,CHICHICASTENANGO,14873,CORPORACIÓN MUNICIPAL,17,1,1,0,1,4,292,292,266,266,4,0,27,7,7,0,12,0,0,59,0,0,92,55,0,3
1,16,0,380,380,14,https://resultados2019.blob.core.windows.net/201901/148644.jpg,OK,0,6,QUICHÉ,CHICHICASTENANGO,14864,CORPORACIÓN MUNICIPAL,13,2,2,0,1,4,226,226,197,197,4,0,10,3,5,2,27,0,0,57,0,0,12,75,2,0
1,21,0,380,380,14,https://resultados2019.blob.core.windows.net/201901/148684.jpg,OK,0,6,QUICHÉ,CHICHICASTENANGO,14868,CORPORACIÓN MUNICIPAL,14,1,1,0,1,4,281,281,246,246,5,0,36,7,3,0,10,2,0,94,0,0,43,45,1,0
1,11,0,600,600,14,https://resultados2019.blob.core.windows.net/201901/149304.jpg,OK,0,6,QUICHÉ,CHICHICASTENANGO,14930,CORPORACIÓN MUNICIPAL,3,2,2,0,1,4,130,130,116,116,6,0,8,1,0,5,3,0,6,14,0,3,28,33,2,7
1,15,0,380,380,14,https://resultados2019.blob.core.windows.net/201901/149264.jpg,OK,0,6,QUICHÉ,CHICHICASTENANGO,14926,CORPORACIÓN MUNICIPAL,10,2,2,0,1,4,220,220,195,195,1,0,17,4,10,5,31,11,0,44,0,3,8,58,0,3
1,9,0,600,600,14,https://resultados2019.blob.core.windows.net/201901/149324.jpg,OK,0,6,QUICHÉ,CHICHICASTENANGO,14932,CORPORACIÓN MUNICIPAL,9,2,0,0,1,4,163,163,145,145,6,1,5,4,4,7,5,2,4,12,1,11,44,34,4,1
1,9,0,400,400,14,https://resultados2019.blob.core.windows.net/201901/147804.jpg,OK,0,6,QUICHÉ,CHICHICASTENANGO,14780,CORPORACIÓN MUNICIPAL,5,2,2,0,1,4,286,286,272,272,17,2,9,5,8,7,17,4,0,43,1,9,66,76,7,1
1,21,0,380,376,14,https://resultados2019.blob.core.windows.net/201901/148024.jpg,OK,0,6,QUICHÉ,CHICHICASTENANGO,14802,CORPORACIÓN MUNICIPAL,17,2,2,0,1,4,260,260,222,222,11,0,16,13,4,6,12,2,0,43,1,9,28,70,6,1
1,23,0,380,380,14,https://resultados2019.blob.core.windows.net/201901/149234.jpg,OK,0,6,QUICHÉ,CHICHICASTENANGO,14923,CORPORACIÓN MUNICIPAL,23,2,2,0,1,4,259,259,213,213,5,0,15,2,10,5,17,1,0,118,0,2,8,30,0,0
1,1,0,360,360,14,https://resultados2019.blob.core.windows.net/201901/147844.jpg,OK,0,6,QUICHÉ,CHICHICASTENANGO,14784,CORPORACIÓN MUNICIPAL,4,2,2,0,1,4,238,238,233,233,17,0,8,4,19,8,5,9,1,37,1,6,63,46,5,4
1,18,0,380,376,14,https://resultados2019.blob.core.windows.net/201901/149254.jpg,OK,0,6,QUICHÉ,CHICHICASTENANGO,14925,CORPORACIÓN MUNICIPAL,11,2,2,0,1,4,254,254,225,225,3,1,13,9,1,18,23,4,2,95,0,4,9,42,1,0
1,5,0,380,380,14,https://resultados2019.blob.core.windows.net/201901/148224.jpg,OK,0,6,QUICHÉ,CHICHICASTENANGO,14822,CORPORACIÓN MUNICIPAL,20,2,2,0,1,4,261,261,236,236,2,13,22,20,7,12,16,0,1,46,4,3,26,48,11,5
1,10,0,400,400,14,https://resultados2019.blob.core.windows.net/201901/147744.jpg,OK,129,6,QUICHÉ,CHICHICASTENANGO,14774,CORPORACIÓN MUNICIPAL,10,2,2,0,1,4,271,271,251,251,17,3,16,3,11,3,25,4,1,35,0,6,55,67,3,2
1,10,0,380,376,14,https://resultados2019.blob.core.windows.net/201901/148414.jpg,OK,0,6,QUICHÉ,CHICHICASTENANGO,14841,CORPORACIÓN MUNICIPAL,10,2,0,0,1,4,238,238,218,218,4,0,32,2,0,5,16,0,1,98,0,4,14,37,2,3
0,15,0,380,380,14,https://resultados2019.blob.core.windows.net/201901/148214.jpg,OK,0,6,QUICHÉ,CHICHICASTENANGO,14821,CORPORACIÓN MUNICIPAL,9,2,2,0,1,4,255,231,207,241,3,12,0,20,6,16,12,1,1,43,0,4,26,51,6,6
1,13,0,380,380,14,https://resultados2019.blob.core.windows.net/201901/148354.jpg,OK,0,6,QUICHÉ,CHICHICASTENANGO,14835,CORPORACIÓN MUNICIPAL,22,1,0,0,1,4,245,245,210,210,4,2,24,3,0,12,14,0,5,112,0,2,7,21,2,2
1,7,0,300,300,14,https://resultados2019.blob.core.windows.net/201901/148764.jpg,OK,0,6,QUICHÉ,CHICHICASTENANGO,14876,CORPORACIÓN MUNICIPAL,2,1,1,0,1,4,236,236,227,227,2,0,18,3,1,4,18,0,0,49,1,2,69,58,1,1
1,11,0,380,380,14,https://resultados2019.blob.core.windows.net/201901/148014.jpg,OK,0,6,QUICHÉ,CHICHICASTENANGO,14801,CORPORACIÓN MUNICIPAL,17,2,1,0,1,4,251,251,223,223,10,0,17,8,12,4,19,7,2,45,1,9,40,45,1,3
1,6,0,380,376,14,https://resultados2019.blob.core.windows.net/201901/148204.jpg,OK,0,6,QUICHÉ,CHICHICASTENANGO,14820,CORPORACIÓN MUNICIPAL,4,2,2,0,1,4,204,204,194,194,3,4,13,16,2,8,9,0,0,45,0,0,25,65,1,3
1,13,0,380,373,14,https://resultados2019.blob.core.windows.net/201901/148334.jpg,OK,0,6,QUICHÉ,CHICHICASTENANGO,14833,CORPORACIÓN MUNICIPAL,12,1,0,0,1,4,218,218,193,193,1,0,33,3,2,8,23,0,1,90,1,10,4,17,0,0
1,11,0,237,237,14,https://resultados2019.blob.core.windows.net/201901/149204.jpg,OK,0,6,QUICHÉ,CHICHICASTENANGO,14920,CORPORACIÓN MUNICIPAL,3,1,2,0,1,4,121,121,107,107,1,0,9,0,2,1,0,0,1,20,1,2,12,55,0,3
1,13,0,380,380,14,https://resultados2019.blob.core.windows.net/201901/148874.jpg,OK,0,6,QUICHÉ,CHICHICASTENANGO,14887,CORPORACIÓN MUNICIPAL,11,1,2,0,1,4,232,232,208,208,1,1,24,2,2,1,21,0,5,68,0,0,28,54,1,0
1,8,0,400,400,14,https://resultados2019.blob.core.windows.net/201901/147684.jpg,OK,0,6,QUICHÉ,CHICHICASTENANGO,14768,CORPORACIÓN MUNICIPAL,13,2,2,0,1,4,294,294,273,273,22,2,17,9,9,9,10,2,0,39,2,8,65,69,7,3
1,18,0,380,380,14,https://resultados2019.blob.core.windows.net/201901/148894.jpg,OK,0,6,QUICHÉ,CHICHICASTENANGO,14889,CORPORACIÓN MUNICIPAL,9,1,2,0,1,4,261,261,234,234,1,4,35,5,2,2,9,1,5,121,1,1,34,9,2,2
1,2,0,400,400,14,https://resultados2019.blob.core.windows.net/201901/147824.jpg,OK,0,6,QUICHÉ,CHICHICASTENANGO,14782,CORPORACIÓN MUNICIPAL,7,2,2,0,1,4,253,253,244,244,17,0,3,6,10,14,15,4,2,33,1,9,65,59,3,3
1,19,0,380,376,14,https://resultados2019.blob.core.windows.net/201901/149224.jpg,OK,0,6,QUICHÉ,CHICHICASTENANGO,14922,CORPORACIÓN MUNICIPAL,33,2,2,0,1,4,270,270,218,218,1,1,7,7,6,10,31,14,1,74,0,1,6,57,0,2
1,17,0,380,380,14,https://resultados2019.blob.core.windows.net/201901/149134.jpg,OK,0,6,QUICHÉ,CHICHICASTENANGO,14913,CORPORACIÓN MUNICIPAL,20,1,2,0,1,4,235,235,198,198,4,0,8,3,0,1,15,0,0,32,0,0,18,111,1,5
1,13,0,380,380,14,https://resultados2019.blob.core.windows.net/201901/148594.jpg,OK,0,6,QUICHÉ,CHICHICASTENANGO,14859,CORPORACIÓN MUNICIPAL,11,2,2,0,1,4,275,275,251,251,1,0,6,10,3,1,44,0,1,68,0,2,17,98,0,0
1,6,0,292,292,14,https://resultados2019.blob.core.windows.net/201901/148994.jpg,OK,0,6,QUICHÉ,CHICHICASTENANGO,14899,CORPORACIÓN MUNICIPAL,4,1,2,0,1,4,171,171,161,161,2,1,17,3,4,2,7,1,8,60,0,0,32,23,0,1
0,16,0,380,380,14,https://resultados2019.blob.core.windows.net/201901/148794.jpg,OK,0,6,QUICHÉ,CHICHICASTENANGO,14879,CORPORACIÓN MUNICIPAL,20,2,2,0,1,4,289,289,253,203,1,0,11,0,3,2,18,0,0,139,0,1,22,56,0,0
1,17,0,380,380,14,https://resultados2019.blob.core.windows.net/201901/148634.jpg,OK,0,6,QUICHÉ,CHICHICASTENANGO,14863,CORPORACIÓN MUNICIPAL,16,2,2,0,1,4,260,260,227,227,4,0,21,2,4,1,35,0,1,55,0,1,11,87,3,2
1,18,2,380,376,14,https://resultados2019.blob.core.windows.net/201901/149154.jpg,OK,0,6,QUICHÉ,CHICHICASTENANGO,14915,CORPORACIÓN MUNICIPAL,15,1,2,0,1,4,233,233,200,200,1,0,18,2,10,2,3,0,2,46,0,1,20,84,1,10
1,9,0,380,380,14,https://resultados2019.blob.core.windows.net/201901/148244.jpg,OK,0,6,QUICHÉ,CHICHICASTENANGO,14824,CORPORACIÓN MUNICIPAL,14,2,2,0,1,4,252,252,229,229,5,11,18,15,5,6,21,2,1,61,0,6,18,38,15,7
1,12,0,380,380,14,https://resultados2019.blob.core.windows.net/201901/148254.jpg,OK,2,6,QUICHÉ,CHICHICASTENANGO,14825,CORPORACIÓN MUNICIPAL,19,2,2,0,1,4,246,246,215,215,0,7,19,16,7,5,11,0,3,58,0,4,15,64,3,3
1,10,0,380,375,14,https://resultados2019.blob.core.windows.net/201901/148934.jpg,OK,0,6,QUICHÉ,CHICHICASTENANGO,14893,CORPORACIÓN MUNICIPAL,3,1,2,0,1,4,202,202,189,189,2,1,21,5,6,2,12,0,5,61,0,1,41,29,0,3
1,26,0,400,400,14,https://resultados2019.blob.core.windows.net/201901/147934.jpg,OK,0,6,QUICHÉ,CHICHICASTENANGO,14793,CORPORACIÓN MUNICIPAL,12,2,1,0,1,4,244,244,206,206,5,1,14,5,6,8,11,3,0,38,0,14,42,57,1,1
0,13,0,380,380,14,https://resultados2019.blob.core.windows.net/201901/148694.jpg,OK,0,6,QUICHÉ,CHICHICASTENANGO,14869,CORPORACIÓN MUNICIPAL,22,1,1,0,1,4,342,287,252,307,4,0,0,13,0,3,27,0,3,54,1,1,48,97,0,1
1,4,0,293,291,14,https://resultados2019.blob.core.windows.net/201901/148984.jpg,OK,0,6,QUICHÉ,CHICHICASTENANGO,14898,CORPORACIÓN MUNICIPAL,6,1,2,0,1,4,157,157,147,147,1,1,13,4,5,6,9,0,6,46,0,2,30,18,3,3
1,5,0,400,400,14,https://resultados2019.blob.core.windows.net/201901/147974.jpg,OK,0,6,QUICHÉ,CHICHICASTENANGO,14797,CORPORACIÓN MUNICIPAL,13,2,2,0,1,4,253,253,235,235,12,0,16,3,12,5,13,6,1,19,2,6,55,76,6,3
1,7,0,380,378,14,https://resultados2019.blob.core.windows.net/201901/148294.jpg,OK,0,6,QUICHÉ,CHICHICASTENANGO,14829,CORPORACIÓN MUNICIPAL,6,2,2,0,1,4,200,200,187,187,3,5,28,7,3,4,14,0,1,35,0,4,21,58,1,3
1,11,0,380,0,14,https://resultados2019.blob.core.windows.net/201901/148114.jpg,OK,0,6,QUICHÉ,CHICHICASTENANGO,14811,CORPORACIÓN MUNICIPAL,13,2,2,0,1,4,248,248,224,224,3,3,19,6,4,16,21,1,3,50,0,2,30,56,5,5
1,13,0,380,380,14,https://resultados2019.blob.core.windows.net/201901/148814.jpg,OK,0,6,QUICHÉ,CHICHICASTENANGO,14881,CORPORACIÓN MUNICIPAL,7,2,2,0,1,4,293,293,273,273,1,0,14,4,1,1,25,0,2,144,0,1,22,57,0,1
1,17,0,380,376,14,https://resultados2019.blob.core.windows.net/201901/148004.jpg,OK,0,6,QUICHÉ,CHICHICASTENANGO,14800,CORPORACIÓN MUNICIPAL,9,2,1,0,1,4,279,279,253,253,10,0,7,2,1,5,30,2,0,70,0,6,35,81,3,1
1,20,0,400,400,14,https://resultados2019.blob.core.windows.net/201901/147914.jpg,OK,0,6,QUICHÉ,CHICHICASTENANGO,14791,CORPORACIÓN MUNICIPAL,14,1,2,0,1,4,310,310,276,276,10,2,16,13,3,6,17,5,1,34,2,4,72,85,2,4
1,10,0,380,376,14,https://resultados2019.blob.core.windows.net/201901/148854.jpg,OK,0,6,QUICHÉ,CHICHICASTENANGO,14885,CORPORACIÓN MUNICIPAL,11,1,2,0,1,4,265,265,244,244,3,0,30,2,3,1,6,0,27,85,1,2,45,34,3,2
0,16,0,380,380,14,https://resultados2019.blob.core.windows.net/201901/148284.jpg,OK,4,6,QUICHÉ,CHICHICASTENANGO,14828,CORPORACIÓN MUNICIPAL,8,2,2,0,1,4,215,173,149,191,3,10,0,10,2,7,0,0,0,47,0,3,17,45,4,1
1,15,0,400,400,14,https://resultados2019.blob.core.windows.net/201901/147664.jpg,OK,0,6,QUICHÉ,CHICHICASTENANGO,14766,CORPORACIÓN MUNICIPAL,19,2,2,0,1,4,282,282,248,248,11,0,13,8,14,2,14,0,2,84,1,13,27,48,6,5
1,29,0,380,380,14,https://resultados2019.blob.core.windows.net/201901/148804.jpg,OK,0,6,QUICHÉ,CHICHICASTENANGO,14880,CORPORACIÓN MUNICIPAL,14,2,2,0,1,4,301,301,258,258,2,0,14,1,1,1,28,2,0,144,0,1,14,48,2,0
1,13,0,380,376,14,https://resultados2019.blob.core.windows.net/201901/148194.jpg,OK,0,6,QUICHÉ,CHICHICASTENANGO,14819,CORPORACIÓN MUNICIPAL,17,2,2,0,1,4,240,240,210,210,3,5,18,7,5,4,44,0,1,48,0,4,27,34,6,4
1,9,0,400,400,14,https://resultados2019.blob.core.windows.net/201901/147794.jpg,OK,108,6,QUICHÉ,CHICHICASTENANGO,14779,CORPORACIÓN MUNICIPAL,7,2,2,0,1,4,292,292,276,276,12,1,15,9,9,11,21,4,1,34,0,3,60,83,10,3
1,3,0,400,400,14,https://resultados2019.blob.core.windows.net/201901/147734.jpg,OK,0,6,QUICHÉ,CHICHICASTENANGO,14773,CORPORACIÓN MUNICIPAL,3,2,2,0,1,4,234,234,228,228,13,0,7,4,9,10,11,5,0,37,1,6,62,58,3,2
1,10,0,400,400,14,https://resultados2019.blob.core.windows.net/201901/147754.jpg,OK,0,6,QUICHÉ,CHICHICASTENANGO,14775,CORPORACIÓN MUNICIPAL,12,2,2,0,1,4,288,288,266,266,8,1,9,5,10,3,25,2,0,53,1,7,53,82,5,2
1,18,0,380,379,14,https://resultados2019.blob.core.windows.net/201901/148884.jpg,OK,0,6,QUICHÉ,CHICHICASTENANGO,14888,CORPORACIÓN MUNICIPAL,15,1,2,0,1,4,246,246,213,213,1,2,27,4,4,6,23,0,5,79,0,2,45,12,0,3
1,8,0,400,400,14,https://resultados2019.blob.core.windows.net/201901/147814.jpg,OK,0,6,QUICHÉ,CHICHICASTENANGO,14781,CORPORACIÓN MUNICIPAL,11,2,2,0,1,4,263,263,244,244,17,3,16,3,11,7,19,2,0,24,2,10,63,63,3,1
1,9,0,380,380,14,https://resultados2019.blob.core.windows.net/201901/148094.jpg,OK,0,6,QUICHÉ,CHICHICASTENANGO,14809,CORPORACIÓN MUNICIPAL,12,2,2,0,1,4,224,224,203,203,2,4,12,10,9,6,14,0,1,38,0,4,23,66,10,4
1,16,0,380,380,14,https://resultados2019.blob.core.windows.net/201901/148704.jpg,OK,0,6,QUICHÉ,CHICHICASTENANGO,14870,CORPORACIÓN MUNICIPAL,21,1,1,0,1,4,311,311,274,274,6,2,33,7,2,3,21,0,1,51,0,2,79,63,2,2
1,4,0,323,323,14,https://resultados2019.blob.core.windows.net/201901/148304.jpg,OK,0,6,QUICHÉ,CHICHICASTENANGO,14830,CORPORACIÓN MUNICIPAL,3,2,2,0,1,4,182,182,175,175,2,8,7,8,4,4,24,3,2,36,0,3,23,39,7,5
1,1,0,287,287,14,https://resultados2019.blob.core.windows.net/201901/149104.jpg,OK,0,6,QUICHÉ,CHICHICASTENANGO,14910,CORPORACIÓN MUNICIPAL,3,2,2,0,1,4,184,184,180,180,2,0,24,1,0,24,32,0,0,72,0,1,7,14,1,2
1,9,0,400,400,14,https://resultados2019.blob.core.windows.net/201901/147704.jpg,OK,0,6,QUICHÉ,CHICHICASTENANGO,14770,CORPORACIÓN MUNICIPAL,10,2,2,0,1,4,294,294,275,275,29,2,14,9,4,6,19,2,4,37,2,9,86,40,7,5
1,5,0,273,273,14,https://resultados2019.blob.core.windows.net/201901/148084.jpg,OK,0,6,QUICHÉ,CHICHICASTENANGO,14808,CORPORACIÓN MUNICIPAL,0,2,2,0,1,4,182,182,177,177,7,1,6,11,4,2,14,3,1,36,0,6,38,46,0,2
1,21,0,380,380,14,https://resultados2019.blob.core.windows.net/201901/149014.jpg,OK,0,6,QUICHÉ,CHICHICASTENANGO,14901,CORPORACIÓN MUNICIPAL,12,1,2,0,1,4,262,262,229,229,5,1,37,3,0,21,27,0,1,105,0,1,5,22,1,0
1,4,0,570,570,14,https://resultados2019.blob.core.windows.net/201901/149334.jpg,OK,0,6,QUICHÉ,CHICHICASTENANGO,14933,CORPORACIÓN MUNICIPAL,9,2,2,0,1,4,163,163,150,150,7,2,7,0,10,11,4,1,0,13,0,11,54,23,7,0
1,6,0,400,400,14,https://resultados2019.blob.core.windows.net/201901/147694.jpg,OK,0,6,QUICHÉ,CHICHICASTENANGO,14769,CORPORACIÓN MUNICIPAL,10,2,2,0,1,4,288,288,272,272,15,4,14,4,9,16,15,4,2,20,2,12,92,51,8,4
1,4,0,379,379,14,https://resultados2019.blob.core.windows.net/201901/147984.jpg,OK,0,6,QUICHÉ,CHICHICASTENANGO,14798,CORPORACIÓN MUNICIPAL,3,2,2,0,1,4,224,224,217,217,3,0,14,3,3,5,7,3,2,23,0,12,61,77,3,1
1,9,0,380,380,14,https://resultados2019.blob.core.windows.net/201901/148274.jpg,OK,0,6,QUICHÉ,CHICHICASTENANGO,14827,CORPORACIÓN MUNICIPAL,10,2,2,0,1,4,221,221,202,202,5,10,26,7,4,4,22,1,0,40,2,2,14,52,9,4
1,3,0,569,571,14,https://resultados2019.blob.core.windows.net/201901/149344.jpg,OK,0,6,QUICHÉ,CHICHICASTENANGO,14934,CORPORACIÓN MUNICIPAL,9,2,2,0,1,4,108,108,96,96,5,1,1,3,4,4,8,1,1,10,0,3,29,22,2,2
1,9,0,600,601,14,https://resultados2019.blob.core.windows.net/201901/149314.jpg,OK,0,6,QUICHÉ,CHICHICASTENANGO,14931,CORPORACIÓN MUNICIPAL,9,2,2,0,1,4,150,150,132,132,7,3,5,0,4,5,5,2,3,14,0,4,46,29,4,1
1,13,0,380,376,14,https://resultados2019.blob.core.windows.net/201901/148374.jpg,OK,0,6,QUICHÉ,CHICHICASTENANGO,14837,CORPORACIÓN MUNICIPAL,16,1,0,0,1,4,227,227,198,198,3,0,25,1,2,7,14,0,3,62,0,4,14,61,2,0
1,19,0,380,380,14,https://resultados2019.blob.core.windows.net/201901/149124.jpg,OK,0,6,QUICHÉ,CHICHICASTENANGO,14912,CORPORACIÓN MUNICIPAL,13,1,2,0,1,4,273,273,241,241,6,0,23,7,3,0,14,0,1,46,1,5,19,112,1,3
1,8,0,236,236,14,https://resultados2019.blob.core.windows.net/201901/149214.jpg,OK,0,6,QUICHÉ,CHICHICASTENANGO,14921,CORPORACIÓN MUNICIPAL,3,1,2,0,1,4,134,134,123,123,2,0,12,1,1,3,6,0,0,33,0,1,14,47,1,2
1,18,0,380,380,14,https://resultados2019.blob.core.windows.net/201901/148364.jpg,OK,0,6,QUICHÉ,CHICHICASTENANGO,14836,CORPORACIÓN MUNICIPAL,14,2,0,0,1,4,257,257,225,225,3,0,33,3,2,7,15,0,4,124,0,2,1,28,1,2
1,6,0,380,380,14,https://resultados2019.blob.core.windows.net/201901/148574.jpg,OK,0,6,QUICHÉ,CHICHICASTENANGO,14857,CORPORACIÓN MUNICIPAL,9,2,2,0,1,4,255,255,240,240,5,0,13,3,8,3,27,1,0,62,0,3,23,92,0,0
1,12,0,380,380,14,https://resultados2019.blob.core.windows.net/201901/148484.jpg,OK,0,6,QUICHÉ,CHICHICASTENANGO,14848,CORPORACIÓN MUNICIPAL,14,1,0,0,1,4,241,241,215,215,2,1,38,3,1,13,24,2,0,70,1,7,7,46,0,0
1,11,0,380,376,14,https://resultados2019.blob.core.windows.net/201901/148444.jpg,OK,0,6,QUICHÉ,CHICHICASTENANGO,14844,CORPORACIÓN MUNICIPAL,14,1,0,0,1,4,229,229,204,204,0,0,28,0,0,5,13,0,0,95,0,4,18,36,2,3
1,8,0,380,0,14,https://resultados2019.blob.core.windows.net/201901/149164.jpg,OK,0,6,QUICHÉ,CHICHICASTENANGO,14916,CORPORACIÓN MUNICIPAL,13,1,2,0,1,4,207,207,186,186,0,0,14,4,7,4,16,1,4,47,0,1,17,66,1,4
1,7,0,359,356,14,https://resultados2019.blob.core.windows.net/201901/147854.jpg,OK,0,6,QUICHÉ,CHICHICASTENANGO,14785,CORPORACIÓN MUNICIPAL,6,2,2,0,1,4,218,218,205,205,6,0,17,4,6,2,8,4,0,47,0,4,64,41,0,2
1,12,0,380,376,14,https://resultados2019.blob.core.windows.net/201901/148554.jpg,OK,0,6,QUICHÉ,CHICHICASTENANGO,14855,CORPORACIÓN MUNICIPAL,23,2,2,0,1,4,268,268,233,233,7,1,9,8,4,4,20,0,5,66,0,3,25,77,2,2
1,5,0,400,400,14,https://resultados2019.blob.core.windows.net/201901/147964.jpg,OK,0,6,QUICHÉ,CHICHICASTENANGO,14796,CORPORACIÓN MUNICIPAL,8,2,2,0,1,4,260,260,247,247,8,0,25,1,8,3,11,3,0,32,1,5,54,89,3,4
1,13,0,380,380,14,https://resultados2019.blob.core.windows.net/201901/148564.jpg,OK,0,6,QUICHÉ,CHICHICASTENANGO,14856,CORPORACIÓN MUNICIPAL,15,2,2,0,1,4,281,281,253,253,8,0,17,9,3,1,33,0,0,73,0,0,11,95,0,3
1,13,0,380,373,14,https://resultados2019.blob.core.windows.net/201901/148054.jpg,OK,0,6,QUICHÉ,CHICHICASTENANGO,14805,CORPORACIÓN MUNICIPAL,8,2,2,0,1,4,267,267,246,246,17,0,16,25,14,3,17,6,1,34,2,2,57,45,4,3
0,13,0,380,376,14,https://resultados2019.blob.core.windows.net/201901/149084.jpg,OK,1,6,QUICHÉ,CHICHICASTENANGO,14908,CORPORACIÓN MUNICIPAL,3,2,2,0,1,4,230,229,213,213,2,0,29,2,1,29,40,0,0,77,0,5,6,19,1,2
1,15,0,380,380,14,https://resultados2019.blob.core.windows.net/201901/148714.jpg,OK,0,6,QUICHÉ,CHICHICASTENANGO,14871,CORPORACIÓN MUNICIPAL,12,1,1,0,1,4,320,320,293,293,7,2,30,10,3,3,30,0,0,80,0,0,74,52,2,0
1,12,0,400,400,14,https://resultados2019.blob.core.windows.net/201901/147874.jpg,OK,0,6,QUICHÉ,CHICHICASTENANGO,14787,CORPORACIÓN MUNICIPAL,21,1,2,0,1,4,284,284,251,251,6,0,23,10,2,8,11,5,2,25,0,6,63,84,3,3
0,13,0,380,380,14,https://resultados2019.blob.core.windows.net/201901/148844.jpg,OK,1,6,QUICHÉ,CHICHICASTENANGO,14884,CORPORACIÓN MUNICIPAL,24,1,2,0,1,4,254,254,217,216,2,0,24,5,5,3,11,0,15,80,1,2,37,30,2,0
1,15,0,380,376,14,https://resultados2019.blob.core.windows.net/201901/148674.jpg,OK,0,6,QUICHÉ,CHICHICASTENANGO,14867,CORPORACIÓN MUNICIPAL,21,1,1,0,1,4,306,306,270,270,5,1,21,9,0,6,14,2,0,40,0,1,103,65,3,0
1,17,0,380,376,14,https://resultados2019.blob.core.windows.net/201901/148724.jpg,OK,0,6,QUICHÉ,CHICHICASTENANGO,14872,CORPORACIÓN MUNICIPAL,8,1,1,0,1,4,300,300,275,275,4,0,24,12,6,4,24,0,0,72,0,1,73,54,0,1
1,16,0,380,379,14,https://resultados2019.blob.core.windows.net/201901/148164.jpg,OK,0,6,QUICHÉ,CHICHICASTENANGO,14816,CORPORACIÓN MUNICIPAL,8,2,2,0,1,4,273,273,249,249,10,3,14,20,4,2,8,0,0,47,0,2,19,110,6,4
1,10,0,380,380,14,https://resultados2019.blob.core.windows.net/201901/149034.jpg,OK,0,6,QUICHÉ,CHICHICASTENANGO,14903,CORPORACIÓN MUNICIPAL,11,2,2,0,1,4,295,295,274,274,5,0,80,2,1,9,63,1,0,82,1,8,4,14,2,2
1,8,0,380,376,14,https://resultados2019.blob.core.windows.net/201901/148234.jpg,OK,0,6,QUICHÉ,CHICHICASTENANGO,14823,CORPORACIÓN MUNICIPAL,5,2,2,0,1,4,195,195,182,182,3,10,8,10,2,4,13,2,0,34,1,7,26,56,3,3
1,9,0,191,191,14,https://resultados2019.blob.core.windows.net/201901/149294.jpg,OK,0,6,QUICHÉ,CHICHICASTENANGO,14929,CORPORACIÓN MUNICIPAL,6,2,2,0,1,4,129,129,114,114,1,0,3,5,7,6,15,2,1,52,0,0,6,16,0,0
1,7,0,380,380,14,https://resultados2019.blob.core.windows.net/201901/149074.jpg,OK,0,6,QUICHÉ,CHICHICASTENANGO,14907,CORPORACIÓN MUNICIPAL,12,2,2,0,1,4,243,243,224,224,3,1,10,2,3,23,50,0,0,74,0,3,4,49,1,1
1,10,0,400,400,14,https://resultados2019.blob.core.windows.net/201901/147954.jpg,OK,0,6,QUICHÉ,CHICHICASTENANGO,14795,CORPORACIÓN MUNICIPAL,9,2,2,0,1,4,259,259,240,240,11,2,19,3,10,4,6,3,3,21,0,6,58,89,4,1
1,7,0,315,315,14,https://resultados2019.blob.core.windows.net/201901/148824.jpg,OK,0,6,QUICHÉ,CHICHICASTENANGO,14882,CORPORACIÓN MUNICIPAL,10,2,2,0,1,4,216,216,199,199,0,1,16,6,1,3,24,1,0,95,0,2,12,34,2,2
1,7,0,380,380,14,https://resultados2019.blob.core.windows.net/201901/149024.jpg,OK,0,6,QUICHÉ,CHICHICASTENANGO,14902,CORPORACIÓN MUNICIPAL,16,2,2,0,1,4,291,291,268,268,7,0,84,5,1,23,25,0,0,88,0,4,4,25,0,2
1,14,0,380,0,14,https://resultados2019.blob.core.windows.net/201901/149184.jpg,OK,0,6,QUICHÉ,CHICHICASTENANGO,14918,CORPORACIÓN MUNICIPAL,14,1,2,0,1,4,221,221,193,193,4,0,31,4,2,1,9,0,1,35,0,1,15,85,0,5
0,6,0,400,400,14,https://resultados2019.blob.core.windows.net/201901/147774.jpg,OK,0,6,QUICHÉ,CHICHICASTENANGO,14777,CORPORACIÓN MUNICIPAL,4,2,2,0,1,4,294,292,282,284,6,3,25,12,18,6,20,0,0,46,1,6,65,65,5,4
1,21,0,380,380,14,https://resultados2019.blob.core.windows.net/201901/148784.jpg,OK,0,6,QUICHÉ,CHICHICASTENANGO,14878,CORPORACIÓN MUNICIPAL,11,2,2,0,1,4,295,295,263,263,0,0,13,23,0,2,17,2,0,105,0,2,42,56,0,1
1,16,0,380,380,14,https://resultados2019.blob.core.windows.net/201901/148924.jpg,OK,0,6,QUICHÉ,CHICHICASTENANGO,14892,CORPORACIÓN MUNICIPAL,14,1,2,0,1,4,222,222,192,192,4,0,8,2,3,10,23,0,7,67,0,2,41,18,3,4
1,3,0,400,400,14,https://resultados2019.blob.core.windows.net/201901/147924.jpg,OK,0,6,QUICHÉ,CHICHICASTENANGO,14792,CORPORACIÓN MUNICIPAL,8,1,2,0,1,4,259,259,248,248,5,0,22,7,9,5,9,1,0,30,0,11,63,81,2,3
1,10,0,380,376,14,https://resultados2019.blob.core.windows.net/201901/148064.jpg,OK,0,6,QUICHÉ,CHICHICASTENANGO,14806,CORPORACIÓN MUNICIPAL,11,2,2,0,1,4,230,230,209,209,8,0,21,16,5,3,15,1,1,32,2,9,39,53,3,1
1,17,0,380,380,14,https://resultados2019.blob.core.windows.net/201901/148544.jpg,OK,0,6,QUICHÉ,CHICHICASTENANGO,14854,CORPORACIÓN MUNICIPAL,18,2,2,0,1,4,269,269,234,234,6,0,14,8,3,2,22,0,0,65,0,1,25,87,0,1
1,8,0,380,376,14,https://resultados2019.blob.core.windows.net/201901/148324.jpg,OK,0,6,QUICHÉ,CHICHICASTENANGO,14832,CORPORACIÓN MUNICIPAL,24,1,0,0,1,4,229,229,197,197,3,1,26,4,1,6,24,1,1,87,0,2,9,24,1,7
1,10,0,323,323,14,https://resultados2019.blob.core.windows.net/201901/148314.jpg,OK,0,6,QUICHÉ,CHICHICASTENANGO,14831,CORPORACIÓN MUNICIPAL,10,2,2,0,1,4,183,183,163,163,2,4,8,5,2,4,10,0,1,41,0,1,14,64,5,2
1,7,0,192,192,14,https://resultados2019.blob.core.windows.net/201901/149284.jpg,OK,0,6,QUICHÉ,CHICHICASTENANGO,14928,CORPORACIÓN MUNICIPAL,8,2,2,0,1,4,121,121,106,106,2,0,4,3,5,9,17,4,0,45,0,1,2,14,0,0
1,11,0,380,379,14,https://resultados2019.blob.core.windows.net/201901/148624.jpg,OK,0,6,QUICHÉ,CHICHICASTENANGO,14862,CORPORACIÓN MUNICIPAL,12,2,2,0,1,4,257,257,234,234,2,0,8,4,1,3,27,1,0,71,0,0,9,104,0,4
1,7,0,380,380,14,https://resultados2019.blob.core.windows.net/201901/148404.jpg,OK,0,6,QUICHÉ,CHICHICASTENANGO,14840,CORPORACIÓN MUNICIPAL,9,1,0,0,1,4,200,200,184,184,0,1,28,1,2,7,16,1,0,60,1,1,7,54,0,5
1,4,0,300,300,14,https://resultados2019.blob.core.windows.net/201901/148754.jpg,OK,0,6,QUICHÉ,CHICHICASTENANGO,14875,CORPORACIÓN MUNICIPAL,3,1,1,0,1,4,209,209,202,202,4,0,27,8,2,3,9,0,1,36,1,3,72,34,1,1
1,23,0,380,380,14,https://resultados2019.blob.core.windows.net/201901/149144.jpg,OK,0,6,QUICHÉ,CHICHICASTENANGO,14914,CORPORACIÓN MUNICIPAL,15,1,2,0,1,4,226,226,188,188,5,0,6,2,11,2,8,0,1,41,1,1,3,79,2,26
1,15,0,380,380,14,https://resultados2019.blob.core.windows.net/201901/149004.jpg,OK,2,6,QUICHÉ,CHICHICASTENANGO,14900,CORPORACIÓN MUNICIPAL,9,2,2,0,1,4,272,272,248,248,4,2,48,4,1,23,24,0,0,114,0,5,5,15,3,0
