ACTACUADRA,BLANCOS,CNTIMPUGNA,CNTINSCRITOS,CNTPAPELETAS,DEP,IMGSRC,IMGSTATUS,INVALIDOS,MUN,NDEP,NMUN,NROMESA,NTE,NULOS,STACTA,STESCAN,STFISIC,STTRANS,TIPOELECCION,TOTALACTA,TOTALVOTOS,VOTOSVALIDOS,VOTOSVALIDOSACTA,voto_MLP,voto_PC,voto_UNE
1,2,0,400,400,14,https://resultados2019.blob.core.windows.net/201901/149404.jpg,OK,0,7,QUICHÉ,PATZITÉ,14940,CORPORACIÓN MUNICIPAL,3,2,2,0,1,4,302,302,297,297,23,96,178
1,14,0,400,400,14,https://resultados2019.blob.core.windows.net/201901/149374.jpg,OK,52,7,QUICHÉ,PATZITÉ,14937,CORPORACIÓN MUNICIPAL,6,2,2,0,1,4,348,348,328,328,15,109,204
1,7,0,400,400,14,https://resultados2019.blob.core.windows.net/201901/149424.jpg,OK,0,7,QUICHÉ,PATZITÉ,14942,CORPORACIÓN MUNICIPAL,8,2,2,0,1,4,291,291,276,276,11,119,146
1,2,0,400,400,14,https://resultados2019.blob.core.windows.net/201901/149354.jpg,OK,0,7,QUICHÉ,PATZITÉ,14935,CORPORACIÓN MUNICIPAL,5,2,2,0,1,4,297,297,290,290,16,117,157
1,0,0,351,348,14,https://resultados2019.blob.core.windows.net/201901/149444.jpg,OK,0,7,QUICHÉ,PATZITÉ,14944,CORPORACIÓN MUNICIPAL,1,2,2,0,1,4,269,269,268,268,17,117,134
1,12,0,400,400,14,https://resultados2019.blob.core.windows.net/201901/149394.jpg,OK,48,7,QUICHÉ,PATZITÉ,14939,CORPORACIÓN MUNICIPAL,6,2,2,0,1,4,352,352,334,334,25,107,202
1,5,0,351,351,14,https://resultados2019.blob.core.windows.net/201901/149434.jpg,OK,0,7,QUICHÉ,PATZITÉ,14943,CORPORACIÓN MUNICIPAL,6,2,2,0,1,4,255,255,244,244,7,105,132
1,6,0,400,400,14,https://resultados2019.blob.core.windows.net/201901/149384.jpg,OK,0,7,QUICHÉ,PATZITÉ,14938,CORPORACIÓN MUNICIPAL,4,2,2,0,1,4,353,353,343,343,21,106,216
1,3,0,400,400,14,https://resultados2019.blob.core.windows.net/201901/149414.jpg,OK,0,7,QUICHÉ,PATZITÉ,14941,CORPORACIÓN MUNICIPAL,2,2,2,0,1,4,286,286,281,281,15,114,152
1,4,0,400,397,14,https://resultados2019.blob.core.windows.net/201901/149364.jpg,OK,0,7,QUICHÉ,PATZITÉ,14936,CORPORACIÓN MUNICIPAL,8,2,2,0,1,4,318,318,306,306,25,108,173
