ACTACUADRA,BLANCOS,CNTIMPUGNA,CNTINSCRITOS,CNTPAPELETAS,DEP,IMGSRC,IMGSTATUS,INVALIDOS,MUN,NDEP,NMUN,NROMESA,NTE,NULOS,STACTA,STESCAN,STFISIC,STTRANS,TIPOELECCION,TOTALACTA,TOTALVOTOS,VOTOSVALIDOS,VOTOSVALIDOSACTA,voto_FCN-NACION,voto_MLP,voto_UNE,voto_VAMOS
0,0,0,380,0,14,https://resultados2019.blob.core.windows.net/201901/149624.jpg,OK,0,8,QUICHÉ,SAN ANTONIO ILOTENANGO,14962,CORPORACIÓN MUNICIPAL,0,0,0,0,0,4,0,0,0,0,0,0,0,0
0,0,0,400,0,14,https://resultados2019.blob.core.windows.net/201901/149754.jpg,OK,0,8,QUICHÉ,SAN ANTONIO ILOTENANGO,14975,CORPORACIÓN MUNICIPAL,0,0,0,0,0,4,0,0,0,0,0,0,0,0
0,0,0,400,0,14,https://resultados2019.blob.core.windows.net/201901/149764.jpg,OK,0,8,QUICHÉ,SAN ANTONIO ILOTENANGO,14976,CORPORACIÓN MUNICIPAL,0,0,0,0,0,4,0,0,0,0,0,0,0,0
0,0,0,400,0,14,https://resultados2019.blob.core.windows.net/201901/149454.jpg,OK,0,8,QUICHÉ,SAN ANTONIO ILOTENANGO,14945,CORPORACIÓN MUNICIPAL,0,0,0,0,0,4,0,0,0,0,0,0,0,0
1,6,0,380,377,14,https://resultados2019.blob.core.windows.net/201901/149704.jpg,OK,0,8,QUICHÉ,SAN ANTONIO ILOTENANGO,14970,CORPORACIÓN MUNICIPAL,10,1,0,0,1,4,348,348,332,332,1,7,182,142
0,0,0,211,0,14,https://resultados2019.blob.core.windows.net/201901/149794.jpg,OK,0,8,QUICHÉ,SAN ANTONIO ILOTENANGO,14979,CORPORACIÓN MUNICIPAL,0,0,0,0,0,4,0,0,0,0,0,0,0,0
0,0,0,400,0,14,https://resultados2019.blob.core.windows.net/201901/149744.jpg,OK,0,8,QUICHÉ,SAN ANTONIO ILOTENANGO,14974,CORPORACIÓN MUNICIPAL,0,0,0,0,0,4,0,0,0,0,0,0,0,0
0,0,0,380,0,14,https://resultados2019.blob.core.windows.net/201901/149564.jpg,OK,0,8,QUICHÉ,SAN ANTONIO ILOTENANGO,14956,CORPORACIÓN MUNICIPAL,0,0,0,0,0,4,0,0,0,0,0,0,0,0
0,0,0,276,0,14,https://resultados2019.blob.core.windows.net/201901/149594.jpg,OK,0,8,QUICHÉ,SAN ANTONIO ILOTENANGO,14959,CORPORACIÓN MUNICIPAL,0,0,0,0,0,4,0,0,0,0,0,0,0,0
0,0,0,400,0,14,https://resultados2019.blob.core.windows.net/201901/149514.jpg,OK,0,8,QUICHÉ,SAN ANTONIO ILOTENANGO,14951,CORPORACIÓN MUNICIPAL,0,0,0,0,0,4,0,0,0,0,0,0,0,0
0,0,0,380,0,14,https://resultados2019.blob.core.windows.net/201901/149574.jpg,OK,0,8,QUICHÉ,SAN ANTONIO ILOTENANGO,14957,CORPORACIÓN MUNICIPAL,0,0,0,0,0,4,0,0,0,0,0,0,0,0
0,0,0,380,0,14,https://resultados2019.blob.core.windows.net/201901/149644.jpg,OK,0,8,QUICHÉ,SAN ANTONIO ILOTENANGO,14964,CORPORACIÓN MUNICIPAL,0,0,0,0,0,4,0,0,0,0,0,0,0,0
0,3,0,297,298,14,https://resultados2019.blob.core.windows.net/201901/149724.jpg,OK,0,8,QUICHÉ,SAN ANTONIO ILOTENANGO,14972,CORPORACIÓN MUNICIPAL,5,1,0,0,1,4,239,239,231,131,0,3,101,127
0,0,0,306,0,14,https://resultados2019.blob.core.windows.net/201901/149544.jpg,OK,0,8,QUICHÉ,SAN ANTONIO ILOTENANGO,14954,CORPORACIÓN MUNICIPAL,0,0,0,0,0,4,0,0,0,0,0,0,0,0
0,0,0,380,0,14,https://resultados2019.blob.core.windows.net/201901/149634.jpg,OK,0,8,QUICHÉ,SAN ANTONIO ILOTENANGO,14963,CORPORACIÓN MUNICIPAL,0,0,0,0,0,4,0,0,0,0,0,0,0,0
0,0,0,380,0,14,https://resultados2019.blob.core.windows.net/201901/149584.jpg,OK,0,8,QUICHÉ,SAN ANTONIO ILOTENANGO,14958,CORPORACIÓN MUNICIPAL,0,0,0,0,0,4,0,0,0,0,0,0,0,0
1,5,0,380,385,14,https://resultados2019.blob.core.windows.net/201901/149654.jpg,OK,0,8,QUICHÉ,SAN ANTONIO ILOTENANGO,14965,CORPORACIÓN MUNICIPAL,12,1,0,0,1,4,306,306,289,289,0,8,160,121
0,0,0,400,0,14,https://resultados2019.blob.core.windows.net/201901/149534.jpg,OK,0,8,QUICHÉ,SAN ANTONIO ILOTENANGO,14953,CORPORACIÓN MUNICIPAL,0,0,0,0,0,4,0,0,0,0,0,0,0,0
1,3,0,400,400,14,https://resultados2019.blob.core.windows.net/201901/149774.jpg,OK,0,8,QUICHÉ,SAN ANTONIO ILOTENANGO,14977,CORPORACIÓN MUNICIPAL,1,1,0,0,1,4,312,312,308,308,1,3,184,120
0,0,0,400,0,14,https://resultados2019.blob.core.windows.net/201901/149524.jpg,OK,0,8,QUICHÉ,SAN ANTONIO ILOTENANGO,14952,CORPORACIÓN MUNICIPAL,0,0,0,0,0,4,0,0,0,0,0,0,0,0
1,3,0,306,306,14,https://resultados2019.blob.core.windows.net/201901/149554.jpg,OK,0,8,QUICHÉ,SAN ANTONIO ILOTENANGO,14955,CORPORACIÓN MUNICIPAL,6,1,1,0,1,4,224,224,215,215,0,4,97,114
1,7,0,400,400,14,https://resultados2019.blob.core.windows.net/201901/149484.jpg,OK,0,8,QUICHÉ,SAN ANTONIO ILOTENANGO,14948,CORPORACIÓN MUNICIPAL,14,1,0,0,1,4,336,336,315,315,1,8,160,146
1,7,0,400,395,14,https://resultados2019.blob.core.windows.net/201901/149494.jpg,OK,0,8,QUICHÉ,SAN ANTONIO ILOTENANGO,14949,CORPORACIÓN MUNICIPAL,15,1,0,0,1,4,330,330,308,308,3,5,162,138
1,4,0,380,380,14,https://resultados2019.blob.core.windows.net/201901/149714.jpg,OK,0,8,QUICHÉ,SAN ANTONIO ILOTENANGO,14971,CORPORACIÓN MUNICIPAL,2,1,0,0,1,4,343,343,337,337,0,5,179,153
0,0,0,400,0,14,https://resultados2019.blob.core.windows.net/201901/149784.jpg,OK,0,8,QUICHÉ,SAN ANTONIO ILOTENANGO,14978,CORPORACIÓN MUNICIPAL,0,0,0,0,0,4,0,0,0,0,0,0,0,0
1,8,0,302,300,14,https://resultados2019.blob.core.windows.net/201901/149674.jpg,OK,0,8,QUICHÉ,SAN ANTONIO ILOTENANGO,14967,CORPORACIÓN MUNICIPAL,10,1,0,0,1,4,222,222,204,204,0,3,109,92
1,2,0,400,400,14,https://resultados2019.blob.core.windows.net/201901/149504.jpg,OK,1,8,QUICHÉ,SAN ANTONIO ILOTENANGO,14950,CORPORACIÓN MUNICIPAL,2,1,0,0,1,4,296,296,292,292,1,5,149,137
0,0,0,380,0,14,https://resultados2019.blob.core.windows.net/201901/149614.jpg,OK,0,8,QUICHÉ,SAN ANTONIO ILOTENANGO,14961,CORPORACIÓN MUNICIPAL,0,0,0,0,0,4,0,0,0,0,0,0,0,0
1,3,0,301,302,14,https://resultados2019.blob.core.windows.net/201901/149684.jpg,OK,0,8,QUICHÉ,SAN ANTONIO ILOTENANGO,14968,CORPORACIÓN MUNICIPAL,0,1,0,0,1,4,232,232,229,229,0,7,124,98
1,2,0,211,216,14,https://resultados2019.blob.core.windows.net/201901/149804.jpg,OK,0,8,QUICHÉ,SAN ANTONIO ILOTENANGO,14980,CORPORACIÓN MUNICIPAL,3,1,0,0,1,4,175,175,170,170,1,4,103,62
0,0,0,380,0,14,https://resultados2019.blob.core.windows.net/201901/149664.jpg,OK,0,8,QUICHÉ,SAN ANTONIO ILOTENANGO,14966,CORPORACIÓN MUNICIPAL,0,0,0,0,0,4,0,0,0,0,0,0,0,0
0,0,0,276,0,14,https://resultados2019.blob.core.windows.net/201901/149604.jpg,OK,0,8,QUICHÉ,SAN ANTONIO ILOTENANGO,14960,CORPORACIÓN MUNICIPAL,0,0,0,0,0,4,0,0,0,0,0,0,0,0
1,7,0,380,376,14,https://resultados2019.blob.core.windows.net/201901/149694.jpg,OK,0,8,QUICHÉ,SAN ANTONIO ILOTENANGO,14969,CORPORACIÓN MUNICIPAL,4,1,0,0,1,4,327,327,316,316,0,1,187,128
1,16,0,400,399,14,https://resultados2019.blob.core.windows.net/201901/149464.jpg,OK,0,8,QUICHÉ,SAN ANTONIO ILOTENANGO,14946,CORPORACIÓN MUNICIPAL,7,1,0,0,1,4,342,342,319,319,2,7,145,165
1,9,0,400,397,14,https://resultados2019.blob.core.windows.net/201901/149474.jpg,OK,0,8,QUICHÉ,SAN ANTONIO ILOTENANGO,14947,CORPORACIÓN MUNICIPAL,11,1,0,0,1,4,347,347,327,327,2,9,196,120
1,0,0,296,296,14,https://resultados2019.blob.core.windows.net/201901/149734.jpg,OK,0,8,QUICHÉ,SAN ANTONIO ILOTENANGO,14973,CORPORACIÓN MUNICIPAL,1,1,0,0,1,4,272,272,271,271,0,1,144,126
