ACTACUADRA,BLANCOS,CNTIMPUGNA,CNTINSCRITOS,CNTPAPELETAS,DEP,IMGSRC,IMGSTATUS,INVALIDOS,MUN,NDEP,NMUN,NROMESA,NTE,NULOS,STACTA,STESCAN,STFISIC,STTRANS,TIPOELECCION,TOTALACTA,TOTALVOTOS,VOTOSVALIDOS,VOTOSVALIDOSACTA,voto_BIEN,voto_COCITRA,voto_EG,voto_FCN-NACION,voto_MLP,voto_PC,voto_PHG,voto_PODEMOS,voto_SEMILLA,voto_TODOS,voto_UNE,voto_VALOR,voto_VAMOS
1,5,0,400,400,15,https://resultados2019.blob.core.windows.net/201901/157294.jpg,OK,1,1,BAJA VERAPAZ,SALAMÁ,15729,CORPORACIÓN MUNICIPAL,19,2,2,0,1,4,225,225,201,201,16,4,10,28,2,5,2,8,49,17,38,9,13
1,4,0,255,255,15,https://resultados2019.blob.core.windows.net/201901/157784.jpg,OK,0,1,BAJA VERAPAZ,SALAMÁ,15778,CORPORACIÓN MUNICIPAL,22,2,2,0,1,4,153,153,127,127,10,6,4,41,8,8,0,0,11,7,26,1,5
1,9,0,299,299,15,https://resultados2019.blob.core.windows.net/201901/157464.jpg,OK,0,1,BAJA VERAPAZ,SALAMÁ,15746,CORPORACIÓN MUNICIPAL,14,2,2,0,1,4,196,196,173,173,13,16,6,6,20,7,0,1,7,51,32,2,12
1,1,0,348,348,15,https://resultados2019.blob.core.windows.net/201901/157894.jpg,OK,0,1,BAJA VERAPAZ,SALAMÁ,15789,CORPORACIÓN MUNICIPAL,2,1,2,0,1,4,39,39,36,36,4,1,1,6,2,1,0,0,9,4,4,3,1
1,19,0,380,380,15,https://resultados2019.blob.core.windows.net/201901/157504.jpg,OK,0,1,BAJA VERAPAZ,SALAMÁ,15750,CORPORACIÓN MUNICIPAL,45,2,2,0,1,4,255,255,191,191,18,1,0,66,18,2,3,0,7,25,33,4,14
1,11,0,314,314,15,https://resultados2019.blob.core.windows.net/201901/157534.jpg,OK,0,1,BAJA VERAPAZ,SALAMÁ,15753,CORPORACIÓN MUNICIPAL,14,2,2,0,1,4,163,163,138,138,19,1,1,45,8,1,1,2,5,25,15,3,12
1,10,0,380,380,15,https://resultados2019.blob.core.windows.net/201901/157624.jpg,OK,0,1,BAJA VERAPAZ,SALAMÁ,15762,CORPORACIÓN MUNICIPAL,39,2,2,0,1,4,216,216,167,167,9,9,5,9,43,1,0,2,14,45,26,1,3
1,9,0,380,380,15,https://resultados2019.blob.core.windows.net/201901/157774.jpg,OK,0,1,BAJA VERAPAZ,SALAMÁ,15777,CORPORACIÓN MUNICIPAL,39,2,2,0,1,4,261,261,213,213,14,13,7,68,13,11,4,2,17,12,40,2,10
1,4,0,380,376,15,https://resultados2019.blob.core.windows.net/201901/157644.jpg,OK,0,1,BAJA VERAPAZ,SALAMÁ,15764,CORPORACIÓN MUNICIPAL,12,2,2,0,1,4,185,185,169,169,11,6,11,9,23,1,0,1,24,65,11,2,5
1,4,0,359,359,15,https://resultados2019.blob.core.windows.net/201901/157704.jpg,OK,0,1,BAJA VERAPAZ,SALAMÁ,15770,CORPORACIÓN MUNICIPAL,10,2,2,0,1,4,219,219,205,205,34,4,4,14,1,0,3,6,9,44,75,5,6
1,13,0,380,376,15,https://resultados2019.blob.core.windows.net/201901/157444.jpg,OK,0,1,BAJA VERAPAZ,SALAMÁ,15744,CORPORACIÓN MUNICIPAL,26,2,2,0,1,4,303,303,264,264,35,32,3,26,19,5,1,2,6,86,42,1,6
1,5,0,197,197,15,https://resultados2019.blob.core.windows.net/201901/157754.jpg,OK,0,1,BAJA VERAPAZ,SALAMÁ,15775,CORPORACIÓN MUNICIPAL,1,2,2,0,1,4,86,86,80,80,11,2,0,12,8,1,0,0,2,23,16,2,3
1,9,0,380,380,15,https://resultados2019.blob.core.windows.net/201901/157434.jpg,OK,0,1,BAJA VERAPAZ,SALAMÁ,15743,CORPORACIÓN MUNICIPAL,23,2,2,0,1,4,285,285,253,253,29,26,0,14,22,12,0,1,7,101,34,0,7
1,10,0,380,380,15,https://resultados2019.blob.core.windows.net/201901/157634.jpg,OK,0,1,BAJA VERAPAZ,SALAMÁ,15763,CORPORACIÓN MUNICIPAL,26,2,2,0,1,4,228,228,192,192,16,7,8,8,32,1,1,1,7,64,26,5,16
1,11,0,380,380,15,https://resultados2019.blob.core.windows.net/201901/157574.jpg,OK,0,1,BAJA VERAPAZ,SALAMÁ,15757,CORPORACIÓN MUNICIPAL,20,2,2,0,1,4,160,160,129,129,8,8,0,5,2,1,2,0,48,27,21,3,4
1,4,0,301,301,15,https://resultados2019.blob.core.windows.net/201901/157584.jpg,OK,0,1,BAJA VERAPAZ,SALAMÁ,15758,CORPORACIÓN MUNICIPAL,5,2,2,0,1,4,119,119,110,110,7,11,1,1,8,1,4,1,21,37,12,5,1
1,5,0,400,400,15,https://resultados2019.blob.core.windows.net/201901/157044.jpg,OK,0,1,BAJA VERAPAZ,SALAMÁ,15704,CORPORACIÓN MUNICIPAL,17,2,1,0,1,4,280,280,258,258,22,10,4,32,9,4,2,7,45,37,48,21,17
1,3,0,349,349,15,https://resultados2019.blob.core.windows.net/201901/157884.jpg,OK,0,1,BAJA VERAPAZ,SALAMÁ,15788,CORPORACIÓN MUNICIPAL,8,2,2,0,1,4,86,86,75,75,8,1,2,10,2,1,2,1,11,11,14,6,6
1,5,0,300,301,15,https://resultados2019.blob.core.windows.net/201901/157594.jpg,OK,0,1,BAJA VERAPAZ,SALAMÁ,15759,CORPORACIÓN MUNICIPAL,5,2,1,0,1,4,103,103,93,93,5,4,1,4,3,0,2,0,18,44,10,1,1
1,17,0,380,378,15,https://resultados2019.blob.core.windows.net/201901/157734.jpg,OK,0,1,BAJA VERAPAZ,SALAMÁ,15773,CORPORACIÓN MUNICIPAL,24,2,2,0,1,4,193,193,152,152,14,6,0,59,18,1,2,0,6,22,16,2,6
1,8,1,380,376,15,https://resultados2019.blob.core.windows.net/201901/157694.jpg,OK,0,1,BAJA VERAPAZ,SALAMÁ,15769,CORPORACIÓN MUNICIPAL,20,2,2,0,1,4,249,249,221,221,31,8,4,20,1,2,3,4,13,46,82,3,4
1,2,0,204,204,15,https://resultados2019.blob.core.windows.net/201901/157354.jpg,OK,0,1,BAJA VERAPAZ,SALAMÁ,15735,CORPORACIÓN MUNICIPAL,4,2,2,0,1,4,108,108,102,102,6,0,6,29,0,3,1,2,20,13,15,5,2
1,3,0,400,400,15,https://resultados2019.blob.core.windows.net/201901/157244.jpg,OK,0,1,BAJA VERAPAZ,SALAMÁ,15724,CORPORACIÓN MUNICIPAL,4,2,1,0,1,4,215,215,208,208,8,5,3,31,5,11,6,5,38,28,37,20,11
1,17,0,380,380,15,https://resultados2019.blob.core.windows.net/201901/157674.jpg,OK,0,1,BAJA VERAPAZ,SALAMÁ,15767,CORPORACIÓN MUNICIPAL,28,1,2,0,1,4,266,266,221,221,43,9,4,12,2,3,4,4,10,42,75,7,6
1,5,0,197,197,15,https://resultados2019.blob.core.windows.net/201901/157744.jpg,OK,0,1,BAJA VERAPAZ,SALAMÁ,15774,CORPORACIÓN MUNICIPAL,10,2,2,0,1,4,96,96,81,81,21,1,1,10,12,0,3,1,1,17,5,6,3
1,2,0,400,400,15,https://resultados2019.blob.core.windows.net/201901/157114.jpg,OK,0,1,BAJA VERAPAZ,SALAMÁ,15711,CORPORACIÓN MUNICIPAL,11,2,1,0,1,4,240,240,227,227,12,6,1,41,3,9,5,1,38,31,48,20,12
1,7,0,364,364,15,https://resultados2019.blob.core.windows.net/201901/157664.jpg,OK,0,1,BAJA VERAPAZ,SALAMÁ,15766,CORPORACIÓN MUNICIPAL,2,1,2,0,1,4,175,175,166,166,12,8,7,4,31,1,3,0,13,68,16,1,2
1,5,0,400,400,15,https://resultados2019.blob.core.windows.net/201901/157334.jpg,OK,0,1,BAJA VERAPAZ,SALAMÁ,15733,CORPORACIÓN MUNICIPAL,13,2,2,0,1,4,247,247,229,229,14,4,4,42,7,3,6,2,41,31,40,23,12
1,14,0,380,376,15,https://resultados2019.blob.core.windows.net/201901/157494.jpg,OK,0,1,BAJA VERAPAZ,SALAMÁ,15749,CORPORACIÓN MUNICIPAL,33,2,2,0,1,4,214,214,167,167,7,0,1,57,3,2,3,9,15,21,34,3,12
1,5,0,329,330,15,https://resultados2019.blob.core.windows.net/201901/157404.jpg,OK,0,1,BAJA VERAPAZ,SALAMÁ,15740,CORPORACIÓN MUNICIPAL,8,2,2,0,1,4,189,189,176,176,12,7,7,40,1,4,2,3,28,18,33,16,5
1,5,0,255,255,15,https://resultados2019.blob.core.windows.net/201901/157794.jpg,OK,1,1,BAJA VERAPAZ,SALAMÁ,15779,CORPORACIÓN MUNICIPAL,4,2,2,0,1,4,126,126,117,117,6,9,11,26,4,9,3,2,8,15,19,2,3
1,1,0,400,400,15,https://resultados2019.blob.core.windows.net/201901/157254.jpg,OK,0,1,BAJA VERAPAZ,SALAMÁ,15725,CORPORACIÓN MUNICIPAL,3,2,2,0,1,4,256,256,252,252,15,9,4,37,1,3,4,5,41,35,59,26,13
1,14,0,380,373,15,https://resultados2019.blob.core.windows.net/201901/157514.jpg,OK,0,1,BAJA VERAPAZ,SALAMÁ,15751,CORPORACIÓN MUNICIPAL,41,2,2,0,1,4,280,280,225,225,24,2,1,85,14,0,3,3,4,32,39,7,11
1,1,0,359,359,15,https://resultados2019.blob.core.windows.net/201901/157714.jpg,OK,0,1,BAJA VERAPAZ,SALAMÁ,15771,CORPORACIÓN MUNICIPAL,7,2,2,0,1,4,182,182,174,174,34,2,4,18,0,2,3,5,11,43,45,4,3
1,3,0,400,400,15,https://resultados2019.blob.core.windows.net/201901/157074.jpg,OK,0,1,BAJA VERAPAZ,SALAMÁ,15707,CORPORACIÓN MUNICIPAL,9,2,1,0,1,4,268,268,256,256,16,12,5,32,5,7,7,3,41,33,50,29,16
1,7,0,313,315,15,https://resultados2019.blob.core.windows.net/201901/157544.jpg,OK,0,1,BAJA VERAPAZ,SALAMÁ,15754,CORPORACIÓN MUNICIPAL,13,1,2,0,1,4,156,156,136,136,16,0,0,58,4,0,2,0,3,19,22,4,8
1,6,0,380,380,15,https://resultados2019.blob.core.windows.net/201901/157564.jpg,OK,0,1,BAJA VERAPAZ,SALAMÁ,15756,CORPORACIÓN MUNICIPAL,20,2,1,0,1,4,156,156,130,130,11,13,1,6,3,0,6,0,24,49,14,2,1
1,4,0,400,400,15,https://resultados2019.blob.core.windows.net/201901/157144.jpg,OK,0,1,BAJA VERAPAZ,SALAMÁ,15714,CORPORACIÓN MUNICIPAL,6,2,1,0,1,4,242,242,232,232,19,12,3,37,4,6,8,7,53,23,32,20,8
1,4,0,400,400,15,https://resultados2019.blob.core.windows.net/201901/157314.jpg,OK,0,1,BAJA VERAPAZ,SALAMÁ,15731,CORPORACIÓN MUNICIPAL,19,2,2,0,1,4,284,284,261,261,17,6,5,36,4,2,2,7,51,45,55,14,17
1,2,0,400,400,15,https://resultados2019.blob.core.windows.net/201901/157124.jpg,OK,0,1,BAJA VERAPAZ,SALAMÁ,15712,CORPORACIÓN MUNICIPAL,1,2,1,0,1,4,212,212,209,209,15,10,5,28,7,14,4,2,42,22,32,17,11
1,10,0,380,380,15,https://resultados2019.blob.core.windows.net/201901/157724.jpg,OK,0,1,BAJA VERAPAZ,SALAMÁ,15772,CORPORACIÓN MUNICIPAL,41,2,2,0,1,4,226,226,175,175,24,9,5,33,33,0,0,0,7,35,22,1,6
1,5,0,400,400,15,https://resultados2019.blob.core.windows.net/201901/157374.jpg,OK,0,1,BAJA VERAPAZ,SALAMÁ,15737,CORPORACIÓN MUNICIPAL,18,2,2,0,1,4,215,215,192,192,9,5,11,48,2,2,4,5,45,19,33,7,2
1,10,0,400,400,15,https://resultados2019.blob.core.windows.net/201901/157004.jpg,OK,0,1,BAJA VERAPAZ,SALAMÁ,15700,CORPORACIÓN MUNICIPAL,12,2,1,0,1,4,250,250,228,228,15,2,5,35,4,5,1,3,40,35,54,23,6
1,1,0,400,400,15,https://resultados2019.blob.core.windows.net/201901/157164.jpg,OK,1,1,BAJA VERAPAZ,SALAMÁ,15716,CORPORACIÓN MUNICIPAL,6,2,1,0,1,4,247,247,240,240,11,13,4,22,7,4,3,3,41,39,48,22,23
1,4,0,600,600,15,https://resultados2019.blob.core.windows.net/201901/157854.jpg,OK,0,1,BAJA VERAPAZ,SALAMÁ,15785,CORPORACIÓN MUNICIPAL,12,2,2,0,1,4,137,137,121,121,8,3,1,27,3,2,2,0,17,15,21,9,13
1,7,0,380,380,15,https://resultados2019.blob.core.windows.net/201901/157684.jpg,OK,0,1,BAJA VERAPAZ,SALAMÁ,15768,CORPORACIÓN MUNICIPAL,32,1,2,0,1,4,266,266,227,227,40,7,2,13,1,2,3,3,16,49,82,4,5
1,9,1,380,376,15,https://resultados2019.blob.core.windows.net/201901/157804.jpg,OK,0,1,BAJA VERAPAZ,SALAMÁ,15780,CORPORACIÓN MUNICIPAL,20,2,2,0,1,4,257,257,228,228,22,3,4,75,9,18,0,8,34,26,23,2,4
1,2,0,400,376,15,https://resultados2019.blob.core.windows.net/201901/157054.jpg,OK,0,1,BAJA VERAPAZ,SALAMÁ,15705,CORPORACIÓN MUNICIPAL,13,2,1,0,1,4,295,295,280,280,14,8,5,37,4,12,8,2,55,39,54,26,16
1,10,0,380,380,15,https://resultados2019.blob.core.windows.net/201901/157814.jpg,OK,0,1,BAJA VERAPAZ,SALAMÁ,15781,CORPORACIÓN MUNICIPAL,27,2,2,0,1,4,276,276,239,239,30,5,2,73,19,25,1,4,38,8,27,1,6
1,0,0,400,400,15,https://resultados2019.blob.core.windows.net/201901/157204.jpg,OK,0,1,BAJA VERAPAZ,SALAMÁ,15720,CORPORACIÓN MUNICIPAL,5,2,1,0,1,4,244,244,239,239,22,13,1,39,6,8,1,1,46,22,47,17,16
1,0,0,400,400,15,https://resultados2019.blob.core.windows.net/201901/157034.jpg,OK,0,1,BAJA VERAPAZ,SALAMÁ,15703,CORPORACIÓN MUNICIPAL,11,2,1,0,1,4,259,259,248,248,13,7,4,36,10,13,1,5,51,23,45,22,18
1,7,0,380,400,15,https://resultados2019.blob.core.windows.net/201901/157824.jpg,OK,0,1,BAJA VERAPAZ,SALAMÁ,15782,CORPORACIÓN MUNICIPAL,18,2,2,0,1,4,284,284,259,259,45,2,3,75,20,27,0,4,33,11,33,2,4
1,0,0,400,400,15,https://resultados2019.blob.core.windows.net/201901/157154.jpg,OK,0,1,BAJA VERAPAZ,SALAMÁ,15715,CORPORACIÓN MUNICIPAL,3,2,2,0,1,4,241,241,238,238,14,9,4,40,4,11,6,5,35,24,45,27,14
1,3,0,203,203,15,https://resultados2019.blob.core.windows.net/201901/157364.jpg,OK,0,1,BAJA VERAPAZ,SALAMÁ,15736,CORPORACIÓN MUNICIPAL,4,2,2,0,1,4,97,97,90,90,3,4,2,14,1,1,1,3,14,22,16,4,5
1,3,0,400,400,15,https://resultados2019.blob.core.windows.net/201901/157184.jpg,OK,0,1,BAJA VERAPAZ,SALAMÁ,15718,CORPORACIÓN MUNICIPAL,5,2,1,0,1,4,258,258,250,250,13,9,6,34,3,8,1,5,42,30,55,28,16
1,5,0,400,400,15,https://resultados2019.blob.core.windows.net/201901/157024.jpg,OK,0,1,BAJA VERAPAZ,SALAMÁ,15702,CORPORACIÓN MUNICIPAL,15,2,1,0,1,4,265,265,245,245,17,5,7,39,9,5,9,3,38,28,49,27,9
1,6,0,400,400,15,https://resultados2019.blob.core.windows.net/201901/157304.jpg,OK,5,1,BAJA VERAPAZ,SALAMÁ,15730,CORPORACIÓN MUNICIPAL,12,2,2,0,1,4,238,238,220,220,12,0,2,38,3,2,4,4,41,36,55,13,10
1,3,0,400,400,15,https://resultados2019.blob.core.windows.net/201901/157224.jpg,OK,0,1,BAJA VERAPAZ,SALAMÁ,15722,CORPORACIÓN MUNICIPAL,12,2,1,0,1,4,250,250,235,235,12,6,3,44,6,22,3,0,31,27,46,17,18
1,3,0,400,400,15,https://resultados2019.blob.core.windows.net/201901/157394.jpg,OK,0,1,BAJA VERAPAZ,SALAMÁ,15739,CORPORACIÓN MUNICIPAL,14,2,2,0,1,4,217,217,200,200,8,3,3,39,2,6,3,2,44,17,49,11,13
1,0,0,400,400,15,https://resultados2019.blob.core.windows.net/201901/157134.jpg,OK,0,1,BAJA VERAPAZ,SALAMÁ,15713,CORPORACIÓN MUNICIPAL,7,2,1,0,1,4,248,248,241,241,18,7,6,37,2,9,5,5,54,24,40,15,19
1,8,0,380,380,15,https://resultados2019.blob.core.windows.net/201901/157604.jpg,OK,0,1,BAJA VERAPAZ,SALAMÁ,15760,CORPORACIÓN MUNICIPAL,19,2,1,0,1,4,163,163,136,136,4,5,3,8,34,2,3,0,15,43,13,3,3
1,2,0,400,400,15,https://resultados2019.blob.core.windows.net/201901/156994.jpg,OK,0,1,BAJA VERAPAZ,SALAMÁ,15699,CORPORACIÓN MUNICIPAL,12,2,1,0,1,4,273,273,259,259,17,9,3,42,11,12,6,2,37,34,51,18,17
1,3,0,400,400,15,https://resultados2019.blob.core.windows.net/201901/157064.jpg,OK,0,1,BAJA VERAPAZ,SALAMÁ,15706,CORPORACIÓN MUNICIPAL,10,2,1,0,1,4,283,283,270,270,20,8,4,38,5,12,3,3,47,33,57,22,18
1,4,0,400,400,15,https://resultados2019.blob.core.windows.net/201901/157384.jpg,OK,0,1,BAJA VERAPAZ,SALAMÁ,15738,CORPORACIÓN MUNICIPAL,26,2,2,0,1,4,240,240,210,210,12,3,6,35,1,5,4,2,47,24,49,16,6
1,6,0,400,396,15,https://resultados2019.blob.core.windows.net/201901/157104.jpg,OK,0,1,BAJA VERAPAZ,SALAMÁ,15710,CORPORACIÓN MUNICIPAL,14,2,1,0,1,4,268,268,248,248,15,6,6,32,7,10,5,7,37,32,49,22,20
1,1,0,400,399,15,https://resultados2019.blob.core.windows.net/201901/157194.jpg,OK,0,1,BAJA VERAPAZ,SALAMÁ,15719,CORPORACIÓN MUNICIPAL,2,2,1,0,1,4,256,256,253,253,12,16,8,36,6,6,1,3,51,21,52,24,17
1,7,0,365,366,15,https://resultados2019.blob.core.windows.net/201901/157654.jpg,OK,0,1,BAJA VERAPAZ,SALAMÁ,15765,CORPORACIÓN MUNICIPAL,8,2,2,0,1,4,185,185,170,170,5,11,12,7,39,3,2,1,11,57,13,3,6
1,5,0,400,400,15,https://resultados2019.blob.core.windows.net/201901/157214.jpg,OK,0,1,BAJA VERAPAZ,SALAMÁ,15721,CORPORACIÓN MUNICIPAL,4,2,1,0,1,4,265,265,256,256,16,8,3,37,8,6,4,6,56,32,52,15,13
1,9,0,400,400,15,https://resultados2019.blob.core.windows.net/201901/157324.jpg,OK,0,1,BAJA VERAPAZ,SALAMÁ,15732,CORPORACIÓN MUNICIPAL,23,2,2,0,1,4,267,267,235,235,12,6,5,39,3,4,4,2,29,47,61,14,9
1,7,0,400,400,15,https://resultados2019.blob.core.windows.net/201901/157234.jpg,OK,0,1,BAJA VERAPAZ,SALAMÁ,15723,CORPORACIÓN MUNICIPAL,16,2,1,0,1,4,236,236,213,213,7,8,5,33,13,8,1,2,32,36,39,17,12
1,3,0,400,400,15,https://resultados2019.blob.core.windows.net/201901/157084.jpg,OK,0,1,BAJA VERAPAZ,SALAMÁ,15708,CORPORACIÓN MUNICIPAL,11,2,1,0,1,4,279,279,265,265,15,11,4,36,5,5,2,9,55,28,51,20,24
1,13,0,380,376,15,https://resultados2019.blob.core.windows.net/201901/157764.jpg,OK,0,1,BAJA VERAPAZ,SALAMÁ,15776,CORPORACIÓN MUNICIPAL,40,2,2,0,1,4,274,274,221,221,6,11,12,50,33,15,3,0,21,18,35,4,13
1,1,0,279,279,15,https://resultados2019.blob.core.windows.net/201901/157274.jpg,OK,0,1,BAJA VERAPAZ,SALAMÁ,15727,CORPORACIÓN MUNICIPAL,5,2,1,0,1,4,151,151,145,145,10,4,6,21,0,6,5,2,24,26,25,13,3
1,4,0,600,596,15,https://resultados2019.blob.core.windows.net/201901/157874.jpg,OK,0,1,BAJA VERAPAZ,SALAMÁ,15787,CORPORACIÓN MUNICIPAL,11,2,2,0,1,4,169,169,154,154,5,4,1,21,3,4,7,1,39,14,24,16,15
1,10,0,380,380,15,https://resultados2019.blob.core.windows.net/201901/157484.jpg,OK,0,1,BAJA VERAPAZ,SALAMÁ,15748,CORPORACIÓN MUNICIPAL,33,2,2,0,1,4,208,208,165,165,10,2,0,49,11,0,0,0,9,32,37,4,11
1,4,1,352,352,15,https://resultados2019.blob.core.windows.net/201901/157834.jpg,OK,0,1,BAJA VERAPAZ,SALAMÁ,15783,CORPORACIÓN MUNICIPAL,14,2,2,0,1,4,214,214,196,196,9,3,3,52,11,20,18,9,28,13,24,2,4
1,1,0,400,400,15,https://resultados2019.blob.core.windows.net/201901/157264.jpg,OK,0,1,BAJA VERAPAZ,SALAMÁ,15726,CORPORACIÓN MUNICIPAL,4,2,1,0,1,4,252,252,247,247,10,16,0,36,2,8,3,7,49,34,50,23,9
1,4,0,400,400,15,https://resultados2019.blob.core.windows.net/201901/157344.jpg,OK,0,1,BAJA VERAPAZ,SALAMÁ,15734,CORPORACIÓN MUNICIPAL,18,2,2,0,1,4,221,221,199,199,5,6,5,37,5,2,1,0,35,24,50,13,16
1,13,0,380,378,15,https://resultados2019.blob.core.windows.net/201901/157614.jpg,OK,0,1,BAJA VERAPAZ,SALAMÁ,15761,CORPORACIÓN MUNICIPAL,14,2,1,0,1,4,197,197,170,170,8,7,11,13,31,4,3,1,16,46,16,4,10
0,1,0,279,277,15,https://resultados2019.blob.core.windows.net/201901/157284.jpg,OK,0,1,BAJA VERAPAZ,SALAMÁ,15728,CORPORACIÓN MUNICIPAL,2,2,1,0,1,4,129,129,126,106,7,7,2,20,1,4,2,2,23,22,26,5,5
1,12,0,380,379,15,https://resultados2019.blob.core.windows.net/201901/157554.jpg,OK,0,1,BAJA VERAPAZ,SALAMÁ,15755,CORPORACIÓN MUNICIPAL,16,2,1,0,1,4,156,156,128,128,4,12,1,8,3,0,3,4,30,47,8,3,5
1,15,0,380,376,15,https://resultados2019.blob.core.windows.net/201901/157424.jpg,OK,0,1,BAJA VERAPAZ,SALAMÁ,15742,CORPORACIÓN MUNICIPAL,28,2,2,0,1,4,276,276,233,233,36,21,1,25,27,5,0,2,5,71,28,4,8
1,1,0,400,400,15,https://resultados2019.blob.core.windows.net/201901/157174.jpg,OK,0,1,BAJA VERAPAZ,SALAMÁ,15717,CORPORACIÓN MUNICIPAL,2,2,1,0,1,4,246,246,243,243,13,14,4,33,5,10,5,3,42,36,48,17,13
1,12,0,380,377,15,https://resultados2019.blob.core.windows.net/201901/157454.jpg,OK,0,1,BAJA VERAPAZ,SALAMÁ,15745,CORPORACIÓN MUNICIPAL,12,2,2,0,1,4,266,266,242,242,21,31,1,31,26,6,1,3,14,73,24,4,7
1,7,0,600,600,15,https://resultados2019.blob.core.windows.net/201901/157864.jpg,OK,0,1,BAJA VERAPAZ,SALAMÁ,15786,CORPORACIÓN MUNICIPAL,13,2,1,0,1,4,153,153,133,133,14,3,1,27,4,10,1,1,19,11,27,6,9
1,2,0,351,351,15,https://resultados2019.blob.core.windows.net/201901/157844.jpg,OK,10,1,BAJA VERAPAZ,SALAMÁ,15784,CORPORACIÓN MUNICIPAL,8,2,2,0,1,4,194,194,184,184,20,3,2,54,11,29,0,3,24,7,29,0,2
1,4,0,299,299,15,https://resultados2019.blob.core.windows.net/201901/157474.jpg,OK,0,1,BAJA VERAPAZ,SALAMÁ,15747,CORPORACIÓN MUNICIPAL,5,2,2,0,1,4,190,190,181,181,22,21,2,11,14,2,1,1,7,66,31,2,1
1,5,0,400,400,15,https://resultados2019.blob.core.windows.net/201901/157014.jpg,OK,0,1,BAJA VERAPAZ,SALAMÁ,15701,CORPORACIÓN MUNICIPAL,9,2,1,0,1,4,264,264,250,250,20,11,4,35,6,7,3,6,36,39,43,27,13
1,3,0,328,328,15,https://resultados2019.blob.core.windows.net/201901/157414.jpg,OK,0,1,BAJA VERAPAZ,SALAMÁ,15741,CORPORACIÓN MUNICIPAL,7,2,2,0,1,4,178,178,168,168,10,6,3,44,1,3,3,0,29,19,22,14,14
1,9,0,380,380,15,https://resultados2019.blob.core.windows.net/201901/157524.jpg,OK,0,1,BAJA VERAPAZ,SALAMÁ,15752,CORPORACIÓN MUNICIPAL,16,2,2,0,1,4,212,212,187,187,13,2,4,82,6,2,3,3,7,24,26,5,10
1,6,0,400,400,15,https://resultados2019.blob.core.windows.net/201901/157094.jpg,OK,0,1,BAJA VERAPAZ,SALAMÁ,15709,CORPORACIÓN MUNICIPAL,16,2,1,0,1,4,278,278,256,256,19,18,2,37,4,11,5,5,55,32,36,14,18
