ACTACUADRA,BLANCOS,CNTIMPUGNA,CNTINSCRITOS,CNTPAPELETAS,DEP,IMGSRC,IMGSTATUS,INVALIDOS,MUN,NDEP,NMUN,NROMESA,NTE,NULOS,STACTA,STESCAN,STFISIC,STTRANS,TIPOELECCION,TOTALACTA,TOTALVOTOS,VOTOSVALIDOS,VOTOSVALIDOSACTA,voto_BIEN,voto_COCERNA,voto_COCIEAR,voto_COCIECH,voto_FCN-NACION,voto_MLP,voto_PHG,voto_PODEMOS,voto_SEMILLA,voto_UNE,voto_UNIDOS,voto_URNG_MAIZ,voto_VAMOS
1,4,0,400,400,15,https://resultados2019.blob.core.windows.net/201901/158604.jpg,OK,0,3,BAJA VERAPAZ,RABINAL,15860,CORPORACIÓN MUNICIPAL,46,2,2,0,1,4,255,255,205,205,4,22,46,40,2,5,9,3,2,23,0,4,45
1,1,0,400,403,15,https://resultados2019.blob.core.windows.net/201901/158424.jpg,OK,0,3,BAJA VERAPAZ,RABINAL,15842,CORPORACIÓN MUNICIPAL,9,2,2,0,1,4,265,265,255,255,7,78,29,34,1,10,13,5,5,19,3,2,49
1,2,0,400,396,15,https://resultados2019.blob.core.windows.net/201901/158624.jpg,OK,0,3,BAJA VERAPAZ,RABINAL,15862,CORPORACIÓN MUNICIPAL,5,2,2,0,1,4,178,178,171,171,3,34,27,37,0,2,3,1,4,15,2,3,40
1,1,0,263,263,15,https://resultados2019.blob.core.windows.net/201901/158774.jpg,OK,0,3,BAJA VERAPAZ,RABINAL,15877,CORPORACIÓN MUNICIPAL,8,2,2,0,1,4,126,126,117,117,2,12,27,33,2,1,3,2,2,5,0,1,27
1,5,0,400,397,15,https://resultados2019.blob.core.windows.net/201901/158384.jpg,OK,0,3,BAJA VERAPAZ,RABINAL,15838,CORPORACIÓN MUNICIPAL,17,2,2,0,1,4,259,259,237,237,10,53,18,43,1,5,9,4,1,22,6,3,62
1,2,0,400,400,15,https://resultados2019.blob.core.windows.net/201901/158484.jpg,OK,0,3,BAJA VERAPAZ,RABINAL,15848,CORPORACIÓN MUNICIPAL,12,2,2,0,1,4,244,244,230,230,7,67,26,35,0,4,14,1,4,22,1,4,45
1,3,0,380,376,15,https://resultados2019.blob.core.windows.net/201901/158744.jpg,OK,0,3,BAJA VERAPAZ,RABINAL,15874,CORPORACIÓN MUNICIPAL,35,2,2,0,1,4,272,272,234,234,1,10,63,94,1,1,1,2,4,20,3,2,32
1,3,0,400,400,15,https://resultados2019.blob.core.windows.net/201901/158634.jpg,OK,0,3,BAJA VERAPAZ,RABINAL,15863,CORPORACIÓN MUNICIPAL,23,1,2,0,1,4,224,224,198,198,5,24,36,49,0,4,3,2,10,23,1,1,40
1,1,0,316,316,15,https://resultados2019.blob.core.windows.net/201901/158864.jpg,OK,0,3,BAJA VERAPAZ,RABINAL,15886,CORPORACIÓN MUNICIPAL,21,1,2,0,1,4,144,144,122,122,3,6,35,20,0,5,3,1,3,17,1,1,27
1,0,0,291,291,15,https://resultados2019.blob.core.windows.net/201901/158514.jpg,OK,0,3,BAJA VERAPAZ,RABINAL,15851,CORPORACIÓN MUNICIPAL,4,2,2,0,1,4,170,170,166,166,5,50,13,24,0,2,5,1,7,21,4,3,31
1,4,0,400,396,15,https://resultados2019.blob.core.windows.net/201901/158374.jpg,OK,0,3,BAJA VERAPAZ,RABINAL,15837,CORPORACIÓN MUNICIPAL,10,2,2,0,1,4,252,252,238,238,8,64,39,29,1,3,10,2,5,21,4,3,49
1,1,0,215,215,15,https://resultados2019.blob.core.windows.net/201901/158724.jpg,OK,0,3,BAJA VERAPAZ,RABINAL,15872,CORPORACIÓN MUNICIPAL,5,1,2,0,1,4,86,86,80,80,1,2,20,39,0,3,0,1,0,8,3,0,3
1,4,0,380,380,15,https://resultados2019.blob.core.windows.net/201901/158684.jpg,OK,0,3,BAJA VERAPAZ,RABINAL,15868,CORPORACIÓN MUNICIPAL,48,1,2,0,1,4,234,234,182,182,3,14,58,76,4,2,3,2,0,13,0,1,6
1,5,0,400,400,15,https://resultados2019.blob.core.windows.net/201901/158354.jpg,OK,0,3,BAJA VERAPAZ,RABINAL,15835,CORPORACIÓN MUNICIPAL,15,2,2,0,1,4,254,254,234,234,8,48,19,42,0,10,5,6,7,18,1,3,67
1,3,0,516,516,15,https://resultados2019.blob.core.windows.net/201901/158904.jpg,OK,0,3,BAJA VERAPAZ,RABINAL,15890,CORPORACIÓN MUNICIPAL,12,2,2,0,1,4,123,123,108,108,2,21,16,19,1,3,6,4,4,9,0,3,20
1,2,0,517,517,15,https://resultados2019.blob.core.windows.net/201901/158894.jpg,OK,0,3,BAJA VERAPAZ,RABINAL,15889,CORPORACIÓN MUNICIPAL,6,2,2,0,1,4,140,140,132,132,4,33,15,22,1,6,8,1,4,5,3,3,27
1,1,0,244,244,15,https://resultados2019.blob.core.windows.net/201901/158814.jpg,OK,0,3,BAJA VERAPAZ,RABINAL,15881,CORPORACIÓN MUNICIPAL,21,1,2,0,1,4,133,133,111,111,5,9,44,8,2,2,0,0,1,6,7,1,26
1,0,0,400,396,15,https://resultados2019.blob.core.windows.net/201901/158494.jpg,OK,0,3,BAJA VERAPAZ,RABINAL,15849,CORPORACIÓN MUNICIPAL,4,2,2,0,1,4,248,248,244,244,1,78,19,31,1,11,8,4,7,26,2,6,50
1,2,0,400,400,15,https://resultados2019.blob.core.windows.net/201901/158444.jpg,OK,0,3,BAJA VERAPAZ,RABINAL,15844,CORPORACIÓN MUNICIPAL,10,2,2,0,1,4,275,275,263,263,9,94,15,37,0,5,15,3,6,20,4,2,53
1,0,0,216,216,15,https://resultados2019.blob.core.windows.net/201901/158714.jpg,OK,0,3,BAJA VERAPAZ,RABINAL,15871,CORPORACIÓN MUNICIPAL,8,2,2,0,1,4,80,80,72,72,2,5,20,27,2,0,2,0,0,8,0,0,6
1,2,0,380,380,15,https://resultados2019.blob.core.windows.net/201901/158734.jpg,OK,0,3,BAJA VERAPAZ,RABINAL,15873,CORPORACIÓN MUNICIPAL,32,2,2,0,1,4,209,209,175,175,2,9,32,93,1,3,4,0,0,5,0,3,23
1,3,0,400,400,15,https://resultados2019.blob.core.windows.net/201901/158544.jpg,OK,0,3,BAJA VERAPAZ,RABINAL,15854,CORPORACIÓN MUNICIPAL,36,2,2,0,1,4,262,262,223,223,3,14,30,88,2,7,4,3,1,21,3,1,46
1,0,0,400,400,15,https://resultados2019.blob.core.windows.net/201901/158414.jpg,OK,0,3,BAJA VERAPAZ,RABINAL,15841,CORPORACIÓN MUNICIPAL,10,2,2,0,1,4,245,245,235,235,9,71,15,31,0,7,11,5,5,19,8,3,51
1,4,0,400,396,15,https://resultados2019.blob.core.windows.net/201901/158334.jpg,OK,0,3,BAJA VERAPAZ,RABINAL,15833,CORPORACIÓN MUNICIPAL,10,2,2,0,1,4,271,271,257,257,2,79,25,45,1,10,7,4,10,15,1,6,52
1,6,0,400,400,15,https://resultados2019.blob.core.windows.net/201901/158584.jpg,OK,0,3,BAJA VERAPAZ,RABINAL,15858,CORPORACIÓN MUNICIPAL,38,2,2,0,1,4,268,268,224,224,8,20,47,68,0,4,4,2,5,18,12,3,33
1,7,0,400,400,15,https://resultados2019.blob.core.windows.net/201901/158614.jpg,OK,0,3,BAJA VERAPAZ,RABINAL,15861,CORPORACIÓN MUNICIPAL,29,2,2,0,1,4,241,241,205,205,5,29,29,48,1,1,13,2,4,29,2,3,39
1,5,1,400,400,15,https://resultados2019.blob.core.windows.net/201901/158534.jpg,OK,0,3,BAJA VERAPAZ,RABINAL,15853,CORPORACIÓN MUNICIPAL,25,2,2,0,1,4,242,242,212,212,3,27,37,58,0,7,9,3,3,20,2,4,39
1,5,1,380,380,15,https://resultados2019.blob.core.windows.net/201901/158674.jpg,OK,0,3,BAJA VERAPAZ,RABINAL,15867,CORPORACIÓN MUNICIPAL,34,1,2,0,1,4,226,226,187,187,1,10,30,114,1,2,0,3,3,9,1,0,13
1,1,0,380,380,15,https://resultados2019.blob.core.windows.net/201901/158794.jpg,OK,0,3,BAJA VERAPAZ,RABINAL,15879,CORPORACIÓN MUNICIPAL,29,1,2,0,1,4,224,224,194,194,0,11,70,22,1,4,4,2,0,13,12,7,48
1,0,0,292,292,15,https://resultados2019.blob.core.windows.net/201901/158504.jpg,OK,0,3,BAJA VERAPAZ,RABINAL,15850,CORPORACIÓN MUNICIPAL,0,2,2,0,1,4,196,196,196,196,4,77,22,27,0,1,6,0,8,15,4,0,32
1,0,0,353,353,15,https://resultados2019.blob.core.windows.net/201901/158654.jpg,OK,0,3,BAJA VERAPAZ,RABINAL,15865,CORPORACIÓN MUNICIPAL,7,2,2,0,1,4,180,180,173,173,2,25,44,42,0,2,8,0,3,16,1,8,22
1,4,0,380,377,15,https://resultados2019.blob.core.windows.net/201901/158754.jpg,OK,0,3,BAJA VERAPAZ,RABINAL,15875,CORPORACIÓN MUNICIPAL,34,2,2,0,1,4,279,279,241,241,5,10,57,90,4,4,5,5,3,11,1,0,46
1,1,0,316,316,15,https://resultados2019.blob.core.windows.net/201901/158874.jpg,OK,0,3,BAJA VERAPAZ,RABINAL,15887,CORPORACIÓN MUNICIPAL,9,1,2,0,1,4,123,123,113,113,2,6,19,18,0,11,3,0,3,13,2,1,35
1,2,0,263,263,15,https://resultados2019.blob.core.windows.net/201901/158784.jpg,OK,0,3,BAJA VERAPAZ,RABINAL,15878,CORPORACIÓN MUNICIPAL,1,2,2,0,1,4,130,130,127,127,2,7,23,48,0,2,2,0,3,10,1,5,24
1,2,0,380,380,15,https://resultados2019.blob.core.windows.net/201901/158804.jpg,OK,0,3,BAJA VERAPAZ,RABINAL,15880,CORPORACIÓN MUNICIPAL,39,1,2,0,1,4,248,248,207,207,2,19,88,34,3,0,2,1,0,15,6,3,34
1,4,0,400,400,15,https://resultados2019.blob.core.windows.net/201901/158524.jpg,OK,0,3,BAJA VERAPAZ,RABINAL,15852,CORPORACIÓN MUNICIPAL,23,2,2,0,1,4,235,235,208,208,3,19,47,39,0,5,4,0,8,15,3,4,61
1,6,0,380,379,15,https://resultados2019.blob.core.windows.net/201901/158704.jpg,OK,0,3,BAJA VERAPAZ,RABINAL,15870,CORPORACIÓN MUNICIPAL,48,1,2,0,1,4,235,235,181,181,4,7,27,83,3,2,4,9,2,23,0,1,16
1,3,0,400,393,15,https://resultados2019.blob.core.windows.net/201901/158394.jpg,OK,0,3,BAJA VERAPAZ,RABINAL,15839,CORPORACIÓN MUNICIPAL,11,2,2,0,1,4,252,252,238,238,8,71,17,34,0,5,15,8,3,14,8,2,53
1,9,0,600,600,15,https://resultados2019.blob.core.windows.net/201901/158884.jpg,OK,0,3,BAJA VERAPAZ,RABINAL,15888,CORPORACIÓN MUNICIPAL,15,2,2,0,1,4,156,156,132,132,2,15,19,36,1,7,6,2,3,12,1,2,26
1,0,0,400,398,15,https://resultados2019.blob.core.windows.net/201901/158404.jpg,OK,0,3,BAJA VERAPAZ,RABINAL,15840,CORPORACIÓN MUNICIPAL,2,2,2,0,1,4,236,236,234,234,2,71,18,35,0,1,13,3,11,13,4,4,59
1,2,0,243,243,15,https://resultados2019.blob.core.windows.net/201901/158824.jpg,OK,0,3,BAJA VERAPAZ,RABINAL,15882,CORPORACIÓN MUNICIPAL,7,1,2,0,1,4,115,115,106,106,3,12,46,19,0,0,0,0,2,2,3,1,18
1,1,0,352,352,15,https://resultados2019.blob.core.windows.net/201901/158664.jpg,OK,0,3,BAJA VERAPAZ,RABINAL,15866,CORPORACIÓN MUNICIPAL,3,2,2,0,1,4,183,183,179,179,1,31,25,45,1,4,6,2,9,17,0,5,33
1,6,0,400,400,15,https://resultados2019.blob.core.windows.net/201901/158574.jpg,OK,0,3,BAJA VERAPAZ,RABINAL,15857,CORPORACIÓN MUNICIPAL,23,2,2,0,1,4,254,254,225,225,5,34,41,55,0,5,6,2,3,18,1,5,50
1,7,0,400,400,15,https://resultados2019.blob.core.windows.net/201901/158644.jpg,OK,0,3,BAJA VERAPAZ,RABINAL,15864,CORPORACIÓN MUNICIPAL,17,2,2,0,1,4,216,216,192,192,2,27,41,48,0,3,9,1,3,15,1,3,39
1,3,0,400,396,15,https://resultados2019.blob.core.windows.net/201901/158474.jpg,OK,0,3,BAJA VERAPAZ,RABINAL,15847,CORPORACIÓN MUNICIPAL,9,2,2,0,1,4,246,246,234,234,6,62,20,30,0,10,10,5,7,28,4,5,47
1,2,0,400,400,15,https://resultados2019.blob.core.windows.net/201901/158434.jpg,OK,0,3,BAJA VERAPAZ,RABINAL,15843,CORPORACIÓN MUNICIPAL,17,2,2,0,1,4,266,266,247,247,2,76,37,26,1,3,8,8,3,20,3,6,54
1,4,0,400,396,15,https://resultados2019.blob.core.windows.net/201901/158594.jpg,OK,0,3,BAJA VERAPAZ,RABINAL,15859,CORPORACIÓN MUNICIPAL,26,2,2,0,1,4,254,254,224,224,1,27,48,49,0,6,6,2,7,21,1,4,52
1,6,0,380,380,15,https://resultados2019.blob.core.windows.net/201901/158854.jpg,OK,0,3,BAJA VERAPAZ,RABINAL,15885,CORPORACIÓN MUNICIPAL,50,1,2,0,1,4,259,259,203,203,7,11,61,25,0,4,10,3,5,26,0,3,48
1,2,0,400,400,15,https://resultados2019.blob.core.windows.net/201901/158454.jpg,OK,0,3,BAJA VERAPAZ,RABINAL,15845,CORPORACIÓN MUNICIPAL,2,2,2,0,1,4,294,294,290,290,8,85,23,32,0,12,11,1,5,24,4,10,75
1,8,0,380,376,15,https://resultados2019.blob.core.windows.net/201901/158694.jpg,OK,0,3,BAJA VERAPAZ,RABINAL,15869,CORPORACIÓN MUNICIPAL,56,1,2,0,1,4,251,251,187,187,0,15,47,54,3,3,4,12,2,23,0,0,24
1,7,0,380,374,15,https://resultados2019.blob.core.windows.net/201901/158764.jpg,OK,0,3,BAJA VERAPAZ,RABINAL,15876,CORPORACIÓN MUNICIPAL,32,2,2,0,1,4,247,247,208,208,10,10,47,66,4,2,4,1,4,14,1,2,43
1,6,0,400,400,15,https://resultados2019.blob.core.windows.net/201901/158554.jpg,OK,0,3,BAJA VERAPAZ,RABINAL,15855,CORPORACIÓN MUNICIPAL,40,2,2,0,1,4,278,278,232,232,5,16,64,72,0,13,4,3,5,19,0,6,25
1,9,0,400,398,15,https://resultados2019.blob.core.windows.net/201901/158344.jpg,OK,0,3,BAJA VERAPAZ,RABINAL,15834,CORPORACIÓN MUNICIPAL,22,2,2,0,1,4,276,276,245,245,8,54,20,41,1,6,10,2,13,27,0,7,56
1,0,0,400,400,15,https://resultados2019.blob.core.windows.net/201901/158464.jpg,OK,0,3,BAJA VERAPAZ,RABINAL,15846,CORPORACIÓN MUNICIPAL,18,2,2,0,1,4,249,249,231,231,3,51,19,39,0,6,7,4,7,22,1,6,66
1,4,0,400,400,15,https://resultados2019.blob.core.windows.net/201901/158564.jpg,OK,0,3,BAJA VERAPAZ,RABINAL,15856,CORPORACIÓN MUNICIPAL,33,2,2,0,1,4,259,259,222,222,3,19,31,117,2,2,4,1,3,9,3,2,26
0,5,0,380,381,15,https://resultados2019.blob.core.windows.net/201901/158834.jpg,OK,0,3,BAJA VERAPAZ,RABINAL,15883,CORPORACIÓN MUNICIPAL,33,1,2,0,1,4,211,214,176,173,1,4,44,28,0,8,6,3,6,34,0,3,39
1,13,0,380,380,15,https://resultados2019.blob.core.windows.net/201901/158844.jpg,OK,0,3,BAJA VERAPAZ,RABINAL,15884,CORPORACIÓN MUNICIPAL,38,1,2,0,1,4,242,242,191,191,2,5,44,28,2,3,8,5,1,46,1,4,42
1,4,0,400,400,15,https://resultados2019.blob.core.windows.net/201901/158364.jpg,OK,0,3,BAJA VERAPAZ,RABINAL,15836,CORPORACIÓN MUNICIPAL,26,2,2,0,1,4,280,280,250,250,3,62,28,35,1,8,7,5,5,25,5,0,66
