ACTACUADRA,BLANCOS,CNTIMPUGNA,CNTINSCRITOS,CNTPAPELETAS,DEP,IMGSRC,IMGSTATUS,INVALIDOS,MUN,NDEP,NMUN,NROMESA,NTE,NULOS,STACTA,STESCAN,STFISIC,STTRANS,TIPOELECCION,TOTALACTA,TOTALVOTOS,VOTOSVALIDOS,VOTOSVALIDOSACTA,voto_BIEN,voto_FCN-NACION,voto_PHG,voto_TODOS,voto_UNE,voto_UNIDOS,voto_VAMOS
1,2,0,400,400,15,https://resultados2019.blob.core.windows.net/201901/159744.jpg,OK,0,5,BAJA VERAPAZ,GRANADOS,15974,CORPORACIÓN MUNICIPAL,10,2,2,0,1,4,319,319,307,307,3,1,39,99,15,149,1
1,5,0,380,380,15,https://resultados2019.blob.core.windows.net/201901/159914.jpg,OK,0,5,BAJA VERAPAZ,GRANADOS,15991,CORPORACIÓN MUNICIPAL,9,2,2,0,1,4,270,270,256,256,0,1,82,81,12,77,3
1,1,1,544,544,15,https://resultados2019.blob.core.windows.net/201901/159944.jpg,OK,0,5,BAJA VERAPAZ,GRANADOS,15994,CORPORACIÓN MUNICIPAL,6,2,2,0,1,4,131,131,124,124,1,1,33,43,5,40,1
1,0,0,265,265,15,https://resultados2019.blob.core.windows.net/201901/159804.jpg,OK,0,5,BAJA VERAPAZ,GRANADOS,15980,CORPORACIÓN MUNICIPAL,1,2,2,0,1,4,212,212,211,211,3,1,32,68,6,101,0
1,1,0,400,400,15,https://resultados2019.blob.core.windows.net/201901/159784.jpg,OK,0,5,BAJA VERAPAZ,GRANADOS,15978,CORPORACIÓN MUNICIPAL,5,2,2,0,1,4,255,255,249,249,1,2,48,78,15,105,0
1,1,0,252,252,15,https://resultados2019.blob.core.windows.net/201901/159854.jpg,OK,0,5,BAJA VERAPAZ,GRANADOS,15985,CORPORACIÓN MUNICIPAL,3,2,2,0,1,4,177,177,173,173,0,0,16,47,17,93,0
1,3,1,380,380,15,https://resultados2019.blob.core.windows.net/201901/159884.jpg,OK,0,5,BAJA VERAPAZ,GRANADOS,15988,CORPORACIÓN MUNICIPAL,19,2,2,0,1,4,283,283,261,261,1,1,66,94,14,83,2
1,0,0,400,400,15,https://resultados2019.blob.core.windows.net/201901/159794.jpg,OK,1,5,BAJA VERAPAZ,GRANADOS,15979,CORPORACIÓN MUNICIPAL,1,2,2,0,1,4,290,290,289,289,1,0,35,96,11,146,0
1,5,0,380,380,15,https://resultados2019.blob.core.windows.net/201901/159874.jpg,OK,0,5,BAJA VERAPAZ,GRANADOS,15987,CORPORACIÓN MUNICIPAL,7,2,2,0,1,4,270,270,258,258,2,0,75,86,15,75,5
1,3,0,380,380,15,https://resultados2019.blob.core.windows.net/201901/159894.jpg,OK,0,5,BAJA VERAPAZ,GRANADOS,15989,CORPORACIÓN MUNICIPAL,13,2,2,0,1,4,290,290,274,274,5,0,71,108,13,77,0
1,2,0,400,400,15,https://resultados2019.blob.core.windows.net/201901/159704.jpg,OK,0,5,BAJA VERAPAZ,GRANADOS,15970,CORPORACIÓN MUNICIPAL,10,2,2,0,1,4,307,307,295,295,3,0,39,111,10,131,1
1,3,2,253,253,15,https://resultados2019.blob.core.windows.net/201901/159844.jpg,OK,0,5,BAJA VERAPAZ,GRANADOS,15984,CORPORACIÓN MUNICIPAL,11,2,2,0,1,4,165,165,151,151,0,0,17,39,16,79,0
1,3,0,400,396,15,https://resultados2019.blob.core.windows.net/201901/159724.jpg,OK,0,5,BAJA VERAPAZ,GRANADOS,15972,CORPORACIÓN MUNICIPAL,5,2,2,0,1,4,300,300,292,292,2,1,33,107,15,134,0
1,1,0,202,202,15,https://resultados2019.blob.core.windows.net/201901/159934.jpg,OK,0,5,BAJA VERAPAZ,GRANADOS,15993,CORPORACIÓN MUNICIPAL,2,2,2,0,1,4,152,152,149,149,2,0,39,45,9,54,0
1,2,0,380,380,15,https://resultados2019.blob.core.windows.net/201901/159824.jpg,OK,0,5,BAJA VERAPAZ,GRANADOS,15982,CORPORACIÓN MUNICIPAL,9,2,2,0,1,4,292,292,281,281,2,1,19,86,28,145,0
1,1,0,380,380,15,https://resultados2019.blob.core.windows.net/201901/159864.jpg,OK,0,5,BAJA VERAPAZ,GRANADOS,15986,CORPORACIÓN MUNICIPAL,9,2,2,0,1,4,282,282,272,272,1,1,69,107,11,82,1
1,4,0,400,396,15,https://resultados2019.blob.core.windows.net/201901/159774.jpg,OK,0,5,BAJA VERAPAZ,GRANADOS,15977,CORPORACIÓN MUNICIPAL,10,2,2,0,1,4,274,274,260,260,1,0,43,90,9,117,0
1,1,0,400,396,15,https://resultados2019.blob.core.windows.net/201901/159694.jpg,OK,1,5,BAJA VERAPAZ,GRANADOS,15969,CORPORACIÓN MUNICIPAL,5,2,2,0,1,4,287,287,281,281,3,1,52,106,11,108,0
1,1,0,203,203,15,https://resultados2019.blob.core.windows.net/201901/159924.jpg,OK,0,5,BAJA VERAPAZ,GRANADOS,15992,CORPORACIÓN MUNICIPAL,0,2,2,0,1,4,157,157,156,156,0,0,49,49,6,52,0
1,2,0,380,376,15,https://resultados2019.blob.core.windows.net/201901/159904.jpg,OK,0,5,BAJA VERAPAZ,GRANADOS,15990,CORPORACIÓN MUNICIPAL,6,2,2,0,1,4,249,249,241,241,0,1,68,90,8,71,3
1,2,0,400,396,15,https://resultados2019.blob.core.windows.net/201901/159734.jpg,OK,1,5,BAJA VERAPAZ,GRANADOS,15973,CORPORACIÓN MUNICIPAL,9,2,2,0,1,4,319,319,308,308,4,4,50,100,10,140,0
1,5,0,400,396,15,https://resultados2019.blob.core.windows.net/201901/159754.jpg,OK,0,5,BAJA VERAPAZ,GRANADOS,15975,CORPORACIÓN MUNICIPAL,12,2,2,0,1,4,314,314,297,297,2,0,57,109,8,119,2
1,0,0,264,264,15,https://resultados2019.blob.core.windows.net/201901/159814.jpg,OK,0,5,BAJA VERAPAZ,GRANADOS,15981,CORPORACIÓN MUNICIPAL,5,2,2,0,1,4,171,171,166,166,0,0,22,53,7,83,1
1,4,0,380,360,15,https://resultados2019.blob.core.windows.net/201901/159834.jpg,OK,0,5,BAJA VERAPAZ,GRANADOS,15983,CORPORACIÓN MUNICIPAL,16,2,2,0,1,4,283,283,263,263,0,1,11,109,22,120,0
1,1,0,400,400,15,https://resultados2019.blob.core.windows.net/201901/159764.jpg,OK,0,5,BAJA VERAPAZ,GRANADOS,15976,CORPORACIÓN MUNICIPAL,5,2,2,0,1,4,262,262,256,256,2,1,33,108,10,102,0
1,3,1,400,396,15,https://resultados2019.blob.core.windows.net/201901/159714.jpg,OK,0,5,BAJA VERAPAZ,GRANADOS,15971,CORPORACIÓN MUNICIPAL,10,2,2,0,1,4,296,296,283,283,1,4,36,113,14,115,0
