ACTACUADRA,BLANCOS,CNTIMPUGNA,CNTINSCRITOS,CNTPAPELETAS,DEP,IMGSRC,IMGSTATUS,INVALIDOS,MUN,NDEP,NMUN,NROMESA,NTE,NULOS,STACTA,STESCAN,STFISIC,STTRANS,TIPOELECCION,TOTALACTA,TOTALVOTOS,VOTOSVALIDOS,VOTOSVALIDOSACTA,voto_BIEN,voto_PC,voto_SEMILLA,voto_TODOS,voto_UNE,voto_VAMOS
1,3,0,400,400,15,https://resultados2019.blob.core.windows.net/201901/160004.jpg,OK,0,6,BAJA VERAPAZ,EL CHOL,16000,CORPORACIÓN MUNICIPAL,6,2,2,0,1,4,320,320,311,311,9,104,5,87,82,24
1,2,0,223,223,15,https://resultados2019.blob.core.windows.net/201901/160054.jpg,OK,0,6,BAJA VERAPAZ,EL CHOL,16005,CORPORACIÓN MUNICIPAL,0,2,2,0,1,4,172,172,170,170,4,51,5,46,58,6
1,3,0,400,400,15,https://resultados2019.blob.core.windows.net/201901/160034.jpg,OK,0,6,BAJA VERAPAZ,EL CHOL,16003,CORPORACIÓN MUNICIPAL,3,2,2,0,1,4,267,267,261,261,3,100,5,62,79,12
1,1,0,400,400,15,https://resultados2019.blob.core.windows.net/201901/160024.jpg,OK,0,6,BAJA VERAPAZ,EL CHOL,16002,CORPORACIÓN MUNICIPAL,3,2,2,0,1,4,244,244,240,240,7,75,8,63,70,17
1,0,0,404,403,15,https://resultados2019.blob.core.windows.net/201901/160124.jpg,OK,0,6,BAJA VERAPAZ,EL CHOL,16012,CORPORACIÓN MUNICIPAL,5,2,2,0,1,4,108,108,103,103,5,23,1,23,38,13
1,1,0,400,400,15,https://resultados2019.blob.core.windows.net/201901/159954.jpg,OK,0,6,BAJA VERAPAZ,EL CHOL,15995,CORPORACIÓN MUNICIPAL,8,2,2,0,1,4,277,277,268,268,4,94,5,70,83,12
1,5,0,400,400,15,https://resultados2019.blob.core.windows.net/201901/159964.jpg,OK,0,6,BAJA VERAPAZ,EL CHOL,15996,CORPORACIÓN MUNICIPAL,12,2,2,0,1,4,305,305,288,288,9,99,2,54,102,22
1,4,0,400,400,15,https://resultados2019.blob.core.windows.net/201901/160014.jpg,OK,0,6,BAJA VERAPAZ,EL CHOL,16001,CORPORACIÓN MUNICIPAL,9,2,2,0,1,4,292,292,279,279,15,99,7,70,73,15
1,11,1,400,400,15,https://resultados2019.blob.core.windows.net/201901/159994.jpg,OK,1,6,BAJA VERAPAZ,EL CHOL,15999,CORPORACIÓN MUNICIPAL,14,2,2,0,1,4,313,313,288,288,8,118,2,68,71,21
1,1,0,270,269,15,https://resultados2019.blob.core.windows.net/201901/160114.jpg,OK,0,6,BAJA VERAPAZ,EL CHOL,16011,CORPORACIÓN MUNICIPAL,0,2,1,0,1,4,205,205,204,204,8,42,1,32,113,8
1,4,0,380,380,15,https://resultados2019.blob.core.windows.net/201901/160074.jpg,OK,0,6,BAJA VERAPAZ,EL CHOL,16007,CORPORACIÓN MUNICIPAL,10,2,1,0,1,4,250,250,236,236,5,76,0,48,100,7
1,0,0,222,221,15,https://resultados2019.blob.core.windows.net/201901/160064.jpg,OK,0,6,BAJA VERAPAZ,EL CHOL,16006,CORPORACIÓN MUNICIPAL,3,2,2,0,1,4,159,159,156,156,3,55,1,36,54,7
1,3,0,380,380,15,https://resultados2019.blob.core.windows.net/201901/160094.jpg,OK,0,6,BAJA VERAPAZ,EL CHOL,16009,CORPORACIÓN MUNICIPAL,12,2,1,0,1,4,250,250,235,235,6,65,0,53,104,7
1,0,0,270,270,15,https://resultados2019.blob.core.windows.net/201901/160104.jpg,OK,0,6,BAJA VERAPAZ,EL CHOL,16010,CORPORACIÓN MUNICIPAL,3,2,1,0,1,4,177,177,174,174,8,37,0,25,98,6
1,4,0,400,400,15,https://resultados2019.blob.core.windows.net/201901/160044.jpg,OK,0,6,BAJA VERAPAZ,EL CHOL,16004,CORPORACIÓN MUNICIPAL,2,2,2,0,1,4,306,306,300,300,6,91,5,70,112,16
1,2,0,380,380,15,https://resultados2019.blob.core.windows.net/201901/160084.jpg,OK,0,6,BAJA VERAPAZ,EL CHOL,16008,CORPORACIÓN MUNICIPAL,3,2,2,0,1,4,290,290,285,285,13,69,0,43,145,15
1,7,0,400,400,15,https://resultados2019.blob.core.windows.net/201901/159974.jpg,OK,0,6,BAJA VERAPAZ,EL CHOL,15997,CORPORACIÓN MUNICIPAL,7,2,2,0,1,4,324,324,310,310,8,82,2,73,122,23
1,4,0,400,400,15,https://resultados2019.blob.core.windows.net/201901/159984.jpg,OK,0,6,BAJA VERAPAZ,EL CHOL,15998,CORPORACIÓN MUNICIPAL,5,2,2,0,1,4,309,309,300,300,5,109,6,64,97,19
