ACTACUADRA,BLANCOS,CNTIMPUGNA,CNTINSCRITOS,CNTPAPELETAS,DEP,IMGSRC,IMGSTATUS,INVALIDOS,MUN,NDEP,NMUN,NROMESA,NTE,NULOS,STACTA,STESCAN,STFISIC,STTRANS,TIPOELECCION,TOTALACTA,TOTALVOTOS,VOTOSVALIDOS,VOTOSVALIDOSACTA,voto_BIEN,voto_EG,voto_FCN-NACION,voto_FUERZA,voto_MLP,voto_PHG,voto_PODEMOS,voto_PPT,voto_SEMILLA,voto_TODOS,voto_UNE,voto_UNIONISTA,voto_VALOR,voto_VAMOS
1,5,0,368,368,15,https://resultados2019.blob.core.windows.net/201901/160354.jpg,OK,0,7,BAJA VERAPAZ,SAN JERÓNIMO,16035,CORPORACIÓN MUNICIPAL,10,2,2,0,1,4,232,232,217,217,43,8,4,3,3,10,0,4,52,42,12,0,13,23
1,10,0,380,376,15,https://resultados2019.blob.core.windows.net/201901/160394.jpg,OK,0,7,BAJA VERAPAZ,SAN JERÓNIMO,16039,CORPORACIÓN MUNICIPAL,23,2,2,0,1,4,270,270,237,237,30,9,20,13,2,23,6,2,22,66,20,2,14,8
1,0,0,400,396,15,https://resultados2019.blob.core.windows.net/201901/160194.jpg,OK,0,7,BAJA VERAPAZ,SAN JERÓNIMO,16019,CORPORACIÓN MUNICIPAL,7,2,2,0,1,4,246,246,239,239,21,10,10,16,4,12,14,2,7,55,14,0,57,17
1,8,0,400,400,15,https://resultados2019.blob.core.windows.net/201901/160254.jpg,OK,0,7,BAJA VERAPAZ,SAN JERÓNIMO,16025,CORPORACIÓN MUNICIPAL,17,2,2,0,1,4,296,296,271,271,51,20,11,17,13,9,3,3,22,60,21,1,26,14
1,3,0,400,396,15,https://resultados2019.blob.core.windows.net/201901/160174.jpg,OK,0,7,BAJA VERAPAZ,SAN JERÓNIMO,16017,CORPORACIÓN MUNICIPAL,16,2,2,0,1,4,271,271,252,252,27,10,13,11,2,3,4,0,5,68,25,0,53,31
1,3,0,380,376,15,https://resultados2019.blob.core.windows.net/201901/160324.jpg,OK,0,7,BAJA VERAPAZ,SAN JERÓNIMO,16032,CORPORACIÓN MUNICIPAL,20,2,2,0,1,4,288,288,265,265,60,15,10,2,3,6,1,5,55,51,16,0,13,28
1,4,0,380,376,15,https://resultados2019.blob.core.windows.net/201901/160404.jpg,OK,0,7,BAJA VERAPAZ,SAN JERÓNIMO,16040,CORPORACIÓN MUNICIPAL,16,2,2,0,1,4,225,225,205,205,47,19,7,11,0,18,7,0,15,29,12,0,21,19
1,0,0,399,399,15,https://resultados2019.blob.core.windows.net/201901/160224.jpg,OK,0,7,BAJA VERAPAZ,SAN JERÓNIMO,16022,CORPORACIÓN MUNICIPAL,5,2,2,0,1,4,248,248,243,243,39,12,8,20,1,7,9,0,4,37,14,0,66,26
1,4,0,400,395,15,https://resultados2019.blob.core.windows.net/201901/160234.jpg,OK,0,7,BAJA VERAPAZ,SAN JERÓNIMO,16023,CORPORACIÓN MUNICIPAL,11,2,2,0,1,4,264,264,249,249,44,17,10,18,13,5,5,4,17,53,21,0,33,9
1,4,0,400,396,15,https://resultados2019.blob.core.windows.net/201901/160184.jpg,OK,0,7,BAJA VERAPAZ,SAN JERÓNIMO,16018,CORPORACIÓN MUNICIPAL,11,2,2,0,1,4,269,269,254,254,30,11,9,11,1,6,10,1,10,59,23,1,50,32
1,11,0,380,376,15,https://resultados2019.blob.core.windows.net/201901/160374.jpg,OK,0,7,BAJA VERAPAZ,SAN JERÓNIMO,16037,CORPORACIÓN MUNICIPAL,28,2,2,0,1,4,249,249,210,210,34,20,14,13,3,15,5,1,10,62,10,0,13,10
1,1,0,323,323,15,https://resultados2019.blob.core.windows.net/201901/160314.jpg,OK,0,7,BAJA VERAPAZ,SAN JERÓNIMO,16031,CORPORACIÓN MUNICIPAL,2,2,2,0,1,4,215,215,212,212,39,15,2,23,7,9,12,6,13,37,7,0,32,10
1,2,0,400,396,15,https://resultados2019.blob.core.windows.net/201901/160204.jpg,OK,0,7,BAJA VERAPAZ,SAN JERÓNIMO,16020,CORPORACIÓN MUNICIPAL,6,2,2,0,1,4,260,260,252,252,28,10,13,11,3,6,4,1,14,63,16,1,61,21
1,0,0,369,369,15,https://resultados2019.blob.core.windows.net/201901/160424.jpg,OK,0,7,BAJA VERAPAZ,SAN JERÓNIMO,16042,CORPORACIÓN MUNICIPAL,4,2,2,0,1,4,206,206,202,202,44,13,15,11,1,23,4,1,17,42,6,0,14,11
1,7,0,369,368,15,https://resultados2019.blob.core.windows.net/201901/160414.jpg,OK,0,7,BAJA VERAPAZ,SAN JERÓNIMO,16041,CORPORACIÓN MUNICIPAL,14,2,2,0,1,4,217,217,196,196,41,23,16,14,0,15,3,0,11,39,8,0,14,12
1,6,0,380,376,15,https://resultados2019.blob.core.windows.net/201901/160384.jpg,OK,0,7,BAJA VERAPAZ,SAN JERÓNIMO,16038,CORPORACIÓN MUNICIPAL,32,2,2,0,1,4,272,272,234,234,44,20,20,16,2,21,3,2,8,67,10,0,10,11
1,5,0,466,466,15,https://resultados2019.blob.core.windows.net/201901/160444.jpg,OK,0,7,BAJA VERAPAZ,SAN JERÓNIMO,16044,CORPORACIÓN MUNICIPAL,11,2,2,0,1,4,150,150,134,134,15,12,5,4,2,2,4,0,9,29,11,0,27,14
1,2,0,323,323,15,https://resultados2019.blob.core.windows.net/201901/160304.jpg,OK,0,7,BAJA VERAPAZ,SAN JERÓNIMO,16030,CORPORACIÓN MUNICIPAL,6,2,2,0,1,4,181,181,173,173,40,17,7,7,3,6,3,6,11,39,5,0,24,5
1,2,0,400,396,15,https://resultados2019.blob.core.windows.net/201901/160284.jpg,OK,0,7,BAJA VERAPAZ,SAN JERÓNIMO,16028,CORPORACIÓN MUNICIPAL,9,2,2,0,1,4,234,234,223,223,35,15,2,14,12,6,13,6,11,48,18,0,32,11
1,6,0,400,396,15,https://resultados2019.blob.core.windows.net/201901/160134.jpg,OK,19,7,BAJA VERAPAZ,SAN JERÓNIMO,16013,CORPORACIÓN MUNICIPAL,13,2,2,0,1,4,244,244,225,225,12,11,7,8,2,12,6,1,12,59,19,0,51,25
1,11,0,400,396,15,https://resultados2019.blob.core.windows.net/201901/160274.jpg,OK,0,7,BAJA VERAPAZ,SAN JERÓNIMO,16027,CORPORACIÓN MUNICIPAL,15,2,2,0,1,4,293,293,267,267,67,23,10,20,8,3,4,7,9,75,11,1,21,8
1,4,0,400,400,15,https://resultados2019.blob.core.windows.net/201901/160214.jpg,OK,0,7,BAJA VERAPAZ,SAN JERÓNIMO,16021,CORPORACIÓN MUNICIPAL,5,2,2,0,1,4,239,239,230,230,18,12,12,16,2,7,10,0,5,42,21,1,67,17
1,8,0,380,376,15,https://resultados2019.blob.core.windows.net/201901/160334.jpg,OK,0,7,BAJA VERAPAZ,SAN JERÓNIMO,16033,CORPORACIÓN MUNICIPAL,23,2,2,0,1,4,285,285,254,254,58,12,7,2,9,6,2,5,48,44,17,1,14,29
1,2,0,400,400,15,https://resultados2019.blob.core.windows.net/201901/160164.jpg,OK,0,7,BAJA VERAPAZ,SAN JERÓNIMO,16016,CORPORACIÓN MUNICIPAL,26,2,2,0,1,4,266,266,238,238,27,11,13,18,2,5,8,2,10,77,10,0,41,14
1,5,0,466,466,15,https://resultados2019.blob.core.windows.net/201901/160434.jpg,OK,0,7,BAJA VERAPAZ,SAN JERÓNIMO,16043,CORPORACIÓN MUNICIPAL,18,2,2,0,1,4,159,159,136,136,17,9,12,8,6,6,4,2,12,30,4,0,17,9
1,4,0,400,296,15,https://resultados2019.blob.core.windows.net/201901/160244.jpg,OK,0,7,BAJA VERAPAZ,SAN JERÓNIMO,16024,CORPORACIÓN MUNICIPAL,15,2,2,0,1,4,272,272,253,253,55,21,9,14,11,4,6,4,10,53,22,0,32,12
1,7,0,400,396,15,https://resultados2019.blob.core.windows.net/201901/160144.jpg,OK,0,7,BAJA VERAPAZ,SAN JERÓNIMO,16014,CORPORACIÓN MUNICIPAL,9,2,2,0,1,4,271,271,255,255,28,12,21,17,1,9,4,7,10,57,12,1,60,16
1,7,1,369,369,15,https://resultados2019.blob.core.windows.net/201901/160344.jpg,OK,0,7,BAJA VERAPAZ,SAN JERÓNIMO,16034,CORPORACIÓN MUNICIPAL,25,2,2,0,1,4,258,258,226,226,48,2,15,2,4,15,2,1,39,53,12,0,16,17
1,4,0,400,396,15,https://resultados2019.blob.core.windows.net/201901/160154.jpg,OK,0,7,BAJA VERAPAZ,SAN JERÓNIMO,16015,CORPORACIÓN MUNICIPAL,16,2,2,0,1,4,260,260,240,240,31,15,10,8,2,13,4,2,19,67,10,0,44,15
1,4,0,400,400,15,https://resultados2019.blob.core.windows.net/201901/160294.jpg,OK,158,7,BAJA VERAPAZ,SAN JERÓNIMO,16029,CORPORACIÓN MUNICIPAL,14,2,2,0,1,4,242,242,224,224,43,20,6,17,16,6,7,6,12,35,9,1,33,13
1,4,0,400,401,15,https://resultados2019.blob.core.windows.net/201901/160264.jpg,OK,0,7,BAJA VERAPAZ,SAN JERÓNIMO,16026,CORPORACIÓN MUNICIPAL,18,2,2,0,1,4,289,289,267,267,45,30,12,11,13,4,7,4,14,63,19,0,30,15
1,12,0,380,376,15,https://resultados2019.blob.core.windows.net/201901/160364.jpg,OK,0,7,BAJA VERAPAZ,SAN JERÓNIMO,16036,CORPORACIÓN MUNICIPAL,23,2,2,0,1,4,253,253,218,218,43,23,14,11,1,21,9,1,6,47,15,3,13,11
