ACTACUADRA,BLANCOS,CNTIMPUGNA,CNTINSCRITOS,CNTPAPELETAS,DEP,IMGSRC,IMGSTATUS,INVALIDOS,MUN,NDEP,NMUN,NROMESA,NTE,NULOS,STACTA,STESCAN,STFISIC,STTRANS,TIPOELECCION,TOTALACTA,TOTALVOTOS,VOTOSVALIDOS,VOTOSVALIDOSACTA,voto_MLP,voto_PC,voto_PHG,voto_PODEMOS,voto_SEMILLA,voto_TODOS,voto_UNE,voto_VAMOS,voto_WINAQ
1,14,0,380,376,15,https://resultados2019.blob.core.windows.net/201901/160844.jpg,OK,0,8,BAJA VERAPAZ,PURULHÁ,16084,CORPORACIÓN MUNICIPAL,20,2,2,0,1,4,267,267,233,233,0,42,14,51,2,2,81,38,3
1,3,0,302,302,15,https://resultados2019.blob.core.windows.net/201901/160864.jpg,OK,0,8,BAJA VERAPAZ,PURULHÁ,16086,CORPORACIÓN MUNICIPAL,23,2,2,0,1,4,236,236,210,210,0,46,6,35,7,0,58,52,6
1,4,0,253,253,15,https://resultados2019.blob.core.windows.net/201901/160944.jpg,OK,0,8,BAJA VERAPAZ,PURULHÁ,16094,CORPORACIÓN MUNICIPAL,14,2,2,0,1,4,188,188,170,170,0,18,28,37,2,1,75,5,4
1,1,0,252,252,15,https://resultados2019.blob.core.windows.net/201901/160954.jpg,OK,0,8,BAJA VERAPAZ,PURULHÁ,16095,CORPORACIÓN MUNICIPAL,15,2,2,0,1,4,195,195,179,179,1,31,34,46,3,2,56,1,5
1,2,0,308,308,15,https://resultados2019.blob.core.windows.net/201901/161084.jpg,OK,0,8,BAJA VERAPAZ,PURULHÁ,16108,CORPORACIÓN MUNICIPAL,2,2,2,0,1,4,68,68,64,64,1,19,2,7,8,1,21,5,0
1,6,0,400,398,15,https://resultados2019.blob.core.windows.net/201901/160454.jpg,OK,0,8,BAJA VERAPAZ,PURULHÁ,16045,CORPORACIÓN MUNICIPAL,13,2,2,0,1,4,274,274,255,255,1,57,12,26,33,21,89,16,0
1,7,0,380,380,15,https://resultados2019.blob.core.windows.net/201901/160664.jpg,OK,0,8,BAJA VERAPAZ,PURULHÁ,16066,CORPORACIÓN MUNICIPAL,13,2,2,0,1,4,291,291,271,271,2,45,15,28,7,2,138,34,0
1,2,0,380,380,15,https://resultados2019.blob.core.windows.net/201901/160674.jpg,OK,0,8,BAJA VERAPAZ,PURULHÁ,16067,CORPORACIÓN MUNICIPAL,23,2,2,0,1,4,311,311,286,286,1,50,18,20,7,2,156,32,0
1,1,0,291,291,15,https://resultados2019.blob.core.windows.net/201901/160574.jpg,OK,0,8,BAJA VERAPAZ,PURULHÁ,16057,CORPORACIÓN MUNICIPAL,1,2,2,0,1,4,208,208,206,206,0,52,16,12,25,10,78,13,0
1,2,0,308,308,15,https://resultados2019.blob.core.windows.net/201901/161074.jpg,OK,0,8,BAJA VERAPAZ,PURULHÁ,16107,CORPORACIÓN MUNICIPAL,9,2,2,0,1,4,101,101,90,90,3,19,5,5,13,2,36,6,1
1,6,0,400,378,15,https://resultados2019.blob.core.windows.net/201901/160634.jpg,OK,0,8,BAJA VERAPAZ,PURULHÁ,16063,CORPORACIÓN MUNICIPAL,9,2,2,0,1,4,267,267,252,252,3,64,12,10,5,20,129,7,2
1,6,2,380,377,15,https://resultados2019.blob.core.windows.net/201901/160934.jpg,OK,0,8,BAJA VERAPAZ,PURULHÁ,16093,CORPORACIÓN MUNICIPAL,19,2,2,0,1,4,291,291,266,266,2,31,50,52,4,2,116,4,5
1,4,0,281,279,15,https://resultados2019.blob.core.windows.net/201901/160744.jpg,OK,0,8,BAJA VERAPAZ,PURULHÁ,16074,CORPORACIÓN MUNICIPAL,9,2,2,0,1,4,174,174,161,161,26,46,2,14,2,0,59,12,0
1,3,0,290,290,15,https://resultados2019.blob.core.windows.net/201901/160584.jpg,OK,0,8,BAJA VERAPAZ,PURULHÁ,16058,CORPORACIÓN MUNICIPAL,5,2,2,0,1,4,188,188,180,180,3,54,4,12,20,13,67,7,0
1,18,0,380,377,15,https://resultados2019.blob.core.windows.net/201901/160684.jpg,OK,0,8,BAJA VERAPAZ,PURULHÁ,16068,CORPORACIÓN MUNICIPAL,17,2,2,0,1,4,291,291,256,256,2,40,21,23,3,2,122,42,1
1,8,0,380,371,15,https://resultados2019.blob.core.windows.net/201901/160724.jpg,OK,0,8,BAJA VERAPAZ,PURULHÁ,16072,CORPORACIÓN MUNICIPAL,19,2,2,0,1,4,298,298,271,271,32,75,9,9,4,3,125,12,2
1,1,0,380,380,15,https://resultados2019.blob.core.windows.net/201901/160774.jpg,OK,0,8,BAJA VERAPAZ,PURULHÁ,16077,CORPORACIÓN MUNICIPAL,24,2,2,0,1,4,280,280,255,255,6,41,19,62,3,2,105,8,9
1,8,0,380,380,15,https://resultados2019.blob.core.windows.net/201901/160974.jpg,OK,0,8,BAJA VERAPAZ,PURULHÁ,16097,CORPORACIÓN MUNICIPAL,21,2,2,0,1,4,233,233,204,204,7,8,7,9,8,1,134,4,26
1,2,0,301,300,15,https://resultados2019.blob.core.windows.net/201901/160654.jpg,OK,0,8,BAJA VERAPAZ,PURULHÁ,16065,CORPORACIÓN MUNICIPAL,7,2,2,0,1,4,215,215,206,206,9,56,9,16,7,5,98,5,1
1,3,0,380,376,15,https://resultados2019.blob.core.windows.net/201901/160784.jpg,OK,0,8,BAJA VERAPAZ,PURULHÁ,16078,CORPORACIÓN MUNICIPAL,15,2,2,0,1,4,231,231,213,213,5,36,20,33,8,2,94,3,12
1,2,0,380,376,15,https://resultados2019.blob.core.windows.net/201901/160824.jpg,OK,0,8,BAJA VERAPAZ,PURULHÁ,16082,CORPORACIÓN MUNICIPAL,28,2,2,0,1,4,271,271,241,241,1,57,9,27,4,1,92,47,3
1,5,0,400,400,15,https://resultados2019.blob.core.windows.net/201901/160504.jpg,OK,0,8,BAJA VERAPAZ,PURULHÁ,16050,CORPORACIÓN MUNICIPAL,18,2,2,0,1,4,314,314,291,291,3,77,13,31,19,13,114,21,0
1,2,0,380,374,15,https://resultados2019.blob.core.windows.net/201901/160834.jpg,OK,0,8,BAJA VERAPAZ,PURULHÁ,16083,CORPORACIÓN MUNICIPAL,36,2,2,0,1,4,293,293,255,255,3,33,13,40,8,1,68,84,5
1,6,0,380,396,15,https://resultados2019.blob.core.windows.net/201901/161024.jpg,OK,0,8,BAJA VERAPAZ,PURULHÁ,16102,CORPORACIÓN MUNICIPAL,30,2,2,0,1,4,314,314,278,278,18,51,16,34,8,1,138,12,0
1,8,0,380,380,15,https://resultados2019.blob.core.windows.net/201901/160764.jpg,OK,0,8,BAJA VERAPAZ,PURULHÁ,16076,CORPORACIÓN MUNICIPAL,35,2,2,0,1,4,259,259,216,216,8,39,11,39,5,1,101,3,9
1,4,0,400,400,15,https://resultados2019.blob.core.windows.net/201901/160564.jpg,OK,0,8,BAJA VERAPAZ,PURULHÁ,16056,CORPORACIÓN MUNICIPAL,6,2,2,0,1,4,266,266,256,256,2,61,13,20,24,20,103,12,1
1,9,0,380,378,15,https://resultados2019.blob.core.windows.net/201901/161014.jpg,OK,0,8,BAJA VERAPAZ,PURULHÁ,16101,CORPORACIÓN MUNICIPAL,19,2,2,0,1,4,310,310,282,282,23,64,16,28,7,6,116,20,2
1,8,0,380,376,15,https://resultados2019.blob.core.windows.net/201901/161034.jpg,OK,0,8,BAJA VERAPAZ,PURULHÁ,16103,CORPORACIÓN MUNICIPAL,23,2,2,0,1,4,329,329,298,298,15,60,14,45,5,2,135,20,2
1,3,0,223,223,15,https://resultados2019.blob.core.windows.net/201901/161054.jpg,OK,3,8,BAJA VERAPAZ,PURULHÁ,16105,CORPORACIÓN MUNICIPAL,7,2,2,0,1,4,185,185,175,175,5,41,6,18,8,0,83,14,0
1,9,1,400,400,15,https://resultados2019.blob.core.windows.net/201901/160594.jpg,OK,0,8,BAJA VERAPAZ,PURULHÁ,16059,CORPORACIÓN MUNICIPAL,26,2,2,0,1,4,310,310,275,275,5,52,16,16,16,19,139,10,2
1,3,0,302,302,15,https://resultados2019.blob.core.windows.net/201901/160854.jpg,OK,0,8,BAJA VERAPAZ,PURULHÁ,16085,CORPORACIÓN MUNICIPAL,19,2,2,0,1,4,218,218,196,196,0,34,4,43,1,1,79,33,1
1,14,0,380,374,15,https://resultados2019.blob.core.windows.net/201901/160914.jpg,OK,0,8,BAJA VERAPAZ,PURULHÁ,16091,CORPORACIÓN MUNICIPAL,42,2,2,0,1,4,325,325,269,269,2,32,23,70,4,7,110,11,10
1,8,0,400,396,15,https://resultados2019.blob.core.windows.net/201901/160604.jpg,OK,0,8,BAJA VERAPAZ,PURULHÁ,16060,CORPORACIÓN MUNICIPAL,22,2,2,0,1,4,318,318,288,288,5,81,21,31,9,11,120,10,0
1,5,0,282,282,15,https://resultados2019.blob.core.windows.net/201901/160734.jpg,OK,0,8,BAJA VERAPAZ,PURULHÁ,16073,CORPORACIÓN MUNICIPAL,8,2,2,0,1,4,169,169,156,156,20,35,7,20,2,1,60,10,1
1,9,0,400,397,15,https://resultados2019.blob.core.windows.net/201901/160554.jpg,OK,0,8,BAJA VERAPAZ,PURULHÁ,16055,CORPORACIÓN MUNICIPAL,8,2,2,0,1,4,275,275,258,258,6,80,16,12,43,6,88,7,0
1,6,0,400,404,15,https://resultados2019.blob.core.windows.net/201901/160534.jpg,OK,0,8,BAJA VERAPAZ,PURULHÁ,16053,CORPORACIÓN MUNICIPAL,5,2,2,0,1,4,274,274,263,263,2,75,11,13,35,9,108,10,0
1,9,0,400,400,15,https://resultados2019.blob.core.windows.net/201901/160484.jpg,OK,0,8,BAJA VERAPAZ,PURULHÁ,16048,CORPORACIÓN MUNICIPAL,18,2,2,0,1,4,328,328,301,301,4,81,20,14,33,18,115,15,1
1,3,0,265,265,15,https://resultados2019.blob.core.windows.net/201901/160994.jpg,OK,0,8,BAJA VERAPAZ,PURULHÁ,16099,CORPORACIÓN MUNICIPAL,11,2,2,0,1,4,152,152,138,138,4,12,3,2,4,2,104,5,2
1,9,0,400,397,15,https://resultados2019.blob.core.windows.net/201901/160474.jpg,OK,0,8,BAJA VERAPAZ,PURULHÁ,16047,CORPORACIÓN MUNICIPAL,23,2,2,0,1,4,313,313,281,281,2,85,32,14,36,16,77,15,4
1,5,0,380,380,15,https://resultados2019.blob.core.windows.net/201901/161044.jpg,OK,0,8,BAJA VERAPAZ,PURULHÁ,16104,CORPORACIÓN MUNICIPAL,9,2,2,0,1,4,282,282,268,268,18,59,10,40,6,5,102,28,0
1,3,0,222,222,15,https://resultados2019.blob.core.windows.net/201901/161064.jpg,OK,2,8,BAJA VERAPAZ,PURULHÁ,16106,CORPORACIÓN MUNICIPAL,3,2,2,0,1,4,160,160,154,154,12,35,9,24,7,0,59,8,0
1,4,0,400,398,15,https://resultados2019.blob.core.windows.net/201901/160624.jpg,OK,84,8,BAJA VERAPAZ,PURULHÁ,16062,CORPORACIÓN MUNICIPAL,26,2,2,0,1,4,314,314,284,284,10,69,22,15,11,10,139,6,2
1,9,0,380,380,15,https://resultados2019.blob.core.windows.net/201901/160964.jpg,OK,0,8,BAJA VERAPAZ,PURULHÁ,16096,CORPORACIÓN MUNICIPAL,20,2,2,0,1,4,251,251,222,222,4,18,7,7,5,1,155,10,15
1,10,0,380,380,15,https://resultados2019.blob.core.windows.net/201901/160984.jpg,OK,0,8,BAJA VERAPAZ,PURULHÁ,16098,CORPORACIÓN MUNICIPAL,16,2,2,0,1,4,217,217,191,191,2,14,5,11,3,1,136,1,18
1,3,2,380,380,15,https://resultados2019.blob.core.windows.net/201901/160714.jpg,OK,0,8,BAJA VERAPAZ,PURULHÁ,16071,CORPORACIÓN MUNICIPAL,33,2,2,0,1,4,268,268,232,232,38,42,8,25,3,2,98,10,6
1,2,0,196,196,15,https://resultados2019.blob.core.windows.net/201901/160694.jpg,OK,0,8,BAJA VERAPAZ,PURULHÁ,16069,CORPORACIÓN MUNICIPAL,6,2,2,0,1,4,134,134,126,126,0,30,9,9,4,2,55,16,1
1,7,0,400,400,15,https://resultados2019.blob.core.windows.net/201901/160614.jpg,OK,0,8,BAJA VERAPAZ,PURULHÁ,16061,CORPORACIÓN MUNICIPAL,12,2,2,0,1,4,359,359,340,340,6,95,11,16,9,14,169,17,3
1,4,0,380,376,15,https://resultados2019.blob.core.windows.net/201901/160924.jpg,OK,0,8,BAJA VERAPAZ,PURULHÁ,16092,CORPORACIÓN MUNICIPAL,25,2,2,0,1,4,302,302,273,273,2,49,38,69,2,2,88,6,17
1,6,0,363,363,15,https://resultados2019.blob.core.windows.net/201901/160904.jpg,OK,0,8,BAJA VERAPAZ,PURULHÁ,16090,CORPORACIÓN MUNICIPAL,20,2,2,0,1,4,268,268,242,242,3,46,15,28,2,1,95,32,20
1,2,0,400,394,15,https://resultados2019.blob.core.windows.net/201901/160514.jpg,OK,0,8,BAJA VERAPAZ,PURULHÁ,16051,CORPORACIÓN MUNICIPAL,14,2,2,0,1,4,281,281,265,265,1,78,13,19,28,10,102,13,1
1,3,0,380,376,15,https://resultados2019.blob.core.windows.net/201901/160754.jpg,OK,0,8,BAJA VERAPAZ,PURULHÁ,16075,CORPORACIÓN MUNICIPAL,21,2,2,0,1,4,242,242,218,218,3,39,26,17,9,2,100,8,14
1,4,0,363,363,15,https://resultados2019.blob.core.windows.net/201901/160894.jpg,OK,0,8,BAJA VERAPAZ,PURULHÁ,16089,CORPORACIÓN MUNICIPAL,20,2,2,0,1,4,265,265,241,241,8,37,10,26,2,0,116,28,14
1,24,0,380,380,15,https://resultados2019.blob.core.windows.net/201901/160874.jpg,OK,0,8,BAJA VERAPAZ,PURULHÁ,16087,CORPORACIÓN MUNICIPAL,9,2,2,0,1,4,297,297,264,264,2,34,21,38,3,1,95,31,39
1,6,0,400,400,15,https://resultados2019.blob.core.windows.net/201901/160464.jpg,OK,0,8,BAJA VERAPAZ,PURULHÁ,16046,CORPORACIÓN MUNICIPAL,18,2,2,0,1,4,299,299,275,275,3,97,16,15,38,18,80,7,1
1,6,0,380,376,15,https://resultados2019.blob.core.windows.net/201901/160884.jpg,OK,0,8,BAJA VERAPAZ,PURULHÁ,16088,CORPORACIÓN MUNICIPAL,34,2,2,0,1,4,298,298,258,258,0,50,13,27,2,0,107,48,11
1,5,0,400,396,15,https://resultados2019.blob.core.windows.net/201901/160544.jpg,OK,0,8,BAJA VERAPAZ,PURULHÁ,16054,CORPORACIÓN MUNICIPAL,11,2,2,0,1,4,274,274,258,258,3,70,18,17,45,9,76,19,1
1,5,0,400,400,15,https://resultados2019.blob.core.windows.net/201901/160524.jpg,OK,1,8,BAJA VERAPAZ,PURULHÁ,16052,CORPORACIÓN MUNICIPAL,11,2,2,0,1,4,247,247,231,231,1,82,12,18,32,9,69,7,1
1,0,0,263,263,15,https://resultados2019.blob.core.windows.net/201901/160804.jpg,OK,0,8,BAJA VERAPAZ,PURULHÁ,16080,CORPORACIÓN MUNICIPAL,10,2,2,0,1,4,140,140,130,130,2,13,9,37,5,1,51,7,5
1,8,0,263,268,15,https://resultados2019.blob.core.windows.net/201901/160794.jpg,OK,0,8,BAJA VERAPAZ,PURULHÁ,16079,CORPORACIÓN MUNICIPAL,11,2,2,0,1,4,150,150,131,131,1,25,10,23,8,1,51,3,9
1,1,0,196,196,15,https://resultados2019.blob.core.windows.net/201901/160704.jpg,OK,0,8,BAJA VERAPAZ,PURULHÁ,16070,CORPORACIÓN MUNICIPAL,2,2,2,0,1,4,138,138,135,135,0,23,12,8,2,1,71,18,0
1,4,0,302,307,15,https://resultados2019.blob.core.windows.net/201901/160644.jpg,OK,0,8,BAJA VERAPAZ,PURULHÁ,16064,CORPORACIÓN MUNICIPAL,11,2,2,0,1,4,211,211,196,196,4,52,14,7,9,7,89,11,3
1,6,0,264,264,15,https://resultados2019.blob.core.windows.net/201901/161004.jpg,OK,0,8,BAJA VERAPAZ,PURULHÁ,16100,CORPORACIÓN MUNICIPAL,6,2,2,0,1,4,140,140,128,128,2,12,1,6,6,0,95,2,4
1,8,0,400,396,15,https://resultados2019.blob.core.windows.net/201901/160494.jpg,OK,0,8,BAJA VERAPAZ,PURULHÁ,16049,CORPORACIÓN MUNICIPAL,11,2,2,0,1,4,334,334,315,315,3,92,10,19,23,22,136,9,1
1,3,0,380,375,15,https://resultados2019.blob.core.windows.net/201901/160814.jpg,OK,0,8,BAJA VERAPAZ,PURULHÁ,16081,CORPORACIÓN MUNICIPAL,30,2,2,0,1,4,281,281,248,248,1,41,9,48,3,2,96,45,3
