ACTACUADRA,BLANCOS,CNTIMPUGNA,CNTINSCRITOS,CNTPAPELETAS,DEP,IMGSRC,IMGSTATUS,INVALIDOS,MUN,NDEP,NMUN,NROMESA,NTE,NULOS,STACTA,STESCAN,STFISIC,STTRANS,TIPOELECCION,TOTALACTA,TOTALVOTOS,VOTOSVALIDOS,VOTOSVALIDOSACTA,voto_BIEN,voto_CONVERGENCIA,voto_CREO,voto_FCN-NACION,voto_LAHO,voto_LIBRE,voto_MLP,voto_PAN,voto_PHG,voto_PODEMOS,voto_SEMILLA,voto_TODOS,voto_UNE,voto_VALOR,voto_VAMOS,voto_VICTORIA,voto_WINAQ
1,4,0,400,400,16,https://resultados2019.blob.core.windows.net/201901/173584.jpg,OK,0,15,ALTA VERAPAZ,FRAY BARTOLOMÉ DE LAS CASAS,17358,CORPORACIÓN MUNICIPAL,13,2,2,0,1,4,189,189,172,172,13,11,0,6,10,6,2,2,11,25,2,0,14,12,2,43,13
1,14,0,400,400,16,https://resultados2019.blob.core.windows.net/201901/173524.jpg,OK,0,15,ALTA VERAPAZ,FRAY BARTOLOMÉ DE LAS CASAS,17352,CORPORACIÓN MUNICIPAL,23,2,2,0,1,4,224,224,187,187,19,9,6,7,15,12,4,3,0,25,1,1,21,3,3,34,24
1,13,0,400,400,16,https://resultados2019.blob.core.windows.net/201901/173454.jpg,OK,0,15,ALTA VERAPAZ,FRAY BARTOLOMÉ DE LAS CASAS,17345,CORPORACIÓN MUNICIPAL,18,2,2,0,1,4,220,220,189,189,15,12,4,8,12,3,7,3,7,25,0,1,16,4,8,49,15
1,2,0,394,394,16,https://resultados2019.blob.core.windows.net/201901/173664.jpg,OK,0,15,ALTA VERAPAZ,FRAY BARTOLOMÉ DE LAS CASAS,17366,CORPORACIÓN MUNICIPAL,4,2,2,0,1,4,208,208,202,202,7,11,7,7,13,7,3,1,13,39,2,5,10,11,7,41,18
1,4,0,213,213,16,https://resultados2019.blob.core.windows.net/201901/173784.jpg,OK,0,15,ALTA VERAPAZ,FRAY BARTOLOMÉ DE LAS CASAS,17378,CORPORACIÓN MUNICIPAL,16,2,2,0,1,4,125,125,105,105,33,2,1,2,0,3,0,6,0,10,1,3,14,4,1,11,14
1,4,0,400,400,16,https://resultados2019.blob.core.windows.net/201901/173604.jpg,OK,0,15,ALTA VERAPAZ,FRAY BARTOLOMÉ DE LAS CASAS,17360,CORPORACIÓN MUNICIPAL,8,2,2,0,1,4,201,201,189,189,8,12,4,2,14,4,14,5,15,31,5,1,11,4,9,40,10
1,7,0,368,368,16,https://resultados2019.blob.core.windows.net/201901/173834.jpg,OK,0,15,ALTA VERAPAZ,FRAY BARTOLOMÉ DE LAS CASAS,17383,CORPORACIÓN MUNICIPAL,12,2,2,0,1,4,188,188,169,169,6,2,4,11,5,47,5,2,11,3,0,0,25,2,0,21,25
1,4,0,270,370,16,https://resultados2019.blob.core.windows.net/201901/173924.jpg,OK,0,15,ALTA VERAPAZ,FRAY BARTOLOMÉ DE LAS CASAS,17392,CORPORACIÓN MUNICIPAL,17,2,2,0,1,4,121,121,100,100,13,6,3,8,3,2,1,0,3,15,0,3,23,2,1,8,9
1,4,0,380,380,16,https://resultados2019.blob.core.windows.net/201901/173914.jpg,OK,0,15,ALTA VERAPAZ,FRAY BARTOLOMÉ DE LAS CASAS,17391,CORPORACIÓN MUNICIPAL,27,2,2,0,1,4,205,205,174,174,22,15,1,24,8,3,3,1,6,13,0,3,27,6,3,23,16
1,4,0,400,400,16,https://resultados2019.blob.core.windows.net/201901/173514.jpg,OK,0,15,ALTA VERAPAZ,FRAY BARTOLOMÉ DE LAS CASAS,17351,CORPORACIÓN MUNICIPAL,29,2,2,0,1,4,221,221,188,188,11,13,0,9,18,11,5,7,9,23,0,2,14,8,5,37,16
1,10,0,380,380,16,https://resultados2019.blob.core.windows.net/201901/174004.jpg,OK,0,15,ALTA VERAPAZ,FRAY BARTOLOMÉ DE LAS CASAS,17400,CORPORACIÓN MUNICIPAL,27,2,2,0,1,4,187,187,150,150,4,3,1,0,2,0,5,1,16,2,3,12,38,2,3,29,29
1,7,0,380,380,16,https://resultados2019.blob.core.windows.net/201901/173694.jpg,OK,0,15,ALTA VERAPAZ,FRAY BARTOLOMÉ DE LAS CASAS,17369,CORPORACIÓN MUNICIPAL,26,2,2,0,1,4,205,205,172,172,10,9,14,8,6,2,4,3,15,0,4,0,51,15,4,19,8
1,7,0,400,400,16,https://resultados2019.blob.core.windows.net/201901/173564.jpg,OK,0,15,ALTA VERAPAZ,FRAY BARTOLOMÉ DE LAS CASAS,17356,CORPORACIÓN MUNICIPAL,10,2,2,0,1,4,264,264,247,247,6,13,8,7,17,4,4,5,14,44,3,2,14,9,6,80,11
1,12,0,380,380,16,https://resultados2019.blob.core.windows.net/201901/173684.jpg,OK,0,15,ALTA VERAPAZ,FRAY BARTOLOMÉ DE LAS CASAS,17368,CORPORACIÓN MUNICIPAL,33,2,2,0,1,4,189,189,144,144,13,7,10,6,8,4,2,0,11,1,3,1,49,6,3,12,8
1,4,0,400,400,16,https://resultados2019.blob.core.windows.net/201901/173594.jpg,OK,0,15,ALTA VERAPAZ,FRAY BARTOLOMÉ DE LAS CASAS,17359,CORPORACIÓN MUNICIPAL,13,2,2,0,1,4,200,200,183,183,13,13,3,5,9,7,9,4,13,29,1,0,12,5,5,37,18
1,14,0,380,380,16,https://resultados2019.blob.core.windows.net/201901/173874.jpg,OK,0,15,ALTA VERAPAZ,FRAY BARTOLOMÉ DE LAS CASAS,17387,CORPORACIÓN MUNICIPAL,36,2,2,0,1,4,246,246,196,196,5,1,4,11,2,1,0,0,1,56,0,0,56,3,3,36,17
1,7,0,380,380,16,https://resultados2019.blob.core.windows.net/201901/174084.jpg,OK,0,15,ALTA VERAPAZ,FRAY BARTOLOMÉ DE LAS CASAS,17408,CORPORACIÓN MUNICIPAL,20,2,2,0,1,4,167,167,140,140,1,1,3,7,0,7,2,2,13,1,0,1,62,0,0,19,21
1,7,0,303,303,16,https://resultados2019.blob.core.windows.net/201901/173734.jpg,OK,0,15,ALTA VERAPAZ,FRAY BARTOLOMÉ DE LAS CASAS,17373,CORPORACIÓN MUNICIPAL,7,2,2,0,1,4,115,115,101,101,7,5,7,2,4,7,2,1,15,1,0,0,20,9,2,18,1
1,4,0,380,380,16,https://resultados2019.blob.core.windows.net/201901/173974.jpg,OK,0,15,ALTA VERAPAZ,FRAY BARTOLOMÉ DE LAS CASAS,17397,CORPORACIÓN MUNICIPAL,17,2,2,0,1,4,168,168,147,147,4,6,2,4,5,3,4,1,10,3,1,14,30,4,1,22,33
1,3,0,218,217,16,https://resultados2019.blob.core.windows.net/201901/174154.jpg,OK,0,15,ALTA VERAPAZ,FRAY BARTOLOMÉ DE LAS CASAS,17415,CORPORACIÓN MUNICIPAL,11,2,2,0,1,4,105,105,91,91,2,4,1,2,2,3,3,0,4,4,0,1,18,6,1,15,25
1,4,0,269,269,16,https://resultados2019.blob.core.windows.net/201901/173934.jpg,OK,0,15,ALTA VERAPAZ,FRAY BARTOLOMÉ DE LAS CASAS,17393,CORPORACIÓN MUNICIPAL,7,2,2,0,1,4,121,121,110,110,9,4,1,11,4,2,1,2,8,15,0,0,10,9,0,21,13
1,1,0,400,400,16,https://resultados2019.blob.core.windows.net/201901/173614.jpg,OK,0,15,ALTA VERAPAZ,FRAY BARTOLOMÉ DE LAS CASAS,17361,CORPORACIÓN MUNICIPAL,16,2,2,0,1,4,212,212,195,195,15,17,3,9,20,5,4,2,13,18,2,1,8,8,6,49,15
1,9,0,380,380,16,https://resultados2019.blob.core.windows.net/201901/173884.jpg,OK,0,15,ALTA VERAPAZ,FRAY BARTOLOMÉ DE LAS CASAS,17388,CORPORACIÓN MUNICIPAL,15,2,2,0,1,4,216,216,192,192,27,16,3,20,7,1,6,0,5,36,0,3,23,12,0,17,16
1,5,0,400,400,16,https://resultados2019.blob.core.windows.net/201901/173634.jpg,OK,0,15,ALTA VERAPAZ,FRAY BARTOLOMÉ DE LAS CASAS,17363,CORPORACIÓN MUNICIPAL,11,2,2,0,1,4,203,203,187,187,14,16,3,8,15,8,5,3,7,35,0,3,9,10,5,37,9
1,7,0,400,400,16,https://resultados2019.blob.core.windows.net/201901/173464.jpg,OK,0,15,ALTA VERAPAZ,FRAY BARTOLOMÉ DE LAS CASAS,17346,CORPORACIÓN MUNICIPAL,23,2,2,0,1,4,247,247,217,217,25,22,1,7,16,4,6,3,6,43,0,7,18,3,5,32,19
1,6,0,380,380,16,https://resultados2019.blob.core.windows.net/201901/173984.jpg,OK,0,15,ALTA VERAPAZ,FRAY BARTOLOMÉ DE LAS CASAS,17398,CORPORACIÓN MUNICIPAL,28,2,2,0,1,4,197,197,163,163,5,2,0,2,3,3,3,5,11,2,3,10,38,3,3,23,47
1,8,0,400,400,16,https://resultados2019.blob.core.windows.net/201901/173554.jpg,OK,0,15,ALTA VERAPAZ,FRAY BARTOLOMÉ DE LAS CASAS,17355,CORPORACIÓN MUNICIPAL,31,2,2,0,1,4,235,235,196,196,8,13,6,8,9,4,1,1,25,39,1,1,15,3,12,28,22
1,7,0,380,402,16,https://resultados2019.blob.core.windows.net/201901/173854.jpg,OK,0,15,ALTA VERAPAZ,FRAY BARTOLOMÉ DE LAS CASAS,17385,CORPORACIÓN MUNICIPAL,41,2,2,0,1,4,254,254,206,206,8,6,2,9,20,1,1,5,4,28,0,0,50,22,3,30,17
1,3,0,357,357,16,https://resultados2019.blob.core.windows.net/201901/174104.jpg,OK,0,15,ALTA VERAPAZ,FRAY BARTOLOMÉ DE LAS CASAS,17410,CORPORACIÓN MUNICIPAL,6,2,2,0,1,4,128,128,119,119,1,1,0,9,2,10,2,2,19,4,1,4,28,0,1,29,6
1,7,0,380,380,16,https://resultados2019.blob.core.windows.net/201901/173744.jpg,OK,0,15,ALTA VERAPAZ,FRAY BARTOLOMÉ DE LAS CASAS,17374,CORPORACIÓN MUNICIPAL,30,2,2,0,1,4,288,288,251,251,66,4,2,18,11,4,3,14,2,14,1,6,32,4,3,40,27
1,7,0,400,400,16,https://resultados2019.blob.core.windows.net/201901/173484.jpg,OK,0,15,ALTA VERAPAZ,FRAY BARTOLOMÉ DE LAS CASAS,17348,CORPORACIÓN MUNICIPAL,19,2,2,0,1,4,221,221,195,195,7,7,3,7,13,5,17,3,11,24,0,0,8,5,5,56,24
1,7,0,380,380,16,https://resultados2019.blob.core.windows.net/201901/173954.jpg,OK,0,15,ALTA VERAPAZ,FRAY BARTOLOMÉ DE LAS CASAS,17395,CORPORACIÓN MUNICIPAL,12,2,2,0,1,4,199,199,180,180,4,9,2,6,8,1,6,3,17,4,3,13,40,4,1,23,36
1,14,0,304,304,16,https://resultados2019.blob.core.windows.net/201901/173724.jpg,OK,0,15,ALTA VERAPAZ,FRAY BARTOLOMÉ DE LAS CASAS,17372,CORPORACIÓN MUNICIPAL,19,2,2,0,1,4,178,178,145,145,8,8,10,5,10,4,4,1,8,2,1,8,32,6,0,24,14
1,2,0,522,522,16,https://resultados2019.blob.core.windows.net/201901/174164.jpg,OK,0,15,ALTA VERAPAZ,FRAY BARTOLOMÉ DE LAS CASAS,17416,CORPORACIÓN MUNICIPAL,11,2,2,0,1,4,83,83,70,70,1,2,1,2,6,4,3,2,3,10,1,1,10,4,0,10,10
1,8,0,380,380,16,https://resultados2019.blob.core.windows.net/201901/173754.jpg,OK,0,15,ALTA VERAPAZ,FRAY BARTOLOMÉ DE LAS CASAS,17375,CORPORACIÓN MUNICIPAL,26,2,2,0,1,4,279,279,245,245,67,2,2,10,8,11,0,14,1,8,0,4,58,1,3,26,30
1,2,0,380,380,16,https://resultados2019.blob.core.windows.net/201901/174064.jpg,OK,0,15,ALTA VERAPAZ,FRAY BARTOLOMÉ DE LAS CASAS,17406,CORPORACIÓN MUNICIPAL,23,2,2,0,1,4,189,189,164,164,1,1,3,3,2,8,4,2,19,4,0,8,52,0,0,41,16
1,4,0,400,400,16,https://resultados2019.blob.core.windows.net/201901/173644.jpg,OK,0,15,ALTA VERAPAZ,FRAY BARTOLOMÉ DE LAS CASAS,17364,CORPORACIÓN MUNICIPAL,11,2,2,0,1,4,191,191,176,176,12,11,2,7,9,6,6,4,12,30,1,0,16,5,6,39,10
1,6,0,380,380,16,https://resultados2019.blob.core.windows.net/201901/173714.jpg,OK,1,15,ALTA VERAPAZ,FRAY BARTOLOMÉ DE LAS CASAS,17371,CORPORACIÓN MUNICIPAL,28,2,2,0,1,4,200,200,166,166,11,13,12,5,7,4,4,3,12,4,2,9,44,10,1,13,12
1,10,0,380,380,16,https://resultados2019.blob.core.windows.net/201901/173814.jpg,OK,0,15,ALTA VERAPAZ,FRAY BARTOLOMÉ DE LAS CASAS,17381,CORPORACIÓN MUNICIPAL,30,2,2,0,1,4,264,264,224,224,6,8,2,14,5,34,12,2,21,1,0,1,41,1,2,27,47
1,8,0,380,380,16,https://resultados2019.blob.core.windows.net/201901/173794.jpg,OK,0,15,ALTA VERAPAZ,FRAY BARTOLOMÉ DE LAS CASAS,17379,CORPORACIÓN MUNICIPAL,38,2,2,0,1,4,233,233,187,187,3,7,0,5,2,39,4,2,6,8,0,3,33,3,3,29,40
1,13,0,369,370,16,https://resultados2019.blob.core.windows.net/201901/173824.jpg,OK,0,15,ALTA VERAPAZ,FRAY BARTOLOMÉ DE LAS CASAS,17382,CORPORACIÓN MUNICIPAL,36,2,2,0,1,4,250,250,201,201,19,3,1,5,3,66,3,3,4,5,1,0,31,1,0,29,27
1,8,0,219,219,16,https://resultados2019.blob.core.windows.net/201901/174144.jpg,OK,0,15,ALTA VERAPAZ,FRAY BARTOLOMÉ DE LAS CASAS,17414,CORPORACIÓN MUNICIPAL,6,2,2,0,1,4,126,126,112,112,7,3,1,4,5,6,1,1,7,7,0,5,23,5,2,12,23
1,6,0,380,387,16,https://resultados2019.blob.core.windows.net/201901/174034.jpg,OK,0,15,ALTA VERAPAZ,FRAY BARTOLOMÉ DE LAS CASAS,17403,CORPORACIÓN MUNICIPAL,16,2,2,0,1,4,165,165,143,143,1,5,2,5,2,3,2,1,3,2,0,0,78,1,0,31,7
1,9,0,380,380,16,https://resultados2019.blob.core.windows.net/201901/173894.jpg,OK,0,15,ALTA VERAPAZ,FRAY BARTOLOMÉ DE LAS CASAS,17389,CORPORACIÓN MUNICIPAL,21,2,2,0,1,4,256,256,226,226,29,22,2,21,2,2,6,3,13,23,1,3,30,13,4,23,29
1,7,0,380,380,16,https://resultados2019.blob.core.windows.net/201901/173964.jpg,OK,0,15,ALTA VERAPAZ,FRAY BARTOLOMÉ DE LAS CASAS,17396,CORPORACIÓN MUNICIPAL,26,2,2,0,1,4,221,221,188,188,3,3,1,3,5,3,2,3,18,11,1,23,40,5,2,28,37
1,6,0,380,380,16,https://resultados2019.blob.core.windows.net/201901/173994.jpg,OK,0,15,ALTA VERAPAZ,FRAY BARTOLOMÉ DE LAS CASAS,17399,CORPORACIÓN MUNICIPAL,22,2,2,0,1,4,201,201,173,173,4,6,0,3,3,1,9,0,20,7,3,16,31,3,3,12,52
1,2,0,393,393,16,https://resultados2019.blob.core.windows.net/201901/173674.jpg,OK,0,15,ALTA VERAPAZ,FRAY BARTOLOMÉ DE LAS CASAS,17367,CORPORACIÓN MUNICIPAL,5,2,2,0,1,4,205,205,198,198,5,7,3,8,17,5,13,5,10,27,0,4,11,7,13,51,12
1,4,0,357,357,16,https://resultados2019.blob.core.windows.net/201901/174094.jpg,OK,0,15,ALTA VERAPAZ,FRAY BARTOLOMÉ DE LAS CASAS,17409,CORPORACIÓN MUNICIPAL,18,2,2,0,1,4,139,139,117,117,4,3,2,3,2,4,4,1,7,2,1,2,48,0,0,25,9
1,15,0,380,380,16,https://resultados2019.blob.core.windows.net/201901/174054.jpg,OK,0,15,ALTA VERAPAZ,FRAY BARTOLOMÉ DE LAS CASAS,17405,CORPORACIÓN MUNICIPAL,29,2,2,0,1,4,202,202,158,158,2,4,2,6,9,10,7,2,10,1,0,7,54,0,0,30,14
1,5,0,380,380,16,https://resultados2019.blob.core.windows.net/201901/173704.jpg,OK,0,15,ALTA VERAPAZ,FRAY BARTOLOMÉ DE LAS CASAS,17370,CORPORACIÓN MUNICIPAL,18,2,2,0,1,4,215,215,192,192,35,5,23,5,5,9,1,1,17,3,4,1,34,16,4,22,7
1,9,0,400,400,16,https://resultados2019.blob.core.windows.net/201901/173544.jpg,OK,0,15,ALTA VERAPAZ,FRAY BARTOLOMÉ DE LAS CASAS,17354,CORPORACIÓN MUNICIPAL,13,2,2,0,1,4,212,212,190,190,5,12,1,9,22,8,3,2,11,20,1,2,18,8,6,45,17
1,8,0,380,383,16,https://resultados2019.blob.core.windows.net/201901/174114.jpg,OK,0,15,ALTA VERAPAZ,FRAY BARTOLOMÉ DE LAS CASAS,17411,CORPORACIÓN MUNICIPAL,23,2,2,0,1,4,215,215,184,184,6,8,2,10,3,2,6,0,12,4,0,6,43,20,2,31,29
1,8,0,380,380,16,https://resultados2019.blob.core.windows.net/201901/173944.jpg,OK,0,15,ALTA VERAPAZ,FRAY BARTOLOMÉ DE LAS CASAS,17394,CORPORACIÓN MUNICIPAL,14,2,2,0,1,4,200,200,178,178,5,5,2,1,4,4,9,4,12,4,4,14,43,1,2,41,23
1,0,0,220,220,16,https://resultados2019.blob.core.windows.net/201901/174024.jpg,OK,0,15,ALTA VERAPAZ,FRAY BARTOLOMÉ DE LAS CASAS,17402,CORPORACIÓN MUNICIPAL,0,2,2,0,1,4,83,83,83,83,4,2,2,2,1,1,0,0,6,1,2,8,13,3,3,22,13
1,10,1,400,400,16,https://resultados2019.blob.core.windows.net/201901/173534.jpg,OK,0,15,ALTA VERAPAZ,FRAY BARTOLOMÉ DE LAS CASAS,17353,CORPORACIÓN MUNICIPAL,18,2,2,0,1,4,232,232,204,204,9,9,1,10,18,8,4,4,20,25,1,0,18,7,4,34,32
1,10,0,213,213,16,https://resultados2019.blob.core.windows.net/201901/173774.jpg,OK,0,15,ALTA VERAPAZ,FRAY BARTOLOMÉ DE LAS CASAS,17377,CORPORACIÓN MUNICIPAL,9,2,2,0,1,4,143,143,124,124,41,3,0,7,5,4,0,7,1,8,0,3,14,2,1,16,12
1,7,0,380,380,16,https://resultados2019.blob.core.windows.net/201901/173904.jpg,OK,0,15,ALTA VERAPAZ,FRAY BARTOLOMÉ DE LAS CASAS,17390,CORPORACIÓN MUNICIPAL,8,2,2,0,1,4,181,181,166,166,19,10,4,11,10,2,1,1,13,21,0,1,16,8,2,23,24
1,11,0,400,396,16,https://resultados2019.blob.core.windows.net/201901/173494.jpg,OK,0,15,ALTA VERAPAZ,FRAY BARTOLOMÉ DE LAS CASAS,17349,CORPORACIÓN MUNICIPAL,13,2,2,0,1,4,221,221,197,197,6,20,2,10,10,4,9,2,12,27,3,2,13,3,4,55,15
1,7,0,380,380,16,https://resultados2019.blob.core.windows.net/201901/173804.jpg,OK,0,15,ALTA VERAPAZ,FRAY BARTOLOMÉ DE LAS CASAS,17380,CORPORACIÓN MUNICIPAL,29,2,2,0,1,4,231,231,195,195,1,6,2,10,10,20,15,0,8,5,1,0,25,3,5,30,54
1,3,0,221,221,16,https://resultados2019.blob.core.windows.net/201901/174014.jpg,OK,0,15,ALTA VERAPAZ,FRAY BARTOLOMÉ DE LAS CASAS,17401,CORPORACIÓN MUNICIPAL,5,2,2,0,1,4,101,101,93,93,9,4,1,1,1,2,5,0,12,1,0,5,20,1,1,15,15
1,8,0,380,380,16,https://resultados2019.blob.core.windows.net/201901/173764.jpg,OK,0,15,ALTA VERAPAZ,FRAY BARTOLOMÉ DE LAS CASAS,17376,CORPORACIÓN MUNICIPAL,22,2,2,0,1,4,247,247,217,217,55,6,2,8,4,5,0,6,7,18,0,13,32,2,1,27,31
1,16,0,380,380,16,https://resultados2019.blob.core.windows.net/201901/174134.jpg,OK,0,15,ALTA VERAPAZ,FRAY BARTOLOMÉ DE LAS CASAS,17413,CORPORACIÓN MUNICIPAL,26,2,2,0,1,4,251,251,209,209,19,9,5,10,5,2,12,1,13,6,0,2,53,8,2,16,46
1,7,0,400,400,16,https://resultados2019.blob.core.windows.net/201901/173474.jpg,OK,0,15,ALTA VERAPAZ,FRAY BARTOLOMÉ DE LAS CASAS,17347,CORPORACIÓN MUNICIPAL,18,2,2,0,1,4,241,241,216,216,19,13,3,4,14,4,15,3,12,17,1,0,11,7,5,69,19
1,3,0,380,380,16,https://resultados2019.blob.core.windows.net/201901/174124.jpg,OK,0,15,ALTA VERAPAZ,FRAY BARTOLOMÉ DE LAS CASAS,17412,CORPORACIÓN MUNICIPAL,22,2,2,0,1,4,228,228,203,203,17,6,2,2,5,5,13,4,4,10,2,9,31,14,2,46,31
1,3,0,400,400,16,https://resultados2019.blob.core.windows.net/201901/173624.jpg,OK,0,15,ALTA VERAPAZ,FRAY BARTOLOMÉ DE LAS CASAS,17362,CORPORACIÓN MUNICIPAL,15,2,2,0,1,4,215,215,197,197,10,17,3,9,16,7,4,7,13,20,2,2,11,9,7,47,13
1,4,0,400,400,16,https://resultados2019.blob.core.windows.net/201901/173504.jpg,OK,0,15,ALTA VERAPAZ,FRAY BARTOLOMÉ DE LAS CASAS,17350,CORPORACIÓN MUNICIPAL,16,2,2,0,1,4,235,235,215,215,11,16,7,14,15,9,3,5,15,23,1,2,33,7,3,31,20
1,5,0,400,380,16,https://resultados2019.blob.core.windows.net/201901/173654.jpg,OK,0,15,ALTA VERAPAZ,FRAY BARTOLOMÉ DE LAS CASAS,17365,CORPORACIÓN MUNICIPAL,7,2,2,0,1,4,203,203,191,191,13,8,3,2,12,3,7,5,16,26,1,1,10,9,5,56,14
1,11,0,380,380,16,https://resultados2019.blob.core.windows.net/201901/173844.jpg,OK,0,15,ALTA VERAPAZ,FRAY BARTOLOMÉ DE LAS CASAS,17384,CORPORACIÓN MUNICIPAL,30,2,2,0,1,4,208,208,167,167,10,5,2,22,9,3,1,2,7,10,0,1,30,7,3,41,14
1,2,0,380,376,16,https://resultados2019.blob.core.windows.net/201901/174074.jpg,OK,0,15,ALTA VERAPAZ,FRAY BARTOLOMÉ DE LAS CASAS,17407,CORPORACIÓN MUNICIPAL,11,2,2,0,1,4,152,152,139,139,0,0,2,6,3,9,3,0,17,0,1,3,42,0,0,33,20
1,6,0,380,380,16,https://resultados2019.blob.core.windows.net/201901/173864.jpg,OK,0,15,ALTA VERAPAZ,FRAY BARTOLOMÉ DE LAS CASAS,17386,CORPORACIÓN MUNICIPAL,20,2,2,0,1,4,217,217,191,191,9,5,3,12,35,2,0,2,8,25,0,3,35,6,8,21,17
1,5,0,380,380,16,https://resultados2019.blob.core.windows.net/201901/174044.jpg,OK,0,15,ALTA VERAPAZ,FRAY BARTOLOMÉ DE LAS CASAS,17404,CORPORACIÓN MUNICIPAL,13,2,2,0,1,4,173,173,155,155,3,4,2,6,3,12,7,1,8,0,0,1,69,1,0,29,9
1,3,0,521,522,16,https://resultados2019.blob.core.windows.net/201901/174174.jpg,OK,0,15,ALTA VERAPAZ,FRAY BARTOLOMÉ DE LAS CASAS,17417,CORPORACIÓN MUNICIPAL,5,2,2,0,1,4,54,54,46,46,2,2,0,1,4,0,1,3,5,6,1,0,2,1,2,13,3
1,1,0,400,400,16,https://resultados2019.blob.core.windows.net/201901/173574.jpg,OK,0,15,ALTA VERAPAZ,FRAY BARTOLOMÉ DE LAS CASAS,17357,CORPORACIÓN MUNICIPAL,5,2,2,0,1,4,221,221,215,215,12,10,4,5,9,7,1,0,15,53,1,3,10,10,4,56,15
