ACTACUADRA,BLANCOS,CNTIMPUGNA,CNTINSCRITOS,CNTPAPELETAS,DEP,IMGSRC,IMGSTATUS,INVALIDOS,MUN,NDEP,NMUN,NROMESA,NTE,NULOS,STACTA,STESCAN,STFISIC,STTRANS,TIPOELECCION,TOTALACTA,TOTALVOTOS,VOTOSVALIDOS,VOTOSVALIDOSACTA,voto_BIEN,voto_CREO,voto_FCN-NACION,voto_PC,voto_SEMILLA,voto_TODOS,voto_UCN,voto_UNE,voto_VALOR,voto_VAMOS,voto_VICTORIA,voto_VIVA
1,3,0,400,396,16,https://resultados2019.blob.core.windows.net/201901/171184.jpg,OK,0,11,ALTA VERAPAZ,LANQUÍN,17118,CORPORACIÓN MUNICIPAL,14,2,2,0,1,4,259,259,242,242,2,47,18,26,5,6,16,26,30,6,7,53
1,7,0,400,396,16,https://resultados2019.blob.core.windows.net/201901/171104.jpg,OK,0,11,ALTA VERAPAZ,LANQUÍN,17110,CORPORACIÓN MUNICIPAL,12,2,2,0,1,4,286,286,267,267,7,39,25,28,6,5,16,37,50,2,6,46
1,12,0,400,394,16,https://resultados2019.blob.core.windows.net/201901/171204.jpg,OK,0,11,ALTA VERAPAZ,LANQUÍN,17120,CORPORACIÓN MUNICIPAL,20,2,2,0,1,4,279,279,247,247,0,29,15,45,0,9,13,33,37,2,9,55
1,9,0,380,376,16,https://resultados2019.blob.core.windows.net/201901/171334.jpg,OK,0,11,ALTA VERAPAZ,LANQUÍN,17133,CORPORACIÓN MUNICIPAL,19,2,2,0,1,4,298,298,270,270,38,58,58,15,1,2,2,29,36,2,11,18
1,13,0,380,376,16,https://resultados2019.blob.core.windows.net/201901/171324.jpg,OK,0,11,ALTA VERAPAZ,LANQUÍN,17132,CORPORACIÓN MUNICIPAL,24,2,2,0,1,4,287,287,250,250,31,32,45,27,0,5,6,49,22,3,4,26
1,10,0,400,396,16,https://resultados2019.blob.core.windows.net/201901/171154.jpg,OK,0,11,ALTA VERAPAZ,LANQUÍN,17115,CORPORACIÓN MUNICIPAL,28,2,2,0,1,4,290,290,252,252,3,33,31,26,6,16,20,30,25,4,4,54
1,4,0,400,379,16,https://resultados2019.blob.core.windows.net/201901/171064.jpg,OK,0,11,ALTA VERAPAZ,LANQUÍN,17106,CORPORACIÓN MUNICIPAL,9,2,2,0,1,4,307,307,294,294,1,63,33,9,0,2,4,35,51,4,20,72
1,5,0,380,376,16,https://resultados2019.blob.core.windows.net/201901/171284.jpg,OK,0,11,ALTA VERAPAZ,LANQUÍN,17128,CORPORACIÓN MUNICIPAL,3,2,2,0,1,4,253,253,245,245,4,28,76,10,1,3,5,11,40,1,15,51
1,14,0,380,376,16,https://resultados2019.blob.core.windows.net/201901/171364.jpg,OK,0,11,ALTA VERAPAZ,LANQUÍN,17136,CORPORACIÓN MUNICIPAL,14,2,2,0,1,4,269,269,241,241,21,37,27,29,1,5,6,44,36,4,6,25
1,1,0,400,394,16,https://resultados2019.blob.core.windows.net/201901/171084.jpg,OK,0,11,ALTA VERAPAZ,LANQUÍN,17108,CORPORACIÓN MUNICIPAL,12,2,2,0,1,4,331,331,318,318,4,85,21,28,1,2,11,49,52,2,13,50
1,8,0,400,396,16,https://resultados2019.blob.core.windows.net/201901/171164.jpg,OK,0,11,ALTA VERAPAZ,LANQUÍN,17116,CORPORACIÓN MUNICIPAL,20,2,2,0,1,4,312,312,284,284,4,58,32,49,2,5,8,43,32,3,7,41
1,5,0,400,400,16,https://resultados2019.blob.core.windows.net/201901/171094.jpg,OK,0,11,ALTA VERAPAZ,LANQUÍN,17109,CORPORACIÓN MUNICIPAL,14,2,2,0,1,4,294,294,275,275,5,44,40,22,4,1,15,40,44,4,8,48
1,3,0,380,380,16,https://resultados2019.blob.core.windows.net/201901/171254.jpg,OK,0,11,ALTA VERAPAZ,LANQUÍN,17125,CORPORACIÓN MUNICIPAL,9,2,2,0,1,4,293,293,281,281,1,36,90,4,2,0,9,19,48,1,13,58
1,5,0,243,243,16,https://resultados2019.blob.core.windows.net/201901/171304.jpg,OK,0,11,ALTA VERAPAZ,LANQUÍN,17130,CORPORACIÓN MUNICIPAL,3,2,2,0,1,4,194,194,186,186,0,23,44,2,3,0,2,10,41,0,12,49
1,7,0,400,396,16,https://resultados2019.blob.core.windows.net/201901/171054.jpg,OK,0,11,ALTA VERAPAZ,LANQUÍN,17105,CORPORACIÓN MUNICIPAL,20,2,2,0,1,4,329,329,302,302,4,60,27,18,0,4,10,53,61,2,12,51
1,1,0,223,220,16,https://resultados2019.blob.core.windows.net/201901/171134.jpg,OK,0,11,ALTA VERAPAZ,LANQUÍN,17113,CORPORACIÓN MUNICIPAL,1,2,2,0,1,4,176,176,174,174,6,44,15,17,0,1,3,27,27,3,7,24
1,0,0,223,223,16,https://resultados2019.blob.core.windows.net/201901/171124.jpg,OK,0,11,ALTA VERAPAZ,LANQUÍN,17112,CORPORACIÓN MUNICIPAL,0,2,2,0,1,4,176,176,176,176,5,41,20,11,2,3,10,24,20,1,9,30
1,12,0,380,387,16,https://resultados2019.blob.core.windows.net/201901/171354.jpg,OK,0,11,ALTA VERAPAZ,LANQUÍN,17135,CORPORACIÓN MUNICIPAL,21,2,2,0,1,4,287,287,254,254,30,36,56,43,1,2,1,40,25,6,1,13
1,11,0,380,375,16,https://resultados2019.blob.core.windows.net/201901/171344.jpg,OK,0,11,ALTA VERAPAZ,LANQUÍN,17134,CORPORACIÓN MUNICIPAL,20,2,2,0,1,4,317,317,286,286,29,53,40,38,0,1,5,41,38,3,8,30
1,11,0,380,376,16,https://resultados2019.blob.core.windows.net/201901/171244.jpg,OK,0,11,ALTA VERAPAZ,LANQUÍN,17124,CORPORACIÓN MUNICIPAL,11,2,2,0,1,4,269,269,247,247,1,32,67,2,3,0,15,17,29,1,14,66
1,4,0,380,367,16,https://resultados2019.blob.core.windows.net/201901/171274.jpg,OK,0,11,ALTA VERAPAZ,LANQUÍN,17127,CORPORACIÓN MUNICIPAL,11,2,2,0,1,4,273,273,258,258,0,47,56,5,1,0,9,24,46,0,24,46
1,6,0,400,396,16,https://resultados2019.blob.core.windows.net/201901/171194.jpg,OK,0,11,ALTA VERAPAZ,LANQUÍN,17119,CORPORACIÓN MUNICIPAL,14,2,2,0,1,4,300,300,280,280,3,33,23,78,1,6,16,32,36,4,3,45
1,3,0,294,294,16,https://resultados2019.blob.core.windows.net/201901/171224.jpg,OK,0,11,ALTA VERAPAZ,LANQUÍN,17122,CORPORACIÓN MUNICIPAL,9,2,2,0,1,4,191,191,179,179,5,30,13,27,1,2,10,22,25,0,3,41
1,8,0,400,396,16,https://resultados2019.blob.core.windows.net/201901/171044.jpg,OK,0,11,ALTA VERAPAZ,LANQUÍN,17104,CORPORACIÓN MUNICIPAL,17,2,2,0,1,4,324,324,299,299,4,68,30,25,0,2,5,46,58,1,12,48
1,7,0,380,377,16,https://resultados2019.blob.core.windows.net/201901/171294.jpg,OK,0,11,ALTA VERAPAZ,LANQUÍN,17129,CORPORACIÓN MUNICIPAL,12,2,2,0,1,4,252,252,233,233,1,22,59,1,7,1,11,17,39,0,15,60
1,14,0,400,400,16,https://resultados2019.blob.core.windows.net/201901/171174.jpg,OK,0,11,ALTA VERAPAZ,LANQUÍN,17117,CORPORACIÓN MUNICIPAL,23,2,2,0,1,4,301,301,264,264,2,46,35,40,1,5,16,27,27,5,3,57
1,11,0,400,396,16,https://resultados2019.blob.core.windows.net/201901/171144.jpg,OK,0,11,ALTA VERAPAZ,LANQUÍN,17114,CORPORACIÓN MUNICIPAL,15,2,2,0,1,4,277,277,251,251,5,38,31,24,3,10,10,37,35,4,4,50
1,5,0,400,396,16,https://resultados2019.blob.core.windows.net/201901/171074.jpg,OK,0,11,ALTA VERAPAZ,LANQUÍN,17107,CORPORACIÓN MUNICIPAL,5,2,2,0,1,4,277,277,267,267,6,64,26,11,2,4,13,35,46,4,11,45
1,2,0,201,201,16,https://resultados2019.blob.core.windows.net/201901/171384.jpg,OK,0,11,ALTA VERAPAZ,LANQUÍN,17138,CORPORACIÓN MUNICIPAL,2,2,2,0,1,4,140,140,136,136,18,31,24,11,1,2,3,13,18,1,1,13
1,3,0,400,394,16,https://resultados2019.blob.core.windows.net/201901/171114.jpg,OK,0,11,ALTA VERAPAZ,LANQUÍN,17111,CORPORACIÓN MUNICIPAL,7,2,2,0,1,4,284,284,274,274,7,50,31,18,6,2,13,39,40,5,13,50
1,7,0,380,365,16,https://resultados2019.blob.core.windows.net/201901/171264.jpg,OK,0,11,ALTA VERAPAZ,LANQUÍN,17126,CORPORACIÓN MUNICIPAL,7,2,2,0,1,4,301,301,287,287,0,24,79,6,1,3,4,32,68,0,33,37
1,3,0,294,295,16,https://resultados2019.blob.core.windows.net/201901/171234.jpg,OK,0,11,ALTA VERAPAZ,LANQUÍN,17123,CORPORACIÓN MUNICIPAL,6,2,2,0,1,4,223,223,214,214,0,36,18,49,1,1,16,25,22,2,1,43
1,8,0,400,400,16,https://resultados2019.blob.core.windows.net/201901/171214.jpg,OK,0,11,ALTA VERAPAZ,LANQUÍN,17121,CORPORACIÓN MUNICIPAL,13,2,2,0,1,4,278,278,257,257,4,32,10,50,1,11,30,39,34,3,2,41
1,4,0,202,202,16,https://resultados2019.blob.core.windows.net/201901/171374.jpg,OK,0,11,ALTA VERAPAZ,LANQUÍN,17137,CORPORACIÓN MUNICIPAL,12,2,2,0,1,4,148,148,132,132,24,17,15,14,2,2,3,22,16,0,3,14
1,5,0,400,400,16,https://resultados2019.blob.core.windows.net/201901/171034.jpg,OK,0,11,ALTA VERAPAZ,LANQUÍN,17103,CORPORACIÓN MUNICIPAL,17,2,2,0,1,4,322,322,300,300,3,53,39,18,3,5,11,36,61,8,21,42
1,5,0,243,243,16,https://resultados2019.blob.core.windows.net/201901/171314.jpg,OK,0,11,ALTA VERAPAZ,LANQUÍN,17131,CORPORACIÓN MUNICIPAL,2,2,2,0,1,4,191,191,184,184,1,23,43,4,4,0,5,12,41,0,7,44
