ACTACUADRA,BLANCOS,CNTIMPUGNA,CNTINSCRITOS,CNTPAPELETAS,DEP,IMGSRC,IMGSTATUS,INVALIDOS,MUN,NDEP,NMUN,NROMESA,NTE,NULOS,STACTA,STESCAN,STFISIC,STTRANS,TIPOELECCION,TOTALACTA,TOTALVOTOS,VOTOSVALIDOS,VOTOSVALIDOSACTA,voto_CONVERGENCIA,voto_CREO,voto_FCN-NACION,voto_LIBRE,voto_TODOS,voto_UNE,voto_UNIDOS,voto_UNIONISTA,voto_VALOR,voto_VAMOS,voto_VICTORIA
1,2,0,316,316,16,https://resultados2019.blob.core.windows.net/201901/173404.jpg,OK,0,14,ALTA VERAPAZ,CHAHAL,17340,CORPORACIÓN MUNICIPAL,7,2,2,0,1,4,183,183,174,174,12,1,7,4,3,31,46,24,3,27,16
1,6,0,380,380,16,https://resultados2019.blob.core.windows.net/201901/173254.jpg,OK,0,14,ALTA VERAPAZ,CHAHAL,17325,CORPORACIÓN MUNICIPAL,25,2,2,0,1,4,261,261,230,230,8,3,19,17,5,38,2,69,6,42,21
1,5,0,380,380,16,https://resultados2019.blob.core.windows.net/201901/173244.jpg,OK,0,14,ALTA VERAPAZ,CHAHAL,17324,CORPORACIÓN MUNICIPAL,26,2,2,0,1,4,239,239,208,208,6,1,18,12,6,32,3,74,2,27,27
1,2,0,339,339,16,https://resultados2019.blob.core.windows.net/201901/173444.jpg,OK,0,14,ALTA VERAPAZ,CHAHAL,17344,CORPORACIÓN MUNICIPAL,5,2,2,0,1,4,216,216,209,209,4,3,21,3,7,54,44,19,2,35,17
1,16,0,400,400,16,https://resultados2019.blob.core.windows.net/201901/173144.jpg,OK,0,14,ALTA VERAPAZ,CHAHAL,17314,CORPORACIÓN MUNICIPAL,25,2,2,0,1,4,247,247,206,206,10,4,17,8,2,38,33,46,1,35,12
1,10,0,380,380,16,https://resultados2019.blob.core.windows.net/201901/173284.jpg,OK,0,14,ALTA VERAPAZ,CHAHAL,17328,CORPORACIÓN MUNICIPAL,24,2,2,0,1,4,235,235,201,201,5,0,7,13,1,27,4,106,10,9,19
1,3,0,380,380,16,https://resultados2019.blob.core.windows.net/201901/173294.jpg,OK,0,14,ALTA VERAPAZ,CHAHAL,17329,CORPORACIÓN MUNICIPAL,14,2,2,0,1,4,244,244,227,227,5,0,15,13,6,31,3,100,7,22,25
0,4,0,257,254,16,https://resultados2019.blob.core.windows.net/201901/173224.jpg,OK,154,14,ALTA VERAPAZ,CHAHAL,17322,CORPORACIÓN MUNICIPAL,4,2,2,0,1,4,0,154,146,146,6,1,17,6,1,38,14,25,0,23,15
1,5,0,380,380,16,https://resultados2019.blob.core.windows.net/201901/173364.jpg,OK,0,14,ALTA VERAPAZ,CHAHAL,17336,CORPORACIÓN MUNICIPAL,16,2,2,0,1,4,273,273,252,252,10,2,7,5,1,51,89,12,2,45,28
1,9,0,380,380,16,https://resultados2019.blob.core.windows.net/201901/173274.jpg,OK,0,14,ALTA VERAPAZ,CHAHAL,17327,CORPORACIÓN MUNICIPAL,34,2,2,0,1,4,250,250,207,207,20,7,12,12,4,28,5,67,7,22,23
1,9,0,380,380,16,https://resultados2019.blob.core.windows.net/201901/173324.jpg,OK,0,14,ALTA VERAPAZ,CHAHAL,17332,CORPORACIÓN MUNICIPAL,31,2,2,0,1,4,270,270,230,230,32,4,18,8,2,37,12,62,2,24,29
1,7,0,317,317,16,https://resultados2019.blob.core.windows.net/201901/173394.jpg,OK,0,14,ALTA VERAPAZ,CHAHAL,17339,CORPORACIÓN MUNICIPAL,8,2,2,0,1,4,191,191,176,176,4,1,12,6,2,32,50,21,3,24,21
1,9,0,400,396,16,https://resultados2019.blob.core.windows.net/201901/173184.jpg,OK,2,14,ALTA VERAPAZ,CHAHAL,17318,CORPORACIÓN MUNICIPAL,18,2,2,0,1,4,274,274,247,247,8,1,51,9,3,39,19,48,1,50,18
1,10,0,400,400,16,https://resultados2019.blob.core.windows.net/201901/173134.jpg,OK,0,14,ALTA VERAPAZ,CHAHAL,17313,CORPORACIÓN MUNICIPAL,24,2,2,0,1,4,243,243,209,209,14,2,16,3,4,45,26,39,2,36,22
1,11,0,400,400,16,https://resultados2019.blob.core.windows.net/201901/173164.jpg,OK,0,14,ALTA VERAPAZ,CHAHAL,17316,CORPORACIÓN MUNICIPAL,19,2,2,0,1,4,263,263,233,233,14,2,22,6,1,47,27,49,2,45,18
1,6,0,400,400,16,https://resultados2019.blob.core.windows.net/201901/173204.jpg,OK,0,14,ALTA VERAPAZ,CHAHAL,17320,CORPORACIÓN MUNICIPAL,14,2,2,0,1,4,223,223,203,203,17,2,14,10,2,46,22,51,0,27,12
1,7,1,400,400,16,https://resultados2019.blob.core.windows.net/201901/173124.jpg,OK,0,14,ALTA VERAPAZ,CHAHAL,17312,CORPORACIÓN MUNICIPAL,21,2,2,0,1,4,255,255,227,227,15,2,19,3,3,52,17,48,3,42,23
1,3,0,400,400,16,https://resultados2019.blob.core.windows.net/201901/173214.jpg,OK,0,14,ALTA VERAPAZ,CHAHAL,17321,CORPORACIÓN MUNICIPAL,7,2,2,0,1,4,210,210,200,200,6,1,20,3,6,38,24,44,2,33,23
1,10,0,400,400,16,https://resultados2019.blob.core.windows.net/201901/173174.jpg,OK,0,14,ALTA VERAPAZ,CHAHAL,17317,CORPORACIÓN MUNICIPAL,20,2,2,0,1,4,250,250,220,220,14,3,16,10,1,41,25,57,3,29,21
0,9,0,380,380,16,https://resultados2019.blob.core.windows.net/201901/173374.jpg,OK,1,14,ALTA VERAPAZ,CHAHAL,17337,CORPORACIÓN MUNICIPAL,23,2,2,0,1,4,261,260,228,228,16,2,5,25,0,49,53,37,1,24,16
0,13,0,380,380,16,https://resultados2019.blob.core.windows.net/201901/173384.jpg,OK,0,14,ALTA VERAPAZ,CHAHAL,17338,CORPORACIÓN MUNICIPAL,20,2,2,0,1,4,304,271,238,271,17,3,9,4,2,30,67,32,4,30,40
1,12,0,380,380,16,https://resultados2019.blob.core.windows.net/201901/173334.jpg,OK,0,14,ALTA VERAPAZ,CHAHAL,17333,CORPORACIÓN MUNICIPAL,24,2,2,0,1,4,258,258,222,222,36,1,7,18,1,31,26,27,4,50,21
1,3,0,327,327,16,https://resultados2019.blob.core.windows.net/201901/173314.jpg,OK,0,14,ALTA VERAPAZ,CHAHAL,17331,CORPORACIÓN MUNICIPAL,5,2,2,0,1,4,192,192,184,184,3,2,12,6,4,24,3,68,5,22,35
1,7,0,380,380,16,https://resultados2019.blob.core.windows.net/201901/173264.jpg,OK,0,14,ALTA VERAPAZ,CHAHAL,17326,CORPORACIÓN MUNICIPAL,31,2,2,0,1,4,239,239,201,201,9,4,9,15,3,17,5,40,8,26,65
0,7,0,327,327,16,https://resultados2019.blob.core.windows.net/201901/173304.jpg,OK,0,14,ALTA VERAPAZ,CHAHAL,17330,CORPORACIÓN MUNICIPAL,6,2,2,0,1,4,191,190,177,178,5,3,16,10,3,25,1,63,3,27,21
1,4,0,400,400,16,https://resultados2019.blob.core.windows.net/201901/173194.jpg,OK,0,14,ALTA VERAPAZ,CHAHAL,17319,CORPORACIÓN MUNICIPAL,16,2,2,0,1,4,237,237,217,217,13,1,19,3,5,37,28,43,1,48,19
1,8,0,380,380,16,https://resultados2019.blob.core.windows.net/201901/173424.jpg,OK,0,14,ALTA VERAPAZ,CHAHAL,17342,CORPORACIÓN MUNICIPAL,17,2,2,0,1,4,299,299,274,274,2,0,16,5,2,77,49,37,1,53,32
1,11,2,400,400,16,https://resultados2019.blob.core.windows.net/201901/173154.jpg,OK,1,14,ALTA VERAPAZ,CHAHAL,17315,CORPORACIÓN MUNICIPAL,21,2,2,0,1,4,276,276,244,244,19,2,16,13,4,52,21,56,3,50,8
1,9,0,380,380,16,https://resultados2019.blob.core.windows.net/201901/173414.jpg,OK,0,14,ALTA VERAPAZ,CHAHAL,17341,CORPORACIÓN MUNICIPAL,33,2,2,0,1,4,247,247,205,205,6,0,7,2,4,37,64,9,2,44,30
1,7,0,340,340,16,https://resultados2019.blob.core.windows.net/201901/173434.jpg,OK,0,14,ALTA VERAPAZ,CHAHAL,17343,CORPORACIÓN MUNICIPAL,14,2,2,0,1,4,223,223,202,202,6,1,18,2,2,51,36,18,2,41,25
1,2,0,256,256,16,https://resultados2019.blob.core.windows.net/201901/173234.jpg,OK,0,14,ALTA VERAPAZ,CHAHAL,17323,CORPORACIÓN MUNICIPAL,3,2,2,0,1,4,135,135,130,130,10,2,15,5,4,19,11,20,2,28,14
0,4,0,317,317,16,https://resultados2019.blob.core.windows.net/201901/173344.jpg,OK,0,14,ALTA VERAPAZ,CHAHAL,17334,CORPORACIÓN MUNICIPAL,21,2,2,0,1,4,154,179,154,154,27,2,9,7,3,21,12,23,2,16,32
1,5,0,316,316,16,https://resultados2019.blob.core.windows.net/201901/173354.jpg,OK,0,14,ALTA VERAPAZ,CHAHAL,17335,CORPORACIÓN MUNICIPAL,10,2,2,0,1,4,171,171,156,156,26,0,8,4,3,14,11,22,4,22,42
