ACTACUADRA,BLANCOS,CNTIMPUGNA,CNTINSCRITOS,CNTPAPELETAS,DEP,IMGSRC,IMGSTATUS,INVALIDOS,MUN,NDEP,NMUN,NROMESA,NTE,NULOS,STACTA,STESCAN,STFISIC,STTRANS,TIPOELECCION,TOTALACTA,TOTALVOTOS,VOTOSVALIDOS,VOTOSVALIDOSACTA,voto_BIEN,voto_CREO,voto_FCN-NACION,voto_FUERZA,voto_LIBRE,voto_PC,voto_SEMILLA,voto_UNE,voto_VALOR,voto_VAMOS
1,3,0,220,220,16,https://resultados2019.blob.core.windows.net/201901/170884.jpg,OK,0,10,ALTA VERAPAZ,SAN JUAN CHAMELCO,17088,CORPORACIÓN MUNICIPAL,1,2,2,0,1,4,174,174,170,170,6,9,88,0,0,0,2,65,0,0
1,8,0,400,0,16,https://resultados2019.blob.core.windows.net/201901/170344.jpg,OK,0,10,ALTA VERAPAZ,SAN JUAN CHAMELCO,17034,CORPORACIÓN MUNICIPAL,7,2,2,0,1,4,346,346,331,331,10,14,148,1,1,1,11,136,4,5
1,4,0,400,400,16,https://resultados2019.blob.core.windows.net/201901/170494.jpg,OK,0,10,ALTA VERAPAZ,SAN JUAN CHAMELCO,17049,CORPORACIÓN MUNICIPAL,16,2,2,0,1,4,339,339,319,319,9,27,117,0,0,3,3,149,9,2
1,12,0,380,380,16,https://resultados2019.blob.core.windows.net/201901/170574.jpg,OK,0,10,ALTA VERAPAZ,SAN JUAN CHAMELCO,17057,CORPORACIÓN MUNICIPAL,16,2,2,0,1,4,314,314,286,286,4,7,133,2,1,1,2,128,1,7
1,10,0,380,380,16,https://resultados2019.blob.core.windows.net/201901/170634.jpg,OK,0,10,ALTA VERAPAZ,SAN JUAN CHAMELCO,17063,CORPORACIÓN MUNICIPAL,11,2,2,0,1,4,253,253,232,232,2,8,115,0,0,1,3,101,0,2
1,5,0,350,360,16,https://resultados2019.blob.core.windows.net/201901/171024.jpg,OK,0,10,ALTA VERAPAZ,SAN JUAN CHAMELCO,17102,CORPORACIÓN MUNICIPAL,5,2,2,0,1,4,151,151,141,141,5,2,42,3,1,7,0,70,7,4
1,6,0,400,400,16,https://resultados2019.blob.core.windows.net/201901/170514.jpg,OK,0,10,ALTA VERAPAZ,SAN JUAN CHAMELCO,17051,CORPORACIÓN MUNICIPAL,10,2,2,0,1,4,327,327,311,311,10,20,113,2,1,3,1,153,8,0
1,13,0,380,380,16,https://resultados2019.blob.core.windows.net/201901/170834.jpg,OK,0,10,ALTA VERAPAZ,SAN JUAN CHAMELCO,17083,CORPORACIÓN MUNICIPAL,12,2,2,0,1,4,344,344,319,319,17,13,195,1,0,2,0,89,1,1
1,9,0,380,380,16,https://resultados2019.blob.core.windows.net/201901/170914.jpg,OK,0,10,ALTA VERAPAZ,SAN JUAN CHAMELCO,17091,CORPORACIÓN MUNICIPAL,8,2,2,0,1,4,343,343,326,326,21,14,118,2,2,4,0,154,10,1
1,17,0,380,380,16,https://resultados2019.blob.core.windows.net/201901/170974.jpg,OK,0,10,ALTA VERAPAZ,SAN JUAN CHAMELCO,17097,CORPORACIÓN MUNICIPAL,25,2,2,0,1,4,322,322,280,280,5,14,117,4,2,0,0,130,6,2
1,2,0,256,256,16,https://resultados2019.blob.core.windows.net/201901/170814.jpg,OK,0,10,ALTA VERAPAZ,SAN JUAN CHAMELCO,17081,CORPORACIÓN MUNICIPAL,4,2,2,0,1,4,192,192,186,186,0,3,107,0,1,0,1,72,1,1
1,1,0,208,208,16,https://resultados2019.blob.core.windows.net/201901/170474.jpg,OK,0,10,ALTA VERAPAZ,SAN JUAN CHAMELCO,17047,CORPORACIÓN MUNICIPAL,1,2,2,0,1,4,141,141,139,139,4,4,56,0,1,1,1,68,1,3
1,2,0,400,400,16,https://resultados2019.blob.core.windows.net/201901/170424.jpg,OK,0,10,ALTA VERAPAZ,SAN JUAN CHAMELCO,17042,CORPORACIÓN MUNICIPAL,7,2,2,0,1,4,306,306,297,297,7,8,119,6,0,4,4,137,8,4
1,9,0,380,380,16,https://resultados2019.blob.core.windows.net/201901/170664.jpg,OK,0,10,ALTA VERAPAZ,SAN JUAN CHAMELCO,17066,CORPORACIÓN MUNICIPAL,9,2,2,0,1,4,318,318,300,300,3,1,146,0,0,1,2,144,1,2
1,7,0,380,380,16,https://resultados2019.blob.core.windows.net/201901/170724.jpg,OK,2,10,ALTA VERAPAZ,SAN JUAN CHAMELCO,17072,CORPORACIÓN MUNICIPAL,8,2,2,0,1,4,321,321,306,306,1,3,175,0,1,0,3,123,0,0
1,4,0,295,295,16,https://resultados2019.blob.core.windows.net/201901/171004.jpg,OK,0,10,ALTA VERAPAZ,SAN JUAN CHAMELCO,17100,CORPORACIÓN MUNICIPAL,8,2,2,0,1,4,212,212,200,200,5,6,92,0,0,1,0,91,4,1
1,4,0,380,380,16,https://resultados2019.blob.core.windows.net/201901/170784.jpg,OK,0,10,ALTA VERAPAZ,SAN JUAN CHAMELCO,17078,CORPORACIÓN MUNICIPAL,10,2,2,0,1,4,263,263,249,249,1,1,115,0,0,1,3,125,2,1
1,0,0,400,400,16,https://resultados2019.blob.core.windows.net/201901/170444.jpg,OK,0,10,ALTA VERAPAZ,SAN JUAN CHAMELCO,17044,CORPORACIÓN MUNICIPAL,1,2,2,0,1,4,275,275,274,274,5,7,109,4,1,1,3,126,4,14
1,14,0,380,380,16,https://resultados2019.blob.core.windows.net/201901/170614.jpg,OK,0,10,ALTA VERAPAZ,SAN JUAN CHAMELCO,17061,CORPORACIÓN MUNICIPAL,15,2,2,0,1,4,312,312,283,283,1,7,147,1,1,1,1,119,5,0
1,10,2,380,380,16,https://resultados2019.blob.core.windows.net/201901/170854.jpg,OK,0,10,ALTA VERAPAZ,SAN JUAN CHAMELCO,17085,CORPORACIÓN MUNICIPAL,16,2,2,0,1,4,333,333,307,307,18,14,157,0,0,1,8,103,6,0
1,6,0,380,380,16,https://resultados2019.blob.core.windows.net/201901/170694.jpg,OK,0,10,ALTA VERAPAZ,SAN JUAN CHAMELCO,17069,CORPORACIÓN MUNICIPAL,11,2,2,0,1,4,342,342,325,325,4,1,187,2,1,4,5,119,0,2
1,4,0,220,220,16,https://resultados2019.blob.core.windows.net/201901/170894.jpg,OK,0,10,ALTA VERAPAZ,SAN JUAN CHAMELCO,17089,CORPORACIÓN MUNICIPAL,1,2,2,0,1,4,170,170,165,165,8,7,102,0,0,1,3,44,0,0
1,3,0,400,400,16,https://resultados2019.blob.core.windows.net/201901/170384.jpg,OK,0,10,ALTA VERAPAZ,SAN JUAN CHAMELCO,17038,CORPORACIÓN MUNICIPAL,12,2,2,0,1,4,302,302,287,287,4,7,112,4,0,2,3,131,14,10
1,9,0,380,0,16,https://resultados2019.blob.core.windows.net/201901/170874.jpg,OK,0,10,ALTA VERAPAZ,SAN JUAN CHAMELCO,17087,CORPORACIÓN MUNICIPAL,10,2,2,0,1,4,296,296,277,277,9,11,140,1,2,0,3,111,0,0
1,5,0,400,400,16,https://resultados2019.blob.core.windows.net/201901/170404.jpg,OK,0,10,ALTA VERAPAZ,SAN JUAN CHAMELCO,17040,CORPORACIÓN MUNICIPAL,6,2,2,0,1,4,312,312,301,301,4,10,158,3,1,4,2,107,6,6
1,12,0,296,296,16,https://resultados2019.blob.core.windows.net/201901/170994.jpg,OK,0,10,ALTA VERAPAZ,SAN JUAN CHAMELCO,17099,CORPORACIÓN MUNICIPAL,12,2,2,0,1,4,232,232,208,208,2,9,72,1,0,0,1,118,3,2
1,8,0,380,380,16,https://resultados2019.blob.core.windows.net/201901/170924.jpg,OK,0,10,ALTA VERAPAZ,SAN JUAN CHAMELCO,17092,CORPORACIÓN MUNICIPAL,10,2,2,0,1,4,338,338,320,320,18,15,132,1,1,3,1,140,7,2
1,13,0,380,380,16,https://resultados2019.blob.core.windows.net/201901/170754.jpg,OK,0,10,ALTA VERAPAZ,SAN JUAN CHAMELCO,17075,CORPORACIÓN MUNICIPAL,10,2,2,0,1,4,328,328,305,305,1,4,161,1,2,2,5,126,0,3
1,7,0,400,400,16,https://resultados2019.blob.core.windows.net/201901/170364.jpg,OK,0,10,ALTA VERAPAZ,SAN JUAN CHAMELCO,17036,CORPORACIÓN MUNICIPAL,8,2,2,0,1,4,335,335,320,320,6,8,139,2,1,3,5,138,7,11
1,5,0,198,197,16,https://resultados2019.blob.core.windows.net/201901/170944.jpg,OK,0,10,ALTA VERAPAZ,SAN JUAN CHAMELCO,17094,CORPORACIÓN MUNICIPAL,3,2,2,0,1,4,155,155,147,147,12,6,59,0,0,0,2,58,9,1
1,7,0,400,400,16,https://resultados2019.blob.core.windows.net/201901/170394.jpg,OK,0,10,ALTA VERAPAZ,SAN JUAN CHAMELCO,17039,CORPORACIÓN MUNICIPAL,5,2,2,0,1,4,298,298,286,286,9,8,116,0,0,4,6,126,5,12
1,4,0,400,400,16,https://resultados2019.blob.core.windows.net/201901/170324.jpg,OK,0,10,ALTA VERAPAZ,SAN JUAN CHAMELCO,17032,CORPORACIÓN MUNICIPAL,5,2,2,0,1,4,328,328,319,319,6,14,136,2,1,4,4,134,10,8
1,3,0,400,400,16,https://resultados2019.blob.core.windows.net/201901/170454.jpg,OK,0,10,ALTA VERAPAZ,SAN JUAN CHAMELCO,17045,CORPORACIÓN MUNICIPAL,4,2,2,0,1,4,278,278,271,271,6,10,116,6,2,1,7,110,2,11
1,13,0,380,380,16,https://resultados2019.blob.core.windows.net/201901/170604.jpg,OK,0,10,ALTA VERAPAZ,SAN JUAN CHAMELCO,17060,CORPORACIÓN MUNICIPAL,16,2,2,0,1,4,315,315,286,286,0,4,130,1,1,2,4,140,4,0
1,7,0,400,401,16,https://resultados2019.blob.core.windows.net/201901/170304.jpg,OK,0,10,ALTA VERAPAZ,SAN JUAN CHAMELCO,17030,CORPORACIÓN MUNICIPAL,9,2,2,0,1,4,350,350,334,334,7,13,152,2,0,1,6,143,6,4
1,5,0,380,380,16,https://resultados2019.blob.core.windows.net/201901/170904.jpg,OK,0,10,ALTA VERAPAZ,SAN JUAN CHAMELCO,17090,CORPORACIÓN MUNICIPAL,12,2,2,0,1,4,333,333,316,316,12,14,151,0,1,3,3,126,6,0
1,9,0,380,0,16,https://resultados2019.blob.core.windows.net/201901/170824.jpg,OK,0,10,ALTA VERAPAZ,SAN JUAN CHAMELCO,17082,CORPORACIÓN MUNICIPAL,18,2,2,0,1,4,346,346,319,319,4,11,170,1,0,1,5,124,2,1
1,3,0,380,380,16,https://resultados2019.blob.core.windows.net/201901/170764.jpg,OK,0,10,ALTA VERAPAZ,SAN JUAN CHAMELCO,17076,CORPORACIÓN MUNICIPAL,8,2,2,0,1,4,298,298,287,287,1,2,173,0,1,2,5,103,0,0
1,1,0,350,350,16,https://resultados2019.blob.core.windows.net/201901/171014.jpg,OK,0,10,ALTA VERAPAZ,SAN JUAN CHAMELCO,17101,CORPORACIÓN MUNICIPAL,3,2,2,0,1,4,156,156,152,152,7,11,58,3,1,3,3,59,6,1
1,3,0,256,256,16,https://resultados2019.blob.core.windows.net/201901/170804.jpg,OK,0,10,ALTA VERAPAZ,SAN JUAN CHAMELCO,17080,CORPORACIÓN MUNICIPAL,1,2,2,0,1,4,166,166,162,162,0,3,94,0,0,1,2,61,1,0
1,6,0,380,380,16,https://resultados2019.blob.core.windows.net/201901/170624.jpg,OK,0,10,ALTA VERAPAZ,SAN JUAN CHAMELCO,17062,CORPORACIÓN MUNICIPAL,11,2,2,0,1,4,297,297,280,280,0,4,128,3,0,1,1,137,4,2
1,4,0,400,411,16,https://resultados2019.blob.core.windows.net/201901/170354.jpg,OK,0,10,ALTA VERAPAZ,SAN JUAN CHAMELCO,17035,CORPORACIÓN MUNICIPAL,5,2,2,0,1,4,339,339,330,330,5,9,159,2,0,3,4,131,10,7
1,4,0,400,400,16,https://resultados2019.blob.core.windows.net/201901/170414.jpg,OK,0,10,ALTA VERAPAZ,SAN JUAN CHAMELCO,17041,CORPORACIÓN MUNICIPAL,7,2,2,0,1,4,310,310,299,299,4,10,128,7,0,1,9,127,5,8
1,3,0,220,220,16,https://resultados2019.blob.core.windows.net/201901/170644.jpg,OK,1,10,ALTA VERAPAZ,SAN JUAN CHAMELCO,17064,CORPORACIÓN MUNICIPAL,2,2,2,0,1,4,157,157,152,152,1,4,77,0,0,2,0,66,2,0
1,8,0,380,380,16,https://resultados2019.blob.core.windows.net/201901/170984.jpg,OK,0,10,ALTA VERAPAZ,SAN JUAN CHAMELCO,17098,CORPORACIÓN MUNICIPAL,8,2,2,0,1,4,310,310,294,294,9,16,140,0,2,0,0,118,6,3
1,9,0,380,380,16,https://resultados2019.blob.core.windows.net/201901/170684.jpg,OK,0,10,ALTA VERAPAZ,SAN JUAN CHAMELCO,17068,CORPORACIÓN MUNICIPAL,10,2,2,0,1,4,331,331,312,312,2,5,151,1,0,1,3,146,1,2
1,0,0,220,220,16,https://resultados2019.blob.core.windows.net/201901/170554.jpg,OK,0,10,ALTA VERAPAZ,SAN JUAN CHAMELCO,17055,CORPORACIÓN MUNICIPAL,0,2,2,0,1,4,164,164,164,164,4,9,59,1,0,1,3,82,3,2
1,7,0,400,400,16,https://resultados2019.blob.core.windows.net/201901/170294.jpg,OK,0,10,ALTA VERAPAZ,SAN JUAN CHAMELCO,17029,CORPORACIÓN MUNICIPAL,10,2,2,0,1,4,298,298,281,281,7,8,120,4,2,7,4,118,7,4
1,11,0,380,380,16,https://resultados2019.blob.core.windows.net/201901/170864.jpg,OK,0,10,ALTA VERAPAZ,SAN JUAN CHAMELCO,17086,CORPORACIÓN MUNICIPAL,5,2,2,0,1,4,331,331,315,315,9,12,169,3,0,2,2,114,2,2
1,8,0,380,380,16,https://resultados2019.blob.core.windows.net/201901/170594.jpg,OK,1,10,ALTA VERAPAZ,SAN JUAN CHAMELCO,17059,CORPORACIÓN MUNICIPAL,16,2,2,0,1,4,297,297,273,273,0,9,122,2,1,4,3,123,5,4
1,6,0,400,400,16,https://resultados2019.blob.core.windows.net/201901/170524.jpg,OK,0,10,ALTA VERAPAZ,SAN JUAN CHAMELCO,17052,CORPORACIÓN MUNICIPAL,4,2,2,0,1,4,279,279,269,269,7,15,107,0,1,6,3,117,10,3
1,1,0,400,400,16,https://resultados2019.blob.core.windows.net/201901/170374.jpg,OK,0,10,ALTA VERAPAZ,SAN JUAN CHAMELCO,17037,CORPORACIÓN MUNICIPAL,2,2,2,0,1,4,291,291,288,288,4,7,107,5,2,2,10,133,3,15
1,16,0,380,376,16,https://resultados2019.blob.core.windows.net/201901/170744.jpg,OK,0,10,ALTA VERAPAZ,SAN JUAN CHAMELCO,17074,CORPORACIÓN MUNICIPAL,15,2,2,0,1,4,309,309,278,278,2,4,134,1,0,1,11,121,0,4
1,3,0,380,380,16,https://resultados2019.blob.core.windows.net/201901/170774.jpg,OK,0,10,ALTA VERAPAZ,SAN JUAN CHAMELCO,17077,CORPORACIÓN MUNICIPAL,8,2,2,0,1,4,283,283,272,272,1,2,155,0,1,3,4,105,0,1
1,15,0,380,379,16,https://resultados2019.blob.core.windows.net/201901/170564.jpg,OK,0,10,ALTA VERAPAZ,SAN JUAN CHAMELCO,17056,CORPORACIÓN MUNICIPAL,21,2,2,0,1,4,299,299,263,263,5,7,125,0,0,1,2,120,2,1
1,3,0,219,219,16,https://resultados2019.blob.core.windows.net/201901/170654.jpg,OK,0,10,ALTA VERAPAZ,SAN JUAN CHAMELCO,17065,CORPORACIÓN MUNICIPAL,3,2,2,0,1,4,140,140,134,134,0,2,71,0,0,0,2,56,0,3
1,3,0,380,380,16,https://resultados2019.blob.core.windows.net/201901/170794.jpg,OK,0,10,ALTA VERAPAZ,SAN JUAN CHAMELCO,17079,CORPORACIÓN MUNICIPAL,8,2,2,0,1,4,300,300,289,289,0,2,147,0,3,2,3,130,1,1
1,0,0,208,0,16,https://resultados2019.blob.core.windows.net/201901/170464.jpg,OK,2,10,ALTA VERAPAZ,SAN JUAN CHAMELCO,17046,CORPORACIÓN MUNICIPAL,2,2,2,0,1,4,134,134,132,132,0,4,59,1,0,2,2,58,3,3
1,2,0,220,220,16,https://resultados2019.blob.core.windows.net/201901/170544.jpg,OK,0,10,ALTA VERAPAZ,SAN JUAN CHAMELCO,17054,CORPORACIÓN MUNICIPAL,3,2,2,0,1,4,140,140,135,135,6,5,56,1,0,0,1,63,0,3
1,6,0,380,380,16,https://resultados2019.blob.core.windows.net/201901/170714.jpg,OK,0,10,ALTA VERAPAZ,SAN JUAN CHAMELCO,17071,CORPORACIÓN MUNICIPAL,10,2,2,0,1,4,320,320,304,304,2,1,163,1,2,2,2,129,1,1
1,4,0,400,402,16,https://resultados2019.blob.core.windows.net/201901/170314.jpg,OK,0,10,ALTA VERAPAZ,SAN JUAN CHAMELCO,17031,CORPORACIÓN MUNICIPAL,7,2,2,0,1,4,320,320,309,309,2,11,124,0,2,1,6,141,11,11
1,6,0,400,400,16,https://resultados2019.blob.core.windows.net/201901/170504.jpg,OK,0,10,ALTA VERAPAZ,SAN JUAN CHAMELCO,17050,CORPORACIÓN MUNICIPAL,14,2,2,0,1,4,321,321,301,301,6,11,105,1,1,0,1,160,9,7
1,12,0,400,400,16,https://resultados2019.blob.core.windows.net/201901/170534.jpg,OK,0,10,ALTA VERAPAZ,SAN JUAN CHAMELCO,17053,CORPORACIÓN MUNICIPAL,12,2,2,0,1,4,309,309,285,285,9,13,129,1,0,0,0,125,4,4
1,8,0,400,400,16,https://resultados2019.blob.core.windows.net/201901/170334.jpg,OK,0,10,ALTA VERAPAZ,SAN JUAN CHAMELCO,17033,CORPORACIÓN MUNICIPAL,4,2,2,0,1,4,337,337,325,325,3,16,142,5,0,3,7,125,12,12
1,4,0,380,380,16,https://resultados2019.blob.core.windows.net/201901/170934.jpg,OK,0,10,ALTA VERAPAZ,SAN JUAN CHAMELCO,17093,CORPORACIÓN MUNICIPAL,7,2,2,0,1,4,315,315,304,304,20,15,128,1,5,2,4,119,5,5
1,12,0,380,380,16,https://resultados2019.blob.core.windows.net/201901/170584.jpg,OK,0,10,ALTA VERAPAZ,SAN JUAN CHAMELCO,17058,CORPORACIÓN MUNICIPAL,19,2,2,0,1,4,331,331,300,300,0,6,154,2,0,6,1,128,2,1
1,0,0,198,199,16,https://resultados2019.blob.core.windows.net/201901/170954.jpg,OK,1,10,ALTA VERAPAZ,SAN JUAN CHAMELCO,17095,CORPORACIÓN MUNICIPAL,0,2,2,0,1,4,152,152,152,152,6,10,70,1,0,0,0,59,4,2
1,4,0,380,380,16,https://resultados2019.blob.core.windows.net/201901/170674.jpg,OK,0,10,ALTA VERAPAZ,SAN JUAN CHAMELCO,17067,CORPORACIÓN MUNICIPAL,6,2,2,0,1,4,339,339,329,329,1,2,176,1,2,2,2,143,0,0
1,3,0,380,0,16,https://resultados2019.blob.core.windows.net/201901/170704.jpg,OK,0,10,ALTA VERAPAZ,SAN JUAN CHAMELCO,17070,CORPORACIÓN MUNICIPAL,7,2,2,0,1,4,317,317,307,307,1,1,171,1,0,0,1,130,1,1
1,14,0,380,380,16,https://resultados2019.blob.core.windows.net/201901/170964.jpg,OK,0,10,ALTA VERAPAZ,SAN JUAN CHAMELCO,17096,CORPORACIÓN MUNICIPAL,26,2,2,0,1,4,329,329,289,289,9,11,117,2,1,4,0,142,0,3
1,13,0,380,380,16,https://resultados2019.blob.core.windows.net/201901/170844.jpg,OK,0,10,ALTA VERAPAZ,SAN JUAN CHAMELCO,17084,CORPORACIÓN MUNICIPAL,14,2,2,0,1,4,324,324,297,297,5,7,174,1,0,0,4,101,2,3
1,10,0,400,400,16,https://resultados2019.blob.core.windows.net/201901/170484.jpg,OK,0,10,ALTA VERAPAZ,SAN JUAN CHAMELCO,17048,CORPORACIÓN MUNICIPAL,22,2,2,0,1,4,334,334,302,302,8,20,112,2,0,2,3,147,2,6
1,2,0,400,400,16,https://resultados2019.blob.core.windows.net/201901/170434.jpg,OK,0,10,ALTA VERAPAZ,SAN JUAN CHAMELCO,17043,CORPORACIÓN MUNICIPAL,10,2,2,0,1,4,299,299,287,287,5,7,123,2,2,7,3,124,7,7
1,11,0,380,380,16,https://resultados2019.blob.core.windows.net/201901/170734.jpg,OK,0,10,ALTA VERAPAZ,SAN JUAN CHAMELCO,17073,CORPORACIÓN MUNICIPAL,12,2,2,0,1,4,319,319,296,296,1,2,163,0,1,2,3,121,3,0
