ACTACUADRA,BLANCOS,CNTIMPUGNA,CNTINSCRITOS,CNTPAPELETAS,DEP,IMGSRC,IMGSTATUS,INVALIDOS,MUN,NDEP,NMUN,NROMESA,NTE,NULOS,STACTA,STESCAN,STFISIC,STTRANS,TIPOELECCION,TOTALACTA,TOTALVOTOS,VOTOSVALIDOS,VOTOSVALIDOSACTA,voto_BIEN,voto_CREO,voto_FCN-NACION,voto_PC,voto_PODEMOS,voto_SEMILLA,voto_TODOS,voto_UCN,voto_UNE,voto_UNIONISTA,voto_VALOR,voto_VAMOS,voto_VICTORIA,voto_VIVA,voto_WINAQ
1,3,0,400,400,16,https://resultados2019.blob.core.windows.net/201901/174364.jpg,OK,0,16,ALTA VERAPAZ,SANTA CATALINA LA TINTA,17436,CORPORACIÓN MUNICIPAL,13,2,2,0,1,4,296,296,280,280,1,4,19,13,2,1,1,31,74,37,57,3,27,6,4
0,2,0,400,394,16,https://resultados2019.blob.core.windows.net/201901/174314.jpg,OK,5,16,ALTA VERAPAZ,SANTA CATALINA LA TINTA,17431,CORPORACIÓN MUNICIPAL,0,2,2,0,1,4,285,280,278,278,1,2,8,28,7,6,1,22,61,48,67,6,12,7,2
1,6,0,400,400,16,https://resultados2019.blob.core.windows.net/201901/174554.jpg,OK,0,16,ALTA VERAPAZ,SANTA CATALINA LA TINTA,17455,CORPORACIÓN MUNICIPAL,26,2,2,0,1,4,316,316,284,284,3,16,23,43,18,1,0,9,69,27,33,19,18,4,1
1,7,0,400,396,16,https://resultados2019.blob.core.windows.net/201901/174584.jpg,OK,0,16,ALTA VERAPAZ,SANTA CATALINA LA TINTA,17458,CORPORACIÓN MUNICIPAL,22,2,2,0,1,4,272,272,243,243,1,5,16,9,9,5,0,17,52,63,42,2,17,2,3
1,3,0,400,396,16,https://resultados2019.blob.core.windows.net/201901/174404.jpg,OK,0,16,ALTA VERAPAZ,SANTA CATALINA LA TINTA,17440,CORPORACIÓN MUNICIPAL,18,2,2,0,1,4,294,294,273,273,0,1,18,18,5,1,1,9,78,53,31,3,50,5,0
1,3,0,400,400,16,https://resultados2019.blob.core.windows.net/201901/174394.jpg,OK,0,16,ALTA VERAPAZ,SANTA CATALINA LA TINTA,17439,CORPORACIÓN MUNICIPAL,29,2,2,0,1,4,347,347,315,315,1,4,19,15,2,1,2,30,94,50,40,8,39,9,1
0,6,0,400,396,16,https://resultados2019.blob.core.windows.net/201901/174474.jpg,OK,0,16,ALTA VERAPAZ,SANTA CATALINA LA TINTA,17447,CORPORACIÓN MUNICIPAL,18,2,2,0,1,4,272,272,248,245,1,2,12,19,6,1,0,24,72,34,37,3,33,2,2
1,2,0,400,396,16,https://resultados2019.blob.core.windows.net/201901/174424.jpg,OK,0,16,ALTA VERAPAZ,SANTA CATALINA LA TINTA,17442,CORPORACIÓN MUNICIPAL,12,2,2,0,1,4,268,268,254,254,2,2,16,20,7,1,0,23,53,33,48,3,43,3,0
1,7,0,400,394,16,https://resultados2019.blob.core.windows.net/201901/174414.jpg,OK,0,16,ALTA VERAPAZ,SANTA CATALINA LA TINTA,17441,CORPORACIÓN MUNICIPAL,10,2,2,0,1,4,261,261,244,244,1,2,10,14,4,2,0,18,60,38,54,7,27,5,2
1,2,0,242,243,16,https://resultados2019.blob.core.windows.net/201901/174504.jpg,OK,0,16,ALTA VERAPAZ,SANTA CATALINA LA TINTA,17450,CORPORACIÓN MUNICIPAL,4,2,2,0,1,4,178,178,172,172,0,1,7,13,4,0,2,24,35,28,36,3,15,4,0
1,12,0,400,400,16,https://resultados2019.blob.core.windows.net/201901/174274.jpg,OK,0,16,ALTA VERAPAZ,SANTA CATALINA LA TINTA,17427,CORPORACIÓN MUNICIPAL,19,2,2,0,1,4,302,302,271,271,1,3,18,31,8,2,2,25,69,46,34,6,11,12,3
1,5,0,380,376,16,https://resultados2019.blob.core.windows.net/201901/174634.jpg,OK,0,16,ALTA VERAPAZ,SANTA CATALINA LA TINTA,17463,CORPORACIÓN MUNICIPAL,20,2,2,0,1,4,263,263,238,238,2,5,14,21,2,1,0,21,51,69,15,6,13,4,14
1,3,0,400,396,16,https://resultados2019.blob.core.windows.net/201901/174244.jpg,OK,0,16,ALTA VERAPAZ,SANTA CATALINA LA TINTA,17424,CORPORACIÓN MUNICIPAL,9,2,2,0,1,4,270,270,258,258,2,2,12,24,2,5,2,26,56,41,60,7,11,5,3
1,3,0,400,400,16,https://resultados2019.blob.core.windows.net/201901/174354.jpg,OK,0,16,ALTA VERAPAZ,SANTA CATALINA LA TINTA,17435,CORPORACIÓN MUNICIPAL,15,2,2,0,1,4,302,302,284,284,3,0,11,27,5,3,3,32,61,56,36,1,32,13,1
1,1,0,400,396,16,https://resultados2019.blob.core.windows.net/201901/174234.jpg,OK,0,16,ALTA VERAPAZ,SANTA CATALINA LA TINTA,17423,CORPORACIÓN MUNICIPAL,8,2,2,0,1,4,312,312,303,303,4,0,22,28,5,4,0,37,67,46,51,15,8,13,3
1,2,0,400,396,16,https://resultados2019.blob.core.windows.net/201901/174254.jpg,OK,0,16,ALTA VERAPAZ,SANTA CATALINA LA TINTA,17425,CORPORACIÓN MUNICIPAL,16,2,2,0,1,4,260,260,242,242,3,4,18,28,7,2,0,15,51,35,54,5,15,5,0
1,5,0,242,240,16,https://resultados2019.blob.core.windows.net/201901/174514.jpg,OK,0,16,ALTA VERAPAZ,SANTA CATALINA LA TINTA,17451,CORPORACIÓN MUNICIPAL,6,2,2,0,1,4,175,175,164,164,1,1,8,14,3,0,0,9,46,21,36,2,15,7,1
0,4,0,400,397,16,https://resultados2019.blob.core.windows.net/201901/174444.jpg,OK,0,16,ALTA VERAPAZ,SANTA CATALINA LA TINTA,17444,CORPORACIÓN MUNICIPAL,24,2,2,0,1,4,397,316,288,288,2,1,11,24,5,2,1,29,73,45,42,7,40,5,1
1,5,0,400,400,16,https://resultados2019.blob.core.windows.net/201901/174284.jpg,OK,0,16,ALTA VERAPAZ,SANTA CATALINA LA TINTA,17428,CORPORACIÓN MUNICIPAL,10,2,2,0,1,4,315,315,300,300,1,3,23,26,2,4,0,19,85,46,54,13,15,7,2
1,4,0,400,394,16,https://resultados2019.blob.core.windows.net/201901/174294.jpg,OK,0,16,ALTA VERAPAZ,SANTA CATALINA LA TINTA,17429,CORPORACIÓN MUNICIPAL,18,2,2,0,1,4,280,280,258,258,0,2,12,18,4,3,0,25,69,45,41,9,16,8,6
1,3,0,344,341,16,https://resultados2019.blob.core.windows.net/201901/174334.jpg,OK,229,16,ALTA VERAPAZ,SANTA CATALINA LA TINTA,17433,CORPORACIÓN MUNICIPAL,6,2,2,0,1,4,229,229,220,220,1,2,15,19,4,4,1,14,61,33,43,6,9,4,4
1,1,0,400,400,16,https://resultados2019.blob.core.windows.net/201901/174374.jpg,OK,0,16,ALTA VERAPAZ,SANTA CATALINA LA TINTA,17437,CORPORACIÓN MUNICIPAL,20,2,2,0,1,4,303,303,282,282,0,0,26,15,3,2,0,31,64,36,60,1,33,10,1
1,3,0,400,393,16,https://resultados2019.blob.core.windows.net/201901/174534.jpg,OK,0,16,ALTA VERAPAZ,SANTA CATALINA LA TINTA,17453,CORPORACIÓN MUNICIPAL,13,2,2,0,1,4,304,304,288,288,0,3,14,19,12,2,1,29,48,74,67,0,16,0,3
1,2,0,400,394,16,https://resultados2019.blob.core.windows.net/201901/174564.jpg,OK,0,16,ALTA VERAPAZ,SANTA CATALINA LA TINTA,17456,CORPORACIÓN MUNICIPAL,10,2,2,0,1,4,299,299,287,287,0,8,16,25,5,0,0,19,59,66,54,10,20,4,1
1,2,0,400,396,16,https://resultados2019.blob.core.windows.net/201901/174574.jpg,OK,0,16,ALTA VERAPAZ,SANTA CATALINA LA TINTA,17457,CORPORACIÓN MUNICIPAL,13,2,2,0,1,4,311,311,296,296,1,4,22,22,8,3,0,24,64,63,45,11,19,4,6
1,4,0,400,394,16,https://resultados2019.blob.core.windows.net/201901/174264.jpg,OK,0,16,ALTA VERAPAZ,SANTA CATALINA LA TINTA,17426,CORPORACIÓN MUNICIPAL,14,2,2,0,1,4,284,284,266,266,2,3,21,30,5,3,1,20,66,38,47,6,12,11,1
1,4,0,400,400,16,https://resultados2019.blob.core.windows.net/201901/174304.jpg,OK,0,16,ALTA VERAPAZ,SANTA CATALINA LA TINTA,17430,CORPORACIÓN MUNICIPAL,20,2,2,0,1,4,274,274,250,250,3,2,21,24,8,5,0,12,56,33,52,7,14,9,4
1,4,0,400,395,16,https://resultados2019.blob.core.windows.net/201901/174454.jpg,OK,0,16,ALTA VERAPAZ,SANTA CATALINA LA TINTA,17445,CORPORACIÓN MUNICIPAL,19,2,2,0,1,4,305,305,282,282,2,3,14,13,8,1,4,39,63,48,40,6,33,6,2
1,5,0,400,407,16,https://resultados2019.blob.core.windows.net/201901/174344.jpg,OK,0,16,ALTA VERAPAZ,SANTA CATALINA LA TINTA,17434,CORPORACIÓN MUNICIPAL,18,2,2,0,1,4,310,310,287,287,1,4,15,17,4,2,0,38,63,51,45,3,39,5,0
1,6,0,380,380,16,https://resultados2019.blob.core.windows.net/201901/174624.jpg,OK,0,16,ALTA VERAPAZ,SANTA CATALINA LA TINTA,17462,CORPORACIÓN MUNICIPAL,20,2,2,0,1,4,255,255,229,229,0,3,11,24,2,3,0,8,57,72,24,3,9,3,10
1,6,0,400,396,16,https://resultados2019.blob.core.windows.net/201901/174214.jpg,OK,0,16,ALTA VERAPAZ,SANTA CATALINA LA TINTA,17421,CORPORACIÓN MUNICIPAL,16,2,2,0,1,4,309,309,287,287,2,3,21,27,5,2,1,21,62,50,68,4,13,6,2
1,3,0,400,396,16,https://resultados2019.blob.core.windows.net/201901/174464.jpg,OK,0,16,ALTA VERAPAZ,SANTA CATALINA LA TINTA,17446,CORPORACIÓN MUNICIPAL,10,2,2,0,1,4,285,285,272,272,1,4,22,15,6,3,2,18,65,43,48,1,39,5,0
1,3,0,400,396,16,https://resultados2019.blob.core.windows.net/201901/174194.jpg,OK,17,16,ALTA VERAPAZ,SANTA CATALINA LA TINTA,17419,CORPORACIÓN MUNICIPAL,1,2,2,0,1,4,275,275,271,271,0,3,17,19,6,5,1,24,76,30,56,6,9,14,5
1,3,0,400,398,16,https://resultados2019.blob.core.windows.net/201901/174524.jpg,OK,0,16,ALTA VERAPAZ,SANTA CATALINA LA TINTA,17452,CORPORACIÓN MUNICIPAL,14,2,2,0,1,4,301,301,284,284,1,3,16,27,18,1,1,15,48,89,40,4,15,2,4
1,5,0,400,400,16,https://resultados2019.blob.core.windows.net/201901/174434.jpg,OK,0,16,ALTA VERAPAZ,SANTA CATALINA LA TINTA,17443,CORPORACIÓN MUNICIPAL,14,2,2,0,1,4,294,294,275,275,3,1,22,10,6,0,1,28,56,47,52,4,29,12,4
1,2,0,400,400,16,https://resultados2019.blob.core.windows.net/201901/174494.jpg,OK,0,16,ALTA VERAPAZ,SANTA CATALINA LA TINTA,17449,CORPORACIÓN MUNICIPAL,4,2,2,0,1,4,301,301,295,295,1,1,10,21,5,3,2,33,68,38,54,3,50,4,2
1,2,0,215,215,16,https://resultados2019.blob.core.windows.net/201901/174604.jpg,OK,0,16,ALTA VERAPAZ,SANTA CATALINA LA TINTA,17460,CORPORACIÓN MUNICIPAL,5,2,2,0,1,4,161,161,154,154,0,1,12,9,5,0,0,12,38,32,29,5,8,3,0
0,9,0,368,367,16,https://resultados2019.blob.core.windows.net/201901/174674.jpg,OK,1,16,ALTA VERAPAZ,SANTA CATALINA LA TINTA,17467,CORPORACIÓN MUNICIPAL,19,2,2,0,1,4,246,241,213,211,0,4,3,22,0,2,0,7,45,83,15,1,16,4,11
1,0,0,345,345,16,https://resultados2019.blob.core.windows.net/201901/174324.jpg,OK,0,16,ALTA VERAPAZ,SANTA CATALINA LA TINTA,17432,CORPORACIÓN MUNICIPAL,6,2,2,0,1,4,232,232,226,226,2,3,11,24,5,2,0,16,53,41,50,6,6,7,0
1,0,0,216,216,16,https://resultados2019.blob.core.windows.net/201901/174594.jpg,OK,0,16,ALTA VERAPAZ,SANTA CATALINA LA TINTA,17459,CORPORACIÓN MUNICIPAL,3,2,2,0,1,4,172,172,169,169,0,7,8,20,8,0,1,14,42,28,22,6,11,2,0
1,6,0,380,373,16,https://resultados2019.blob.core.windows.net/201901/174614.jpg,OK,0,16,ALTA VERAPAZ,SANTA CATALINA LA TINTA,17461,CORPORACIÓN MUNICIPAL,14,2,2,0,1,4,282,282,262,262,0,9,11,20,2,4,0,5,52,96,34,4,19,1,5
0,0,0,400,396,16,https://resultados2019.blob.core.windows.net/201901/174224.jpg,OK,0,16,ALTA VERAPAZ,SANTA CATALINA LA TINTA,17422,CORPORACIÓN MUNICIPAL,14,2,2,0,1,4,309,323,309,309,3,2,32,22,6,1,3,43,59,52,55,7,11,8,5
1,6,0,380,376,16,https://resultados2019.blob.core.windows.net/201901/174654.jpg,OK,0,16,ALTA VERAPAZ,SANTA CATALINA LA TINTA,17465,CORPORACIÓN MUNICIPAL,17,2,2,0,1,4,280,280,257,257,0,3,16,17,3,6,1,6,49,94,27,4,24,1,6
1,5,0,400,396,16,https://resultados2019.blob.core.windows.net/201901/174204.jpg,OK,0,16,ALTA VERAPAZ,SANTA CATALINA LA TINTA,17420,CORPORACIÓN MUNICIPAL,13,2,2,0,1,4,318,318,300,300,3,1,27,31,6,4,2,26,60,40,65,9,11,13,2
1,1,0,400,396,16,https://resultados2019.blob.core.windows.net/201901/174384.jpg,OK,0,16,ALTA VERAPAZ,SANTA CATALINA LA TINTA,17438,CORPORACIÓN MUNICIPAL,19,2,2,0,1,4,316,316,296,296,3,3,27,18,3,5,1,32,59,65,30,4,41,3,2
1,1,0,400,393,16,https://resultados2019.blob.core.windows.net/201901/174544.jpg,OK,0,16,ALTA VERAPAZ,SANTA CATALINA LA TINTA,17454,CORPORACIÓN MUNICIPAL,10,2,2,0,1,4,300,300,289,289,1,17,38,21,10,2,0,29,58,40,45,4,18,2,4
0,1,0,400,393,16,https://resultados2019.blob.core.windows.net/201901/174484.jpg,OK,0,16,ALTA VERAPAZ,SANTA CATALINA LA TINTA,17448,CORPORACIÓN MUNICIPAL,4,2,2,0,1,4,273,270,265,268,1,3,15,18,4,1,1,15,65,37,73,3,22,6,1
0,1,0,367,365,16,https://resultados2019.blob.core.windows.net/201901/174684.jpg,OK,0,16,ALTA VERAPAZ,SANTA CATALINA LA TINTA,17468,CORPORACIÓN MUNICIPAL,9,2,2,0,1,4,236,235,225,226,0,8,11,20,1,2,0,10,51,87,20,2,9,3,1
1,5,0,400,394,16,https://resultados2019.blob.core.windows.net/201901/174184.jpg,OK,0,16,ALTA VERAPAZ,SANTA CATALINA LA TINTA,17418,CORPORACIÓN MUNICIPAL,14,2,2,0,1,4,285,285,266,266,2,1,22,24,7,2,1,22,70,40,46,6,5,14,4
1,4,0,380,376,16,https://resultados2019.blob.core.windows.net/201901/174664.jpg,OK,0,16,ALTA VERAPAZ,SANTA CATALINA LA TINTA,17466,CORPORACIÓN MUNICIPAL,17,2,2,0,1,4,301,301,280,280,1,7,10,27,6,5,1,15,60,96,22,1,19,2,8
1,3,0,380,376,16,https://resultados2019.blob.core.windows.net/201901/174644.jpg,OK,0,16,ALTA VERAPAZ,SANTA CATALINA LA TINTA,17464,CORPORACIÓN MUNICIPAL,12,2,2,0,1,4,229,229,214,214,0,5,4,19,2,4,0,9,49,85,15,2,12,2,6
