ACTACUADRA,BLANCOS,CNTIMPUGNA,CNTINSCRITOS,CNTPAPELETAS,DEP,IMGSRC,IMGSTATUS,INVALIDOS,MUN,NDEP,NMUN,NROMESA,NTE,NULOS,STACTA,STESCAN,STFISIC,STTRANS,TIPOELECCION,TOTALACTA,TOTALVOTOS,VOTOSVALIDOS,VOTOSVALIDOSACTA,voto_BIEN,voto_CREO,voto_FCN-NACION,voto_FUERZA,voto_MLP,voto_PODEMOS,voto_TODOS,voto_UCN,voto_UNE,voto_UNIONISTA,voto_URNG_MAIZ,voto_VALOR,voto_WINAQ
1,3,0,400,400,16,https://resultados2019.blob.core.windows.net/201901/172354.jpg,OK,0,13,ALTA VERAPAZ,CHISEC,17235,CORPORACIÓN MUNICIPAL,6,2,2,0,1,4,311,311,302,302,4,2,9,3,1,106,0,86,70,0,0,5,16
0,3,0,380,376,16,https://resultados2019.blob.core.windows.net/201901/173024.jpg,OK,0,13,ALTA VERAPAZ,CHISEC,17302,CORPORACIÓN MUNICIPAL,24,2,2,0,1,4,285,282,255,258,2,0,3,1,0,60,0,132,40,0,2,2,13
1,8,0,365,0,16,https://resultados2019.blob.core.windows.net/201901/172814.jpg,OK,1,13,ALTA VERAPAZ,CHISEC,17281,CORPORACIÓN MUNICIPAL,13,2,2,0,1,4,190,190,169,169,13,2,5,7,15,25,1,28,34,2,9,0,28
0,1,0,400,400,16,https://resultados2019.blob.core.windows.net/201901/172314.jpg,OK,0,13,ALTA VERAPAZ,CHISEC,17231,CORPORACIÓN MUNICIPAL,3,2,2,0,1,4,400,311,307,307,3,2,6,0,3,93,1,112,69,0,0,2,16
1,4,0,400,400,16,https://resultados2019.blob.core.windows.net/201901/172264.jpg,OK,0,13,ALTA VERAPAZ,CHISEC,17226,CORPORACIÓN MUNICIPAL,7,2,2,0,1,4,311,311,300,300,2,2,6,1,1,97,0,99,77,0,0,2,13
1,4,0,400,400,16,https://resultados2019.blob.core.windows.net/201901/172344.jpg,OK,0,13,ALTA VERAPAZ,CHISEC,17234,CORPORACIÓN MUNICIPAL,3,2,2,0,1,4,292,292,285,285,3,3,8,1,1,91,1,100,61,0,0,4,12
1,4,0,380,380,16,https://resultados2019.blob.core.windows.net/201901/173034.jpg,OK,0,13,ALTA VERAPAZ,CHISEC,17303,CORPORACIÓN MUNICIPAL,16,2,2,0,1,4,286,286,266,266,2,0,1,1,0,62,1,125,68,0,0,0,6
1,2,0,380,378,16,https://resultados2019.blob.core.windows.net/201901/172694.jpg,OK,0,13,ALTA VERAPAZ,CHISEC,17269,CORPORACIÓN MUNICIPAL,16,2,2,0,1,4,260,260,242,242,0,2,3,11,2,61,0,110,42,0,0,2,9
1,5,0,400,400,16,https://resultados2019.blob.core.windows.net/201901/172424.jpg,OK,0,13,ALTA VERAPAZ,CHISEC,17242,CORPORACIÓN MUNICIPAL,17,2,2,0,1,4,310,310,288,288,0,1,43,0,2,85,1,71,47,0,1,1,36
1,7,0,400,400,16,https://resultados2019.blob.core.windows.net/201901/172164.jpg,OK,0,13,ALTA VERAPAZ,CHISEC,17216,CORPORACIÓN MUNICIPAL,12,2,2,0,1,4,337,337,318,318,1,2,6,2,3,111,0,114,58,0,2,5,14
1,1,0,247,244,16,https://resultados2019.blob.core.windows.net/201901/172394.jpg,OK,0,13,ALTA VERAPAZ,CHISEC,17239,CORPORACIÓN MUNICIPAL,0,2,2,0,1,4,207,207,206,206,2,1,5,1,1,73,0,63,46,0,0,3,11
1,6,0,380,380,16,https://resultados2019.blob.core.windows.net/201901/172974.jpg,OK,0,13,ALTA VERAPAZ,CHISEC,17297,CORPORACIÓN MUNICIPAL,26,2,2,0,1,4,282,282,250,250,10,4,16,1,0,70,2,90,42,1,1,0,13
1,6,0,380,380,16,https://resultados2019.blob.core.windows.net/201901/172734.jpg,OK,0,13,ALTA VERAPAZ,CHISEC,17273,CORPORACIÓN MUNICIPAL,36,2,2,0,1,4,234,234,192,192,7,4,11,7,27,19,1,31,41,1,4,0,39
1,5,0,380,378,16,https://resultados2019.blob.core.windows.net/201901/172804.jpg,OK,0,13,ALTA VERAPAZ,CHISEC,17280,CORPORACIÓN MUNICIPAL,22,2,2,0,1,4,208,208,181,181,11,5,4,17,17,23,1,41,25,0,6,1,30
1,5,0,400,400,16,https://resultados2019.blob.core.windows.net/201901/172464.jpg,OK,0,13,ALTA VERAPAZ,CHISEC,17246,CORPORACIÓN MUNICIPAL,11,2,1,0,1,4,307,307,291,291,2,3,32,2,5,67,0,85,67,0,0,2,26
1,9,1,380,0,16,https://resultados2019.blob.core.windows.net/201901/172864.jpg,OK,0,13,ALTA VERAPAZ,CHISEC,17286,CORPORACIÓN MUNICIPAL,17,2,2,0,1,4,254,254,228,228,5,0,5,4,4,65,1,78,38,0,3,2,23
1,0,0,400,400,16,https://resultados2019.blob.core.windows.net/201901/172374.jpg,OK,0,13,ALTA VERAPAZ,CHISEC,17237,CORPORACIÓN MUNICIPAL,3,2,2,0,1,4,310,310,307,307,2,1,6,1,1,112,0,113,56,0,0,1,14
1,1,0,203,203,16,https://resultados2019.blob.core.windows.net/201901/172914.jpg,OK,0,13,ALTA VERAPAZ,CHISEC,17291,CORPORACIÓN MUNICIPAL,3,2,2,0,1,4,117,117,113,113,2,0,4,2,3,24,0,59,11,0,0,0,8
1,1,0,400,400,16,https://resultados2019.blob.core.windows.net/201901/172244.jpg,OK,83,13,ALTA VERAPAZ,CHISEC,17224,CORPORACIÓN MUNICIPAL,10,2,2,0,1,4,317,317,306,306,2,1,9,4,4,93,1,108,65,0,0,1,18
0,0,0,400,405,16,https://resultados2019.blob.core.windows.net/201901/172384.jpg,OK,1,13,ALTA VERAPAZ,CHISEC,17238,CORPORACIÓN MUNICIPAL,0,2,2,0,1,4,322,321,321,321,7,2,4,1,1,111,0,121,62,0,0,0,12
1,4,0,380,380,16,https://resultados2019.blob.core.windows.net/201901/172774.jpg,OK,0,13,ALTA VERAPAZ,CHISEC,17277,CORPORACIÓN MUNICIPAL,17,2,2,0,1,4,203,203,182,182,9,12,7,5,16,20,0,38,34,1,6,0,34
1,5,0,380,376,16,https://resultados2019.blob.core.windows.net/201901/172664.jpg,OK,0,13,ALTA VERAPAZ,CHISEC,17266,CORPORACIÓN MUNICIPAL,21,2,2,0,1,4,295,295,269,269,2,0,4,10,6,83,0,79,70,1,1,2,11
1,2,0,247,247,16,https://resultados2019.blob.core.windows.net/201901/172404.jpg,OK,0,13,ALTA VERAPAZ,CHISEC,17240,CORPORACIÓN MUNICIPAL,5,2,2,0,1,4,195,195,188,188,4,1,8,0,0,67,0,61,33,0,0,3,11
1,4,0,400,400,16,https://resultados2019.blob.core.windows.net/201901/172434.jpg,OK,0,13,ALTA VERAPAZ,CHISEC,17243,CORPORACIÓN MUNICIPAL,18,2,2,0,1,4,318,318,296,296,2,1,32,2,4,92,0,66,55,0,0,5,37
1,2,0,400,400,16,https://resultados2019.blob.core.windows.net/201901/172444.jpg,OK,73,13,ALTA VERAPAZ,CHISEC,17244,CORPORACIÓN MUNICIPAL,21,2,1,0,1,4,327,327,304,304,0,1,41,1,1,102,1,67,52,0,0,0,38
1,6,0,380,378,16,https://resultados2019.blob.core.windows.net/201901/172994.jpg,OK,1,13,ALTA VERAPAZ,CHISEC,17299,CORPORACIÓN MUNICIPAL,18,2,2,0,1,4,238,238,214,214,0,0,13,1,0,52,0,83,43,2,2,0,18
1,8,0,253,253,16,https://resultados2019.blob.core.windows.net/201901/173094.jpg,OK,0,13,ALTA VERAPAZ,CHISEC,17309,CORPORACIÓN MUNICIPAL,8,2,2,0,1,4,172,172,156,156,2,5,9,1,0,42,0,44,24,0,0,3,26
1,5,0,400,400,16,https://resultados2019.blob.core.windows.net/201901/172474.jpg,OK,0,13,ALTA VERAPAZ,CHISEC,17247,CORPORACIÓN MUNICIPAL,14,2,1,0,1,4,328,328,309,309,0,1,34,1,3,68,1,75,64,0,0,3,59
1,1,0,400,400,16,https://resultados2019.blob.core.windows.net/201901/172554.jpg,OK,0,13,ALTA VERAPAZ,CHISEC,17255,CORPORACIÓN MUNICIPAL,14,2,2,0,1,4,310,310,295,295,1,0,27,2,1,89,1,84,48,1,0,0,41
0,7,1,400,401,16,https://resultados2019.blob.core.windows.net/201901/172504.jpg,OK,0,13,ALTA VERAPAZ,CHISEC,17250,CORPORACIÓN MUNICIPAL,7,2,1,0,1,4,299,298,284,284,4,1,53,0,1,79,0,69,43,0,1,1,32
1,10,0,380,380,16,https://resultados2019.blob.core.windows.net/201901/172744.jpg,OK,0,13,ALTA VERAPAZ,CHISEC,17274,CORPORACIÓN MUNICIPAL,43,2,2,0,1,4,231,231,178,178,12,6,17,4,0,21,0,32,36,0,4,3,43
0,2,0,380,378,16,https://resultados2019.blob.core.windows.net/201901/172674.jpg,OK,3,13,ALTA VERAPAZ,CHISEC,17267,CORPORACIÓN MUNICIPAL,19,2,2,0,1,4,275,272,251,251,2,0,4,20,1,54,0,110,48,0,0,0,12
1,3,0,400,400,16,https://resultados2019.blob.core.windows.net/201901/172364.jpg,OK,0,13,ALTA VERAPAZ,CHISEC,17236,CORPORACIÓN MUNICIPAL,4,2,2,0,1,4,318,318,311,311,3,0,9,2,3,98,0,100,78,0,0,2,16
1,0,0,202,298,16,https://resultados2019.blob.core.windows.net/201901/172924.jpg,OK,0,13,ALTA VERAPAZ,CHISEC,17292,CORPORACIÓN MUNICIPAL,5,2,2,0,1,4,139,139,134,134,3,0,3,1,4,35,1,66,5,0,1,1,14
1,2,0,400,396,16,https://resultados2019.blob.core.windows.net/201901/172564.jpg,OK,1,13,ALTA VERAPAZ,CHISEC,17256,CORPORACIÓN MUNICIPAL,10,2,2,0,1,4,304,304,292,292,3,0,21,2,2,94,1,71,48,0,0,0,50
1,4,0,400,400,16,https://resultados2019.blob.core.windows.net/201901/172194.jpg,OK,0,13,ALTA VERAPAZ,CHISEC,17219,CORPORACIÓN MUNICIPAL,5,2,2,0,1,4,317,317,308,308,1,3,6,3,4,111,1,96,65,0,1,0,17
1,2,0,217,217,16,https://resultados2019.blob.core.windows.net/201901/173014.jpg,OK,0,13,ALTA VERAPAZ,CHISEC,17301,CORPORACIÓN MUNICIPAL,11,2,2,0,1,4,157,157,144,144,4,2,11,1,0,42,0,45,36,0,0,0,3
1,5,1,380,377,16,https://resultados2019.blob.core.windows.net/201901/173044.jpg,OK,0,13,ALTA VERAPAZ,CHISEC,17304,CORPORACIÓN MUNICIPAL,26,2,2,0,1,4,291,291,260,260,4,2,5,0,4,74,0,129,37,1,0,0,4
1,2,0,364,364,16,https://resultados2019.blob.core.windows.net/201901/172824.jpg,OK,0,13,ALTA VERAPAZ,CHISEC,17282,CORPORACIÓN MUNICIPAL,11,2,2,0,1,4,210,210,197,197,12,9,5,2,7,40,1,56,22,1,1,1,40
1,1,0,380,375,16,https://resultados2019.blob.core.windows.net/201901/172644.jpg,OK,0,13,ALTA VERAPAZ,CHISEC,17264,CORPORACIÓN MUNICIPAL,20,2,2,0,1,4,271,271,250,250,2,3,1,5,4,69,0,112,46,0,0,1,7
1,4,0,400,400,16,https://resultados2019.blob.core.windows.net/201901/172304.jpg,OK,0,13,ALTA VERAPAZ,CHISEC,17230,CORPORACIÓN MUNICIPAL,10,2,2,0,1,4,320,320,306,306,2,2,10,1,4,119,0,100,51,1,0,2,14
1,4,0,307,307,16,https://resultados2019.blob.core.windows.net/201901/172714.jpg,OK,0,13,ALTA VERAPAZ,CHISEC,17271,CORPORACIÓN MUNICIPAL,16,2,2,0,1,4,186,186,166,166,2,0,0,5,5,34,0,75,32,0,0,1,12
0,1,2,400,400,16,https://resultados2019.blob.core.windows.net/201901/172294.jpg,OK,0,13,ALTA VERAPAZ,CHISEC,17229,CORPORACIÓN MUNICIPAL,12,2,2,0,1,4,300,298,285,287,6,4,5,5,1,117,1,77,53,0,0,1,15
1,4,0,380,376,16,https://resultados2019.blob.core.windows.net/201901/172684.jpg,OK,0,13,ALTA VERAPAZ,CHISEC,17268,CORPORACIÓN MUNICIPAL,12,2,2,0,1,4,260,260,244,244,0,0,1,8,3,67,1,111,38,0,2,0,13
1,2,0,400,400,16,https://resultados2019.blob.core.windows.net/201901/172614.jpg,OK,0,13,ALTA VERAPAZ,CHISEC,17261,CORPORACIÓN MUNICIPAL,2,2,2,0,1,4,287,287,283,283,2,1,41,1,1,101,0,79,33,0,0,0,24
1,9,0,290,391,16,https://resultados2019.blob.core.windows.net/201901/173054.jpg,OK,0,13,ALTA VERAPAZ,CHISEC,17305,CORPORACIÓN MUNICIPAL,13,2,2,0,1,4,198,198,176,176,4,0,2,1,3,51,0,87,23,0,0,2,3
1,0,0,400,400,16,https://resultados2019.blob.core.windows.net/201901/172274.jpg,OK,0,13,ALTA VERAPAZ,CHISEC,17227,CORPORACIÓN MUNICIPAL,6,2,2,0,1,4,306,306,300,300,4,0,10,2,0,102,2,87,73,0,0,5,15
1,8,1,380,378,16,https://resultados2019.blob.core.windows.net/201901/172884.jpg,OK,0,13,ALTA VERAPAZ,CHISEC,17288,CORPORACIÓN MUNICIPAL,16,2,2,0,1,4,227,227,203,203,4,4,8,2,8,43,0,70,35,0,1,1,27
1,8,0,400,400,16,https://resultados2019.blob.core.windows.net/201901/172414.jpg,OK,0,13,ALTA VERAPAZ,CHISEC,17241,CORPORACIÓN MUNICIPAL,15,2,2,0,1,4,313,313,290,290,3,3,34,0,3,83,1,87,44,0,1,0,31
0,4,0,400,400,16,https://resultados2019.blob.core.windows.net/201901/172604.jpg,OK,4,13,ALTA VERAPAZ,CHISEC,17260,CORPORACIÓN MUNICIPAL,9,2,2,0,1,4,262,258,245,245,2,1,23,1,0,83,1,49,58,0,0,0,27
1,2,0,400,400,16,https://resultados2019.blob.core.windows.net/201901/172224.jpg,OK,0,13,ALTA VERAPAZ,CHISEC,17222,CORPORACIÓN MUNICIPAL,2,2,2,0,1,4,313,313,309,309,1,1,14,3,2,92,1,101,73,0,0,0,21
1,2,0,217,217,16,https://resultados2019.blob.core.windows.net/201901/173004.jpg,OK,0,13,ALTA VERAPAZ,CHISEC,17300,CORPORACIÓN MUNICIPAL,7,2,2,0,1,4,164,164,155,155,3,1,12,1,0,47,0,53,27,0,0,0,11
0,0,0,400,400,16,https://resultados2019.blob.core.windows.net/201901/172234.jpg,OK,0,13,ALTA VERAPAZ,CHISEC,17223,CORPORACIÓN MUNICIPAL,4,2,2,0,1,4,307,307,303,307,3,1,9,2,1,94,0,101,71,0,0,1,20
1,5,0,400,400,16,https://resultados2019.blob.core.windows.net/201901/172584.jpg,OK,0,13,ALTA VERAPAZ,CHISEC,17258,CORPORACIÓN MUNICIPAL,5,2,2,0,1,4,285,285,275,275,1,1,32,1,0,91,1,71,42,0,0,0,35
1,10,0,380,378,16,https://resultados2019.blob.core.windows.net/201901/172964.jpg,OK,2,13,ALTA VERAPAZ,CHISEC,17296,CORPORACIÓN MUNICIPAL,29,2,2,0,1,4,252,252,213,213,11,5,23,1,3,62,0,59,33,0,0,0,16
1,6,0,400,400,16,https://resultados2019.blob.core.windows.net/201901/172534.jpg,OK,0,13,ALTA VERAPAZ,CHISEC,17253,CORPORACIÓN MUNICIPAL,10,2,1,0,1,4,280,280,264,264,1,2,34,2,0,82,0,67,46,1,0,0,29
1,8,0,400,400,16,https://resultados2019.blob.core.windows.net/201901/172454.jpg,OK,0,13,ALTA VERAPAZ,CHISEC,17245,CORPORACIÓN MUNICIPAL,11,2,2,0,1,4,318,318,299,299,0,2,47,1,3,75,0,81,38,0,0,1,51
1,11,0,380,378,16,https://resultados2019.blob.core.windows.net/201901/172704.jpg,OK,0,13,ALTA VERAPAZ,CHISEC,17270,CORPORACIÓN MUNICIPAL,28,2,2,0,1,4,247,247,208,208,1,1,4,11,4,51,0,90,28,1,0,3,14
1,1,0,307,307,16,https://resultados2019.blob.core.windows.net/201901/172724.jpg,OK,0,13,ALTA VERAPAZ,CHISEC,17272,CORPORACIÓN MUNICIPAL,6,2,2,0,1,4,221,221,214,214,0,0,0,9,2,60,1,110,28,1,0,0,3
1,7,0,380,380,16,https://resultados2019.blob.core.windows.net/201901/172754.jpg,OK,0,13,ALTA VERAPAZ,CHISEC,17275,CORPORACIÓN MUNICIPAL,33,2,2,0,1,4,209,209,169,169,10,7,6,3,19,17,1,34,44,0,0,0,28
1,5,0,400,400,16,https://resultados2019.blob.core.windows.net/201901/172594.jpg,OK,0,13,ALTA VERAPAZ,CHISEC,17259,CORPORACIÓN MUNICIPAL,10,2,2,0,1,4,264,264,249,249,1,0,23,0,0,74,0,56,53,0,0,1,41
1,6,0,380,0,16,https://resultados2019.blob.core.windows.net/201901/172784.jpg,OK,0,13,ALTA VERAPAZ,CHISEC,17278,CORPORACIÓN MUNICIPAL,12,2,2,0,1,4,182,182,164,164,11,10,4,1,24,17,0,39,29,0,3,0,26
1,8,0,380,378,16,https://resultados2019.blob.core.windows.net/201901/173074.jpg,OK,0,13,ALTA VERAPAZ,CHISEC,17307,CORPORACIÓN MUNICIPAL,19,2,2,0,1,4,292,292,265,265,5,17,21,3,0,62,0,49,47,0,1,4,56
1,11,0,380,0,16,https://resultados2019.blob.core.windows.net/201901/172844.jpg,OK,0,13,ALTA VERAPAZ,CHISEC,17284,CORPORACIÓN MUNICIPAL,26,2,2,0,1,4,230,230,193,193,7,0,5,1,10,45,0,71,34,1,1,2,16
1,6,0,400,400,16,https://resultados2019.blob.core.windows.net/201901/172214.jpg,OK,0,13,ALTA VERAPAZ,CHISEC,17221,CORPORACIÓN MUNICIPAL,12,2,2,0,1,4,339,339,321,321,2,1,17,3,1,93,1,103,74,0,1,2,23
1,8,0,380,380,16,https://resultados2019.blob.core.windows.net/201901/172654.jpg,OK,31,13,ALTA VERAPAZ,CHISEC,17265,CORPORACIÓN MUNICIPAL,2,2,2,0,1,4,261,261,251,251,1,0,1,9,1,75,0,97,55,1,1,1,9
1,6,0,380,380,16,https://resultados2019.blob.core.windows.net/201901/173084.jpg,OK,0,13,ALTA VERAPAZ,CHISEC,17308,CORPORACIÓN MUNICIPAL,17,2,2,0,1,4,291,291,268,268,4,9,13,3,0,52,1,87,54,0,1,3,41
1,3,0,380,378,16,https://resultados2019.blob.core.windows.net/201901/172894.jpg,OK,0,13,ALTA VERAPAZ,CHISEC,17289,CORPORACIÓN MUNICIPAL,14,2,2,0,1,4,217,217,200,200,4,0,8,2,8,59,0,69,25,0,1,1,23
1,0,0,400,400,16,https://resultados2019.blob.core.windows.net/201901/172284.jpg,OK,0,13,ALTA VERAPAZ,CHISEC,17228,CORPORACIÓN MUNICIPAL,8,2,2,0,1,4,284,284,276,276,3,0,5,1,2,87,0,97,71,0,0,2,8
0,4,0,400,398,16,https://resultados2019.blob.core.windows.net/201901/172574.jpg,OK,2,13,ALTA VERAPAZ,CHISEC,17257,CORPORACIÓN MUNICIPAL,8,2,2,0,1,4,295,293,281,281,3,2,41,0,0,89,1,71,44,1,1,0,28
1,2,0,400,400,16,https://resultados2019.blob.core.windows.net/201901/172544.jpg,OK,0,13,ALTA VERAPAZ,CHISEC,17254,CORPORACIÓN MUNICIPAL,14,2,1,0,1,4,303,303,287,287,2,0,31,2,4,75,0,76,54,0,0,1,42
1,4,0,450,450,16,https://resultados2019.blob.core.windows.net/201901/173114.jpg,OK,0,13,ALTA VERAPAZ,CHISEC,17311,CORPORACIÓN MUNICIPAL,5,2,2,0,1,4,65,65,56,56,1,2,3,1,2,19,0,9,13,0,0,0,6
0,4,0,400,400,16,https://resultados2019.blob.core.windows.net/201901/172254.jpg,OK,0,13,ALTA VERAPAZ,CHISEC,17225,CORPORACIÓN MUNICIPAL,11,2,2,0,1,4,316,331,316,316,5,3,10,3,9,105,1,99,60,0,0,4,17
1,0,0,213,213,16,https://resultados2019.blob.core.windows.net/201901/172624.jpg,OK,0,13,ALTA VERAPAZ,CHISEC,17262,CORPORACIÓN MUNICIPAL,1,2,2,0,1,4,160,160,159,159,1,0,13,0,0,60,0,43,19,0,0,0,23
1,3,0,400,400,16,https://resultados2019.blob.core.windows.net/201901/172174.jpg,OK,0,13,ALTA VERAPAZ,CHISEC,17217,CORPORACIÓN MUNICIPAL,9,2,2,0,1,4,309,309,297,297,7,1,5,2,5,108,1,73,76,0,0,4,15
1,4,0,400,400,16,https://resultados2019.blob.core.windows.net/201901/172524.jpg,OK,0,13,ALTA VERAPAZ,CHISEC,17252,CORPORACIÓN MUNICIPAL,15,2,2,0,1,4,312,312,293,293,2,2,33,2,1,79,0,82,54,0,0,3,35
1,8,0,380,380,16,https://resultados2019.blob.core.windows.net/201901/172934.jpg,OK,1,13,ALTA VERAPAZ,CHISEC,17293,CORPORACIÓN MUNICIPAL,59,2,2,0,1,4,283,283,216,216,2,4,35,3,0,65,0,49,34,0,1,1,22
1,8,0,400,400,16,https://resultados2019.blob.core.windows.net/201901/172334.jpg,OK,8,13,ALTA VERAPAZ,CHISEC,17233,CORPORACIÓN MUNICIPAL,7,2,2,0,1,4,292,292,277,277,3,0,4,0,3,110,0,69,67,1,0,3,17
1,8,0,380,378,16,https://resultados2019.blob.core.windows.net/201901/172764.jpg,OK,0,13,ALTA VERAPAZ,CHISEC,17276,CORPORACIÓN MUNICIPAL,27,2,2,0,1,4,227,227,192,192,15,9,8,3,14,26,1,47,41,3,3,1,21
1,6,0,400,400,16,https://resultados2019.blob.core.windows.net/201901/172204.jpg,OK,0,13,ALTA VERAPAZ,CHISEC,17220,CORPORACIÓN MUNICIPAL,15,2,2,0,1,4,334,334,313,313,4,1,12,0,2,79,1,94,95,0,0,4,21
1,6,0,380,378,16,https://resultados2019.blob.core.windows.net/201901/172834.jpg,OK,13,13,ALTA VERAPAZ,CHISEC,17283,CORPORACIÓN MUNICIPAL,14,2,2,0,1,4,227,227,207,207,1,2,9,3,0,53,0,80,30,0,1,0,28
1,13,1,380,380,16,https://resultados2019.blob.core.windows.net/201901/172984.jpg,OK,0,13,ALTA VERAPAZ,CHISEC,17298,CORPORACIÓN MUNICIPAL,15,2,2,0,1,4,282,282,254,254,2,1,20,1,3,68,1,87,52,0,0,1,18
1,3,0,400,400,16,https://resultados2019.blob.core.windows.net/201901/172324.jpg,OK,0,13,ALTA VERAPAZ,CHISEC,17232,CORPORACIÓN MUNICIPAL,14,2,2,0,1,4,310,310,293,293,0,1,6,0,0,92,0,101,69,0,0,1,23
1,4,0,400,400,16,https://resultados2019.blob.core.windows.net/201901/172514.jpg,OK,0,13,ALTA VERAPAZ,CHISEC,17251,CORPORACIÓN MUNICIPAL,12,2,2,0,1,4,308,308,292,292,0,0,24,5,1,72,0,86,67,0,0,2,35
1,5,0,400,400,16,https://resultados2019.blob.core.windows.net/201901/172184.jpg,OK,0,13,ALTA VERAPAZ,CHISEC,17218,CORPORACIÓN MUNICIPAL,9,2,2,0,1,4,323,323,309,309,5,3,6,2,2,99,0,98,75,0,0,0,19
1,13,0,290,291,16,https://resultados2019.blob.core.windows.net/201901/173064.jpg,OK,0,13,ALTA VERAPAZ,CHISEC,17306,CORPORACIÓN MUNICIPAL,7,2,2,0,1,4,205,205,185,185,1,1,1,0,2,48,0,109,17,0,0,0,6
1,7,1,380,375,16,https://resultados2019.blob.core.windows.net/201901/172944.jpg,OK,5,13,ALTA VERAPAZ,CHISEC,17294,CORPORACIÓN MUNICIPAL,32,2,2,0,1,4,282,282,243,243,1,4,30,3,2,69,0,73,49,0,0,1,11
1,0,0,400,400,16,https://resultados2019.blob.core.windows.net/201901/172154.jpg,OK,0,13,ALTA VERAPAZ,CHISEC,17215,CORPORACIÓN MUNICIPAL,9,2,2,0,1,4,312,312,303,303,4,0,4,2,0,109,0,95,61,0,0,1,27
1,0,0,213,212,16,https://resultados2019.blob.core.windows.net/201901/172634.jpg,OK,0,13,ALTA VERAPAZ,CHISEC,17263,CORPORACIÓN MUNICIPAL,3,2,2,0,1,4,155,155,152,152,3,0,21,0,3,41,1,41,26,0,0,0,16
1,1,0,400,400,16,https://resultados2019.blob.core.windows.net/201901/172144.jpg,OK,0,13,ALTA VERAPAZ,CHISEC,17214,CORPORACIÓN MUNICIPAL,10,2,2,0,1,4,325,325,314,314,4,2,10,2,2,112,0,87,77,0,0,2,16
1,3,0,380,380,16,https://resultados2019.blob.core.windows.net/201901/172954.jpg,OK,0,13,ALTA VERAPAZ,CHISEC,17295,CORPORACIÓN MUNICIPAL,22,2,2,0,1,4,256,256,231,231,5,1,22,0,3,67,1,84,30,0,0,1,17
1,8,0,400,400,16,https://resultados2019.blob.core.windows.net/201901/172494.jpg,OK,1,13,ALTA VERAPAZ,CHISEC,17249,CORPORACIÓN MUNICIPAL,15,2,2,0,1,4,317,317,294,294,3,0,99,2,7,57,2,49,50,1,1,2,21
1,7,0,400,397,16,https://resultados2019.blob.core.windows.net/201901/172484.jpg,OK,0,13,ALTA VERAPAZ,CHISEC,17248,CORPORACIÓN MUNICIPAL,18,2,1,0,1,4,312,312,287,287,0,1,64,4,6,55,0,65,38,0,0,0,54
1,5,0,380,379,16,https://resultados2019.blob.core.windows.net/201901/172794.jpg,OK,0,13,ALTA VERAPAZ,CHISEC,17279,CORPORACIÓN MUNICIPAL,26,2,2,0,1,4,215,215,184,184,6,2,4,5,24,22,0,40,43,1,2,1,34
0,3,2,253,253,16,https://resultados2019.blob.core.windows.net/201901/173104.jpg,OK,0,13,ALTA VERAPAZ,CHISEC,17310,CORPORACIÓN MUNICIPAL,1,2,2,0,1,4,192,190,186,186,3,2,10,2,0,40,0,64,38,0,0,4,23
1,7,0,380,380,16,https://resultados2019.blob.core.windows.net/201901/172854.jpg,OK,0,13,ALTA VERAPAZ,CHISEC,17285,CORPORACIÓN MUNICIPAL,22,2,2,0,1,4,223,223,194,194,4,0,5,1,10,57,1,65,30,0,2,0,19
1,6,0,380,380,16,https://resultados2019.blob.core.windows.net/201901/172904.jpg,OK,0,13,ALTA VERAPAZ,CHISEC,17290,CORPORACIÓN MUNICIPAL,27,2,2,0,1,4,212,212,179,179,2,1,4,1,11,63,1,68,14,1,1,1,11
1,4,0,380,0,16,https://resultados2019.blob.core.windows.net/201901/172874.jpg,OK,0,13,ALTA VERAPAZ,CHISEC,17287,CORPORACIÓN MUNICIPAL,10,2,2,0,1,4,200,200,186,186,3,1,10,1,8,47,1,67,29,0,1,1,17
