ACTACUADRA,BLANCOS,CNTIMPUGNA,CNTINSCRITOS,CNTPAPELETAS,DEP,IMGSRC,IMGSTATUS,INVALIDOS,MUN,NDEP,NMUN,NROMESA,NTE,NULOS,STACTA,STESCAN,STFISIC,STTRANS,TIPOELECCION,TOTALACTA,TOTALVOTOS,VOTOSVALIDOS,VOTOSVALIDOSACTA,voto_BIEN,voto_CREO,voto_FCN-NACION,voto_FUERZA,voto_JUSTICIA,voto_LIBRE,voto_PC,voto_PHG,voto_PODEMOS,voto_PPT,voto_SEMILLA,voto_TODOS,voto_UCN,voto_UNE,voto_UNIONISTA,voto_URNG_MAIZ,voto_VALOR,voto_VAMOS,voto_VICTORIA,voto_WINAQ
1,10,0,400,396,16,https://resultados2019.blob.core.windows.net/201901/161164.jpg,OK,0,1,ALTA VERAPAZ,COBÁN,16116,CORPORACIÓN MUNICIPAL,20,2,2,0,1,4,265,265,235,235,7,20,4,3,29,1,6,5,11,1,4,3,0,14,1,3,113,5,4,1
1,11,0,400,395,16,https://resultados2019.blob.core.windows.net/201901/161104.jpg,OK,0,1,ALTA VERAPAZ,COBÁN,16110,CORPORACIÓN MUNICIPAL,28,2,2,0,1,4,273,273,234,234,0,28,2,0,20,1,10,1,11,2,3,9,2,22,1,3,111,5,2,1
0,5,0,380,381,16,https://resultados2019.blob.core.windows.net/201901/163204.jpg,OK,1,1,ALTA VERAPAZ,COBÁN,16320,CORPORACIÓN MUNICIPAL,22,2,2,0,1,4,215,214,187,187,1,34,5,3,2,1,6,0,4,0,1,6,0,33,3,6,52,1,8,21
1,9,0,400,400,16,https://resultados2019.blob.core.windows.net/201901/162134.jpg,OK,0,1,ALTA VERAPAZ,COBÁN,16213,CORPORACIÓN MUNICIPAL,21,2,2,0,1,4,247,247,217,217,2,31,3,2,29,1,18,0,14,2,4,6,4,8,6,2,77,4,2,2
1,9,0,400,396,16,https://resultados2019.blob.core.windows.net/201901/161614.jpg,OK,0,1,ALTA VERAPAZ,COBÁN,16161,CORPORACIÓN MUNICIPAL,19,2,2,0,1,4,275,275,247,247,4,35,5,7,17,0,9,0,5,1,3,14,3,9,5,3,119,7,0,1
1,9,0,400,400,16,https://resultados2019.blob.core.windows.net/201901/161884.jpg,OK,0,1,ALTA VERAPAZ,COBÁN,16188,CORPORACIÓN MUNICIPAL,12,2,2,0,1,4,268,268,247,247,2,36,8,0,32,3,7,4,9,7,4,10,1,6,2,1,100,8,4,3
1,5,0,400,400,16,https://resultados2019.blob.core.windows.net/201901/162024.jpg,OK,0,1,ALTA VERAPAZ,COBÁN,16202,CORPORACIÓN MUNICIPAL,18,2,2,0,1,4,258,258,235,235,4,41,6,6,21,1,18,4,13,1,2,4,5,7,5,1,86,8,2,0
1,13,0,380,380,16,https://resultados2019.blob.core.windows.net/201901/162714.jpg,OK,0,1,ALTA VERAPAZ,COBÁN,16271,CORPORACIÓN MUNICIPAL,20,2,2,0,1,4,212,212,179,179,0,33,1,1,0,2,15,0,3,1,0,1,3,32,1,3,66,5,1,11
1,2,0,400,400,16,https://resultados2019.blob.core.windows.net/201901/161804.jpg,OK,0,1,ALTA VERAPAZ,COBÁN,16180,CORPORACIÓN MUNICIPAL,12,2,2,0,1,4,235,235,221,221,0,35,4,1,23,1,12,0,11,1,5,7,6,8,3,1,96,6,0,1
1,5,0,400,395,16,https://resultados2019.blob.core.windows.net/201901/161654.jpg,OK,0,1,ALTA VERAPAZ,COBÁN,16165,CORPORACIÓN MUNICIPAL,21,2,2,0,1,4,290,290,264,264,2,44,5,4,21,1,15,4,17,2,3,9,3,6,3,3,107,14,0,1
1,3,0,400,400,16,https://resultados2019.blob.core.windows.net/201901/162354.jpg,OK,0,1,ALTA VERAPAZ,COBÁN,16235,CORPORACIÓN MUNICIPAL,6,2,2,0,1,4,220,220,211,211,0,25,3,2,15,3,10,3,5,1,5,16,5,8,1,2,98,3,1,5
1,15,0,380,396,16,https://resultados2019.blob.core.windows.net/201901/162534.jpg,OK,0,1,ALTA VERAPAZ,COBÁN,16253,CORPORACIÓN MUNICIPAL,9,2,2,0,1,4,235,235,211,211,1,45,2,1,0,0,15,0,3,1,1,1,9,34,0,1,93,2,0,2
0,13,8,400,400,16,https://resultados2019.blob.core.windows.net/201901/162294.jpg,OK,0,1,ALTA VERAPAZ,COBÁN,16229,CORPORACIÓN MUNICIPAL,18,2,2,0,1,4,262,252,221,231,4,27,1,2,8,1,8,2,6,0,5,12,3,10,2,3,114,6,3,4
0,9,0,400,396,16,https://resultados2019.blob.core.windows.net/201901/161184.jpg,OK,102,1,ALTA VERAPAZ,COBÁN,16118,CORPORACIÓN MUNICIPAL,20,2,2,0,1,4,294,307,278,265,3,28,4,1,38,2,7,2,12,1,1,6,17,17,2,2,120,6,6,3
1,5,0,400,400,16,https://resultados2019.blob.core.windows.net/201901/162424.jpg,OK,0,1,ALTA VERAPAZ,COBÁN,16242,CORPORACIÓN MUNICIPAL,20,2,2,0,1,4,244,244,219,219,2,20,2,0,13,1,13,1,12,0,7,14,2,8,1,2,113,7,0,1
1,5,0,272,268,16,https://resultados2019.blob.core.windows.net/201901/162744.jpg,OK,0,1,ALTA VERAPAZ,COBÁN,16274,CORPORACIÓN MUNICIPAL,16,2,2,0,1,4,137,137,116,116,0,25,1,1,0,0,15,0,0,0,1,4,0,16,0,1,42,0,2,8
1,8,0,380,380,16,https://resultados2019.blob.core.windows.net/201901/162624.jpg,OK,0,1,ALTA VERAPAZ,COBÁN,16262,CORPORACIÓN MUNICIPAL,17,2,2,0,1,4,197,197,172,172,0,34,2,0,0,1,16,0,4,0,0,1,2,18,0,2,87,2,1,2
1,8,0,400,400,16,https://resultados2019.blob.core.windows.net/201901/161734.jpg,OK,0,1,ALTA VERAPAZ,COBÁN,16173,CORPORACIÓN MUNICIPAL,13,2,2,0,1,4,291,291,270,270,4,43,8,2,20,3,12,4,19,2,6,9,5,6,2,3,108,9,2,3
1,12,0,380,380,16,https://resultados2019.blob.core.windows.net/201901/163374.jpg,OK,0,1,ALTA VERAPAZ,COBÁN,16337,CORPORACIÓN MUNICIPAL,18,2,2,0,1,4,245,245,215,215,0,41,4,1,2,0,6,1,5,0,2,1,6,31,0,7,98,6,1,3
1,5,0,400,400,16,https://resultados2019.blob.core.windows.net/201901/161704.jpg,OK,0,1,ALTA VERAPAZ,COBÁN,16170,CORPORACIÓN MUNICIPAL,14,2,2,0,1,4,264,264,245,245,5,54,2,2,21,1,13,1,7,3,7,8,2,9,4,3,97,5,0,1
1,7,0,400,400,16,https://resultados2019.blob.core.windows.net/201901/162274.jpg,OK,0,1,ALTA VERAPAZ,COBÁN,16227,CORPORACIÓN MUNICIPAL,25,2,2,0,1,4,269,269,237,237,4,31,5,0,16,2,11,2,11,0,5,25,0,20,2,0,93,9,0,1
1,8,0,400,400,16,https://resultados2019.blob.core.windows.net/201901/162434.jpg,OK,0,1,ALTA VERAPAZ,COBÁN,16243,CORPORACIÓN MUNICIPAL,21,2,2,0,1,4,243,243,214,214,4,25,1,1,16,2,13,0,13,4,6,8,1,10,5,4,93,4,2,2
1,8,0,380,378,16,https://resultados2019.blob.core.windows.net/201901/163064.jpg,OK,0,1,ALTA VERAPAZ,COBÁN,16306,CORPORACIÓN MUNICIPAL,8,2,2,0,1,4,203,203,187,187,1,42,0,0,2,1,47,0,2,2,6,6,4,25,1,12,7,0,7,22
1,6,0,400,400,16,https://resultados2019.blob.core.windows.net/201901/162414.jpg,OK,0,1,ALTA VERAPAZ,COBÁN,16241,CORPORACIÓN MUNICIPAL,16,2,2,0,1,4,256,256,234,234,3,31,6,2,26,1,12,1,8,0,4,13,3,10,4,2,99,6,1,2
1,3,0,400,400,16,https://resultados2019.blob.core.windows.net/201901/161514.jpg,OK,0,1,ALTA VERAPAZ,COBÁN,16151,CORPORACIÓN MUNICIPAL,7,2,2,0,1,4,210,210,200,200,2,26,1,3,15,1,8,3,8,1,1,5,1,18,2,1,93,6,3,2
1,6,0,400,400,16,https://resultados2019.blob.core.windows.net/201901/162484.jpg,OK,0,1,ALTA VERAPAZ,COBÁN,16248,CORPORACIÓN MUNICIPAL,5,2,2,0,1,4,230,230,219,219,0,29,0,6,28,0,15,2,12,0,5,12,1,5,4,2,90,5,2,1
1,1,0,205,202,16,https://resultados2019.blob.core.windows.net/201901/163484.jpg,OK,0,1,ALTA VERAPAZ,COBÁN,16348,CORPORACIÓN MUNICIPAL,4,2,2,0,1,4,91,91,86,86,1,16,4,0,0,0,4,1,1,0,0,1,2,7,0,0,46,1,0,2
1,1,0,400,401,16,https://resultados2019.blob.core.windows.net/201901/162214.jpg,OK,0,1,ALTA VERAPAZ,COBÁN,16221,CORPORACIÓN MUNICIPAL,6,2,2,0,1,4,265,265,258,258,0,45,4,0,24,0,16,2,12,3,1,22,2,9,2,1,113,1,1,0
1,4,0,400,396,16,https://resultados2019.blob.core.windows.net/201901/161554.jpg,OK,0,1,ALTA VERAPAZ,COBÁN,16155,CORPORACIÓN MUNICIPAL,6,2,2,0,1,4,275,275,265,265,1,29,5,2,26,1,5,0,17,0,2,8,0,18,1,0,146,3,0,1
1,1,0,400,400,16,https://resultados2019.blob.core.windows.net/201901/161984.jpg,OK,0,1,ALTA VERAPAZ,COBÁN,16198,CORPORACIÓN MUNICIPAL,14,2,2,0,1,4,262,262,247,247,1,39,3,1,29,1,13,1,14,3,5,13,5,10,7,3,93,4,0,2
1,12,0,380,380,16,https://resultados2019.blob.core.windows.net/201901/162694.jpg,OK,0,1,ALTA VERAPAZ,COBÁN,16269,CORPORACIÓN MUNICIPAL,36,2,2,0,1,4,210,210,162,162,2,44,1,2,0,3,18,0,4,0,1,6,3,27,0,4,36,2,1,8
1,10,0,380,380,16,https://resultados2019.blob.core.windows.net/201901/163124.jpg,OK,0,1,ALTA VERAPAZ,COBÁN,16312,CORPORACIÓN MUNICIPAL,7,2,2,0,1,4,146,146,129,129,4,22,2,2,2,0,7,0,3,0,1,0,1,60,1,11,6,2,1,4
1,3,0,400,400,16,https://resultados2019.blob.core.windows.net/201901/162974.jpg,OK,0,1,ALTA VERAPAZ,COBÁN,16297,CORPORACIÓN MUNICIPAL,21,2,2,0,1,4,168,168,144,144,1,15,3,2,2,1,1,0,4,1,0,0,0,13,0,5,86,2,2,6
1,2,0,400,400,16,https://resultados2019.blob.core.windows.net/201901/161524.jpg,OK,0,1,ALTA VERAPAZ,COBÁN,16152,CORPORACIÓN MUNICIPAL,9,2,2,0,1,4,222,222,211,211,0,17,0,2,18,2,6,1,10,0,2,7,1,17,2,1,117,7,0,1
1,15,0,400,400,16,https://resultados2019.blob.core.windows.net/201901/162834.jpg,OK,0,1,ALTA VERAPAZ,COBÁN,16283,CORPORACIÓN MUNICIPAL,27,2,2,0,1,4,188,188,146,146,1,13,2,5,6,0,3,0,0,0,0,2,1,14,1,3,86,3,6,0
1,2,0,400,400,16,https://resultados2019.blob.core.windows.net/201901/162074.jpg,OK,0,1,ALTA VERAPAZ,COBÁN,16207,CORPORACIÓN MUNICIPAL,28,2,2,0,1,4,272,272,242,242,2,36,2,4,16,1,10,0,13,4,4,12,5,8,7,2,108,5,2,1
1,4,0,600,600,16,https://resultados2019.blob.core.windows.net/201901/163584.jpg,OK,0,1,ALTA VERAPAZ,COBÁN,16358,CORPORACIÓN MUNICIPAL,11,2,2,0,1,4,205,205,190,190,3,30,5,3,20,2,10,0,6,1,4,8,4,8,1,2,69,7,4,3
1,15,0,380,380,16,https://resultados2019.blob.core.windows.net/201901/163454.jpg,OK,0,1,ALTA VERAPAZ,COBÁN,16345,CORPORACIÓN MUNICIPAL,20,2,2,0,1,4,185,185,150,150,0,34,0,0,0,0,3,1,3,1,0,0,4,16,0,2,82,0,1,3
0,11,3,380,373,16,https://resultados2019.blob.core.windows.net/201901/163304.jpg,OK,0,1,ALTA VERAPAZ,COBÁN,16330,CORPORACIÓN MUNICIPAL,18,2,2,0,1,4,164,155,126,135,0,30,3,2,1,3,0,0,6,1,1,3,1,27,0,1,35,1,0,11
1,5,3,400,400,16,https://resultados2019.blob.core.windows.net/201901/161844.jpg,OK,1,1,ALTA VERAPAZ,COBÁN,16184,CORPORACIÓN MUNICIPAL,18,2,2,0,1,4,254,254,231,231,1,30,0,3,27,1,11,2,15,1,3,12,3,10,8,0,99,3,1,1
1,1,0,400,400,16,https://resultados2019.blob.core.windows.net/201901/162084.jpg,OK,0,1,ALTA VERAPAZ,COBÁN,16208,CORPORACIÓN MUNICIPAL,19,2,2,0,1,4,239,239,219,219,3,34,6,1,25,0,0,0,9,3,4,10,5,14,5,2,90,7,0,1
1,10,0,400,400,16,https://resultados2019.blob.core.windows.net/201901/162374.jpg,OK,0,1,ALTA VERAPAZ,COBÁN,16237,CORPORACIÓN MUNICIPAL,9,2,2,0,1,4,239,239,220,220,4,26,4,1,17,2,7,0,8,0,4,9,4,13,3,1,106,7,0,4
1,4,0,399,399,16,https://resultados2019.blob.core.windows.net/201901/163004.jpg,OK,0,1,ALTA VERAPAZ,COBÁN,16300,CORPORACIÓN MUNICIPAL,16,2,2,0,1,4,143,143,123,123,0,23,2,1,3,0,4,0,3,0,0,1,0,12,1,1,66,1,2,3
1,16,0,400,393,16,https://resultados2019.blob.core.windows.net/201901/163504.jpg,OK,0,1,ALTA VERAPAZ,COBÁN,16350,CORPORACIÓN MUNICIPAL,22,2,2,0,1,4,276,276,238,238,1,32,12,2,2,0,20,0,3,1,1,2,1,20,1,4,129,5,2,0
1,11,0,380,380,16,https://resultados2019.blob.core.windows.net/201901/163044.jpg,OK,0,1,ALTA VERAPAZ,COBÁN,16304,CORPORACIÓN MUNICIPAL,13,2,2,0,1,4,171,171,147,147,2,32,1,0,1,1,41,0,1,2,9,4,0,20,0,6,5,1,5,16
1,14,0,380,380,16,https://resultados2019.blob.core.windows.net/201901/163464.jpg,OK,0,1,ALTA VERAPAZ,COBÁN,16346,CORPORACIÓN MUNICIPAL,23,2,2,0,1,4,184,184,147,147,4,22,2,3,1,0,7,0,1,0,1,2,5,15,0,8,74,2,0,0
1,12,0,380,380,16,https://resultados2019.blob.core.windows.net/201901/163154.jpg,OK,0,1,ALTA VERAPAZ,COBÁN,16315,CORPORACIÓN MUNICIPAL,23,2,2,0,1,4,187,187,152,152,2,32,3,0,1,0,9,0,6,2,4,1,6,55,3,10,11,2,0,5
1,8,0,380,380,16,https://resultados2019.blob.core.windows.net/201901/163394.jpg,OK,0,1,ALTA VERAPAZ,COBÁN,16339,CORPORACIÓN MUNICIPAL,25,2,2,0,1,4,268,268,235,235,3,58,4,2,0,0,12,0,11,1,2,3,8,14,2,3,104,4,0,4
1,12,0,400,400,16,https://resultados2019.blob.core.windows.net/201901/161124.jpg,OK,0,1,ALTA VERAPAZ,COBÁN,16112,CORPORACIÓN MUNICIPAL,30,2,2,0,1,4,255,255,213,213,4,16,1,0,19,6,6,1,15,1,2,4,3,15,0,1,108,8,3,0
1,9,0,380,376,16,https://resultados2019.blob.core.windows.net/201901/163424.jpg,OK,0,1,ALTA VERAPAZ,COBÁN,16342,CORPORACIÓN MUNICIPAL,21,2,2,0,1,4,222,222,192,192,1,36,3,0,1,0,7,1,4,0,1,2,4,21,0,3,98,3,3,4
1,10,0,400,400,16,https://resultados2019.blob.core.windows.net/201901/161424.jpg,OK,0,1,ALTA VERAPAZ,COBÁN,16142,CORPORACIÓN MUNICIPAL,27,2,2,0,1,4,240,240,203,203,3,21,3,1,18,1,6,2,11,1,1,6,3,12,3,3,100,6,0,2
1,8,0,400,400,16,https://resultados2019.blob.core.windows.net/201901/162854.jpg,OK,0,1,ALTA VERAPAZ,COBÁN,16285,CORPORACIÓN MUNICIPAL,28,2,2,0,1,4,164,164,128,128,0,10,4,0,2,0,3,0,9,0,2,5,2,17,1,3,64,1,3,2
1,10,0,380,380,16,https://resultados2019.blob.core.windows.net/201901/162674.jpg,OK,0,1,ALTA VERAPAZ,COBÁN,16267,CORPORACIÓN MUNICIPAL,15,2,2,0,1,4,189,189,164,164,0,47,1,1,1,5,18,0,3,0,0,3,0,21,0,1,56,1,1,5
1,4,0,400,396,16,https://resultados2019.blob.core.windows.net/201901/161464.jpg,OK,2,1,ALTA VERAPAZ,COBÁN,16146,CORPORACIÓN MUNICIPAL,24,2,2,0,1,4,222,222,194,194,5,22,3,0,26,0,2,0,4,1,1,6,3,9,1,0,104,6,1,0
1,5,0,400,400,16,https://resultados2019.blob.core.windows.net/201901/161344.jpg,OK,0,1,ALTA VERAPAZ,COBÁN,16134,CORPORACIÓN MUNICIPAL,18,2,2,0,1,4,270,270,247,247,6,42,4,2,31,0,6,1,10,2,3,4,0,11,6,3,106,9,1,0
0,5,1,400,393,16,https://resultados2019.blob.core.windows.net/201901/161864.jpg,OK,0,1,ALTA VERAPAZ,COBÁN,16186,CORPORACIÓN MUNICIPAL,10,2,2,0,1,4,274,273,258,258,3,38,4,2,30,1,19,2,11,5,5,9,3,7,5,2,105,5,2,0
1,4,0,400,397,16,https://resultados2019.blob.core.windows.net/201901/161504.jpg,OK,0,1,ALTA VERAPAZ,COBÁN,16150,CORPORACIÓN MUNICIPAL,16,2,2,0,1,4,210,210,190,190,6,24,7,2,13,2,5,2,5,1,2,7,1,12,2,1,85,10,1,2
1,13,0,380,379,16,https://resultados2019.blob.core.windows.net/201901/163274.jpg,OK,0,1,ALTA VERAPAZ,COBÁN,16327,CORPORACIÓN MUNICIPAL,13,2,2,0,1,4,191,191,165,165,2,28,3,2,0,0,12,1,2,0,1,5,5,35,1,5,48,0,4,11
1,11,0,380,376,16,https://resultados2019.blob.core.windows.net/201901/162544.jpg,OK,0,1,ALTA VERAPAZ,COBÁN,16254,CORPORACIÓN MUNICIPAL,17,2,2,0,1,4,255,255,227,227,0,64,4,0,0,0,12,0,7,0,1,3,3,11,1,4,109,5,0,3
1,5,0,400,396,16,https://resultados2019.blob.core.windows.net/201901/162454.jpg,OK,0,1,ALTA VERAPAZ,COBÁN,16245,CORPORACIÓN MUNICIPAL,20,2,2,0,1,4,230,230,205,205,1,30,3,2,18,2,9,0,9,0,4,14,3,12,1,1,89,4,2,1
1,3,0,400,400,16,https://resultados2019.blob.core.windows.net/201901/161794.jpg,OK,0,1,ALTA VERAPAZ,COBÁN,16179,CORPORACIÓN MUNICIPAL,21,2,2,0,1,4,302,302,278,278,4,37,3,4,24,1,12,3,6,2,3,9,4,15,6,4,132,5,3,1
1,7,0,400,396,16,https://resultados2019.blob.core.windows.net/201901/161914.jpg,OK,0,1,ALTA VERAPAZ,COBÁN,16191,CORPORACIÓN MUNICIPAL,18,2,2,0,1,4,298,298,273,273,3,55,2,1,40,3,11,5,16,2,4,9,4,4,6,3,95,8,0,2
1,10,0,400,400,16,https://resultados2019.blob.core.windows.net/201901/162954.jpg,OK,0,1,ALTA VERAPAZ,COBÁN,16295,CORPORACIÓN MUNICIPAL,21,2,2,0,1,4,205,205,174,174,1,25,0,2,3,0,2,0,7,0,2,1,1,18,2,1,100,1,4,4
0,9,0,400,390,16,https://resultados2019.blob.core.windows.net/201901/162344.jpg,OK,0,1,ALTA VERAPAZ,COBÁN,16234,CORPORACIÓN MUNICIPAL,17,2,2,0,1,4,248,242,216,222,3,40,1,1,16,1,11,1,1,1,8,12,3,7,3,0,101,3,1,2
1,6,0,400,400,16,https://resultados2019.blob.core.windows.net/201901/162904.jpg,OK,0,1,ALTA VERAPAZ,COBÁN,16290,CORPORACIÓN MUNICIPAL,21,2,2,0,1,4,180,180,153,153,1,19,2,6,2,0,6,0,3,0,1,0,0,10,1,6,79,5,6,6
1,1,0,400,400,16,https://resultados2019.blob.core.windows.net/201901/162194.jpg,OK,0,1,ALTA VERAPAZ,COBÁN,16219,CORPORACIÓN MUNICIPAL,3,2,2,0,1,4,250,250,246,246,1,41,1,0,23,0,14,1,15,1,5,12,3,8,4,2,103,9,0,3
1,12,0,380,376,16,https://resultados2019.blob.core.windows.net/201901/162724.jpg,OK,0,1,ALTA VERAPAZ,COBÁN,16272,CORPORACIÓN MUNICIPAL,25,2,2,0,1,4,195,195,158,158,0,25,0,6,0,3,19,0,2,0,1,5,3,27,0,2,54,2,1,8
1,11,0,400,396,16,https://resultados2019.blob.core.windows.net/201901/161354.jpg,OK,0,1,ALTA VERAPAZ,COBÁN,16135,CORPORACIÓN MUNICIPAL,37,2,2,0,1,4,250,250,202,202,3,20,3,1,18,0,6,0,9,1,2,6,0,11,2,0,115,5,0,0
1,7,0,380,380,16,https://resultados2019.blob.core.windows.net/201901/162804.jpg,OK,0,1,ALTA VERAPAZ,COBÁN,16280,CORPORACIÓN MUNICIPAL,20,2,2,0,1,4,151,151,124,124,4,28,11,0,2,0,13,0,9,0,0,0,3,17,3,5,13,0,2,14
1,8,0,234,235,16,https://resultados2019.blob.core.windows.net/201901/163534.jpg,OK,0,1,ALTA VERAPAZ,COBÁN,16353,CORPORACIÓN MUNICIPAL,20,2,2,0,1,4,151,151,123,123,0,30,4,1,1,0,7,0,1,0,1,0,1,7,0,2,61,3,4,0
1,8,1,600,600,16,https://resultados2019.blob.core.windows.net/201901/163564.jpg,OK,0,1,ALTA VERAPAZ,COBÁN,16356,CORPORACIÓN MUNICIPAL,13,2,2,0,1,4,235,235,214,214,2,27,0,2,32,1,10,0,10,1,2,12,3,5,8,6,79,10,4,0
1,6,0,400,400,16,https://resultados2019.blob.core.windows.net/201901/161834.jpg,OK,0,1,ALTA VERAPAZ,COBÁN,16183,CORPORACIÓN MUNICIPAL,13,2,2,0,1,4,284,284,265,265,4,39,5,2,17,0,15,2,22,5,1,16,2,8,3,1,113,7,1,2
1,3,0,217,217,16,https://resultados2019.blob.core.windows.net/201901/163344.jpg,OK,0,1,ALTA VERAPAZ,COBÁN,16334,CORPORACIÓN MUNICIPAL,1,2,2,0,1,4,101,101,97,97,0,20,2,2,3,1,4,0,4,0,0,4,2,20,0,2,25,0,0,8
1,1,0,271,271,16,https://resultados2019.blob.core.windows.net/201901/161564.jpg,OK,0,1,ALTA VERAPAZ,COBÁN,16156,CORPORACIÓN MUNICIPAL,3,2,2,0,1,4,143,143,139,139,0,14,2,1,11,0,3,2,9,0,1,2,0,16,0,0,72,4,0,2
1,2,0,400,346,16,https://resultados2019.blob.core.windows.net/201901/161814.jpg,OK,0,1,ALTA VERAPAZ,COBÁN,16181,CORPORACIÓN MUNICIPAL,9,2,2,0,1,4,246,246,235,235,0,39,2,1,27,1,12,1,8,4,6,4,2,4,6,0,111,5,2,0
1,18,0,380,380,16,https://resultados2019.blob.core.windows.net/201901/163364.jpg,OK,0,1,ALTA VERAPAZ,COBÁN,16336,CORPORACIÓN MUNICIPAL,36,2,2,0,1,4,252,252,198,198,2,39,3,3,0,0,5,0,6,0,1,1,5,29,2,4,81,5,2,10
1,9,0,380,380,16,https://resultados2019.blob.core.windows.net/201901/163294.jpg,OK,0,1,ALTA VERAPAZ,COBÁN,16329,CORPORACIÓN MUNICIPAL,24,2,2,0,1,4,222,222,189,189,1,28,2,7,2,0,13,0,5,2,1,4,2,32,0,7,53,2,3,25
1,7,0,373,370,16,https://resultados2019.blob.core.windows.net/201901/163084.jpg,OK,0,1,ALTA VERAPAZ,COBÁN,16308,CORPORACIÓN MUNICIPAL,16,2,2,0,1,4,147,147,124,124,1,23,1,1,0,0,45,0,0,2,3,3,1,12,2,8,6,1,2,13
1,7,0,349,349,16,https://resultados2019.blob.core.windows.net/201901/163194.jpg,OK,0,1,ALTA VERAPAZ,COBÁN,16319,CORPORACIÓN MUNICIPAL,13,2,2,0,1,4,107,107,87,87,3,25,2,0,1,0,9,1,4,2,0,4,0,22,1,3,5,4,1,0
1,7,0,400,400,16,https://resultados2019.blob.core.windows.net/201901/161714.jpg,OK,16,1,ALTA VERAPAZ,COBÁN,16171,CORPORACIÓN MUNICIPAL,1,2,2,0,1,4,273,273,265,265,3,31,4,2,20,2,19,2,8,1,8,21,5,11,6,4,104,11,1,2
1,9,0,349,349,16,https://resultados2019.blob.core.windows.net/201901/163184.jpg,OK,0,1,ALTA VERAPAZ,COBÁN,16318,CORPORACIÓN MUNICIPAL,13,2,2,0,1,4,132,132,110,110,2,25,2,0,0,0,9,0,3,0,3,3,0,40,1,12,6,3,0,1
1,16,0,380,379,16,https://resultados2019.blob.core.windows.net/201901/162524.jpg,OK,0,1,ALTA VERAPAZ,COBÁN,16252,CORPORACIÓN MUNICIPAL,34,2,2,0,1,4,275,275,225,225,3,51,0,1,1,0,6,0,16,0,0,2,1,24,1,1,112,5,0,1
0,5,0,380,380,16,https://resultados2019.blob.core.windows.net/201901/163334.jpg,OK,0,1,ALTA VERAPAZ,COBÁN,16333,CORPORACIÓN MUNICIPAL,8,2,2,0,1,4,135,148,135,135,1,27,6,2,0,0,15,0,3,1,1,4,3,20,0,2,36,2,2,10
1,12,0,400,396,16,https://resultados2019.blob.core.windows.net/201901/162864.jpg,OK,0,1,ALTA VERAPAZ,COBÁN,16286,CORPORACIÓN MUNICIPAL,22,2,2,0,1,4,240,240,206,206,2,19,3,4,3,1,3,1,3,0,1,3,3,26,1,1,121,1,8,2
1,10,0,380,380,16,https://resultados2019.blob.core.windows.net/201901/162774.jpg,OK,0,1,ALTA VERAPAZ,COBÁN,16277,CORPORACIÓN MUNICIPAL,7,2,2,0,1,4,166,166,149,149,1,56,16,0,2,1,8,0,4,0,0,4,1,21,0,6,7,3,5,14
1,3,1,487,486,16,https://resultados2019.blob.core.windows.net/201901/163604.jpg,OK,0,1,ALTA VERAPAZ,COBÁN,16360,CORPORACIÓN MUNICIPAL,5,2,2,0,1,4,127,127,119,119,3,21,4,0,13,0,3,1,5,2,2,3,3,4,2,0,41,8,3,1
1,5,0,380,380,16,https://resultados2019.blob.core.windows.net/201901/162574.jpg,OK,0,1,ALTA VERAPAZ,COBÁN,16257,CORPORACIÓN MUNICIPAL,15,2,2,0,1,4,213,213,193,193,0,38,1,1,0,0,11,0,3,0,1,1,3,17,1,0,113,2,0,1
1,12,0,380,380,16,https://resultados2019.blob.core.windows.net/201901/162704.jpg,OK,0,1,ALTA VERAPAZ,COBÁN,16270,CORPORACIÓN MUNICIPAL,33,2,2,0,1,4,216,216,171,171,0,42,2,0,1,1,22,0,4,0,0,2,1,25,1,1,56,1,1,11
1,8,0,400,400,16,https://resultados2019.blob.core.windows.net/201901/161304.jpg,OK,0,1,ALTA VERAPAZ,COBÁN,16130,CORPORACIÓN MUNICIPAL,23,2,2,0,1,4,261,261,230,230,3,25,5,0,28,0,9,0,11,2,8,9,5,21,3,1,91,6,2,1
1,2,0,400,396,16,https://resultados2019.blob.core.windows.net/201901/162104.jpg,OK,0,1,ALTA VERAPAZ,COBÁN,16210,CORPORACIÓN MUNICIPAL,9,2,2,0,1,4,246,246,235,235,4,31,5,0,27,1,6,0,8,0,3,8,4,8,4,2,112,10,1,1
1,4,0,486,486,16,https://resultados2019.blob.core.windows.net/201901/163614.jpg,OK,0,1,ALTA VERAPAZ,COBÁN,16361,CORPORACIÓN MUNICIPAL,3,2,2,0,1,4,86,86,79,79,1,13,2,0,10,1,7,1,5,1,1,1,0,1,3,1,25,3,2,1
1,10,1,400,400,16,https://resultados2019.blob.core.windows.net/201901/161144.jpg,OK,0,1,ALTA VERAPAZ,COBÁN,16114,CORPORACIÓN MUNICIPAL,27,2,2,0,1,4,284,284,247,247,2,28,3,0,15,0,8,2,6,1,6,7,3,28,3,3,127,2,1,2
1,3,0,400,400,16,https://resultados2019.blob.core.windows.net/201901/161694.jpg,OK,111,1,ALTA VERAPAZ,COBÁN,16169,CORPORACIÓN MUNICIPAL,18,2,2,0,1,4,289,289,268,268,4,45,6,4,28,0,17,1,10,0,5,11,7,8,7,5,93,11,1,5
1,6,0,231,230,16,https://resultados2019.blob.core.windows.net/201901/162634.jpg,OK,0,1,ALTA VERAPAZ,COBÁN,16263,CORPORACIÓN MUNICIPAL,6,2,2,0,1,4,137,137,125,125,0,26,0,1,0,1,4,0,3,0,0,0,2,8,0,0,77,2,0,1
1,2,0,400,400,16,https://resultados2019.blob.core.windows.net/201901/161334.jpg,OK,0,1,ALTA VERAPAZ,COBÁN,16133,CORPORACIÓN MUNICIPAL,20,2,2,0,1,4,259,259,237,237,3,27,3,1,27,2,8,0,12,1,2,6,1,19,0,3,113,5,0,4
1,12,0,380,380,16,https://resultados2019.blob.core.windows.net/201901/162764.jpg,OK,0,1,ALTA VERAPAZ,COBÁN,16276,CORPORACIÓN MUNICIPAL,13,2,2,0,1,4,186,186,161,161,2,46,16,1,2,1,19,0,2,1,2,2,0,22,0,7,14,1,11,12
1,6,0,400,400,16,https://resultados2019.blob.core.windows.net/201901/161154.jpg,OK,0,1,ALTA VERAPAZ,COBÁN,16115,CORPORACIÓN MUNICIPAL,18,2,2,0,1,4,269,269,245,245,5,24,2,2,20,2,4,2,9,2,6,2,3,20,2,6,121,7,2,4
0,14,0,272,269,16,https://resultados2019.blob.core.windows.net/201901/162754.jpg,OK,0,1,ALTA VERAPAZ,COBÁN,16275,CORPORACIÓN MUNICIPAL,12,2,2,0,1,4,150,149,123,124,0,27,1,1,0,1,12,0,1,0,0,5,1,15,0,0,54,1,1,3
1,4,0,400,400,16,https://resultados2019.blob.core.windows.net/201901/162094.jpg,OK,0,1,ALTA VERAPAZ,COBÁN,16209,CORPORACIÓN MUNICIPAL,18,2,2,0,1,4,253,253,231,231,2,34,5,0,27,0,11,1,10,1,4,10,2,11,4,3,98,4,4,0
1,4,0,400,400,16,https://resultados2019.blob.core.windows.net/201901/162404.jpg,OK,0,1,ALTA VERAPAZ,COBÁN,16240,CORPORACIÓN MUNICIPAL,20,2,2,0,1,4,250,250,226,226,4,36,6,0,24,0,13,1,6,2,5,13,1,7,7,2,91,5,1,2
1,7,0,380,380,16,https://resultados2019.blob.core.windows.net/201901/162784.jpg,OK,0,1,ALTA VERAPAZ,COBÁN,16278,CORPORACIÓN MUNICIPAL,17,2,2,0,1,4,183,183,159,159,5,51,8,1,2,3,13,0,3,0,1,0,1,26,2,8,15,1,7,12
1,2,0,400,400,16,https://resultados2019.blob.core.windows.net/201901/161724.jpg,OK,0,1,ALTA VERAPAZ,COBÁN,16172,CORPORACIÓN MUNICIPAL,9,2,2,0,1,4,312,312,301,301,5,47,8,2,50,0,13,0,17,3,4,15,16,0,4,1,104,10,1,1
1,9,0,380,378,16,https://resultados2019.blob.core.windows.net/201901/163134.jpg,OK,0,1,ALTA VERAPAZ,COBÁN,16313,CORPORACIÓN MUNICIPAL,11,2,2,0,1,4,151,151,131,131,2,35,3,1,2,0,4,1,2,0,2,0,3,55,2,9,7,2,0,1
1,10,0,400,398,16,https://resultados2019.blob.core.windows.net/201901/161094.jpg,OK,0,1,ALTA VERAPAZ,COBÁN,16109,CORPORACIÓN MUNICIPAL,32,2,2,0,1,4,275,275,233,233,2,20,3,1,26,0,7,0,7,1,2,5,3,22,3,3,120,4,1,3
1,18,0,380,380,16,https://resultados2019.blob.core.windows.net/201901/163034.jpg,OK,0,1,ALTA VERAPAZ,COBÁN,16303,CORPORACIÓN MUNICIPAL,15,2,2,0,1,4,232,232,199,199,2,76,3,0,1,1,63,0,1,0,1,2,4,15,0,8,6,4,2,10
1,13,0,380,377,16,https://resultados2019.blob.core.windows.net/201901/162614.jpg,OK,0,1,ALTA VERAPAZ,COBÁN,16261,CORPORACIÓN MUNICIPAL,29,2,2,0,1,4,238,238,196,196,0,36,4,1,0,0,6,0,4,0,0,3,2,12,2,1,114,5,2,4
1,4,1,400,400,16,https://resultados2019.blob.core.windows.net/201901/161264.jpg,OK,0,1,ALTA VERAPAZ,COBÁN,16126,CORPORACIÓN MUNICIPAL,16,2,2,0,1,4,250,250,230,230,3,29,1,0,27,1,4,1,6,2,6,11,1,10,1,1,122,1,3,0
1,8,0,400,400,16,https://resultados2019.blob.core.windows.net/201901/162394.jpg,OK,0,1,ALTA VERAPAZ,COBÁN,16239,CORPORACIÓN MUNICIPAL,28,2,2,0,1,4,273,273,237,237,6,34,6,0,12,1,14,0,5,0,5,15,3,10,4,4,107,9,2,0
0,1,0,400,400,16,https://resultados2019.blob.core.windows.net/201901/161824.jpg,OK,8,1,ALTA VERAPAZ,COBÁN,16182,CORPORACIÓN MUNICIPAL,2,2,2,0,1,4,234,227,224,223,0,46,4,0,18,1,8,0,9,3,7,12,2,7,2,1,98,2,2,2
1,6,1,400,400,16,https://resultados2019.blob.core.windows.net/201901/162894.jpg,OK,0,1,ALTA VERAPAZ,COBÁN,16289,CORPORACIÓN MUNICIPAL,6,2,2,0,1,4,170,170,158,158,2,16,2,2,1,0,9,0,2,0,2,1,0,14,0,2,100,0,1,4
1,8,0,400,397,16,https://resultados2019.blob.core.windows.net/201901/162384.jpg,OK,0,1,ALTA VERAPAZ,COBÁN,16238,CORPORACIÓN MUNICIPAL,22,2,2,0,1,4,268,268,238,238,3,33,4,5,23,1,7,3,8,0,8,11,0,9,3,2,104,10,1,3
1,7,0,400,396,16,https://resultados2019.blob.core.windows.net/201901/161774.jpg,OK,0,1,ALTA VERAPAZ,COBÁN,16177,CORPORACIÓN MUNICIPAL,16,2,2,0,1,4,288,288,265,265,7,43,1,2,30,2,8,1,16,2,7,10,6,3,4,1,103,11,5,3
1,15,0,380,279,16,https://resultados2019.blob.core.windows.net/201901/163254.jpg,OK,0,1,ALTA VERAPAZ,COBÁN,16325,CORPORACIÓN MUNICIPAL,22,2,2,0,1,4,221,221,184,184,2,43,2,3,0,1,16,0,7,2,1,3,4,24,0,5,49,0,2,20
1,4,0,231,231,16,https://resultados2019.blob.core.windows.net/201901/162644.jpg,OK,0,1,ALTA VERAPAZ,COBÁN,16264,CORPORACIÓN MUNICIPAL,6,2,2,0,1,4,137,137,127,127,0,18,1,0,0,0,5,0,5,1,0,1,1,8,0,2,82,1,1,1
1,10,0,400,400,16,https://resultados2019.blob.core.windows.net/201901/161244.jpg,OK,0,1,ALTA VERAPAZ,COBÁN,16124,CORPORACIÓN MUNICIPAL,15,2,2,0,1,4,304,304,279,279,4,36,2,0,41,0,7,1,13,0,5,6,5,21,2,1,129,4,0,2
0,4,0,400,396,16,https://resultados2019.blob.core.windows.net/201901/162474.jpg,OK,0,1,ALTA VERAPAZ,COBÁN,16247,CORPORACIÓN MUNICIPAL,13,2,2,0,1,4,237,207,190,220,1,30,2,2,8,0,18,1,1,0,3,18,1,6,1,3,90,2,2,1
1,13,0,400,396,16,https://resultados2019.blob.core.windows.net/201901/162304.jpg,OK,0,1,ALTA VERAPAZ,COBÁN,16230,CORPORACIÓN MUNICIPAL,16,2,2,0,1,4,182,182,153,153,6,33,3,5,1,0,19,0,9,1,3,5,1,16,4,1,40,4,0,2
1,4,0,206,206,16,https://resultados2019.blob.core.windows.net/201901/163474.jpg,OK,0,1,ALTA VERAPAZ,COBÁN,16347,CORPORACIÓN MUNICIPAL,4,2,2,0,1,4,101,101,93,93,1,22,1,0,1,0,5,0,3,0,0,1,1,2,0,2,50,0,0,4
1,1,0,379,379,16,https://resultados2019.blob.core.windows.net/201901/162234.jpg,OK,0,1,ALTA VERAPAZ,COBÁN,16223,CORPORACIÓN MUNICIPAL,9,2,2,0,1,4,232,232,222,222,2,30,4,1,11,2,13,2,17,3,5,8,1,6,5,3,98,5,2,4
1,13,0,380,376,16,https://resultados2019.blob.core.windows.net/201901/163384.jpg,OK,0,1,ALTA VERAPAZ,COBÁN,16338,CORPORACIÓN MUNICIPAL,23,2,2,0,1,4,248,248,212,212,4,46,4,0,3,0,7,0,12,0,0,3,2,19,0,5,102,2,0,3
0,3,0,400,400,16,https://resultados2019.blob.core.windows.net/201901/161584.jpg,OK,0,1,ALTA VERAPAZ,COBÁN,16158,CORPORACIÓN MUNICIPAL,16,2,2,0,1,4,263,253,234,244,5,35,4,1,20,3,3,0,11,1,5,11,5,7,5,4,107,4,2,1
1,4,0,400,400,16,https://resultados2019.blob.core.windows.net/201901/162164.jpg,OK,0,1,ALTA VERAPAZ,COBÁN,16216,CORPORACIÓN MUNICIPAL,9,2,2,0,1,4,225,225,212,212,1,42,1,0,25,0,18,0,10,3,3,11,5,8,5,2,72,2,1,3
1,3,0,380,380,16,https://resultados2019.blob.core.windows.net/201901/163114.jpg,OK,0,1,ALTA VERAPAZ,COBÁN,16311,CORPORACIÓN MUNICIPAL,16,2,2,0,1,4,145,145,126,126,2,24,6,0,7,1,6,1,3,0,0,1,1,48,3,9,10,3,0,1
1,8,0,600,600,16,https://resultados2019.blob.core.windows.net/201901/163574.jpg,OK,0,1,ALTA VERAPAZ,COBÁN,16357,CORPORACIÓN MUNICIPAL,10,2,2,0,1,4,219,219,201,201,4,32,5,1,26,1,13,3,14,2,5,13,5,14,4,2,42,8,5,2
1,5,0,400,396,16,https://resultados2019.blob.core.windows.net/201901/162144.jpg,OK,0,1,ALTA VERAPAZ,COBÁN,16214,CORPORACIÓN MUNICIPAL,15,2,2,0,1,4,230,230,210,210,3,33,3,0,23,1,7,1,15,4,4,6,6,8,0,0,88,6,2,0
1,8,0,400,400,16,https://resultados2019.blob.core.windows.net/201901/161784.jpg,OK,120,1,ALTA VERAPAZ,COBÁN,16178,CORPORACIÓN MUNICIPAL,8,2,2,0,1,4,280,280,264,264,2,54,6,4,34,0,10,2,18,2,3,12,6,5,5,1,86,12,1,1
1,6,0,400,400,16,https://resultados2019.blob.core.windows.net/201901/161674.jpg,OK,1,1,ALTA VERAPAZ,COBÁN,16167,CORPORACIÓN MUNICIPAL,10,2,2,0,1,4,266,266,250,250,3,40,2,2,32,1,8,1,11,3,4,13,8,10,3,0,99,6,2,2
1,6,0,400,400,16,https://resultados2019.blob.core.windows.net/201901/161214.jpg,OK,0,1,ALTA VERAPAZ,COBÁN,16121,CORPORACIÓN MUNICIPAL,21,2,2,0,1,4,282,282,255,255,4,27,4,0,23,1,6,2,9,1,8,6,2,13,1,2,130,9,2,5
1,15,0,380,380,16,https://resultados2019.blob.core.windows.net/201901/162734.jpg,OK,0,1,ALTA VERAPAZ,COBÁN,16273,CORPORACIÓN MUNICIPAL,43,2,2,0,1,4,191,191,133,133,3,19,1,0,0,3,25,0,3,1,0,1,1,21,0,1,36,5,1,12
1,10,0,400,400,16,https://resultados2019.blob.core.windows.net/201901/161314.jpg,OK,0,1,ALTA VERAPAZ,COBÁN,16131,CORPORACIÓN MUNICIPAL,19,2,2,0,1,4,260,260,231,231,3,25,3,0,33,0,9,2,17,2,0,10,3,10,1,5,101,2,2,3
1,12,0,380,380,16,https://resultados2019.blob.core.windows.net/201901/162664.jpg,OK,30,1,ALTA VERAPAZ,COBÁN,16266,CORPORACIÓN MUNICIPAL,3,2,2,0,1,4,190,190,175,175,2,42,0,1,1,2,14,0,3,0,0,4,4,24,0,1,60,5,2,10
1,6,0,400,400,16,https://resultados2019.blob.core.windows.net/201901/162184.jpg,OK,0,1,ALTA VERAPAZ,COBÁN,16218,CORPORACIÓN MUNICIPAL,15,2,2,0,1,4,245,245,224,224,1,43,3,1,28,0,10,0,12,0,3,13,3,13,4,0,83,4,1,2
1,10,0,400,400,16,https://resultados2019.blob.core.windows.net/201901/161934.jpg,OK,0,1,ALTA VERAPAZ,COBÁN,16193,CORPORACIÓN MUNICIPAL,19,2,2,0,1,4,252,252,223,223,5,30,1,0,14,2,10,1,6,2,7,10,1,15,1,2,114,1,1,0
1,12,0,400,400,16,https://resultados2019.blob.core.windows.net/201901/161134.jpg,OK,0,1,ALTA VERAPAZ,COBÁN,16113,CORPORACIÓN MUNICIPAL,40,2,2,0,1,4,273,273,221,221,6,21,1,0,24,0,7,0,13,1,3,4,2,15,2,1,111,8,2,0
1,9,0,400,400,16,https://resultados2019.blob.core.windows.net/201901/162004.jpg,OK,0,1,ALTA VERAPAZ,COBÁN,16200,CORPORACIÓN MUNICIPAL,15,2,2,0,1,4,289,289,265,265,3,44,8,1,26,1,16,0,8,4,4,6,5,8,8,2,108,10,1,2
1,3,0,252,252,16,https://resultados2019.blob.core.windows.net/201901/162494.jpg,OK,0,1,ALTA VERAPAZ,COBÁN,16249,CORPORACIÓN MUNICIPAL,2,2,2,0,1,4,164,164,159,159,0,21,1,0,18,0,8,0,7,0,6,7,2,3,2,0,79,4,0,1
0,6,0,400,400,16,https://resultados2019.blob.core.windows.net/201901/161994.jpg,OK,0,1,ALTA VERAPAZ,COBÁN,16199,CORPORACIÓN MUNICIPAL,10,2,2,0,1,4,274,243,227,258,4,51,4,1,0,1,8,1,7,2,2,8,5,8,6,0,105,10,2,2
1,13,1,400,396,16,https://resultados2019.blob.core.windows.net/201901/162364.jpg,OK,0,1,ALTA VERAPAZ,COBÁN,16236,CORPORACIÓN MUNICIPAL,19,2,2,0,1,4,240,240,208,208,4,24,2,3,17,0,5,1,8,0,7,9,4,15,0,3,95,7,2,2
1,7,0,400,396,16,https://resultados2019.blob.core.windows.net/201901/161484.jpg,OK,0,1,ALTA VERAPAZ,COBÁN,16148,CORPORACIÓN MUNICIPAL,15,2,2,0,1,4,236,236,214,214,0,31,2,0,31,1,4,0,7,1,3,7,1,12,2,2,99,5,2,4
0,6,0,400,400,16,https://resultados2019.blob.core.windows.net/201901/161624.jpg,OK,0,1,ALTA VERAPAZ,COBÁN,16162,CORPORACIÓN MUNICIPAL,25,2,2,0,1,4,299,278,247,268,4,34,4,13,7,0,12,0,1,4,2,12,2,16,2,7,121,2,0,4
1,5,0,400,400,16,https://resultados2019.blob.core.windows.net/201901/161874.jpg,OK,0,1,ALTA VERAPAZ,COBÁN,16187,CORPORACIÓN MUNICIPAL,21,2,2,0,1,4,262,262,236,236,3,37,6,2,20,0,7,2,13,1,7,12,4,12,7,1,91,8,1,2
1,9,0,400,396,16,https://resultados2019.blob.core.windows.net/201901/161454.jpg,OK,0,1,ALTA VERAPAZ,COBÁN,16145,CORPORACIÓN MUNICIPAL,23,2,2,0,1,4,242,242,210,210,4,19,4,0,15,1,6,1,6,0,5,1,3,14,2,3,113,6,5,2
1,6,0,400,392,16,https://resultados2019.blob.core.windows.net/201901/162044.jpg,OK,0,1,ALTA VERAPAZ,COBÁN,16204,CORPORACIÓN MUNICIPAL,17,2,2,0,1,4,262,262,239,239,2,44,2,2,27,0,12,2,16,0,4,13,3,8,3,1,89,9,1,1
1,9,0,380,379,16,https://resultados2019.blob.core.windows.net/201901/163214.jpg,OK,0,1,ALTA VERAPAZ,COBÁN,16321,CORPORACIÓN MUNICIPAL,21,2,2,0,1,4,192,192,162,162,1,33,3,3,1,0,14,0,3,1,1,4,5,35,1,2,43,0,4,8
0,10,0,254,254,16,https://resultados2019.blob.core.windows.net/201901/162814.jpg,OK,0,1,ALTA VERAPAZ,COBÁN,16281,CORPORACIÓN MUNICIPAL,11,2,2,0,1,4,109,99,78,88,0,19,11,2,2,1,0,0,3,1,1,3,1,8,0,3,12,0,6,5
1,8,0,380,380,16,https://resultados2019.blob.core.windows.net/201901/163164.jpg,OK,0,1,ALTA VERAPAZ,COBÁN,16316,CORPORACIÓN MUNICIPAL,22,2,2,0,1,4,172,172,142,142,2,30,5,0,1,3,4,0,3,0,3,2,4,45,8,14,11,3,0,4
1,11,0,380,380,16,https://resultados2019.blob.core.windows.net/201901/163144.jpg,OK,0,1,ALTA VERAPAZ,COBÁN,16314,CORPORACIÓN MUNICIPAL,23,2,2,0,1,4,161,161,127,127,3,32,7,1,0,0,7,0,4,0,1,4,4,49,3,3,5,2,0,2
1,21,0,380,398,16,https://resultados2019.blob.core.windows.net/201901/162514.jpg,OK,0,1,ALTA VERAPAZ,COBÁN,16251,CORPORACIÓN MUNICIPAL,24,2,2,0,1,4,257,257,212,212,2,51,3,0,3,0,7,0,1,0,3,0,5,25,0,1,109,1,0,1
1,4,0,400,400,16,https://resultados2019.blob.core.windows.net/201901/161924.jpg,OK,1,1,ALTA VERAPAZ,COBÁN,16192,CORPORACIÓN MUNICIPAL,14,2,2,0,1,4,270,270,252,252,2,32,6,2,36,1,15,1,6,4,3,14,2,10,8,4,92,8,3,3
1,7,0,400,400,16,https://resultados2019.blob.core.windows.net/201901/161944.jpg,OK,0,1,ALTA VERAPAZ,COBÁN,16194,CORPORACIÓN MUNICIPAL,12,2,2,0,1,4,267,267,248,248,0,32,5,1,32,0,21,0,9,2,2,11,1,16,6,1,93,7,3,6
1,6,0,400,400,16,https://resultados2019.blob.core.windows.net/201901/162914.jpg,OK,0,1,ALTA VERAPAZ,COBÁN,16291,CORPORACIÓN MUNICIPAL,12,2,2,0,1,4,179,179,161,161,1,17,5,3,2,0,12,0,5,1,2,4,2,16,1,2,78,4,4,2
1,13,0,380,383,16,https://resultados2019.blob.core.windows.net/201901/162594.jpg,OK,0,1,ALTA VERAPAZ,COBÁN,16259,CORPORACIÓN MUNICIPAL,28,2,2,0,1,4,233,233,192,192,1,44,3,1,0,2,2,0,2,0,2,0,1,16,0,1,110,4,0,3
1,9,0,380,380,16,https://resultados2019.blob.core.windows.net/201901/163104.jpg,OK,0,1,ALTA VERAPAZ,COBÁN,16310,CORPORACIÓN MUNICIPAL,13,2,2,0,1,4,157,157,135,135,4,28,7,1,1,2,5,0,4,0,4,2,5,46,0,9,7,4,1,5
1,0,0,400,396,16,https://resultados2019.blob.core.windows.net/201901/162224.jpg,OK,0,1,ALTA VERAPAZ,COBÁN,16222,CORPORACIÓN MUNICIPAL,5,2,2,0,1,4,274,274,269,269,1,46,2,0,20,2,10,4,18,3,4,13,2,4,5,1,125,3,2,4
0,8,0,400,400,16,https://resultados2019.blob.core.windows.net/201901/162844.jpg,OK,1,1,ALTA VERAPAZ,COBÁN,16284,CORPORACIÓN MUNICIPAL,38,2,2,0,1,4,232,233,187,186,3,19,4,5,3,0,6,1,7,1,2,5,1,22,1,2,96,2,4,3
1,4,0,400,400,16,https://resultados2019.blob.core.windows.net/201901/161964.jpg,OK,0,1,ALTA VERAPAZ,COBÁN,16196,CORPORACIÓN MUNICIPAL,18,2,2,0,1,4,264,264,242,242,5,42,4,1,25,2,24,0,14,2,1,8,3,13,9,4,75,6,4,0
1,9,0,380,379,16,https://resultados2019.blob.core.windows.net/201901/163074.jpg,OK,0,1,ALTA VERAPAZ,COBÁN,16307,CORPORACIÓN MUNICIPAL,13,2,2,0,1,4,185,185,163,163,2,26,2,0,0,2,45,0,3,2,8,2,1,20,1,13,8,2,5,21
1,9,0,380,376,16,https://resultados2019.blob.core.windows.net/201901/163264.jpg,OK,0,1,ALTA VERAPAZ,COBÁN,16326,CORPORACIÓN MUNICIPAL,17,2,2,0,1,4,205,205,179,179,1,41,4,5,1,0,15,0,5,0,1,4,3,28,1,2,51,1,3,13
1,13,0,400,400,16,https://resultados2019.blob.core.windows.net/201901/161254.jpg,OK,0,1,ALTA VERAPAZ,COBÁN,16125,CORPORACIÓN MUNICIPAL,23,2,2,0,1,4,297,297,261,261,0,22,3,0,30,3,10,1,15,1,3,12,2,21,0,1,130,3,1,3
1,6,0,254,256,16,https://resultados2019.blob.core.windows.net/201901/162824.jpg,OK,0,1,ALTA VERAPAZ,COBÁN,16282,CORPORACIÓN MUNICIPAL,8,2,2,0,1,4,109,109,95,95,0,26,14,0,0,0,13,1,3,0,0,0,0,12,1,3,17,0,1,4
1,1,0,400,400,16,https://resultados2019.blob.core.windows.net/201901/161764.jpg,OK,0,1,ALTA VERAPAZ,COBÁN,16176,CORPORACIÓN MUNICIPAL,14,2,2,0,1,4,285,285,270,270,4,39,4,1,26,0,13,4,17,2,9,11,4,3,10,2,108,8,0,5
1,5,0,400,400,16,https://resultados2019.blob.core.windows.net/201901/162114.jpg,OK,0,1,ALTA VERAPAZ,COBÁN,16211,CORPORACIÓN MUNICIPAL,16,2,2,0,1,4,239,239,218,218,2,44,3,0,24,0,9,1,12,5,5,9,2,6,2,0,81,8,3,2
1,13,0,400,396,16,https://resultados2019.blob.core.windows.net/201901/161114.jpg,OK,124,1,ALTA VERAPAZ,COBÁN,16111,CORPORACIÓN MUNICIPAL,24,2,2,0,1,4,272,272,235,235,5,26,5,1,15,0,8,2,13,2,3,10,3,17,3,3,109,6,3,1
1,2,0,400,396,16,https://resultados2019.blob.core.windows.net/201901/162204.jpg,OK,1,1,ALTA VERAPAZ,COBÁN,16220,CORPORACIÓN MUNICIPAL,3,2,2,0,1,4,266,266,261,261,1,54,3,2,22,0,7,1,19,2,6,16,2,3,2,1,116,4,0,0
1,1,0,400,396,16,https://resultados2019.blob.core.windows.net/201901/161894.jpg,OK,0,1,ALTA VERAPAZ,COBÁN,16189,CORPORACIÓN MUNICIPAL,11,2,2,0,1,4,260,260,248,248,1,48,3,4,26,3,15,1,15,3,2,9,1,12,3,3,89,7,0,3
1,2,0,233,233,16,https://resultados2019.blob.core.windows.net/201901/163544.jpg,OK,0,1,ALTA VERAPAZ,COBÁN,16354,CORPORACIÓN MUNICIPAL,1,2,2,0,1,4,139,139,136,136,2,34,5,0,0,0,7,0,0,1,0,0,1,9,0,2,72,1,1,1
1,18,0,380,377,16,https://resultados2019.blob.core.windows.net/201901/163444.jpg,OK,0,1,ALTA VERAPAZ,COBÁN,16344,CORPORACIÓN MUNICIPAL,15,2,2,0,1,4,199,199,166,166,0,27,2,1,0,0,11,0,3,0,3,4,6,15,0,3,83,2,0,6
1,15,0,400,400,16,https://resultados2019.blob.core.windows.net/201901/161644.jpg,OK,0,1,ALTA VERAPAZ,COBÁN,16164,CORPORACIÓN MUNICIPAL,32,2,2,0,1,4,291,291,244,244,2,39,3,2,22,0,6,2,12,1,5,5,4,10,5,4,116,5,0,1
1,6,0,400,400,16,https://resultados2019.blob.core.windows.net/201901/161374.jpg,OK,0,1,ALTA VERAPAZ,COBÁN,16137,CORPORACIÓN MUNICIPAL,29,2,2,0,1,4,247,247,212,212,2,24,2,1,22,1,5,0,14,0,1,6,1,8,0,0,113,6,4,2
1,5,0,372,372,16,https://resultados2019.blob.core.windows.net/201901/163094.jpg,OK,1,1,ALTA VERAPAZ,COBÁN,16309,CORPORACIÓN MUNICIPAL,10,2,2,0,1,4,158,158,143,143,0,26,1,1,0,0,45,0,0,2,5,2,3,18,1,7,11,2,8,11
1,5,1,400,400,16,https://resultados2019.blob.core.windows.net/201901/161904.jpg,OK,1,1,ALTA VERAPAZ,COBÁN,16190,CORPORACIÓN MUNICIPAL,11,2,2,0,1,4,266,266,250,250,3,40,7,3,25,1,19,3,10,2,6,9,5,10,3,2,89,9,2,2
1,17,0,400,384,16,https://resultados2019.blob.core.windows.net/201901/163514.jpg,OK,0,1,ALTA VERAPAZ,COBÁN,16351,CORPORACIÓN MUNICIPAL,35,2,2,0,1,4,289,289,237,237,1,53,7,0,0,0,9,0,3,2,0,0,1,26,2,2,121,3,2,5
0,10,2,400,400,16,https://resultados2019.blob.core.windows.net/201901/162874.jpg,OK,0,1,ALTA VERAPAZ,COBÁN,16287,CORPORACIÓN MUNICIPAL,23,2,2,0,1,4,216,213,180,183,1,15,4,1,3,2,8,0,2,0,2,1,3,33,1,1,94,5,1,3
1,11,0,400,400,16,https://resultados2019.blob.core.windows.net/201901/161404.jpg,OK,0,1,ALTA VERAPAZ,COBÁN,16140,CORPORACIÓN MUNICIPAL,19,2,2,0,1,4,238,238,208,208,5,26,4,1,26,0,6,1,10,1,3,4,3,17,2,0,89,3,4,3
1,4,0,400,396,16,https://resultados2019.blob.core.windows.net/201901/161954.jpg,OK,0,1,ALTA VERAPAZ,COBÁN,16195,CORPORACIÓN MUNICIPAL,14,2,2,0,1,4,242,242,224,224,2,34,6,2,27,0,12,4,8,1,3,12,2,9,2,3,89,7,0,1
1,9,0,400,400,16,https://resultados2019.blob.core.windows.net/201901/161664.jpg,OK,0,1,ALTA VERAPAZ,COBÁN,16166,CORPORACIÓN MUNICIPAL,21,2,2,0,1,4,292,292,262,262,7,44,3,6,18,0,12,2,10,1,2,14,3,10,6,6,108,6,1,3
1,7,0,380,380,16,https://resultados2019.blob.core.windows.net/201901/163244.jpg,OK,0,1,ALTA VERAPAZ,COBÁN,16324,CORPORACIÓN MUNICIPAL,25,2,2,0,1,4,205,205,173,173,1,36,8,1,0,0,8,0,4,1,3,3,1,28,0,3,49,2,4,21
1,26,0,380,400,16,https://resultados2019.blob.core.windows.net/201901/162554.jpg,OK,0,1,ALTA VERAPAZ,COBÁN,16255,CORPORACIÓN MUNICIPAL,28,2,2,0,1,4,289,289,235,235,3,52,2,0,0,2,9,0,3,1,1,4,2,19,0,5,126,5,1,0
1,10,0,380,380,16,https://resultados2019.blob.core.windows.net/201901/163404.jpg,OK,0,1,ALTA VERAPAZ,COBÁN,16340,CORPORACIÓN MUNICIPAL,25,2,2,0,1,4,259,259,224,224,1,49,3,0,0,0,11,0,8,0,3,1,10,15,0,1,109,3,2,8
1,5,0,399,392,16,https://resultados2019.blob.core.windows.net/201901/163014.jpg,OK,0,1,ALTA VERAPAZ,COBÁN,16301,CORPORACIÓN MUNICIPAL,14,2,2,0,1,4,146,146,127,127,1,9,1,4,0,0,6,0,1,0,0,1,1,6,1,2,92,0,2,0
1,11,0,400,400,16,https://resultados2019.blob.core.windows.net/201901/161294.jpg,OK,0,1,ALTA VERAPAZ,COBÁN,16129,CORPORACIÓN MUNICIPAL,25,2,2,0,1,4,253,253,217,217,3,23,3,2,10,1,6,1,9,0,5,8,2,25,2,0,112,3,2,0
0,4,0,400,400,16,https://resultados2019.blob.core.windows.net/201901/162124.jpg,OK,1,1,ALTA VERAPAZ,COBÁN,16212,CORPORACIÓN MUNICIPAL,12,2,2,0,1,4,245,244,228,228,1,31,2,0,24,0,12,1,17,2,5,6,3,6,3,3,104,7,1,0
1,8,0,400,400,16,https://resultados2019.blob.core.windows.net/201901/161324.jpg,OK,0,1,ALTA VERAPAZ,COBÁN,16132,CORPORACIÓN MUNICIPAL,19,2,2,0,1,4,245,245,218,218,4,15,3,0,26,2,8,3,11,1,7,10,3,13,2,2,103,4,1,0
1,13,0,400,400,16,https://resultados2019.blob.core.windows.net/201901/161194.jpg,OK,24,1,ALTA VERAPAZ,COBÁN,16119,CORPORACIÓN MUNICIPAL,11,2,2,0,1,4,282,282,258,258,7,26,4,1,22,1,7,1,15,4,5,6,5,15,2,3,121,3,4,6
1,8,0,400,400,16,https://resultados2019.blob.core.windows.net/201901/162014.jpg,OK,0,1,ALTA VERAPAZ,COBÁN,16201,CORPORACIÓN MUNICIPAL,14,2,2,0,1,4,276,276,254,254,3,42,4,1,27,1,9,1,15,0,5,11,2,2,2,1,114,9,2,3
1,6,0,400,396,16,https://resultados2019.blob.core.windows.net/201901/162444.jpg,OK,0,1,ALTA VERAPAZ,COBÁN,16244,CORPORACIÓN MUNICIPAL,21,2,2,0,1,4,227,227,200,200,3,21,2,3,14,0,9,0,6,1,3,10,4,11,4,3,97,5,1,3
1,11,0,400,396,16,https://resultados2019.blob.core.windows.net/201901/161604.jpg,OK,0,1,ALTA VERAPAZ,COBÁN,16160,CORPORACIÓN MUNICIPAL,18,2,2,0,1,4,261,261,232,232,9,42,0,1,12,2,9,0,8,0,2,8,2,10,2,3,111,8,3,0
0,3,1,270,270,16,https://resultados2019.blob.core.windows.net/201901/161574.jpg,OK,0,1,ALTA VERAPAZ,COBÁN,16157,CORPORACIÓN MUNICIPAL,9,2,2,0,1,4,140,139,127,127,2,12,1,1,15,1,2,0,8,0,0,5,1,8,0,3,63,2,2,1
1,13,0,380,370,16,https://resultados2019.blob.core.windows.net/201901/162584.jpg,OK,0,1,ALTA VERAPAZ,COBÁN,16258,CORPORACIÓN MUNICIPAL,35,2,2,0,1,4,229,229,181,181,0,48,6,0,0,0,5,1,7,0,2,2,2,13,0,4,83,0,2,6
1,10,0,400,396,16,https://resultados2019.blob.core.windows.net/201901/161224.jpg,OK,0,1,ALTA VERAPAZ,COBÁN,16122,CORPORACIÓN MUNICIPAL,30,2,2,0,1,4,283,283,243,243,3,24,2,1,17,0,5,2,14,1,4,8,2,20,2,3,128,2,3,2
1,4,0,380,376,16,https://resultados2019.blob.core.windows.net/201901/163234.jpg,OK,0,1,ALTA VERAPAZ,COBÁN,16323,CORPORACIÓN MUNICIPAL,5,2,2,0,1,4,171,171,162,162,0,35,4,3,1,2,14,0,5,0,2,7,5,23,1,4,36,1,3,16
1,15,0,380,376,16,https://resultados2019.blob.core.windows.net/201901/162654.jpg,OK,0,1,ALTA VERAPAZ,COBÁN,16265,CORPORACIÓN MUNICIPAL,30,2,2,0,1,4,206,206,161,161,1,44,1,1,1,2,20,0,4,0,0,2,1,30,1,0,42,6,3,2
1,10,0,400,400,16,https://resultados2019.blob.core.windows.net/201901/162314.jpg,OK,28,1,ALTA VERAPAZ,COBÁN,16231,CORPORACIÓN MUNICIPAL,18,2,2,0,1,4,266,266,238,238,4,39,5,2,10,0,11,4,11,2,5,12,2,12,6,8,88,12,2,3
1,6,0,380,380,16,https://resultados2019.blob.core.windows.net/201901/162684.jpg,OK,0,1,ALTA VERAPAZ,COBÁN,16268,CORPORACIÓN MUNICIPAL,25,2,2,0,1,4,215,215,184,184,3,33,1,2,0,4,26,0,3,1,0,0,1,36,0,2,56,5,2,9
0,13,0,380,376,16,https://resultados2019.blob.core.windows.net/201901/163314.jpg,OK,0,1,ALTA VERAPAZ,COBÁN,16331,CORPORACIÓN MUNICIPAL,23,2,2,0,1,4,188,178,142,152,2,42,5,1,1,1,0,0,3,1,1,3,0,25,0,3,35,2,1,16
1,3,0,400,400,16,https://resultados2019.blob.core.windows.net/201901/162154.jpg,OK,0,1,ALTA VERAPAZ,COBÁN,16215,CORPORACIÓN MUNICIPAL,10,2,2,0,1,4,216,216,203,203,0,42,1,1,21,1,12,2,7,2,4,9,2,6,4,2,76,8,1,2
1,0,0,400,400,16,https://resultados2019.blob.core.windows.net/201901/162464.jpg,OK,0,1,ALTA VERAPAZ,COBÁN,16246,CORPORACIÓN MUNICIPAL,32,2,2,0,1,4,212,212,180,180,2,22,1,2,15,2,6,2,5,3,1,9,2,7,2,3,88,7,1,0
1,8,0,400,400,16,https://resultados2019.blob.core.windows.net/201901/161744.jpg,OK,0,1,ALTA VERAPAZ,COBÁN,16174,CORPORACIÓN MUNICIPAL,16,2,2,0,1,4,271,271,247,247,5,39,1,3,19,1,15,1,7,2,3,17,5,7,5,2,103,9,0,3
1,5,0,400,397,16,https://resultados2019.blob.core.windows.net/201901/161414.jpg,OK,0,1,ALTA VERAPAZ,COBÁN,16141,CORPORACIÓN MUNICIPAL,19,2,2,0,1,4,256,256,232,232,2,20,4,0,24,2,6,2,16,0,3,7,0,29,2,1,104,5,4,1
1,12,0,380,377,16,https://resultados2019.blob.core.windows.net/201901/163434.jpg,OK,0,1,ALTA VERAPAZ,COBÁN,16343,CORPORACIÓN MUNICIPAL,24,2,2,0,1,4,207,207,171,171,1,29,5,1,0,0,5,0,5,1,0,1,6,27,0,5,80,1,0,4
1,10,0,380,376,16,https://resultados2019.blob.core.windows.net/201901/163414.jpg,OK,0,1,ALTA VERAPAZ,COBÁN,16341,CORPORACIÓN MUNICIPAL,16,2,2,0,1,4,230,230,204,204,1,52,6,1,0,1,9,0,3,0,0,3,1,13,1,7,99,2,0,5
1,2,0,400,400,16,https://resultados2019.blob.core.windows.net/201901/162174.jpg,OK,0,1,ALTA VERAPAZ,COBÁN,16217,CORPORACIÓN MUNICIPAL,3,2,2,0,1,4,245,245,240,240,3,41,2,3,23,0,15,1,10,2,7,13,3,4,3,0,91,13,3,3
1,3,0,400,396,16,https://resultados2019.blob.core.windows.net/201901/161234.jpg,OK,0,1,ALTA VERAPAZ,COBÁN,16123,CORPORACIÓN MUNICIPAL,24,2,2,0,1,4,299,299,272,272,1,29,3,1,32,2,10,1,13,1,6,9,4,16,0,4,134,3,1,2
1,2,0,400,400,16,https://resultados2019.blob.core.windows.net/201901/161534.jpg,OK,0,1,ALTA VERAPAZ,COBÁN,16153,CORPORACIÓN MUNICIPAL,3,2,2,0,1,4,222,222,217,217,2,27,2,2,26,1,7,1,19,1,4,4,1,14,1,0,101,3,0,1
1,12,0,400,393,16,https://resultados2019.blob.core.windows.net/201901/162944.jpg,OK,0,1,ALTA VERAPAZ,COBÁN,16294,CORPORACIÓN MUNICIPAL,26,2,2,0,1,4,202,202,164,164,1,20,4,4,5,0,5,1,5,0,3,1,0,17,0,2,86,1,7,2
1,6,0,400,400,16,https://resultados2019.blob.core.windows.net/201901/161594.jpg,OK,0,1,ALTA VERAPAZ,COBÁN,16159,CORPORACIÓN MUNICIPAL,14,2,2,0,1,4,271,271,251,251,4,31,3,1,19,0,14,2,6,1,4,13,5,16,4,3,113,7,2,3
1,12,0,380,382,16,https://resultados2019.blob.core.windows.net/201901/162564.jpg,OK,0,1,ALTA VERAPAZ,COBÁN,16256,CORPORACIÓN MUNICIPAL,41,2,2,0,1,4,293,293,240,240,2,26,3,0,0,0,12,0,1,1,0,2,1,17,1,2,169,1,1,1
0,10,0,400,400,16,https://resultados2019.blob.core.windows.net/201901/162264.jpg,OK,0,1,ALTA VERAPAZ,COBÁN,16226,CORPORACIÓN MUNICIPAL,35,2,2,0,1,4,253,254,209,209,5,24,1,0,12,1,10,2,8,1,3,12,2,13,5,4,93,6,4,3
1,4,0,400,396,16,https://resultados2019.blob.core.windows.net/201901/161854.jpg,OK,1,1,ALTA VERAPAZ,COBÁN,16185,CORPORACIÓN MUNICIPAL,16,2,2,0,1,4,259,259,239,239,8,33,3,1,22,0,15,0,13,4,3,10,4,7,3,1,100,6,3,3
1,7,2,600,600,16,https://resultados2019.blob.core.windows.net/201901/163554.jpg,OK,0,1,ALTA VERAPAZ,COBÁN,16355,CORPORACIÓN MUNICIPAL,14,2,2,0,1,4,200,200,179,179,4,20,5,3,24,1,8,1,8,1,2,16,3,11,3,3,58,4,2,2
1,9,0,400,400,16,https://resultados2019.blob.core.windows.net/201901/161444.jpg,OK,0,1,ALTA VERAPAZ,COBÁN,16144,CORPORACIÓN MUNICIPAL,25,2,2,0,1,4,242,242,208,208,2,22,6,0,24,3,5,4,4,1,2,4,1,8,1,0,115,3,1,2
1,1,0,400,400,16,https://resultados2019.blob.core.windows.net/201901/161544.jpg,OK,0,1,ALTA VERAPAZ,COBÁN,16154,CORPORACIÓN MUNICIPAL,0,2,2,0,1,4,259,259,258,258,1,38,3,1,38,2,7,1,21,1,4,8,2,9,1,1,114,3,2,1
1,7,0,400,400,16,https://resultados2019.blob.core.windows.net/201901/162064.jpg,OK,0,1,ALTA VERAPAZ,COBÁN,16206,CORPORACIÓN MUNICIPAL,16,2,2,0,1,4,240,240,217,217,1,34,7,3,19,0,8,5,12,1,4,11,3,7,4,2,86,8,2,0
1,17,0,400,400,16,https://resultados2019.blob.core.windows.net/201901/163524.jpg,OK,0,1,ALTA VERAPAZ,COBÁN,16352,CORPORACIÓN MUNICIPAL,33,2,2,0,1,4,268,268,218,218,2,47,7,0,2,0,13,1,2,0,0,4,0,20,0,3,111,3,1,2
1,7,0,380,379,16,https://resultados2019.blob.core.windows.net/201901/163324.jpg,OK,0,1,ALTA VERAPAZ,COBÁN,16332,CORPORACIÓN MUNICIPAL,20,2,2,0,1,4,135,135,108,108,2,26,0,0,1,0,6,0,4,0,0,2,1,20,0,4,30,1,2,9
1,7,0,400,400,16,https://resultados2019.blob.core.windows.net/201901/161364.jpg,OK,0,1,ALTA VERAPAZ,COBÁN,16136,CORPORACIÓN MUNICIPAL,25,2,2,0,1,4,267,267,235,235,5,32,0,1,15,1,5,1,15,0,1,4,1,19,3,4,121,6,1,0
1,5,0,380,376,16,https://resultados2019.blob.core.windows.net/201901/163224.jpg,OK,0,1,ALTA VERAPAZ,COBÁN,16322,CORPORACIÓN MUNICIPAL,24,2,2,0,1,4,203,203,174,174,1,33,3,1,0,0,9,0,9,0,1,4,2,32,0,2,49,0,2,26
1,7,0,400,396,16,https://resultados2019.blob.core.windows.net/201901/161974.jpg,OK,0,1,ALTA VERAPAZ,COBÁN,16197,CORPORACIÓN MUNICIPAL,17,2,2,0,1,4,276,276,252,252,1,35,5,2,24,2,18,2,19,2,2,10,1,11,2,3,105,4,2,2
1,11,0,380,380,16,https://resultados2019.blob.core.windows.net/201901/162604.jpg,OK,0,1,ALTA VERAPAZ,COBÁN,16260,CORPORACIÓN MUNICIPAL,31,2,2,0,1,4,244,244,202,202,1,40,7,0,0,0,8,1,6,0,1,2,3,15,0,1,109,2,3,3
1,7,0,400,396,16,https://resultados2019.blob.core.windows.net/201901/162924.jpg,OK,0,1,ALTA VERAPAZ,COBÁN,16292,CORPORACIÓN MUNICIPAL,26,2,2,0,1,4,221,221,188,188,1,19,1,3,0,0,11,0,3,1,0,2,1,16,0,1,127,0,1,1
1,5,0,400,400,16,https://resultados2019.blob.core.windows.net/201901/161274.jpg,OK,0,1,ALTA VERAPAZ,COBÁN,16127,CORPORACIÓN MUNICIPAL,9,2,2,0,1,4,236,236,222,222,1,17,3,1,22,0,2,0,13,0,2,4,3,16,2,3,126,1,3,3
1,4,0,400,400,16,https://resultados2019.blob.core.windows.net/201901/162054.jpg,OK,0,1,ALTA VERAPAZ,COBÁN,16205,CORPORACIÓN MUNICIPAL,17,2,2,0,1,4,255,255,234,234,1,37,3,2,16,1,15,1,10,1,4,7,3,13,1,2,103,11,1,2
1,6,0,600,604,16,https://resultados2019.blob.core.windows.net/201901/163594.jpg,OK,0,1,ALTA VERAPAZ,COBÁN,16359,CORPORACIÓN MUNICIPAL,7,2,2,0,1,4,185,185,172,172,1,32,2,1,19,1,8,1,13,2,2,12,3,7,2,2,59,5,0,0
1,4,1,400,401,16,https://resultados2019.blob.core.windows.net/201901/161284.jpg,OK,0,1,ALTA VERAPAZ,COBÁN,16128,CORPORACIÓN MUNICIPAL,8,2,2,0,1,4,225,225,213,213,6,24,3,1,21,1,7,1,9,0,3,5,2,11,0,3,105,8,2,1
1,5,0,400,393,16,https://resultados2019.blob.core.windows.net/201901/162964.jpg,OK,0,1,ALTA VERAPAZ,COBÁN,16296,CORPORACIÓN MUNICIPAL,26,2,2,0,1,4,182,182,151,151,3,9,0,0,1,0,3,1,3,0,3,1,0,15,2,3,103,0,0,4
1,13,0,380,380,16,https://resultados2019.blob.core.windows.net/201901/162794.jpg,OK,0,1,ALTA VERAPAZ,COBÁN,16279,CORPORACIÓN MUNICIPAL,22,2,2,0,1,4,190,190,155,155,4,46,14,2,2,4,19,0,4,0,1,1,2,19,1,12,10,1,5,8
1,1,0,400,400,16,https://resultados2019.blob.core.windows.net/201901/162884.jpg,OK,0,1,ALTA VERAPAZ,COBÁN,16288,CORPORACIÓN MUNICIPAL,17,2,2,0,1,4,163,163,145,145,0,10,1,5,0,0,8,0,4,0,0,2,0,16,0,0,93,1,4,1
1,2,0,216,216,16,https://resultados2019.blob.core.windows.net/201901/163354.jpg,OK,0,1,ALTA VERAPAZ,COBÁN,16335,CORPORACIÓN MUNICIPAL,2,2,2,0,1,4,81,81,77,77,0,16,3,4,0,0,8,0,1,0,0,1,1,9,0,0,27,0,1,6
1,9,0,400,400,16,https://resultados2019.blob.core.windows.net/201901/161394.jpg,OK,0,1,ALTA VERAPAZ,COBÁN,16139,CORPORACIÓN MUNICIPAL,19,2,2,0,1,4,244,244,216,216,3,31,3,2,22,3,4,0,13,1,3,12,1,11,2,1,89,7,1,7
1,15,0,380,380,16,https://resultados2019.blob.core.windows.net/201901/163054.jpg,OK,0,1,ALTA VERAPAZ,COBÁN,16305,CORPORACIÓN MUNICIPAL,2,2,2,0,1,4,184,184,167,167,2,21,2,2,2,2,47,1,0,0,4,1,1,24,0,14,13,3,8,20
1,10,0,400,400,16,https://resultados2019.blob.core.windows.net/201901/162934.jpg,OK,0,1,ALTA VERAPAZ,COBÁN,16293,CORPORACIÓN MUNICIPAL,25,2,2,0,1,4,224,224,189,189,1,13,1,4,5,0,8,0,5,1,0,1,1,24,1,1,113,1,4,5
1,6,0,400,400,16,https://resultados2019.blob.core.windows.net/201901/162254.jpg,OK,0,1,ALTA VERAPAZ,COBÁN,16225,CORPORACIÓN MUNICIPAL,20,2,2,0,1,4,246,246,220,220,2,28,3,3,15,1,10,3,4,2,5,10,1,17,5,3,97,8,2,1
1,3,0,251,251,16,https://resultados2019.blob.core.windows.net/201901/162504.jpg,OK,0,1,ALTA VERAPAZ,COBÁN,16250,CORPORACIÓN MUNICIPAL,9,2,2,0,1,4,132,132,120,120,1,18,0,0,8,0,4,0,6,0,2,5,3,8,0,0,58,7,0,0
1,4,0,400,400,16,https://resultados2019.blob.core.windows.net/201901/161474.jpg,OK,0,1,ALTA VERAPAZ,COBÁN,16147,CORPORACIÓN MUNICIPAL,8,2,2,0,1,4,230,230,218,218,1,31,5,1,25,0,7,1,11,0,2,5,4,12,1,0,104,4,1,3
1,6,0,400,400,16,https://resultados2019.blob.core.windows.net/201901/163494.jpg,OK,0,1,ALTA VERAPAZ,COBÁN,16349,CORPORACIÓN MUNICIPAL,26,2,2,0,1,4,298,298,266,266,2,53,5,0,3,2,12,1,3,0,5,1,2,30,0,9,127,4,1,6
1,5,0,400,404,16,https://resultados2019.blob.core.windows.net/201901/162994.jpg,OK,0,1,ALTA VERAPAZ,COBÁN,16299,CORPORACIÓN MUNICIPAL,19,2,2,0,1,4,169,169,145,145,1,19,1,7,2,0,3,0,3,1,1,2,0,10,2,1,82,2,5,3
1,7,0,400,400,16,https://resultados2019.blob.core.windows.net/201901/161174.jpg,OK,0,1,ALTA VERAPAZ,COBÁN,16117,CORPORACIÓN MUNICIPAL,29,2,2,0,1,4,296,296,260,260,9,19,8,1,18,4,7,2,12,0,6,9,0,19,2,1,129,7,3,4
1,3,0,378,378,16,https://resultados2019.blob.core.windows.net/201901/162244.jpg,OK,4,1,ALTA VERAPAZ,COBÁN,16224,CORPORACIÓN MUNICIPAL,12,2,2,0,1,4,200,200,185,185,1,28,1,3,13,1,11,0,10,4,4,9,3,9,1,0,83,4,0,0
1,8,0,400,400,16,https://resultados2019.blob.core.windows.net/201901/161204.jpg,OK,0,1,ALTA VERAPAZ,COBÁN,16120,CORPORACIÓN MUNICIPAL,17,2,2,0,1,4,282,282,257,257,3,24,2,1,20,3,10,0,20,0,4,9,6,30,3,1,113,7,0,1
1,5,0,400,399,16,https://resultados2019.blob.core.windows.net/201901/162034.jpg,OK,0,1,ALTA VERAPAZ,COBÁN,16203,CORPORACIÓN MUNICIPAL,24,2,2,0,1,4,261,261,232,232,4,44,6,1,18,0,11,2,15,0,3,11,5,10,6,3,80,8,2,3
1,12,0,400,399,16,https://resultados2019.blob.core.windows.net/201901/162334.jpg,OK,0,1,ALTA VERAPAZ,COBÁN,16233,CORPORACIÓN MUNICIPAL,16,2,2,0,1,4,295,295,267,267,6,41,1,2,23,0,7,0,7,0,9,17,5,10,5,3,117,6,4,4
1,6,0,400,400,16,https://resultados2019.blob.core.windows.net/201901/161684.jpg,OK,0,1,ALTA VERAPAZ,COBÁN,16168,CORPORACIÓN MUNICIPAL,17,2,2,0,1,4,292,292,269,269,7,36,1,5,28,0,14,2,21,3,6,11,3,3,3,3,115,7,0,1
1,13,0,400,400,16,https://resultados2019.blob.core.windows.net/201901/161434.jpg,OK,0,1,ALTA VERAPAZ,COBÁN,16143,CORPORACIÓN MUNICIPAL,26,2,2,0,1,4,252,252,213,213,2,25,4,0,27,3,9,0,16,1,2,6,1,14,1,0,92,4,2,4
1,7,0,400,400,16,https://resultados2019.blob.core.windows.net/201901/161494.jpg,OK,6,1,ALTA VERAPAZ,COBÁN,16149,CORPORACIÓN MUNICIPAL,17,2,2,0,1,4,227,227,203,203,3,21,0,0,17,2,4,0,9,2,1,7,2,30,1,1,92,5,5,1
1,11,0,400,406,16,https://resultados2019.blob.core.windows.net/201901/162284.jpg,OK,0,1,ALTA VERAPAZ,COBÁN,16228,CORPORACIÓN MUNICIPAL,17,2,2,0,1,4,253,253,225,225,5,28,6,0,16,1,8,2,11,3,2,12,4,8,7,4,95,10,0,3
1,5,0,400,396,16,https://resultados2019.blob.core.windows.net/201901/162324.jpg,OK,0,1,ALTA VERAPAZ,COBÁN,16232,CORPORACIÓN MUNICIPAL,20,2,2,0,1,4,266,266,241,241,0,41,2,1,9,4,14,1,6,0,3,15,4,12,5,4,110,5,0,5
1,12,0,400,396,16,https://resultados2019.blob.core.windows.net/201901/162984.jpg,OK,0,1,ALTA VERAPAZ,COBÁN,16298,CORPORACIÓN MUNICIPAL,26,2,2,0,1,4,183,183,145,145,5,14,2,2,3,0,7,0,1,0,3,3,2,15,0,2,67,5,5,9
1,4,0,400,400,16,https://resultados2019.blob.core.windows.net/201901/161634.jpg,OK,0,1,ALTA VERAPAZ,COBÁN,16163,CORPORACIÓN MUNICIPAL,24,2,2,0,1,4,299,299,271,271,1,46,4,1,15,0,9,2,12,1,2,13,6,12,6,5,119,12,4,1
1,14,0,400,396,16,https://resultados2019.blob.core.windows.net/201901/161384.jpg,OK,0,1,ALTA VERAPAZ,COBÁN,16138,CORPORACIÓN MUNICIPAL,27,2,2,0,1,4,259,259,218,218,6,25,2,1,22,0,4,0,10,2,3,5,1,15,4,1,108,6,3,0
0,11,0,380,380,16,https://resultados2019.blob.core.windows.net/201901/163174.jpg,OK,0,1,ALTA VERAPAZ,COBÁN,16317,CORPORACIÓN MUNICIPAL,27,2,2,0,1,4,136,135,97,98,0,19,1,1,1,1,7,0,1,0,2,1,5,38,0,6,4,3,1,6
1,0,0,400,400,16,https://resultados2019.blob.core.windows.net/201901/161754.jpg,OK,0,1,ALTA VERAPAZ,COBÁN,16175,CORPORACIÓN MUNICIPAL,10,2,2,0,1,4,309,309,299,299,3,50,6,5,33,1,11,1,13,4,6,21,8,8,2,1,112,10,1,3
0,12,0,380,380,16,https://resultados2019.blob.core.windows.net/201901/163024.jpg,OK,24,1,ALTA VERAPAZ,COBÁN,16302,CORPORACIÓN MUNICIPAL,0,2,2,0,1,4,210,187,175,175,3,28,2,0,1,1,53,0,0,2,6,1,1,21,3,18,7,0,6,22
1,10,0,380,375,16,https://resultados2019.blob.core.windows.net/201901/163284.jpg,OK,20,1,ALTA VERAPAZ,COBÁN,16328,CORPORACIÓN MUNICIPAL,6,2,2,0,1,4,172,172,156,156,0,23,2,0,1,0,18,0,3,1,0,8,2,33,3,2,38,2,4,16
