ACTACUADRA,BLANCOS,CNTIMPUGNA,CNTINSCRITOS,CNTPAPELETAS,DEP,IMGSRC,IMGSTATUS,INVALIDOS,MUN,NDEP,NMUN,NROMESA,NTE,NULOS,STACTA,STESCAN,STFISIC,STTRANS,TIPOELECCION,TOTALACTA,TOTALVOTOS,VOTOSVALIDOS,VOTOSVALIDOSACTA,voto_BIEN,voto_CREO,voto_FCN-NACION,voto_MLP,voto_PC,voto_PPT,voto_TODOS,voto_UCN,voto_UNE,voto_VALOR,voto_VAMOS,voto_VICTORIA,voto_VIVA
0,3,0,400,396,16,https://resultados2019.blob.core.windows.net/201901/163724.jpg,OK,0,2,ALTA VERAPAZ,SANTA CRUZ VERAPAZ,16372,CORPORACIÓN MUNICIPAL,7,2,2,0,1,4,275,269,259,265,5,26,30,4,53,2,105,4,12,3,3,2,10
1,5,0,380,396,16,https://resultados2019.blob.core.windows.net/201901/163824.jpg,OK,0,2,ALTA VERAPAZ,SANTA CRUZ VERAPAZ,16382,CORPORACIÓN MUNICIPAL,31,2,2,0,1,4,305,305,269,269,1,25,35,11,53,2,110,1,23,1,2,1,4
1,12,0,380,396,16,https://resultados2019.blob.core.windows.net/201901/163844.jpg,OK,0,2,ALTA VERAPAZ,SANTA CRUZ VERAPAZ,16384,CORPORACIÓN MUNICIPAL,18,2,2,0,1,4,309,309,279,279,3,27,35,3,53,0,117,4,26,2,2,3,4
1,0,1,400,400,16,https://resultados2019.blob.core.windows.net/201901/163904.jpg,OK,0,2,ALTA VERAPAZ,SANTA CRUZ VERAPAZ,16390,CORPORACIÓN MUNICIPAL,19,2,2,0,1,4,312,312,293,293,2,17,60,2,79,1,95,2,8,2,6,18,1
1,1,0,400,396,16,https://resultados2019.blob.core.windows.net/201901/163694.jpg,OK,0,2,ALTA VERAPAZ,SANTA CRUZ VERAPAZ,16369,CORPORACIÓN MUNICIPAL,16,2,2,0,1,4,285,285,268,268,2,23,42,4,49,5,105,4,19,0,8,1,6
1,7,0,380,400,16,https://resultados2019.blob.core.windows.net/201901/163804.jpg,OK,1,2,ALTA VERAPAZ,SANTA CRUZ VERAPAZ,16380,CORPORACIÓN MUNICIPAL,23,2,2,0,1,4,343,343,313,313,2,70,21,3,50,0,88,3,37,0,3,1,35
1,4,0,368,368,16,https://resultados2019.blob.core.windows.net/201901/163984.jpg,OK,0,2,ALTA VERAPAZ,SANTA CRUZ VERAPAZ,16398,CORPORACIÓN MUNICIPAL,2,2,2,0,1,4,298,298,292,292,18,31,40,3,51,0,136,1,3,0,2,4,3
1,4,0,400,400,16,https://resultados2019.blob.core.windows.net/201901/163934.jpg,OK,0,2,ALTA VERAPAZ,SANTA CRUZ VERAPAZ,16393,CORPORACIÓN MUNICIPAL,26,2,2,0,1,4,327,327,297,297,18,21,37,1,70,2,122,5,11,0,4,4,2
1,6,0,400,400,16,https://resultados2019.blob.core.windows.net/201901/163894.jpg,OK,20,2,ALTA VERAPAZ,SANTA CRUZ VERAPAZ,16389,CORPORACIÓN MUNICIPAL,14,2,2,0,1,4,361,361,341,341,1,14,89,6,108,2,95,0,10,3,3,8,2
1,10,0,400,400,16,https://resultados2019.blob.core.windows.net/201901/163674.jpg,OK,0,2,ALTA VERAPAZ,SANTA CRUZ VERAPAZ,16367,CORPORACIÓN MUNICIPAL,25,2,2,0,1,4,308,308,273,273,0,31,62,7,43,1,90,0,22,0,7,8,2
1,2,0,212,208,16,https://resultados2019.blob.core.windows.net/201901/163914.jpg,OK,0,2,ALTA VERAPAZ,SANTA CRUZ VERAPAZ,16391,CORPORACIÓN MUNICIPAL,11,2,2,0,1,4,168,168,155,155,2,13,28,1,41,2,51,1,2,2,2,9,1
0,4,0,400,396,16,https://resultados2019.blob.core.windows.net/201901/163654.jpg,OK,0,2,ALTA VERAPAZ,SANTA CRUZ VERAPAZ,16365,CORPORACIÓN MUNICIPAL,23,2,2,0,1,4,306,304,277,279,4,14,32,11,59,3,123,2,15,0,5,4,5
1,3,0,400,379,16,https://resultados2019.blob.core.windows.net/201901/163704.jpg,OK,0,2,ALTA VERAPAZ,SANTA CRUZ VERAPAZ,16370,CORPORACIÓN MUNICIPAL,8,2,2,0,1,4,257,257,246,246,2,30,23,6,51,1,103,2,14,1,6,1,6
0,7,1,400,373,16,https://resultados2019.blob.core.windows.net/201901/163684.jpg,OK,0,2,ALTA VERAPAZ,SANTA CRUZ VERAPAZ,16368,CORPORACIÓN MUNICIPAL,11,2,2,0,1,4,323,322,304,304,1,29,56,6,58,4,123,3,13,1,4,2,4
1,8,0,400,396,16,https://resultados2019.blob.core.windows.net/201901/163634.jpg,OK,0,2,ALTA VERAPAZ,SANTA CRUZ VERAPAZ,16363,CORPORACIÓN MUNICIPAL,13,2,2,0,1,4,291,291,270,270,2,16,27,4,74,0,97,4,25,2,6,4,9
1,3,0,400,400,16,https://resultados2019.blob.core.windows.net/201901/163944.jpg,OK,0,2,ALTA VERAPAZ,SANTA CRUZ VERAPAZ,16394,CORPORACIÓN MUNICIPAL,19,2,2,0,1,4,329,329,307,307,16,14,50,2,74,0,128,1,17,0,2,1,2
1,2,0,400,400,16,https://resultados2019.blob.core.windows.net/201901/163714.jpg,OK,1,2,ALTA VERAPAZ,SANTA CRUZ VERAPAZ,16371,CORPORACIÓN MUNICIPAL,13,2,2,0,1,4,273,273,258,258,0,27,32,3,46,3,100,2,26,2,4,4,9
1,2,0,348,348,16,https://resultados2019.blob.core.windows.net/201901/163994.jpg,OK,0,2,ALTA VERAPAZ,SANTA CRUZ VERAPAZ,16399,CORPORACIÓN MUNICIPAL,7,2,2,0,1,4,126,126,117,117,2,6,14,1,26,3,43,1,11,1,2,4,3
1,0,0,329,329,16,https://resultados2019.blob.core.windows.net/201901/163774.jpg,OK,0,2,ALTA VERAPAZ,SANTA CRUZ VERAPAZ,16377,CORPORACIÓN MUNICIPAL,3,2,2,0,1,4,225,225,222,222,3,19,17,2,45,1,99,2,19,2,2,2,9
1,2,0,368,368,16,https://resultados2019.blob.core.windows.net/201901/163974.jpg,OK,0,2,ALTA VERAPAZ,SANTA CRUZ VERAPAZ,16397,CORPORACIÓN MUNICIPAL,16,2,2,0,1,4,263,263,245,245,11,33,31,2,68,0,90,1,2,0,2,3,2
1,10,0,380,396,16,https://resultados2019.blob.core.windows.net/201901/163794.jpg,OK,0,2,ALTA VERAPAZ,SANTA CRUZ VERAPAZ,16379,CORPORACIÓN MUNICIPAL,17,2,2,0,1,4,308,308,281,281,1,42,31,8,46,1,106,0,32,2,5,1,6
1,14,2,380,400,16,https://resultados2019.blob.core.windows.net/201901/163834.jpg,OK,0,2,ALTA VERAPAZ,SANTA CRUZ VERAPAZ,16383,CORPORACIÓN MUNICIPAL,21,2,2,0,1,4,341,341,306,306,0,16,41,6,55,0,163,1,18,0,0,1,5
1,4,0,400,380,16,https://resultados2019.blob.core.windows.net/201901/163664.jpg,OK,0,2,ALTA VERAPAZ,SANTA CRUZ VERAPAZ,16366,CORPORACIÓN MUNICIPAL,26,2,2,0,1,4,316,316,286,286,5,28,25,8,57,3,132,3,12,0,2,6,5
1,11,0,400,396,16,https://resultados2019.blob.core.windows.net/201901/163884.jpg,OK,0,2,ALTA VERAPAZ,SANTA CRUZ VERAPAZ,16388,CORPORACIÓN MUNICIPAL,25,2,2,0,1,4,344,344,308,308,3,12,79,1,93,2,85,3,9,0,5,14,2
1,5,0,400,400,16,https://resultados2019.blob.core.windows.net/201901/163644.jpg,OK,0,2,ALTA VERAPAZ,SANTA CRUZ VERAPAZ,16364,CORPORACIÓN MUNICIPAL,12,2,2,0,1,4,292,292,275,275,6,20,22,9,71,1,113,3,15,4,2,4,5
1,3,1,347,347,16,https://resultados2019.blob.core.windows.net/201901/163874.jpg,OK,0,2,ALTA VERAPAZ,SANTA CRUZ VERAPAZ,16387,CORPORACIÓN MUNICIPAL,7,2,2,0,1,4,294,294,284,284,0,28,42,3,49,0,123,0,21,0,1,1,16
1,2,0,400,396,16,https://resultados2019.blob.core.windows.net/201901/163744.jpg,OK,0,2,ALTA VERAPAZ,SANTA CRUZ VERAPAZ,16374,CORPORACIÓN MUNICIPAL,12,2,2,0,1,4,279,279,265,265,3,25,30,2,60,0,95,1,24,1,11,6,7
1,4,0,400,399,16,https://resultados2019.blob.core.windows.net/201901/163964.jpg,OK,0,2,ALTA VERAPAZ,SANTA CRUZ VERAPAZ,16396,CORPORACIÓN MUNICIPAL,16,2,2,0,1,4,326,326,306,306,9,21,42,1,62,1,155,2,6,1,2,4,0
1,3,0,329,329,16,https://resultados2019.blob.core.windows.net/201901/163784.jpg,OK,0,2,ALTA VERAPAZ,SANTA CRUZ VERAPAZ,16378,CORPORACIÓN MUNICIPAL,5,2,2,0,1,4,239,239,231,231,3,18,42,4,51,1,87,3,13,3,4,0,2
1,6,0,400,400,16,https://resultados2019.blob.core.windows.net/201901/163954.jpg,OK,0,2,ALTA VERAPAZ,SANTA CRUZ VERAPAZ,16395,CORPORACIÓN MUNICIPAL,26,2,2,0,1,4,364,364,332,332,6,33,33,5,80,2,154,0,7,1,1,10,0
1,2,0,211,211,16,https://resultados2019.blob.core.windows.net/201901/163924.jpg,OK,0,2,ALTA VERAPAZ,SANTA CRUZ VERAPAZ,16392,CORPORACIÓN MUNICIPAL,1,2,2,0,1,4,178,178,175,175,1,8,37,1,70,0,45,2,6,2,0,3,0
1,3,0,400,400,16,https://resultados2019.blob.core.windows.net/201901/163734.jpg,OK,0,2,ALTA VERAPAZ,SANTA CRUZ VERAPAZ,16373,CORPORACIÓN MUNICIPAL,16,2,2,0,1,4,272,272,253,253,2,15,33,5,57,2,95,5,17,3,5,3,11
1,6,1,400,376,16,https://resultados2019.blob.core.windows.net/201901/163624.jpg,OK,0,2,ALTA VERAPAZ,SANTA CRUZ VERAPAZ,16362,CORPORACIÓN MUNICIPAL,18,2,2,0,1,4,280,280,256,256,3,20,22,9,60,3,104,5,16,2,4,3,5
1,0,0,380,380,16,https://resultados2019.blob.core.windows.net/201901/163854.jpg,OK,3,2,ALTA VERAPAZ,SANTA CRUZ VERAPAZ,16385,CORPORACIÓN MUNICIPAL,10,2,2,0,1,4,287,287,277,277,1,33,35,3,56,0,118,0,18,0,1,2,10
1,1,0,348,348,16,https://resultados2019.blob.core.windows.net/201901/163864.jpg,OK,0,2,ALTA VERAPAZ,SANTA CRUZ VERAPAZ,16386,CORPORACIÓN MUNICIPAL,12,2,2,0,1,4,272,272,259,259,0,27,25,5,47,1,127,0,21,0,0,0,6
1,2,0,400,400,16,https://resultados2019.blob.core.windows.net/201901/163764.jpg,OK,0,2,ALTA VERAPAZ,SANTA CRUZ VERAPAZ,16376,CORPORACIÓN MUNICIPAL,11,2,2,0,1,4,275,275,262,262,1,23,29,6,49,3,116,5,10,3,5,5,7
1,1,0,380,380,16,https://resultados2019.blob.core.windows.net/201901/163814.jpg,OK,0,2,ALTA VERAPAZ,SANTA CRUZ VERAPAZ,16381,CORPORACIÓN MUNICIPAL,28,2,2,0,1,4,327,327,298,298,4,44,46,7,50,1,98,1,30,0,1,0,16
1,5,0,400,400,16,https://resultados2019.blob.core.windows.net/201901/163754.jpg,OK,1,2,ALTA VERAPAZ,SANTA CRUZ VERAPAZ,16375,CORPORACIÓN MUNICIPAL,8,2,2,0,1,4,260,260,247,247,4,15,22,8,59,1,84,7,20,2,10,5,10
