ACTACUADRA,BLANCOS,CNTIMPUGNA,CNTINSCRITOS,CNTPAPELETAS,DEP,IMGSRC,IMGSTATUS,INVALIDOS,MUN,NDEP,NMUN,NROMESA,NTE,NULOS,STACTA,STESCAN,STFISIC,STTRANS,TIPOELECCION,TOTALACTA,TOTALVOTOS,VOTOSVALIDOS,VOTOSVALIDOSACTA,voto_CREO,voto_FCN-NACION,voto_FUERZA,voto_MLP,voto_PC,voto_PODEMOS,voto_PPT,voto_UCN,voto_UNE,voto_URNG_MAIZ,voto_VALOR,voto_VAMOS,voto_VICTORIA
1,1,0,400,400,16,https://resultados2019.blob.core.windows.net/201901/164934.jpg,OK,0,4,ALTA VERAPAZ,TACTIC,16493,CORPORACIÓN MUNICIPAL,10,2,2,0,1,4,298,298,287,287,2,24,3,1,95,1,0,11,120,3,11,13,3
1,9,0,600,600,16,https://resultados2019.blob.core.windows.net/201901/165234.jpg,OK,0,4,ALTA VERAPAZ,TACTIC,16523,CORPORACIÓN MUNICIPAL,12,2,2,0,1,4,346,346,325,325,3,57,2,5,108,5,1,20,101,2,9,10,2
1,1,1,400,400,16,https://resultados2019.blob.core.windows.net/201901/164984.jpg,OK,1,4,ALTA VERAPAZ,TACTIC,16498,CORPORACIÓN MUNICIPAL,8,2,2,0,1,4,274,274,265,265,1,13,5,6,80,1,1,10,120,1,13,11,3
1,5,0,348,348,16,https://resultados2019.blob.core.windows.net/201901/165224.jpg,OK,0,4,ALTA VERAPAZ,TACTIC,16522,CORPORACIÓN MUNICIPAL,10,2,2,0,1,4,243,243,228,228,0,39,0,1,103,2,1,8,63,0,6,2,3
1,8,0,400,400,16,https://resultados2019.blob.core.windows.net/201901/164854.jpg,OK,1,4,ALTA VERAPAZ,TACTIC,16485,CORPORACIÓN MUNICIPAL,18,2,2,0,1,4,328,328,302,302,6,43,3,2,95,5,5,7,122,3,2,6,3
1,9,0,349,349,16,https://resultados2019.blob.core.windows.net/201901/165214.jpg,OK,0,4,ALTA VERAPAZ,TACTIC,16521,CORPORACIÓN MUNICIPAL,13,2,2,0,1,4,296,296,274,274,0,77,0,2,86,7,0,5,87,0,5,2,3
1,5,0,400,397,16,https://resultados2019.blob.core.windows.net/201901/164864.jpg,OK,0,4,ALTA VERAPAZ,TACTIC,16486,CORPORACIÓN MUNICIPAL,17,2,2,0,1,4,340,340,318,318,2,52,1,1,119,2,0,34,93,2,7,5,0
1,6,0,400,400,16,https://resultados2019.blob.core.windows.net/201901/164894.jpg,OK,0,4,ALTA VERAPAZ,TACTIC,16489,CORPORACIÓN MUNICIPAL,18,2,2,0,1,4,336,336,312,312,3,62,2,5,127,5,3,10,80,2,5,7,1
1,10,0,400,400,16,https://resultados2019.blob.core.windows.net/201901/165204.jpg,OK,0,4,ALTA VERAPAZ,TACTIC,16520,CORPORACIÓN MUNICIPAL,30,2,2,0,1,4,334,334,294,294,0,64,1,7,130,2,2,4,74,1,4,2,3
1,3,0,400,396,16,https://resultados2019.blob.core.windows.net/201901/164804.jpg,OK,0,4,ALTA VERAPAZ,TACTIC,16480,CORPORACIÓN MUNICIPAL,14,2,2,0,1,4,326,326,309,309,2,39,2,4,90,5,1,7,143,2,7,7,0
1,5,2,400,400,16,https://resultados2019.blob.core.windows.net/201901/164844.jpg,OK,0,4,ALTA VERAPAZ,TACTIC,16484,CORPORACIÓN MUNICIPAL,18,2,2,0,1,4,326,326,303,303,1,49,2,2,116,2,0,14,100,1,5,6,5
1,5,0,398,398,16,https://resultados2019.blob.core.windows.net/201901/165254.jpg,OK,0,4,ALTA VERAPAZ,TACTIC,16525,CORPORACIÓN MUNICIPAL,7,2,2,0,1,4,167,167,155,155,2,17,2,6,37,0,3,8,64,2,7,7,0
1,5,0,400,400,16,https://resultados2019.blob.core.windows.net/201901/164824.jpg,OK,0,4,ALTA VERAPAZ,TACTIC,16482,CORPORACIÓN MUNICIPAL,13,2,2,0,1,4,338,338,320,320,1,32,0,3,125,0,2,9,128,2,6,9,3
1,8,1,400,400,16,https://resultados2019.blob.core.windows.net/201901/164944.jpg,OK,0,4,ALTA VERAPAZ,TACTIC,16494,CORPORACIÓN MUNICIPAL,10,2,2,0,1,4,297,297,279,279,1,34,3,4,96,4,0,5,109,1,9,11,2
1,2,0,327,327,16,https://resultados2019.blob.core.windows.net/201901/165084.jpg,OK,0,4,ALTA VERAPAZ,TACTIC,16508,CORPORACIÓN MUNICIPAL,3,2,2,0,1,4,256,256,251,251,0,39,0,2,105,11,0,4,82,0,5,2,1
1,9,0,380,376,16,https://resultados2019.blob.core.windows.net/201901/165034.jpg,OK,0,4,ALTA VERAPAZ,TACTIC,16503,CORPORACIÓN MUNICIPAL,16,2,2,0,1,4,306,306,281,281,1,41,0,6,118,22,1,5,76,0,3,7,1
1,5,0,400,400,16,https://resultados2019.blob.core.windows.net/201901/164834.jpg,OK,0,4,ALTA VERAPAZ,TACTIC,16483,CORPORACIÓN MUNICIPAL,16,2,2,0,1,4,335,335,314,314,0,41,2,10,118,1,3,11,111,3,8,4,2
1,5,0,400,400,16,https://resultados2019.blob.core.windows.net/201901/164884.jpg,OK,0,4,ALTA VERAPAZ,TACTIC,16488,CORPORACIÓN MUNICIPAL,14,2,2,0,1,4,333,333,314,314,2,61,0,3,135,3,3,6,82,4,7,6,2
1,0,0,392,392,16,https://resultados2019.blob.core.windows.net/201901/165014.jpg,OK,0,4,ALTA VERAPAZ,TACTIC,16501,CORPORACIÓN MUNICIPAL,4,2,2,0,1,4,319,319,315,315,1,30,2,4,113,4,0,13,125,4,11,6,2
1,0,0,400,400,16,https://resultados2019.blob.core.windows.net/201901/164924.jpg,OK,0,4,ALTA VERAPAZ,TACTIC,16492,CORPORACIÓN MUNICIPAL,3,2,2,0,1,4,303,303,300,300,1,45,2,4,111,3,0,12,105,2,8,7,0
1,4,0,400,400,16,https://resultados2019.blob.core.windows.net/201901/164994.jpg,OK,0,4,ALTA VERAPAZ,TACTIC,16499,CORPORACIÓN MUNICIPAL,5,2,2,0,1,4,287,287,278,278,0,35,1,5,100,5,0,13,105,0,6,8,0
1,5,0,400,403,16,https://resultados2019.blob.core.windows.net/201901/164964.jpg,OK,0,4,ALTA VERAPAZ,TACTIC,16496,CORPORACIÓN MUNICIPAL,13,2,2,0,1,4,319,319,301,301,2,28,0,0,98,10,0,4,133,3,11,12,0
1,7,0,380,380,16,https://resultados2019.blob.core.windows.net/201901/165104.jpg,OK,0,4,ALTA VERAPAZ,TACTIC,16510,CORPORACIÓN MUNICIPAL,14,2,2,0,1,4,327,327,306,306,0,64,4,11,132,4,0,4,80,0,1,3,3
1,2,0,238,238,16,https://resultados2019.blob.core.windows.net/201901/165144.jpg,OK,0,4,ALTA VERAPAZ,TACTIC,16514,CORPORACIÓN MUNICIPAL,4,2,2,0,1,4,184,184,178,178,0,26,3,1,73,8,0,2,61,1,3,0,0
1,2,0,392,392,16,https://resultados2019.blob.core.windows.net/201901/165024.jpg,OK,0,4,ALTA VERAPAZ,TACTIC,16502,CORPORACIÓN MUNICIPAL,6,2,2,0,1,4,275,275,267,267,2,32,3,1,88,1,0,13,111,1,6,8,1
1,8,0,400,400,16,https://resultados2019.blob.core.windows.net/201901/165164.jpg,OK,0,4,ALTA VERAPAZ,TACTIC,16516,CORPORACIÓN MUNICIPAL,14,2,2,0,1,4,322,322,300,300,1,50,1,1,87,3,2,8,133,3,5,3,3
0,4,0,380,380,16,https://resultados2019.blob.core.windows.net/201901/165064.jpg,OK,9,4,ALTA VERAPAZ,TACTIC,16506,CORPORACIÓN MUNICIPAL,0,2,2,0,1,4,332,323,319,319,0,48,0,11,111,12,2,10,118,1,3,2,1
1,2,2,400,400,16,https://resultados2019.blob.core.windows.net/201901/164954.jpg,OK,0,4,ALTA VERAPAZ,TACTIC,16495,CORPORACIÓN MUNICIPAL,8,2,2,0,1,4,295,295,285,285,2,23,4,5,77,4,3,9,134,1,7,13,3
1,7,0,400,396,16,https://resultados2019.blob.core.windows.net/201901/165194.jpg,OK,0,4,ALTA VERAPAZ,TACTIC,16519,CORPORACIÓN MUNICIPAL,13,2,2,0,1,4,320,320,300,300,0,65,0,3,148,1,0,12,58,2,2,3,6
1,1,0,400,400,16,https://resultados2019.blob.core.windows.net/201901/165004.jpg,OK,0,4,ALTA VERAPAZ,TACTIC,16500,CORPORACIÓN MUNICIPAL,10,2,2,0,1,4,290,290,279,279,1,33,1,1,88,4,0,11,124,0,11,4,1
1,5,2,380,380,16,https://resultados2019.blob.core.windows.net/201901/165044.jpg,OK,0,4,ALTA VERAPAZ,TACTIC,16504,CORPORACIÓN MUNICIPAL,16,2,2,0,1,4,335,335,314,314,3,51,0,6,132,10,1,9,95,2,2,2,1
0,4,0,400,400,16,https://resultados2019.blob.core.windows.net/201901/164914.jpg,OK,0,4,ALTA VERAPAZ,TACTIC,16491,CORPORACIÓN MUNICIPAL,6,2,2,0,1,4,300,301,291,290,1,49,1,3,103,4,1,4,104,1,11,6,3
1,6,0,400,400,16,https://resultados2019.blob.core.windows.net/201901/164904.jpg,OK,0,4,ALTA VERAPAZ,TACTIC,16490,CORPORACIÓN MUNICIPAL,12,2,2,0,1,4,337,337,319,319,3,23,0,10,148,1,1,11,103,0,14,3,2
1,5,1,380,375,16,https://resultados2019.blob.core.windows.net/201901/165124.jpg,OK,0,4,ALTA VERAPAZ,TACTIC,16512,CORPORACIÓN MUNICIPAL,12,2,2,0,1,4,329,329,312,312,1,75,0,5,78,9,0,23,115,0,4,2,0
1,0,1,220,220,16,https://resultados2019.blob.core.windows.net/201901/165184.jpg,OK,0,4,ALTA VERAPAZ,TACTIC,16518,CORPORACIÓN MUNICIPAL,6,2,2,0,1,4,153,153,147,147,1,16,2,4,61,1,0,3,56,0,1,2,0
1,1,0,400,400,16,https://resultados2019.blob.core.windows.net/201901/164974.jpg,OK,0,4,ALTA VERAPAZ,TACTIC,16497,CORPORACIÓN MUNICIPAL,8,2,2,0,1,4,301,301,292,292,1,36,5,1,84,9,1,3,121,2,10,16,3
1,7,1,398,395,16,https://resultados2019.blob.core.windows.net/201901/165244.jpg,OK,0,4,ALTA VERAPAZ,TACTIC,16524,CORPORACIÓN MUNICIPAL,6,2,2,0,1,4,207,207,194,194,1,34,0,8,43,1,1,7,80,0,10,7,2
1,5,0,400,401,16,https://resultados2019.blob.core.windows.net/201901/164814.jpg,OK,0,4,ALTA VERAPAZ,TACTIC,16481,CORPORACIÓN MUNICIPAL,15,2,2,0,1,4,315,315,295,295,2,33,1,5,102,1,3,12,115,0,9,10,2
1,3,0,221,221,16,https://resultados2019.blob.core.windows.net/201901/165174.jpg,OK,0,4,ALTA VERAPAZ,TACTIC,16517,CORPORACIÓN MUNICIPAL,10,2,2,0,1,4,175,175,162,162,2,22,1,2,54,0,0,2,73,2,3,1,0
1,4,1,400,400,16,https://resultados2019.blob.core.windows.net/201901/164874.jpg,OK,0,4,ALTA VERAPAZ,TACTIC,16487,CORPORACIÓN MUNICIPAL,14,2,2,0,1,4,331,331,313,313,5,55,3,5,104,6,1,23,98,3,6,3,1
0,7,0,380,377,16,https://resultados2019.blob.core.windows.net/201901/165054.jpg,OK,12,4,ALTA VERAPAZ,TACTIC,16505,CORPORACIÓN MUNICIPAL,0,2,2,0,1,4,321,326,319,314,2,78,0,3,115,7,0,3,99,2,8,1,1
1,2,0,380,376,16,https://resultados2019.blob.core.windows.net/201901/165114.jpg,OK,0,4,ALTA VERAPAZ,TACTIC,16511,CORPORACIÓN MUNICIPAL,19,2,2,0,1,4,340,340,319,319,0,83,4,6,93,8,0,15,97,2,2,5,4
0,2,1,327,328,16,https://resultados2019.blob.core.windows.net/201901/165074.jpg,OK,0,4,ALTA VERAPAZ,TACTIC,16507,CORPORACIÓN MUNICIPAL,4,2,2,0,1,4,229,228,222,222,1,38,1,3,91,4,0,6,72,2,1,2,1
1,3,0,380,380,16,https://resultados2019.blob.core.windows.net/201901/165094.jpg,OK,0,4,ALTA VERAPAZ,TACTIC,16509,CORPORACIÓN MUNICIPAL,6,2,2,0,1,4,312,312,303,303,0,55,1,5,120,12,0,8,92,0,3,3,4
1,7,0,400,400,16,https://resultados2019.blob.core.windows.net/201901/164794.jpg,OK,0,4,ALTA VERAPAZ,TACTIC,16479,CORPORACIÓN MUNICIPAL,18,2,2,0,1,4,297,297,272,272,1,26,4,5,104,6,0,8,91,3,14,8,2
1,1,0,380,376,16,https://resultados2019.blob.core.windows.net/201901/165134.jpg,OK,0,4,ALTA VERAPAZ,TACTIC,16513,CORPORACIÓN MUNICIPAL,6,2,2,0,1,4,302,302,295,295,1,59,2,8,115,11,0,7,82,0,3,7,0
1,0,0,237,237,16,https://resultados2019.blob.core.windows.net/201901/165154.jpg,OK,0,4,ALTA VERAPAZ,TACTIC,16515,CORPORACIÓN MUNICIPAL,1,2,2,0,1,4,200,200,199,199,0,41,4,3,60,9,0,6,71,0,2,1,2
