ACTACUADRA,BLANCOS,CNTIMPUGNA,CNTINSCRITOS,CNTPAPELETAS,DEP,IMGSRC,IMGSTATUS,INVALIDOS,MUN,NDEP,NMUN,NROMESA,NTE,NULOS,STACTA,STESCAN,STFISIC,STTRANS,TIPOELECCION,TOTALACTA,TOTALVOTOS,VOTOSVALIDOS,VOTOSVALIDOSACTA,voto_BIEN,voto_CREO,voto_FCN-NACION,voto_FUERZA,voto_LIBRE,voto_PC,voto_PODEMOS,voto_SEMILLA,voto_TODOS,voto_UCN,voto_UNE,voto_URNG_MAIZ,voto_VALOR,voto_VAMOS,voto_VIVA
1,4,0,380,376,16,https://resultados2019.blob.core.windows.net/201901/165504.jpg,OK,0,5,ALTA VERAPAZ,TAMAHÚ,16550,CORPORACIÓN MUNICIPAL,10,2,2,0,1,4,320,320,306,306,1,3,15,7,3,0,2,2,78,84,36,1,69,1,4
1,4,0,380,380,16,https://resultados2019.blob.core.windows.net/201901/165404.jpg,OK,0,5,ALTA VERAPAZ,TAMAHÚ,16540,CORPORACIÓN MUNICIPAL,7,2,1,0,1,4,337,337,326,326,1,3,32,5,1,0,0,1,93,64,47,2,71,2,4
1,2,0,312,312,16,https://resultados2019.blob.core.windows.net/201901/165424.jpg,OK,0,5,ALTA VERAPAZ,TAMAHÚ,16542,CORPORACIÓN MUNICIPAL,7,2,1,0,1,4,262,262,253,253,2,5,20,5,1,0,2,0,75,60,35,0,43,1,4
1,1,0,380,380,16,https://resultados2019.blob.core.windows.net/201901/165484.jpg,OK,0,5,ALTA VERAPAZ,TAMAHÚ,16548,CORPORACIÓN MUNICIPAL,4,2,2,0,1,4,349,349,344,344,1,1,28,15,0,1,0,2,94,93,39,1,64,2,3
1,8,0,400,400,16,https://resultados2019.blob.core.windows.net/201901/165284.jpg,OK,0,5,ALTA VERAPAZ,TAMAHÚ,16528,CORPORACIÓN MUNICIPAL,10,2,2,0,1,4,336,336,318,318,1,1,6,3,4,0,0,6,68,89,36,1,97,1,5
1,0,0,380,380,16,https://resultados2019.blob.core.windows.net/201901/165494.jpg,OK,0,5,ALTA VERAPAZ,TAMAHÚ,16549,CORPORACIÓN MUNICIPAL,6,2,2,0,1,4,342,342,336,336,1,2,19,13,1,1,1,2,80,103,41,0,66,2,4
1,5,0,400,400,16,https://resultados2019.blob.core.windows.net/201901/165294.jpg,OK,0,5,ALTA VERAPAZ,TAMAHÚ,16529,CORPORACIÓN MUNICIPAL,5,2,2,0,1,4,346,346,336,336,2,4,8,3,5,0,0,3,85,64,29,1,124,1,7
1,4,0,380,380,16,https://resultados2019.blob.core.windows.net/201901/165384.jpg,OK,0,5,ALTA VERAPAZ,TAMAHÚ,16538,CORPORACIÓN MUNICIPAL,12,2,1,0,1,4,351,351,335,335,2,3,28,6,0,0,1,0,83,81,64,0,59,3,5
1,3,0,380,386,16,https://resultados2019.blob.core.windows.net/201901/165354.jpg,OK,0,5,ALTA VERAPAZ,TAMAHÚ,16535,CORPORACIÓN MUNICIPAL,2,2,2,0,1,4,299,299,294,294,2,2,8,2,1,0,1,2,57,85,27,0,100,2,5
1,2,0,312,315,16,https://resultados2019.blob.core.windows.net/201901/165434.jpg,OK,0,5,ALTA VERAPAZ,TAMAHÚ,16543,CORPORACIÓN MUNICIPAL,1,2,1,0,1,4,281,281,278,278,0,1,19,12,1,0,2,2,93,52,42,0,50,2,2
1,2,0,400,400,16,https://resultados2019.blob.core.windows.net/201901/165324.jpg,OK,0,5,ALTA VERAPAZ,TAMAHÚ,16532,CORPORACIÓN MUNICIPAL,1,2,2,0,1,4,280,280,277,277,1,3,8,1,1,0,0,4,62,66,15,0,107,1,8
1,3,0,400,400,16,https://resultados2019.blob.core.windows.net/201901/165304.jpg,OK,0,5,ALTA VERAPAZ,TAMAHÚ,16530,CORPORACIÓN MUNICIPAL,6,2,2,0,1,4,360,360,351,351,0,3,8,5,2,0,1,3,82,110,24,0,108,3,2
1,3,0,400,400,16,https://resultados2019.blob.core.windows.net/201901/165334.jpg,OK,0,5,ALTA VERAPAZ,TAMAHÚ,16533,CORPORACIÓN MUNICIPAL,8,2,2,0,1,4,282,282,271,271,0,9,8,2,2,2,2,3,64,49,18,0,104,1,7
1,0,0,381,381,16,https://resultados2019.blob.core.windows.net/201901/165344.jpg,OK,0,5,ALTA VERAPAZ,TAMAHÚ,16534,CORPORACIÓN MUNICIPAL,1,2,2,0,1,4,284,284,283,283,0,1,6,3,3,0,0,4,68,72,24,1,96,2,3
1,8,0,400,400,16,https://resultados2019.blob.core.windows.net/201901/165264.jpg,OK,0,5,ALTA VERAPAZ,TAMAHÚ,16526,CORPORACIÓN MUNICIPAL,11,2,2,0,1,4,316,316,297,297,3,3,4,6,6,1,4,4,60,68,24,0,108,1,5
1,7,0,380,380,16,https://resultados2019.blob.core.windows.net/201901/165454.jpg,OK,0,5,ALTA VERAPAZ,TAMAHÚ,16545,CORPORACIÓN MUNICIPAL,4,2,2,0,1,4,351,351,340,340,1,1,21,13,3,1,0,1,81,98,38,2,74,1,5
1,3,0,213,213,16,https://resultados2019.blob.core.windows.net/201901/165534.jpg,OK,0,5,ALTA VERAPAZ,TAMAHÚ,16553,CORPORACIÓN MUNICIPAL,1,2,2,0,1,4,196,196,192,192,0,1,11,6,0,0,0,1,44,48,17,1,58,1,4
1,0,0,380,380,16,https://resultados2019.blob.core.windows.net/201901/165514.jpg,OK,0,5,ALTA VERAPAZ,TAMAHÚ,16551,CORPORACIÓN MUNICIPAL,6,2,2,0,1,4,313,313,307,307,1,1,17,8,4,0,0,1,88,84,38,0,60,1,4
1,4,0,400,400,16,https://resultados2019.blob.core.windows.net/201901/165314.jpg,OK,0,5,ALTA VERAPAZ,TAMAHÚ,16531,CORPORACIÓN MUNICIPAL,8,2,2,0,1,4,324,324,312,312,0,2,6,3,5,0,3,3,70,72,35,0,112,0,1
1,1,0,380,380,16,https://resultados2019.blob.core.windows.net/201901/165464.jpg,OK,0,5,ALTA VERAPAZ,TAMAHÚ,16546,CORPORACIÓN MUNICIPAL,10,2,2,0,1,4,340,340,329,329,1,1,34,10,1,0,1,1,74,97,33,1,64,2,9
1,3,0,380,380,16,https://resultados2019.blob.core.windows.net/201901/165414.jpg,OK,0,5,ALTA VERAPAZ,TAMAHÚ,16541,CORPORACIÓN MUNICIPAL,4,2,1,0,1,4,323,323,316,316,0,2,22,11,1,0,2,1,84,67,48,0,74,1,3
1,5,0,380,380,16,https://resultados2019.blob.core.windows.net/201901/165444.jpg,OK,0,5,ALTA VERAPAZ,TAMAHÚ,16544,CORPORACIÓN MUNICIPAL,6,2,2,0,1,4,334,334,323,323,0,3,13,7,2,0,0,0,98,86,40,1,71,0,2
1,1,0,380,380,16,https://resultados2019.blob.core.windows.net/201901/165474.jpg,OK,0,5,ALTA VERAPAZ,TAMAHÚ,16547,CORPORACIÓN MUNICIPAL,4,2,2,0,1,4,332,332,327,327,2,3,15,12,1,0,2,0,85,102,38,1,57,0,9
1,2,0,380,380,16,https://resultados2019.blob.core.windows.net/201901/165364.jpg,OK,0,5,ALTA VERAPAZ,TAMAHÚ,16536,CORPORACIÓN MUNICIPAL,8,2,1,0,1,4,335,335,325,325,5,3,27,9,1,0,1,0,96,55,52,0,71,1,4
1,0,0,214,214,16,https://resultados2019.blob.core.windows.net/201901/165524.jpg,OK,0,5,ALTA VERAPAZ,TAMAHÚ,16552,CORPORACIÓN MUNICIPAL,2,2,2,0,1,4,193,193,191,191,1,0,16,8,0,0,0,1,62,48,21,0,30,1,3
1,5,0,380,376,16,https://resultados2019.blob.core.windows.net/201901/165374.jpg,OK,0,5,ALTA VERAPAZ,TAMAHÚ,16537,CORPORACIÓN MUNICIPAL,16,2,1,0,1,4,348,348,327,327,0,3,19,9,0,1,2,0,82,68,61,0,75,1,6
1,6,0,380,380,16,https://resultados2019.blob.core.windows.net/201901/165394.jpg,OK,0,5,ALTA VERAPAZ,TAMAHÚ,16539,CORPORACIÓN MUNICIPAL,13,2,1,0,1,4,342,342,323,323,1,0,32,9,0,0,1,1,91,71,54,1,59,1,2
1,2,0,400,400,16,https://resultados2019.blob.core.windows.net/201901/165274.jpg,OK,0,5,ALTA VERAPAZ,TAMAHÚ,16527,CORPORACIÓN MUNICIPAL,7,2,2,0,1,4,336,336,327,327,0,2,5,3,2,0,1,3,77,82,31,0,117,0,4
