ACTACUADRA,BLANCOS,CNTIMPUGNA,CNTINSCRITOS,CNTPAPELETAS,DEP,IMGSRC,IMGSTATUS,INVALIDOS,MUN,NDEP,NMUN,NROMESA,NTE,NULOS,STACTA,STESCAN,STFISIC,STTRANS,TIPOELECCION,TOTALACTA,TOTALVOTOS,VOTOSVALIDOS,VOTOSVALIDOSACTA,voto_BIEN,voto_CREO,voto_FCN-NACION,voto_TODOS,voto_UCN,voto_UNE,voto_URNG_MAIZ,voto_VALOR,voto_VICTORIA,voto_WINAQ
1,3,1,400,396,16,https://resultados2019.blob.core.windows.net/201901/167204.jpg,OK,0,8,ALTA VERAPAZ,SENAHÚ,16720,CORPORACIÓN MUNICIPAL,5,2,2,0,1,4,280,280,272,272,0,1,73,0,2,57,0,103,34,2
1,2,0,400,400,16,https://resultados2019.blob.core.windows.net/201901/167064.jpg,OK,0,8,ALTA VERAPAZ,SENAHÚ,16706,CORPORACIÓN MUNICIPAL,12,2,2,0,1,4,261,261,247,247,0,2,34,0,2,82,2,102,22,1
1,3,0,400,396,16,https://resultados2019.blob.core.windows.net/201901/166934.jpg,OK,0,8,ALTA VERAPAZ,SENAHÚ,16693,CORPORACIÓN MUNICIPAL,15,2,2,0,1,4,298,298,280,280,2,0,64,2,7,50,0,127,28,0
1,3,0,380,376,16,https://resultados2019.blob.core.windows.net/201901/167814.jpg,OK,0,8,ALTA VERAPAZ,SENAHÚ,16781,CORPORACIÓN MUNICIPAL,25,2,2,0,1,4,247,247,219,219,0,6,58,4,1,65,1,61,23,0
1,2,0,400,400,16,https://resultados2019.blob.core.windows.net/201901/167154.jpg,OK,0,8,ALTA VERAPAZ,SENAHÚ,16715,CORPORACIÓN MUNICIPAL,14,2,2,0,1,4,260,260,244,244,1,1,77,0,0,36,1,98,30,0
1,2,0,400,396,16,https://resultados2019.blob.core.windows.net/201901/167114.jpg,OK,0,8,ALTA VERAPAZ,SENAHÚ,16711,CORPORACIÓN MUNICIPAL,23,2,2,0,1,4,244,244,219,219,1,0,50,0,1,26,0,88,52,1
1,2,0,380,380,16,https://resultados2019.blob.core.windows.net/201901/167274.jpg,OK,0,8,ALTA VERAPAZ,SENAHÚ,16727,CORPORACIÓN MUNICIPAL,23,2,2,0,1,4,283,283,258,258,0,6,110,0,3,80,0,49,9,1
1,1,0,380,380,16,https://resultados2019.blob.core.windows.net/201901/167344.jpg,OK,0,8,ALTA VERAPAZ,SENAHÚ,16734,CORPORACIÓN MUNICIPAL,30,2,2,0,1,4,274,274,243,243,0,3,98,0,0,77,0,64,0,1
1,4,1,380,380,16,https://resultados2019.blob.core.windows.net/201901/167294.jpg,OK,0,8,ALTA VERAPAZ,SENAHÚ,16729,CORPORACIÓN MUNICIPAL,17,2,2,0,1,4,267,267,246,246,0,2,92,0,3,69,0,61,19,0
0,7,0,380,380,16,https://resultados2019.blob.core.windows.net/201901/167534.jpg,OK,0,8,ALTA VERAPAZ,SENAHÚ,16753,CORPORACIÓN MUNICIPAL,7,2,2,0,1,4,291,290,276,276,1,1,44,8,1,49,0,130,40,2
1,10,0,380,380,16,https://resultados2019.blob.core.windows.net/201901/167544.jpg,OK,0,8,ALTA VERAPAZ,SENAHÚ,16754,CORPORACIÓN MUNICIPAL,17,2,2,0,1,4,306,306,279,279,1,1,47,28,2,52,0,93,54,1
0,3,0,380,379,16,https://resultados2019.blob.core.windows.net/201901/167314.jpg,OK,0,8,ALTA VERAPAZ,SENAHÚ,16731,CORPORACIÓN MUNICIPAL,15,2,2,0,1,4,309,303,285,291,0,1,96,0,2,87,1,82,15,1
0,3,0,380,380,16,https://resultados2019.blob.core.windows.net/201901/167454.jpg,OK,0,8,ALTA VERAPAZ,SENAHÚ,16745,CORPORACIÓN MUNICIPAL,29,2,2,0,1,4,0,300,268,268,1,0,98,1,2,32,0,108,26,0
1,0,1,380,380,16,https://resultados2019.blob.core.windows.net/201901/167384.jpg,OK,0,8,ALTA VERAPAZ,SENAHÚ,16738,CORPORACIÓN MUNICIPAL,11,2,2,0,1,4,312,312,301,301,0,1,79,2,1,81,0,68,68,1
1,2,0,225,225,16,https://resultados2019.blob.core.windows.net/201901/167434.jpg,OK,0,8,ALTA VERAPAZ,SENAHÚ,16743,CORPORACIÓN MUNICIPAL,6,2,2,0,1,4,146,146,138,138,0,4,24,0,1,42,0,32,35,0
1,2,1,383,383,16,https://resultados2019.blob.core.windows.net/201901/167884.jpg,OK,0,8,ALTA VERAPAZ,SENAHÚ,16788,CORPORACIÓN MUNICIPAL,3,2,2,0,1,4,98,98,93,93,1,1,22,0,2,10,1,47,9,0
1,4,1,400,400,16,https://resultados2019.blob.core.windows.net/201901/167054.jpg,OK,0,8,ALTA VERAPAZ,SENAHÚ,16705,CORPORACIÓN MUNICIPAL,10,2,2,0,1,4,338,338,324,324,0,0,83,0,2,79,0,114,46,0
1,4,0,380,380,16,https://resultados2019.blob.core.windows.net/201901/167844.jpg,OK,0,8,ALTA VERAPAZ,SENAHÚ,16784,CORPORACIÓN MUNICIPAL,17,2,2,0,1,4,271,271,250,250,1,5,117,0,0,71,2,39,15,0
0,3,0,380,380,16,https://resultados2019.blob.core.windows.net/201901/167414.jpg,OK,10,8,ALTA VERAPAZ,SENAHÚ,16741,CORPORACIÓN MUNICIPAL,7,2,2,0,1,4,201,211,201,201,0,6,36,0,0,83,1,48,27,0
1,1,2,400,400,16,https://resultados2019.blob.core.windows.net/201901/167144.jpg,OK,0,8,ALTA VERAPAZ,SENAHÚ,16714,CORPORACIÓN MUNICIPAL,26,2,2,0,1,4,281,281,254,254,2,1,74,0,3,52,0,97,25,0
1,2,0,400,400,16,https://resultados2019.blob.core.windows.net/201901/167174.jpg,OK,0,8,ALTA VERAPAZ,SENAHÚ,16717,CORPORACIÓN MUNICIPAL,21,2,2,0,1,4,269,269,246,246,0,2,62,0,1,35,0,112,34,0
1,4,1,380,380,16,https://resultados2019.blob.core.windows.net/201901/167734.jpg,OK,0,8,ALTA VERAPAZ,SENAHÚ,16773,CORPORACIÓN MUNICIPAL,19,2,2,0,1,4,286,286,263,263,0,1,61,3,10,54,1,118,15,0
1,3,0,400,396,16,https://resultados2019.blob.core.windows.net/201901/167044.jpg,OK,0,8,ALTA VERAPAZ,SENAHÚ,16704,CORPORACIÓN MUNICIPAL,15,2,2,0,1,4,299,299,281,281,1,1,70,0,1,61,0,98,49,0
0,5,0,380,371,16,https://resultados2019.blob.core.windows.net/201901/167234.jpg,OK,0,8,ALTA VERAPAZ,SENAHÚ,16723,CORPORACIÓN MUNICIPAL,10,2,2,0,1,4,262,261,246,247,0,3,84,1,2,68,0,76,11,1
1,3,0,359,359,16,https://resultados2019.blob.core.windows.net/201901/167354.jpg,OK,6,8,ALTA VERAPAZ,SENAHÚ,16735,CORPORACIÓN MUNICIPAL,0,2,2,0,1,4,253,253,250,250,0,4,80,0,1,93,1,65,6,0
1,1,1,400,396,16,https://resultados2019.blob.core.windows.net/201901/166984.jpg,OK,0,8,ALTA VERAPAZ,SENAHÚ,16698,CORPORACIÓN MUNICIPAL,11,2,2,0,1,4,239,239,227,227,0,0,41,1,2,51,1,111,16,4
0,3,1,205,205,16,https://resultados2019.blob.core.windows.net/201901/167584.jpg,OK,0,8,ALTA VERAPAZ,SENAHÚ,16758,CORPORACIÓN MUNICIPAL,9,2,2,0,1,4,133,132,120,120,1,0,39,6,0,20,0,39,15,0
1,3,1,380,380,16,https://resultados2019.blob.core.windows.net/201901/167264.jpg,OK,13,8,ALTA VERAPAZ,SENAHÚ,16726,CORPORACIÓN MUNICIPAL,0,2,2,0,1,4,251,251,248,248,0,6,82,2,1,72,0,61,24,0
0,10,0,325,325,16,https://resultados2019.blob.core.windows.net/201901/167504.jpg,OK,0,8,ALTA VERAPAZ,SENAHÚ,16750,CORPORACIÓN MUNICIPAL,5,2,2,0,1,4,233,242,227,227,0,1,80,4,1,62,0,60,18,1
1,7,0,380,380,16,https://resultados2019.blob.core.windows.net/201901/167674.jpg,OK,0,8,ALTA VERAPAZ,SENAHÚ,16767,CORPORACIÓN MUNICIPAL,23,2,2,0,1,4,270,270,240,240,2,12,32,10,3,63,0,95,22,1
1,2,0,400,400,16,https://resultados2019.blob.core.windows.net/201901/166944.jpg,OK,0,8,ALTA VERAPAZ,SENAHÚ,16694,CORPORACIÓN MUNICIPAL,11,2,2,0,1,4,348,348,335,335,2,0,71,6,3,46,2,172,32,1
1,8,1,380,378,16,https://resultados2019.blob.core.windows.net/201901/167514.jpg,OK,1,8,ALTA VERAPAZ,SENAHÚ,16751,CORPORACIÓN MUNICIPAL,23,2,2,0,1,4,277,277,246,246,6,2,109,4,3,39,0,67,14,2
1,4,0,276,276,16,https://resultados2019.blob.core.windows.net/201901/167654.jpg,OK,0,8,ALTA VERAPAZ,SENAHÚ,16765,CORPORACIÓN MUNICIPAL,29,2,2,0,1,4,186,186,153,153,0,3,42,0,1,44,0,36,27,0
1,2,0,400,394,16,https://resultados2019.blob.core.windows.net/201901/166874.jpg,OK,0,8,ALTA VERAPAZ,SENAHÚ,16687,CORPORACIÓN MUNICIPAL,22,2,2,0,1,4,277,277,253,253,3,1,51,4,2,48,0,131,10,3
1,2,0,400,400,16,https://resultados2019.blob.core.windows.net/201901/166924.jpg,OK,0,8,ALTA VERAPAZ,SENAHÚ,16692,CORPORACIÓN MUNICIPAL,25,2,2,0,1,4,281,281,254,254,1,1,62,1,1,25,1,119,40,3
1,3,0,380,380,16,https://resultados2019.blob.core.windows.net/201901/167754.jpg,OK,0,8,ALTA VERAPAZ,SENAHÚ,16775,CORPORACIÓN MUNICIPAL,18,2,2,0,1,4,313,313,292,292,1,1,130,1,12,43,0,87,17,0
1,1,0,380,378,16,https://resultados2019.blob.core.windows.net/201901/167254.jpg,OK,0,8,ALTA VERAPAZ,SENAHÚ,16725,CORPORACIÓN MUNICIPAL,11,2,2,0,1,4,254,254,242,242,0,3,90,1,2,65,0,64,17,0
1,12,0,380,373,16,https://resultados2019.blob.core.windows.net/201901/167554.jpg,OK,0,8,ALTA VERAPAZ,SENAHÚ,16755,CORPORACIÓN MUNICIPAL,17,2,2,0,1,4,324,324,295,295,1,3,65,10,2,60,0,87,64,3
1,4,0,380,380,16,https://resultados2019.blob.core.windows.net/201901/167604.jpg,OK,0,8,ALTA VERAPAZ,SENAHÚ,16760,CORPORACIÓN MUNICIPAL,23,2,2,0,1,4,241,241,214,214,0,8,74,2,1,56,0,40,33,0
0,6,6,206,206,16,https://resultados2019.blob.core.windows.net/201901/167574.jpg,OK,71,8,ALTA VERAPAZ,SENAHÚ,16757,CORPORACIÓN MUNICIPAL,4,2,2,0,1,4,129,129,119,129,3,0,40,3,0,18,0,39,16,0
0,2,0,380,380,16,https://resultados2019.blob.core.windows.net/201901/167374.jpg,OK,0,8,ALTA VERAPAZ,SENAHÚ,16737,CORPORACIÓN MUNICIPAL,8,2,2,0,1,4,288,287,277,278,2,5,62,3,1,102,1,48,52,1
1,4,0,380,380,16,https://resultados2019.blob.core.windows.net/201901/167614.jpg,OK,0,8,ALTA VERAPAZ,SENAHÚ,16761,CORPORACIÓN MUNICIPAL,22,2,2,0,1,4,285,285,259,259,0,19,90,1,2,68,0,48,31,0
1,1,0,400,397,16,https://resultados2019.blob.core.windows.net/201901/166994.jpg,OK,0,8,ALTA VERAPAZ,SENAHÚ,16699,CORPORACIÓN MUNICIPAL,10,2,2,0,1,4,253,253,242,242,3,2,37,3,4,42,1,138,12,0
1,3,0,276,276,16,https://resultados2019.blob.core.windows.net/201901/167664.jpg,OK,0,8,ALTA VERAPAZ,SENAHÚ,16766,CORPORACIÓN MUNICIPAL,19,2,2,0,1,4,181,181,159,159,0,5,54,1,1,36,0,38,24,0
1,2,0,205,205,16,https://resultados2019.blob.core.windows.net/201901/167864.jpg,OK,0,8,ALTA VERAPAZ,SENAHÚ,16786,CORPORACIÓN MUNICIPAL,9,2,2,0,1,4,166,166,155,155,0,2,51,2,0,55,0,41,3,1
1,0,0,312,310,16,https://resultados2019.blob.core.windows.net/201901/167214.jpg,OK,0,8,ALTA VERAPAZ,SENAHÚ,16721,CORPORACIÓN MUNICIPAL,3,2,2,0,1,4,206,206,203,203,0,1,54,0,1,35,1,81,30,0
1,1,0,400,400,16,https://resultados2019.blob.core.windows.net/201901/166964.jpg,OK,0,8,ALTA VERAPAZ,SENAHÚ,16696,CORPORACIÓN MUNICIPAL,9,2,2,0,1,4,256,256,246,246,3,0,52,1,3,41,2,127,17,0
1,5,0,380,380,16,https://resultados2019.blob.core.windows.net/201901/167824.jpg,OK,0,8,ALTA VERAPAZ,SENAHÚ,16782,CORPORACIÓN MUNICIPAL,23,2,2,0,1,4,299,299,271,271,0,3,86,7,1,110,1,53,9,1
0,2,0,315,315,16,https://resultados2019.blob.core.windows.net/201901/167714.jpg,OK,0,8,ALTA VERAPAZ,SENAHÚ,16771,CORPORACIÓN MUNICIPAL,12,2,2,0,1,4,195,194,180,180,1,7,32,6,1,26,0,88,16,3
1,2,0,358,358,16,https://resultados2019.blob.core.windows.net/201901/167364.jpg,OK,0,8,ALTA VERAPAZ,SENAHÚ,16736,CORPORACIÓN MUNICIPAL,7,2,2,0,1,4,260,260,251,251,0,5,88,0,2,74,0,74,8,0
1,6,0,400,396,16,https://resultados2019.blob.core.windows.net/201901/167034.jpg,OK,0,8,ALTA VERAPAZ,SENAHÚ,16703,CORPORACIÓN MUNICIPAL,21,2,2,0,1,4,266,266,239,239,0,1,54,2,2,45,1,90,40,4
1,2,0,311,311,16,https://resultados2019.blob.core.windows.net/201901/167224.jpg,OK,0,8,ALTA VERAPAZ,SENAHÚ,16722,CORPORACIÓN MUNICIPAL,14,2,2,0,1,4,201,201,185,185,0,2,40,1,1,37,0,71,32,1
1,2,0,380,380,16,https://resultados2019.blob.core.windows.net/201901/167774.jpg,OK,1,8,ALTA VERAPAZ,SENAHÚ,16777,CORPORACIÓN MUNICIPAL,13,2,2,0,1,4,313,313,298,298,1,0,133,3,5,70,0,67,18,1
1,7,0,380,380,16,https://resultados2019.blob.core.windows.net/201901/167524.jpg,OK,0,8,ALTA VERAPAZ,SENAHÚ,16752,CORPORACIÓN MUNICIPAL,28,2,2,0,1,4,283,283,248,248,6,0,109,3,8,37,0,66,18,1
1,1,0,269,269,16,https://resultados2019.blob.core.windows.net/201901/167014.jpg,OK,0,8,ALTA VERAPAZ,SENAHÚ,16701,CORPORACIÓN MUNICIPAL,3,2,2,0,1,4,166,166,162,162,0,0,26,2,0,45,0,80,9,0
1,3,0,380,380,16,https://resultados2019.blob.core.windows.net/201901/167784.jpg,OK,0,8,ALTA VERAPAZ,SENAHÚ,16778,CORPORACIÓN MUNICIPAL,11,2,2,0,1,4,245,245,231,231,2,1,74,3,4,46,1,75,22,3
1,7,0,380,373,16,https://resultados2019.blob.core.windows.net/201901/167684.jpg,OK,0,8,ALTA VERAPAZ,SENAHÚ,16768,CORPORACIÓN MUNICIPAL,18,2,2,0,1,4,267,267,242,242,3,10,20,2,2,28,0,136,40,1
1,1,0,380,380,16,https://resultados2019.blob.core.windows.net/201901/167484.jpg,OK,0,8,ALTA VERAPAZ,SENAHÚ,16748,CORPORACIÓN MUNICIPAL,15,2,2,0,1,4,304,304,288,288,0,0,63,7,8,61,0,91,58,0
1,0,0,380,380,16,https://resultados2019.blob.core.windows.net/201901/167244.jpg,OK,0,8,ALTA VERAPAZ,SENAHÚ,16724,CORPORACIÓN MUNICIPAL,15,2,2,0,1,4,245,245,230,230,0,4,72,1,1,68,0,64,20,0
1,7,0,380,380,16,https://resultados2019.blob.core.windows.net/201901/167634.jpg,OK,0,8,ALTA VERAPAZ,SENAHÚ,16763,CORPORACIÓN MUNICIPAL,24,2,2,0,1,4,254,254,223,223,1,14,75,2,2,46,0,47,35,1
1,2,0,380,380,16,https://resultados2019.blob.core.windows.net/201901/167764.jpg,OK,0,8,ALTA VERAPAZ,SENAHÚ,16776,CORPORACIÓN MUNICIPAL,7,2,2,0,1,4,310,310,301,301,1,4,101,5,6,60,0,92,32,0
1,0,0,268,268,16,https://resultados2019.blob.core.windows.net/201901/167024.jpg,OK,0,8,ALTA VERAPAZ,SENAHÚ,16702,CORPORACIÓN MUNICIPAL,3,2,2,0,1,4,160,160,157,157,0,0,36,0,1,37,1,74,8,0
1,4,0,400,400,16,https://resultados2019.blob.core.windows.net/201901/166914.jpg,OK,0,8,ALTA VERAPAZ,SENAHÚ,16691,CORPORACIÓN MUNICIPAL,17,2,2,0,1,4,303,303,282,282,1,0,58,0,2,46,1,132,41,1
1,5,0,380,380,16,https://resultados2019.blob.core.windows.net/201901/167464.jpg,OK,0,8,ALTA VERAPAZ,SENAHÚ,16746,CORPORACIÓN MUNICIPAL,17,2,2,0,1,4,323,323,301,301,2,2,111,2,3,63,1,90,27,0
1,2,2,380,376,16,https://resultados2019.blob.core.windows.net/201901/167304.jpg,OK,0,8,ALTA VERAPAZ,SENAHÚ,16730,CORPORACIÓN MUNICIPAL,11,2,2,0,1,4,250,250,237,237,0,1,85,1,0,77,0,59,14,0
1,4,1,380,380,16,https://resultados2019.blob.core.windows.net/201901/167334.jpg,OK,0,8,ALTA VERAPAZ,SENAHÚ,16733,CORPORACIÓN MUNICIPAL,16,2,2,0,1,4,267,267,247,247,0,1,95,2,1,72,0,66,10,0
1,4,0,380,376,16,https://resultados2019.blob.core.windows.net/201901/167744.jpg,OK,0,8,ALTA VERAPAZ,SENAHÚ,16774,CORPORACIÓN MUNICIPAL,19,2,2,0,1,4,309,309,286,286,0,0,93,1,7,55,0,108,22,0
1,1,0,380,380,16,https://resultados2019.blob.core.windows.net/201901/167834.jpg,OK,0,8,ALTA VERAPAZ,SENAHÚ,16783,CORPORACIÓN MUNICIPAL,20,2,1,0,1,4,287,287,266,266,1,4,98,3,1,90,0,60,8,1
1,4,0,400,396,16,https://resultados2019.blob.core.windows.net/201901/167184.jpg,OK,0,8,ALTA VERAPAZ,SENAHÚ,16718,CORPORACIÓN MUNICIPAL,12,2,2,0,1,4,252,252,236,236,1,0,72,2,1,37,0,90,31,2
0,1,1,325,325,16,https://resultados2019.blob.core.windows.net/201901/167494.jpg,OK,0,8,ALTA VERAPAZ,SENAHÚ,16749,CORPORACIÓN MUNICIPAL,5,2,2,0,1,4,220,219,213,213,0,1,68,3,2,38,1,75,24,1
0,2,0,400,400,16,https://resultados2019.blob.core.windows.net/201901/167004.jpg,OK,0,8,ALTA VERAPAZ,SENAHÚ,16700,CORPORACIÓN MUNICIPAL,9,2,2,0,1,4,259,261,250,250,1,2,47,0,3,36,2,147,11,1
1,11,0,380,380,16,https://resultados2019.blob.core.windows.net/201901/167694.jpg,OK,0,8,ALTA VERAPAZ,SENAHÚ,16769,CORPORACIÓN MUNICIPAL,25,2,2,0,1,4,284,284,248,248,3,22,41,4,3,33,1,102,38,1
1,4,1,380,380,16,https://resultados2019.blob.core.windows.net/201901/167424.jpg,OK,0,8,ALTA VERAPAZ,SENAHÚ,16742,CORPORACIÓN MUNICIPAL,10,2,2,0,1,4,263,263,249,249,2,5,41,0,2,85,1,55,58,0
1,2,0,400,399,16,https://resultados2019.blob.core.windows.net/201901/167194.jpg,OK,0,8,ALTA VERAPAZ,SENAHÚ,16719,CORPORACIÓN MUNICIPAL,14,2,2,0,1,4,245,245,229,229,1,2,45,0,0,45,2,101,32,1
1,0,0,400,400,16,https://resultados2019.blob.core.windows.net/201901/166974.jpg,OK,0,8,ALTA VERAPAZ,SENAHÚ,16697,CORPORACIÓN MUNICIPAL,15,2,2,0,1,4,266,266,251,251,3,1,60,2,2,50,1,107,22,3
1,6,1,380,380,16,https://resultados2019.blob.core.windows.net/201901/167284.jpg,OK,0,8,ALTA VERAPAZ,SENAHÚ,16728,CORPORACIÓN MUNICIPAL,25,2,2,0,1,4,295,295,264,264,0,5,76,1,1,70,2,72,37,0
1,0,1,205,205,16,https://resultados2019.blob.core.windows.net/201901/167874.jpg,OK,0,8,ALTA VERAPAZ,SENAHÚ,16787,CORPORACIÓN MUNICIPAL,6,2,2,0,1,4,135,135,129,129,0,1,34,0,0,48,0,42,4,0
1,6,0,380,380,16,https://resultados2019.blob.core.windows.net/201901/167564.jpg,OK,0,8,ALTA VERAPAZ,SENAHÚ,16756,CORPORACIÓN MUNICIPAL,18,2,2,0,1,4,248,248,224,224,3,1,77,5,4,33,1,65,32,3
1,2,2,208,208,16,https://resultados2019.blob.core.windows.net/201901/167804.jpg,OK,0,8,ALTA VERAPAZ,SENAHÚ,16780,CORPORACIÓN MUNICIPAL,2,2,2,0,1,4,163,163,159,159,1,0,71,2,1,35,0,44,5,0
1,0,0,382,354,16,https://resultados2019.blob.core.windows.net/201901/167894.jpg,OK,0,8,ALTA VERAPAZ,SENAHÚ,16789,CORPORACIÓN MUNICIPAL,3,2,2,0,1,4,73,73,70,70,1,2,21,2,1,9,0,27,7,0
1,2,0,380,380,16,https://resultados2019.blob.core.windows.net/201901/167404.jpg,OK,0,8,ALTA VERAPAZ,SENAHÚ,16740,CORPORACIÓN MUNICIPAL,16,2,2,0,1,4,297,297,279,279,3,0,72,2,0,89,0,47,66,0
1,2,0,400,396,16,https://resultados2019.blob.core.windows.net/201901/166894.jpg,OK,0,8,ALTA VERAPAZ,SENAHÚ,16689,CORPORACIÓN MUNICIPAL,25,2,2,0,1,4,306,306,279,279,2,0,104,1,3,34,0,96,36,3
1,1,0,400,396,16,https://resultados2019.blob.core.windows.net/201901/167164.jpg,OK,0,8,ALTA VERAPAZ,SENAHÚ,16716,CORPORACIÓN MUNICIPAL,10,2,2,0,1,4,283,283,272,272,0,2,66,0,1,47,0,118,38,0
1,2,0,400,396,16,https://resultados2019.blob.core.windows.net/201901/167074.jpg,OK,0,8,ALTA VERAPAZ,SENAHÚ,16707,CORPORACIÓN MUNICIPAL,21,2,2,0,1,4,304,304,281,281,1,2,72,0,2,34,1,137,32,0
1,1,0,400,400,16,https://resultados2019.blob.core.windows.net/201901/166884.jpg,OK,0,8,ALTA VERAPAZ,SENAHÚ,16688,CORPORACIÓN MUNICIPAL,18,2,2,0,1,4,286,286,267,267,2,0,80,1,2,19,0,128,35,0
1,3,0,225,225,16,https://resultados2019.blob.core.windows.net/201901/167444.jpg,OK,0,8,ALTA VERAPAZ,SENAHÚ,16744,CORPORACIÓN MUNICIPAL,4,2,2,0,1,4,161,161,154,154,1,1,28,0,0,55,0,27,42,0
0,9,1,380,380,16,https://resultados2019.blob.core.windows.net/201901/167644.jpg,OK,0,8,ALTA VERAPAZ,SENAHÚ,16764,CORPORACIÓN MUNICIPAL,24,2,2,0,1,4,249,248,215,216,0,7,82,1,1,48,1,48,25,2
1,2,0,380,377,16,https://resultados2019.blob.core.windows.net/201901/167324.jpg,OK,0,8,ALTA VERAPAZ,SENAHÚ,16732,CORPORACIÓN MUNICIPAL,12,2,2,0,1,4,298,298,284,284,0,5,97,0,2,96,0,67,15,2
1,6,0,314,314,16,https://resultados2019.blob.core.windows.net/201901/167724.jpg,OK,0,8,ALTA VERAPAZ,SENAHÚ,16772,CORPORACIÓN MUNICIPAL,5,2,2,0,1,4,179,179,168,168,0,6,27,4,2,25,0,90,14,0
1,3,0,380,380,16,https://resultados2019.blob.core.windows.net/201901/167624.jpg,OK,0,8,ALTA VERAPAZ,SENAHÚ,16762,CORPORACIÓN MUNICIPAL,27,2,2,0,1,4,269,269,239,239,1,6,82,2,1,57,1,50,38,1
1,5,1,400,400,16,https://resultados2019.blob.core.windows.net/201901/167134.jpg,OK,0,8,ALTA VERAPAZ,SENAHÚ,16713,CORPORACIÓN MUNICIPAL,16,2,2,0,1,4,321,321,300,300,0,0,63,1,0,20,1,187,28,0
1,3,1,380,376,16,https://resultados2019.blob.core.windows.net/201901/167594.jpg,OK,0,8,ALTA VERAPAZ,SENAHÚ,16759,CORPORACIÓN MUNICIPAL,27,2,2,0,1,4,258,258,228,228,2,7,76,1,1,28,1,51,60,1
0,4,0,400,400,16,https://resultados2019.blob.core.windows.net/201901/166904.jpg,OK,0,8,ALTA VERAPAZ,SENAHÚ,16690,CORPORACIÓN MUNICIPAL,13,2,2,0,1,4,280,280,263,280,1,2,77,1,3,28,1,101,48,1
1,1,0,208,208,16,https://resultados2019.blob.core.windows.net/201901/167794.jpg,OK,0,8,ALTA VERAPAZ,SENAHÚ,16779,CORPORACIÓN MUNICIPAL,9,2,2,0,1,4,153,153,143,143,0,0,48,2,3,28,3,54,5,0
1,4,0,400,396,16,https://resultados2019.blob.core.windows.net/201901/167094.jpg,OK,0,8,ALTA VERAPAZ,SENAHÚ,16709,CORPORACIÓN MUNICIPAL,10,2,2,0,1,4,340,340,326,326,0,0,82,1,2,39,2,154,45,1
1,3,0,380,380,16,https://resultados2019.blob.core.windows.net/201901/167474.jpg,OK,0,8,ALTA VERAPAZ,SENAHÚ,16747,CORPORACIÓN MUNICIPAL,11,2,2,0,1,4,318,318,304,304,0,0,118,6,2,58,0,80,40,0
1,6,1,380,380,16,https://resultados2019.blob.core.windows.net/201901/167704.jpg,OK,0,8,ALTA VERAPAZ,SENAHÚ,16770,CORPORACIÓN MUNICIPAL,18,2,2,0,1,4,292,292,268,268,1,7,79,1,3,41,0,119,15,2
1,6,0,400,396,16,https://resultados2019.blob.core.windows.net/201901/167124.jpg,OK,0,8,ALTA VERAPAZ,SENAHÚ,16712,CORPORACIÓN MUNICIPAL,23,2,2,0,1,4,321,321,292,292,0,0,94,4,2,45,0,106,41,0
1,3,0,380,380,16,https://resultados2019.blob.core.windows.net/201901/167854.jpg,OK,0,8,ALTA VERAPAZ,SENAHÚ,16785,CORPORACIÓN MUNICIPAL,19,2,2,0,1,4,299,299,277,277,1,3,91,4,3,93,0,71,10,1
1,2,1,400,393,16,https://resultados2019.blob.core.windows.net/201901/167104.jpg,OK,0,8,ALTA VERAPAZ,SENAHÚ,16710,CORPORACIÓN MUNICIPAL,12,2,2,0,1,4,302,302,288,288,2,2,67,0,3,53,0,122,36,3
1,2,0,380,380,16,https://resultados2019.blob.core.windows.net/201901/167394.jpg,OK,0,8,ALTA VERAPAZ,SENAHÚ,16739,CORPORACIÓN MUNICIPAL,19,2,2,0,1,4,323,323,302,302,1,2,62,2,2,135,0,57,41,0
1,4,0,400,400,16,https://resultados2019.blob.core.windows.net/201901/167084.jpg,OK,0,8,ALTA VERAPAZ,SENAHÚ,16708,CORPORACIÓN MUNICIPAL,11,2,2,0,1,4,304,304,289,289,2,0,53,0,1,73,0,122,38,0
1,2,0,400,400,16,https://resultados2019.blob.core.windows.net/201901/166954.jpg,OK,0,8,ALTA VERAPAZ,SENAHÚ,16695,CORPORACIÓN MUNICIPAL,13,2,2,0,1,4,297,297,282,282,3,0,51,0,1,56,0,152,19,0
