ACTACUADRA,BLANCOS,CNTIMPUGNA,CNTINSCRITOS,CNTPAPELETAS,DEP,IMGSRC,IMGSTATUS,INVALIDOS,MUN,NDEP,NMUN,NROMESA,NTE,NULOS,STACTA,STESCAN,STFISIC,STTRANS,TIPOELECCION,TOTALACTA,TOTALVOTOS,VOTOSVALIDOS,VOTOSVALIDOSACTA,voto_BIEN,voto_CONVERGENCIA,voto_CREO,voto_FUERZA,voto_PHG,voto_SEMILLA,voto_UNE,voto_UNIONISTA,voto_VAMOS,voto_VIVA
1,5,0,380,380,17,https://resultados2019.blob.core.windows.net/201901/176704.jpg,OK,0,4,PETÉN,SAN ANDRÉS,17670,CORPORACIÓN MUNICIPAL,5,2,2,0,1,4,235,235,225,225,35,1,8,2,5,1,128,0,24,21
1,5,0,544,444,17,https://resultados2019.blob.core.windows.net/201901/176964.jpg,OK,0,4,PETÉN,SAN ANDRÉS,17696,CORPORACIÓN MUNICIPAL,5,2,2,0,1,4,103,103,93,93,29,1,14,1,3,3,20,1,17,4
1,4,0,400,394,17,https://resultados2019.blob.core.windows.net/201901/176564.jpg,OK,0,4,PETÉN,SAN ANDRÉS,17656,CORPORACIÓN MUNICIPAL,10,2,2,0,1,4,235,235,221,221,84,0,44,2,12,5,19,0,52,3
1,5,0,242,242,17,https://resultados2019.blob.core.windows.net/201901/176674.jpg,OK,0,4,PETÉN,SAN ANDRÉS,17667,CORPORACIÓN MUNICIPAL,1,2,2,0,1,4,162,162,156,156,65,2,24,0,5,2,9,0,44,5
1,6,0,380,380,17,https://resultados2019.blob.core.windows.net/201901/176814.jpg,OK,0,4,PETÉN,SAN ANDRÉS,17681,CORPORACIÓN MUNICIPAL,7,2,2,0,1,4,137,137,124,124,18,29,16,0,38,0,8,2,13,0
1,6,0,380,379,17,https://resultados2019.blob.core.windows.net/201901/176754.jpg,OK,0,4,PETÉN,SAN ANDRÉS,17675,CORPORACIÓN MUNICIPAL,9,2,2,0,1,4,178,178,163,163,28,0,12,1,6,0,86,0,22,8
1,2,0,194,194,17,https://resultados2019.blob.core.windows.net/201901/176784.jpg,OK,0,4,PETÉN,SAN ANDRÉS,17678,CORPORACIÓN MUNICIPAL,2,2,2,0,1,4,126,126,122,122,14,1,3,7,2,1,64,0,17,13
1,9,0,400,399,17,https://resultados2019.blob.core.windows.net/201901/176644.jpg,OK,0,4,PETÉN,SAN ANDRÉS,17664,CORPORACIÓN MUNICIPAL,13,2,2,0,1,4,253,253,231,231,78,1,45,4,11,0,16,1,73,2
0,6,0,321,321,17,https://resultados2019.blob.core.windows.net/201901/176904.jpg,OK,0,4,PETÉN,SAN ANDRÉS,17690,CORPORACIÓN MUNICIPAL,19,2,2,0,1,4,164,189,164,164,42,0,72,1,4,5,17,1,19,3
1,12,0,380,376,17,https://resultados2019.blob.core.windows.net/201901/176894.jpg,OK,0,4,PETÉN,SAN ANDRÉS,17689,CORPORACIÓN MUNICIPAL,17,2,2,0,1,4,225,225,196,196,63,2,82,0,4,4,21,0,13,7
1,6,0,400,400,17,https://resultados2019.blob.core.windows.net/201901/176604.jpg,OK,0,4,PETÉN,SAN ANDRÉS,17660,CORPORACIÓN MUNICIPAL,8,2,2,0,1,4,300,300,286,286,107,0,56,2,9,0,16,0,92,4
1,10,0,380,378,17,https://resultados2019.blob.core.windows.net/201901/176884.jpg,OK,0,4,PETÉN,SAN ANDRÉS,17688,CORPORACIÓN MUNICIPAL,15,2,2,0,1,4,223,223,198,198,64,7,72,1,3,2,19,1,19,10
1,7,0,400,400,17,https://resultados2019.blob.core.windows.net/201901/176594.jpg,OK,0,4,PETÉN,SAN ANDRÉS,17659,CORPORACIÓN MUNICIPAL,17,2,2,0,1,4,276,276,252,252,78,1,55,2,6,4,23,2,81,0
1,4,0,400,400,17,https://resultados2019.blob.core.windows.net/201901/176634.jpg,OK,0,4,PETÉN,SAN ANDRÉS,17663,CORPORACIÓN MUNICIPAL,13,2,2,0,1,4,257,257,240,240,98,0,36,0,12,7,24,0,58,5
1,3,0,400,400,17,https://resultados2019.blob.core.windows.net/201901/176584.jpg,OK,0,4,PETÉN,SAN ANDRÉS,17658,CORPORACIÓN MUNICIPAL,4,2,2,0,1,4,292,292,285,285,100,1,49,0,13,5,30,1,84,2
1,3,0,363,363,17,https://resultados2019.blob.core.windows.net/201901/176844.jpg,OK,0,4,PETÉN,SAN ANDRÉS,17684,CORPORACIÓN MUNICIPAL,15,2,2,0,1,4,150,150,132,132,13,33,21,0,40,0,5,2,15,3
1,6,0,380,380,17,https://resultados2019.blob.core.windows.net/201901/176764.jpg,OK,0,4,PETÉN,SAN ANDRÉS,17676,CORPORACIÓN MUNICIPAL,8,2,2,0,1,4,187,187,173,173,24,0,8,6,3,1,97,0,21,13
1,5,0,380,376,17,https://resultados2019.blob.core.windows.net/201901/176744.jpg,OK,0,4,PETÉN,SAN ANDRÉS,17674,CORPORACIÓN MUNICIPAL,13,2,2,0,1,4,226,226,208,208,40,0,18,4,2,2,108,0,22,12
1,12,0,380,375,17,https://resultados2019.blob.core.windows.net/201901/176854.jpg,OK,0,4,PETÉN,SAN ANDRÉS,17685,CORPORACIÓN MUNICIPAL,21,2,2,0,1,4,228,228,195,195,49,4,71,2,2,7,34,1,17,8
1,8,0,232,232,17,https://resultados2019.blob.core.windows.net/201901/176954.jpg,OK,0,4,PETÉN,SAN ANDRÉS,17695,CORPORACIÓN MUNICIPAL,6,2,2,0,1,4,120,120,106,106,39,10,2,1,9,1,24,6,13,1
1,5,0,380,376,17,https://resultados2019.blob.core.windows.net/201901/176874.jpg,OK,0,4,PETÉN,SAN ANDRÉS,17687,CORPORACIÓN MUNICIPAL,13,2,2,0,1,4,233,233,215,215,66,1,67,1,9,8,23,2,29,9
1,9,0,400,400,17,https://resultados2019.blob.core.windows.net/201901/176624.jpg,OK,0,4,PETÉN,SAN ANDRÉS,17662,CORPORACIÓN MUNICIPAL,17,2,2,0,1,4,263,263,237,237,83,0,45,5,8,3,30,0,60,3
1,6,0,380,380,17,https://resultados2019.blob.core.windows.net/201901/176924.jpg,OK,0,4,PETÉN,SAN ANDRÉS,17692,CORPORACIÓN MUNICIPAL,10,2,2,0,1,4,138,138,122,122,38,21,6,0,11,2,24,7,8,5
1,2,0,193,193,17,https://resultados2019.blob.core.windows.net/201901/176794.jpg,OK,0,4,PETÉN,SAN ANDRÉS,17679,CORPORACIÓN MUNICIPAL,4,2,2,0,1,4,90,90,84,84,12,0,4,0,2,0,49,0,15,2
1,10,0,380,376,17,https://resultados2019.blob.core.windows.net/201901/176934.jpg,OK,0,4,PETÉN,SAN ANDRÉS,17693,CORPORACIÓN MUNICIPAL,8,2,2,0,1,4,139,139,121,121,48,19,7,0,7,1,20,6,7,6
1,7,0,380,376,17,https://resultados2019.blob.core.windows.net/201901/176694.jpg,OK,0,4,PETÉN,SAN ANDRÉS,17669,CORPORACIÓN MUNICIPAL,12,2,2,0,1,4,199,199,180,180,30,1,12,10,3,4,83,1,21,15
1,7,0,400,400,17,https://resultados2019.blob.core.windows.net/201901/176614.jpg,OK,11,4,PETÉN,SAN ANDRÉS,17661,CORPORACIÓN MUNICIPAL,4,2,2,0,1,4,244,244,233,233,71,0,46,0,11,5,24,0,75,1
1,7,0,380,380,17,https://resultados2019.blob.core.windows.net/201901/176774.jpg,OK,0,4,PETÉN,SAN ANDRÉS,17677,CORPORACIÓN MUNICIPAL,8,2,2,0,1,4,207,207,192,192,26,2,8,3,0,1,121,0,16,15
1,1,0,400,400,17,https://resultados2019.blob.core.windows.net/201901/176654.jpg,OK,0,4,PETÉN,SAN ANDRÉS,17665,CORPORACIÓN MUNICIPAL,8,2,2,0,1,4,239,239,230,230,80,2,35,0,11,4,15,0,81,2
1,4,0,380,376,17,https://resultados2019.blob.core.windows.net/201901/176824.jpg,OK,0,4,PETÉN,SAN ANDRÉS,17682,CORPORACIÓN MUNICIPAL,17,2,2,0,1,4,135,135,114,114,14,34,14,0,29,1,9,1,12,0
1,10,0,400,396,17,https://resultados2019.blob.core.windows.net/201901/176574.jpg,OK,0,4,PETÉN,SAN ANDRÉS,17657,CORPORACIÓN MUNICIPAL,6,2,2,0,1,4,244,244,228,228,82,1,36,2,9,8,23,0,64,3
1,5,0,320,318,17,https://resultados2019.blob.core.windows.net/201901/176914.jpg,OK,1,4,PETÉN,SAN ANDRÉS,17691,CORPORACIÓN MUNICIPAL,7,2,2,0,1,4,212,212,200,200,77,1,80,1,3,5,18,0,6,9
1,8,0,380,380,17,https://resultados2019.blob.core.windows.net/201901/176804.jpg,OK,0,4,PETÉN,SAN ANDRÉS,17680,CORPORACIÓN MUNICIPAL,9,2,2,0,1,4,154,154,137,137,23,42,20,0,20,1,6,6,18,1
1,7,0,232,203,17,https://resultados2019.blob.core.windows.net/201901/176944.jpg,OK,0,4,PETÉN,SAN ANDRÉS,17694,CORPORACIÓN MUNICIPAL,4,2,2,0,1,4,94,94,83,83,27,16,1,0,11,1,11,8,6,2
1,6,0,380,380,17,https://resultados2019.blob.core.windows.net/201901/176714.jpg,OK,0,4,PETÉN,SAN ANDRÉS,17671,CORPORACIÓN MUNICIPAL,3,2,2,0,1,4,231,231,222,222,25,2,11,1,8,2,132,0,21,20
1,6,0,380,380,17,https://resultados2019.blob.core.windows.net/201901/176684.jpg,OK,0,4,PETÉN,SAN ANDRÉS,17668,CORPORACIÓN MUNICIPAL,16,2,2,0,1,4,208,208,186,186,32,2,18,4,2,2,100,1,17,8
1,7,0,380,379,17,https://resultados2019.blob.core.windows.net/201901/176734.jpg,OK,0,4,PETÉN,SAN ANDRÉS,17673,CORPORACIÓN MUNICIPAL,15,2,2,0,1,4,205,205,183,183,25,2,12,6,5,1,107,0,15,10
1,0,0,242,239,17,https://resultados2019.blob.core.windows.net/201901/176664.jpg,OK,0,4,PETÉN,SAN ANDRÉS,17666,CORPORACIÓN MUNICIPAL,0,2,2,0,1,4,172,172,172,172,64,0,24,2,6,2,11,0,58,5
1,7,0,380,380,17,https://resultados2019.blob.core.windows.net/201901/176724.jpg,OK,0,4,PETÉN,SAN ANDRÉS,17672,CORPORACIÓN MUNICIPAL,10,2,2,0,1,4,205,205,188,188,24,0,7,6,4,1,111,0,19,16
1,7,0,380,380,17,https://resultados2019.blob.core.windows.net/201901/176864.jpg,OK,0,4,PETÉN,SAN ANDRÉS,17686,CORPORACIÓN MUNICIPAL,24,2,2,0,1,4,229,229,198,198,61,2,69,4,4,12,19,0,23,4
1,7,0,364,364,17,https://resultados2019.blob.core.windows.net/201901/176834.jpg,OK,0,4,PETÉN,SAN ANDRÉS,17683,CORPORACIÓN MUNICIPAL,7,2,2,0,1,4,131,131,117,117,12,34,13,3,23,5,9,3,15,0
