ACTACUADRA,BLANCOS,CNTIMPUGNA,CNTINSCRITOS,CNTPAPELETAS,DEP,IMGSRC,IMGSTATUS,INVALIDOS,MUN,NDEP,NMUN,NROMESA,NTE,NULOS,STACTA,STESCAN,STFISIC,STTRANS,TIPOELECCION,TOTALACTA,TOTALVOTOS,VOTOSVALIDOS,VOTOSVALIDOSACTA,voto_BIEN,voto_CREO,voto_FCN-NACION,voto_FUERZA,voto_LIBRE,voto_MLP,voto_MLT,voto_PHG,voto_PODEMOS,voto_SEMILLA,voto_UNE,voto_UNIONISTA,voto_VALOR,voto_VAMOS,voto_WINAQ
1,7,0,380,376,17,https://resultados2019.blob.core.windows.net/201901/177314.jpg,OK,0,5,PETÉN,LA LIBERTAD,17731,CORPORACIÓN MUNICIPAL,5,2,2,0,1,4,161,161,149,149,0,2,20,1,0,3,33,1,1,1,75,0,0,10,2
1,0,0,200,195,17,https://resultados2019.blob.core.windows.net/201901/177644.jpg,OK,0,5,PETÉN,LA LIBERTAD,17764,CORPORACIÓN MUNICIPAL,1,2,2,0,1,4,124,124,123,123,0,0,14,0,0,0,16,2,4,0,83,2,0,1,1
1,3,0,380,380,17,https://resultados2019.blob.core.windows.net/201901/177604.jpg,OK,0,5,PETÉN,LA LIBERTAD,17760,CORPORACIÓN MUNICIPAL,10,2,2,0,1,4,182,182,169,169,1,2,18,2,0,2,20,8,6,2,102,1,0,2,3
1,3,0,400,396,17,https://resultados2019.blob.core.windows.net/201901/177114.jpg,OK,0,5,PETÉN,LA LIBERTAD,17711,CORPORACIÓN MUNICIPAL,12,2,2,0,1,4,215,215,200,200,8,0,88,8,0,6,12,28,0,0,30,13,0,3,4
1,2,0,404,404,17,https://resultados2019.blob.core.windows.net/201901/177854.jpg,OK,0,5,PETÉN,LA LIBERTAD,17785,CORPORACIÓN MUNICIPAL,2,2,2,0,1,4,45,45,41,41,3,0,11,1,0,1,5,8,0,3,8,1,0,0,0
1,4,0,400,400,17,https://resultados2019.blob.core.windows.net/201901/177134.jpg,OK,0,5,PETÉN,LA LIBERTAD,17713,CORPORACIÓN MUNICIPAL,10,2,2,0,1,4,188,188,174,174,6,3,77,3,0,2,18,15,0,0,24,14,1,4,7
1,9,0,380,380,17,https://resultados2019.blob.core.windows.net/201901/177214.jpg,OK,0,5,PETÉN,LA LIBERTAD,17721,CORPORACIÓN MUNICIPAL,11,2,2,0,1,4,237,237,217,217,3,4,32,2,4,5,60,2,0,2,88,2,0,11,2
1,2,0,600,594,17,https://resultados2019.blob.core.windows.net/201901/177834.jpg,OK,0,5,PETÉN,LA LIBERTAD,17783,CORPORACIÓN MUNICIPAL,5,2,2,0,1,4,84,84,77,77,5,0,25,1,0,2,3,12,0,3,18,3,0,2,3
1,5,0,213,213,17,https://resultados2019.blob.core.windows.net/201901/177374.jpg,OK,0,5,PETÉN,LA LIBERTAD,17737,CORPORACIÓN MUNICIPAL,4,2,2,0,1,4,81,81,72,72,1,1,9,1,1,0,14,4,0,1,34,1,0,4,1
1,6,0,400,400,17,https://resultados2019.blob.core.windows.net/201901/177004.jpg,OK,0,5,PETÉN,LA LIBERTAD,17700,CORPORACIÓN MUNICIPAL,21,2,2,0,1,4,243,243,216,216,13,1,82,7,0,0,8,29,2,3,44,12,0,7,8
1,4,0,380,376,17,https://resultados2019.blob.core.windows.net/201901/177544.jpg,OK,0,5,PETÉN,LA LIBERTAD,17754,CORPORACIÓN MUNICIPAL,10,2,2,0,1,4,185,185,171,171,2,1,35,0,1,6,14,3,8,3,95,0,0,1,2
1,5,0,380,380,17,https://resultados2019.blob.core.windows.net/201901/177714.jpg,OK,0,5,PETÉN,LA LIBERTAD,17771,CORPORACIÓN MUNICIPAL,11,2,2,0,1,4,180,180,164,164,4,0,21,4,0,1,14,3,1,1,108,1,0,3,3
1,14,0,380,376,17,https://resultados2019.blob.core.windows.net/201901/177464.jpg,OK,0,5,PETÉN,LA LIBERTAD,17746,CORPORACIÓN MUNICIPAL,18,2,2,0,1,4,177,177,145,145,2,1,18,3,0,1,49,1,0,2,58,1,0,8,1
1,6,0,400,400,17,https://resultados2019.blob.core.windows.net/201901/177074.jpg,OK,0,5,PETÉN,LA LIBERTAD,17707,CORPORACIÓN MUNICIPAL,15,2,2,0,1,4,209,209,188,188,8,0,65,3,0,4,18,34,0,2,33,8,0,6,7
1,11,0,380,377,17,https://resultados2019.blob.core.windows.net/201901/177404.jpg,OK,0,5,PETÉN,LA LIBERTAD,17740,CORPORACIÓN MUNICIPAL,9,2,2,0,1,4,170,170,150,150,2,1,18,2,0,3,41,2,0,1,68,5,0,3,4
1,9,0,380,378,17,https://resultados2019.blob.core.windows.net/201901/177734.jpg,OK,0,5,PETÉN,LA LIBERTAD,17773,CORPORACIÓN MUNICIPAL,9,2,2,0,1,4,182,182,164,164,6,0,31,4,0,3,17,7,0,3,84,2,0,5,2
1,10,0,380,380,17,https://resultados2019.blob.core.windows.net/201901/177204.jpg,OK,1,5,PETÉN,LA LIBERTAD,17720,CORPORACIÓN MUNICIPAL,15,2,2,0,1,4,203,203,178,178,5,8,23,2,1,8,34,4,1,2,75,1,3,10,1
1,8,0,380,378,17,https://resultados2019.blob.core.windows.net/201901/177434.jpg,OK,0,5,PETÉN,LA LIBERTAD,17743,CORPORACIÓN MUNICIPAL,14,2,2,0,1,4,172,172,150,150,2,0,14,0,0,2,53,0,0,2,74,1,0,1,1
1,3,0,400,399,17,https://resultados2019.blob.core.windows.net/201901/177154.jpg,OK,0,5,PETÉN,LA LIBERTAD,17715,CORPORACIÓN MUNICIPAL,3,2,2,0,1,4,206,206,200,200,9,0,76,8,0,5,13,25,0,6,37,11,0,4,6
1,6,0,380,380,17,https://resultados2019.blob.core.windows.net/201901/177584.jpg,OK,11,5,PETÉN,LA LIBERTAD,17758,CORPORACIÓN MUNICIPAL,3,2,2,0,1,4,185,185,176,176,2,3,24,2,0,1,20,5,3,4,105,0,0,4,3
1,5,0,380,380,17,https://resultados2019.blob.core.windows.net/201901/177774.jpg,OK,0,5,PETÉN,LA LIBERTAD,17777,CORPORACIÓN MUNICIPAL,10,2,2,0,1,4,114,114,99,99,2,1,0,1,0,2,0,0,0,0,90,1,0,2,0
1,6,0,380,376,17,https://resultados2019.blob.core.windows.net/201901/177794.jpg,OK,0,5,PETÉN,LA LIBERTAD,17779,CORPORACIÓN MUNICIPAL,12,2,2,0,1,4,148,148,130,130,10,0,13,3,0,0,18,0,1,1,73,3,0,5,3
1,7,0,380,376,17,https://resultados2019.blob.core.windows.net/201901/177664.jpg,OK,1,5,PETÉN,LA LIBERTAD,17766,CORPORACIÓN MUNICIPAL,4,2,1,0,1,4,162,162,151,151,0,0,47,0,0,2,14,1,2,0,81,1,0,1,2
1,7,0,380,376,17,https://resultados2019.blob.core.windows.net/201901/177764.jpg,OK,0,5,PETÉN,LA LIBERTAD,17776,CORPORACIÓN MUNICIPAL,9,2,2,0,1,4,155,155,139,139,6,1,24,3,0,1,17,0,0,3,78,2,0,3,1
1,7,0,380,376,17,https://resultados2019.blob.core.windows.net/201901/177274.jpg,OK,0,5,PETÉN,LA LIBERTAD,17727,CORPORACIÓN MUNICIPAL,4,2,2,0,1,4,197,197,186,186,2,5,34,5,1,4,33,4,0,0,83,3,1,8,3
1,2,0,243,240,17,https://resultados2019.blob.core.windows.net/201901/177494.jpg,OK,0,5,PETÉN,LA LIBERTAD,17749,CORPORACIÓN MUNICIPAL,3,2,2,0,1,4,153,153,148,148,3,0,20,0,0,3,53,2,1,4,52,3,0,5,2
1,6,0,380,376,17,https://resultados2019.blob.core.windows.net/201901/177294.jpg,OK,0,5,PETÉN,LA LIBERTAD,17729,CORPORACIÓN MUNICIPAL,8,2,2,0,1,4,144,144,130,130,1,2,19,3,2,3,33,1,0,0,59,1,0,6,0
1,4,0,380,380,17,https://resultados2019.blob.core.windows.net/201901/177574.jpg,OK,1,5,PETÉN,LA LIBERTAD,17757,CORPORACIÓN MUNICIPAL,9,2,2,0,1,4,174,174,161,161,4,5,28,0,1,1,21,0,6,2,89,1,0,3,0
1,6,0,380,375,17,https://resultados2019.blob.core.windows.net/201901/177264.jpg,OK,0,5,PETÉN,LA LIBERTAD,17726,CORPORACIÓN MUNICIPAL,14,2,2,0,1,4,176,176,156,156,0,4,12,1,0,0,47,1,2,1,71,2,0,11,4
1,5,0,380,376,17,https://resultados2019.blob.core.windows.net/201901/177254.jpg,OK,0,5,PETÉN,LA LIBERTAD,17725,CORPORACIÓN MUNICIPAL,13,2,2,0,1,4,184,184,166,166,0,3,22,3,2,2,41,4,0,0,75,2,0,10,2
1,4,0,380,374,17,https://resultados2019.blob.core.windows.net/201901/177554.jpg,OK,0,5,PETÉN,LA LIBERTAD,17755,CORPORACIÓN MUNICIPAL,10,2,2,0,1,4,178,178,164,164,0,2,19,0,0,2,18,2,13,3,103,0,0,1,1
1,3,0,400,394,17,https://resultados2019.blob.core.windows.net/201901/177064.jpg,OK,0,5,PETÉN,LA LIBERTAD,17706,CORPORACIÓN MUNICIPAL,5,2,2,0,1,4,203,203,195,195,8,0,83,18,0,7,9,30,0,1,30,2,0,2,5
1,3,0,380,374,17,https://resultados2019.blob.core.windows.net/201901/177754.jpg,OK,0,5,PETÉN,LA LIBERTAD,17775,CORPORACIÓN MUNICIPAL,1,2,2,0,1,4,172,172,168,168,10,2,31,3,0,3,12,2,1,0,99,2,0,3,0
1,8,0,400,400,17,https://resultados2019.blob.core.windows.net/201901/176974.jpg,OK,0,5,PETÉN,LA LIBERTAD,17697,CORPORACIÓN MUNICIPAL,14,2,2,0,1,4,207,207,185,185,7,1,71,2,0,5,14,21,0,3,37,9,0,3,12
1,5,0,380,374,17,https://resultados2019.blob.core.windows.net/201901/177804.jpg,OK,0,5,PETÉN,LA LIBERTAD,17780,CORPORACIÓN MUNICIPAL,8,2,2,0,1,4,127,127,114,114,2,0,21,3,0,0,12,0,0,4,66,1,0,4,1
1,2,0,400,399,17,https://resultados2019.blob.core.windows.net/201901/177164.jpg,OK,0,5,PETÉN,LA LIBERTAD,17716,CORPORACIÓN MUNICIPAL,5,2,2,0,1,4,251,251,244,244,5,0,110,6,0,8,16,46,0,5,35,8,0,2,3
1,7,0,380,376,17,https://resultados2019.blob.core.windows.net/201901/177424.jpg,OK,0,5,PETÉN,LA LIBERTAD,17742,CORPORACIÓN MUNICIPAL,16,2,2,0,1,4,177,177,154,154,1,0,25,1,0,4,47,1,0,3,63,2,0,5,2
1,4,0,380,380,17,https://resultados2019.blob.core.windows.net/201901/177304.jpg,OK,5,5,PETÉN,LA LIBERTAD,17730,CORPORACIÓN MUNICIPAL,6,2,2,0,1,4,186,186,176,176,1,6,18,4,0,0,39,1,0,1,96,0,0,9,1
1,9,0,380,376,17,https://resultados2019.blob.core.windows.net/201901/177564.jpg,OK,0,5,PETÉN,LA LIBERTAD,17756,CORPORACIÓN MUNICIPAL,19,2,2,0,1,4,197,197,169,169,3,0,15,2,0,1,19,3,5,5,110,1,0,4,1
1,5,0,400,400,17,https://resultados2019.blob.core.windows.net/201901/177024.jpg,OK,0,5,PETÉN,LA LIBERTAD,17702,CORPORACIÓN MUNICIPAL,14,2,2,0,1,4,250,250,231,231,6,0,87,9,0,12,9,37,0,3,45,12,2,7,2
1,5,0,380,376,17,https://resultados2019.blob.core.windows.net/201901/177324.jpg,OK,0,5,PETÉN,LA LIBERTAD,17732,CORPORACIÓN MUNICIPAL,8,2,2,0,1,4,180,180,167,167,1,1,26,1,0,3,43,2,0,0,81,1,0,7,1
1,8,0,380,376,17,https://resultados2019.blob.core.windows.net/201901/177744.jpg,OK,0,5,PETÉN,LA LIBERTAD,17774,CORPORACIÓN MUNICIPAL,9,2,2,0,1,4,182,182,165,165,5,1,43,3,0,0,14,7,1,1,80,5,0,4,1
1,8,0,380,380,17,https://resultados2019.blob.core.windows.net/201901/177684.jpg,OK,0,5,PETÉN,LA LIBERTAD,17768,CORPORACIÓN MUNICIPAL,6,2,1,0,1,4,195,195,181,181,3,0,53,0,0,1,19,2,0,0,94,2,0,5,2
1,3,0,380,183,17,https://resultados2019.blob.core.windows.net/201901/177234.jpg,OK,0,5,PETÉN,LA LIBERTAD,17723,CORPORACIÓN MUNICIPAL,3,2,2,0,1,4,183,183,177,177,0,3,28,2,1,2,47,5,0,1,76,1,0,10,1
1,3,0,380,376,17,https://resultados2019.blob.core.windows.net/201901/177334.jpg,OK,0,5,PETÉN,LA LIBERTAD,17733,CORPORACIÓN MUNICIPAL,12,2,2,0,1,4,161,161,146,146,1,5,20,1,0,1,30,1,1,0,71,1,0,12,2
1,11,0,380,376,17,https://resultados2019.blob.core.windows.net/201901/177344.jpg,OK,0,5,PETÉN,LA LIBERTAD,17734,CORPORACIÓN MUNICIPAL,11,2,2,0,1,4,205,205,183,183,2,3,18,2,0,1,42,1,1,0,98,3,0,12,0
1,4,0,400,400,17,https://resultados2019.blob.core.windows.net/201901/177084.jpg,OK,0,5,PETÉN,LA LIBERTAD,17708,CORPORACIÓN MUNICIPAL,12,2,2,0,1,4,209,209,193,193,10,0,82,7,0,3,13,22,1,1,34,11,0,4,5
1,2,0,242,242,17,https://resultados2019.blob.core.windows.net/201901/177504.jpg,OK,0,5,PETÉN,LA LIBERTAD,17750,CORPORACIÓN MUNICIPAL,6,2,2,0,1,4,110,110,102,102,1,1,9,0,0,4,34,0,2,1,42,1,0,6,1
1,6,0,380,376,17,https://resultados2019.blob.core.windows.net/201901/177394.jpg,OK,0,5,PETÉN,LA LIBERTAD,17739,CORPORACIÓN MUNICIPAL,10,2,2,0,1,4,190,190,174,174,1,0,22,0,1,4,52,2,2,3,81,1,0,3,2
1,2,0,380,374,17,https://resultados2019.blob.core.windows.net/201901/177354.jpg,OK,0,5,PETÉN,LA LIBERTAD,17735,CORPORACIÓN MUNICIPAL,3,2,2,0,1,4,253,253,248,248,1,3,37,3,1,4,79,3,0,0,104,2,0,9,2
1,6,0,400,400,17,https://resultados2019.blob.core.windows.net/201901/177014.jpg,OK,0,5,PETÉN,LA LIBERTAD,17701,CORPORACIÓN MUNICIPAL,13,2,2,0,1,4,241,241,222,222,7,1,91,3,0,9,10,30,0,2,44,11,0,3,11
1,2,0,302,299,17,https://resultados2019.blob.core.windows.net/201901/177824.jpg,OK,6,5,PETÉN,LA LIBERTAD,17782,CORPORACIÓN MUNICIPAL,0,2,2,0,1,4,146,146,144,144,6,0,20,3,0,1,16,3,0,1,89,0,0,4,1
1,9,0,400,400,17,https://resultados2019.blob.core.windows.net/201901/176994.jpg,OK,0,5,PETÉN,LA LIBERTAD,17699,CORPORACIÓN MUNICIPAL,13,2,2,0,1,4,233,233,211,211,13,1,67,8,0,12,14,18,0,1,45,15,1,4,12
1,6,0,380,380,17,https://resultados2019.blob.core.windows.net/201901/177414.jpg,OK,0,5,PETÉN,LA LIBERTAD,17741,CORPORACIÓN MUNICIPAL,7,2,2,0,1,4,149,149,136,136,0,0,18,1,0,3,52,4,0,1,52,1,1,1,2
1,11,0,380,373,17,https://resultados2019.blob.core.windows.net/201901/177594.jpg,OK,0,5,PETÉN,LA LIBERTAD,17759,CORPORACIÓN MUNICIPAL,14,2,2,0,1,4,178,178,153,153,3,1,17,1,1,1,12,1,3,0,109,3,0,1,0
1,8,0,380,376,17,https://resultados2019.blob.core.windows.net/201901/177474.jpg,OK,0,5,PETÉN,LA LIBERTAD,17747,CORPORACIÓN MUNICIPAL,16,2,2,0,1,4,168,168,144,144,2,0,19,0,0,1,51,0,0,3,62,0,0,3,3
1,9,0,380,380,17,https://resultados2019.blob.core.windows.net/201901/177194.jpg,OK,21,5,PETÉN,LA LIBERTAD,17719,CORPORACIÓN MUNICIPAL,12,2,2,0,1,4,177,177,156,156,1,0,21,4,0,0,36,4,1,2,72,2,0,11,2
1,4,0,400,400,17,https://resultados2019.blob.core.windows.net/201901/177094.jpg,OK,0,5,PETÉN,LA LIBERTAD,17709,CORPORACIÓN MUNICIPAL,8,2,2,0,1,4,208,208,196,196,5,0,84,1,0,7,12,27,0,4,40,8,0,1,7
1,10,0,365,365,17,https://resultados2019.blob.core.windows.net/201901/177694.jpg,OK,0,5,PETÉN,LA LIBERTAD,17769,CORPORACIÓN MUNICIPAL,18,2,2,0,1,4,172,172,144,144,5,0,36,1,0,0,15,2,0,2,77,1,0,2,3
1,12,0,400,400,17,https://resultados2019.blob.core.windows.net/201901/176984.jpg,OK,0,5,PETÉN,LA LIBERTAD,17698,CORPORACIÓN MUNICIPAL,17,2,2,0,1,4,219,219,190,190,7,1,71,6,1,5,11,23,1,3,32,15,0,3,11
1,6,0,400,394,17,https://resultados2019.blob.core.windows.net/201901/177104.jpg,OK,0,5,PETÉN,LA LIBERTAD,17710,CORPORACIÓN MUNICIPAL,12,2,2,0,1,4,203,203,185,185,6,1,81,3,0,5,9,24,0,3,33,14,0,1,5
1,4,0,380,380,17,https://resultados2019.blob.core.windows.net/201901/177444.jpg,OK,0,5,PETÉN,LA LIBERTAD,17744,CORPORACIÓN MUNICIPAL,13,2,2,0,1,4,167,167,150,150,4,0,26,0,1,4,39,2,0,5,60,1,0,2,6
1,5,0,380,380,17,https://resultados2019.blob.core.windows.net/201901/177724.jpg,OK,0,5,PETÉN,LA LIBERTAD,17772,CORPORACIÓN MUNICIPAL,8,2,2,0,1,4,186,186,173,173,3,1,31,2,0,3,10,7,0,0,110,2,1,3,0
0,7,0,200,200,17,https://resultados2019.blob.core.windows.net/201901/177654.jpg,OK,3,5,PETÉN,LA LIBERTAD,17765,CORPORACIÓN MUNICIPAL,0,2,2,0,1,4,102,99,92,92,0,1,13,2,0,0,11,1,2,0,58,0,0,2,2
1,6,0,380,380,17,https://resultados2019.blob.core.windows.net/201901/177224.jpg,OK,0,5,PETÉN,LA LIBERTAD,17722,CORPORACIÓN MUNICIPAL,10,2,2,0,1,4,186,186,170,170,0,1,26,0,1,3,41,4,0,2,81,3,1,4,3
1,3,0,340,342,17,https://resultados2019.blob.core.windows.net/201901/177184.jpg,OK,0,5,PETÉN,LA LIBERTAD,17718,CORPORACIÓN MUNICIPAL,7,2,2,0,1,4,142,142,132,132,4,3,51,3,0,5,5,23,0,3,22,6,0,2,5
1,10,0,380,376,17,https://resultados2019.blob.core.windows.net/201901/177524.jpg,OK,0,5,PETÉN,LA LIBERTAD,17752,CORPORACIÓN MUNICIPAL,19,2,2,0,1,4,198,198,169,169,3,1,28,2,0,1,23,3,10,2,89,2,0,4,1
1,8,0,400,400,17,https://resultados2019.blob.core.windows.net/201901/177034.jpg,OK,0,5,PETÉN,LA LIBERTAD,17703,CORPORACIÓN MUNICIPAL,6,2,2,0,1,4,261,261,247,247,12,3,107,11,0,11,10,40,0,1,27,14,0,3,8
1,11,0,380,376,17,https://resultados2019.blob.core.windows.net/201901/177614.jpg,OK,0,5,PETÉN,LA LIBERTAD,17761,CORPORACIÓN MUNICIPAL,13,2,2,0,1,4,175,175,151,151,1,0,15,1,0,1,20,2,4,4,97,2,0,3,1
1,6,0,364,364,17,https://resultados2019.blob.core.windows.net/201901/177704.jpg,OK,0,5,PETÉN,LA LIBERTAD,17770,CORPORACIÓN MUNICIPAL,7,2,1,0,1,4,192,192,179,179,2,0,48,1,0,1,24,2,3,0,95,1,0,2,0
1,7,0,380,376,17,https://resultados2019.blob.core.windows.net/201901/177454.jpg,OK,0,5,PETÉN,LA LIBERTAD,17745,CORPORACIÓN MUNICIPAL,22,2,2,0,1,4,189,189,160,160,1,0,27,2,0,53,0,4,0,6,61,0,0,5,1
1,5,0,380,376,17,https://resultados2019.blob.core.windows.net/201901/177784.jpg,OK,0,5,PETÉN,LA LIBERTAD,17778,CORPORACIÓN MUNICIPAL,18,2,2,0,1,4,174,174,151,151,8,1,26,3,0,0,11,5,0,0,92,1,0,4,0
1,5,0,380,380,17,https://resultados2019.blob.core.windows.net/201901/177674.jpg,OK,0,5,PETÉN,LA LIBERTAD,17767,CORPORACIÓN MUNICIPAL,4,2,1,0,1,4,178,178,169,169,1,0,51,3,0,0,15,1,2,0,90,2,0,0,4
1,9,0,380,376,17,https://resultados2019.blob.core.windows.net/201901/177534.jpg,OK,0,5,PETÉN,LA LIBERTAD,17753,CORPORACIÓN MUNICIPAL,12,2,2,0,1,4,209,209,188,188,1,2,34,1,0,4,25,3,1,3,107,4,0,2,1
0,8,0,380,373,17,https://resultados2019.blob.core.windows.net/201901/177624.jpg,OK,11,5,PETÉN,LA LIBERTAD,17762,CORPORACIÓN MUNICIPAL,0,2,2,0,1,4,170,159,151,151,1,1,15,2,0,0,24,2,5,0,98,1,0,0,2
1,11,0,380,376,17,https://resultados2019.blob.core.windows.net/201901/177284.jpg,OK,0,5,PETÉN,LA LIBERTAD,17728,CORPORACIÓN MUNICIPAL,13,2,2,0,1,4,198,198,174,174,0,4,24,1,1,3,47,0,2,1,80,1,0,10,0
1,2,0,380,380,17,https://resultados2019.blob.core.windows.net/201901/177484.jpg,OK,0,5,PETÉN,LA LIBERTAD,17748,CORPORACIÓN MUNICIPAL,12,2,2,0,1,4,194,194,180,180,0,0,18,0,0,4,67,0,0,5,71,3,0,8,4
1,2,0,341,341,17,https://resultados2019.blob.core.windows.net/201901/177174.jpg,OK,0,5,PETÉN,LA LIBERTAD,17717,CORPORACIÓN MUNICIPAL,3,2,2,0,1,4,220,220,215,215,2,0,108,9,1,2,9,26,0,2,39,12,0,0,5
1,3,0,380,374,17,https://resultados2019.blob.core.windows.net/201901/177634.jpg,OK,0,5,PETÉN,LA LIBERTAD,17763,CORPORACIÓN MUNICIPAL,1,2,2,0,1,4,201,201,197,197,4,1,21,2,0,0,25,4,7,2,127,2,0,2,0
1,6,0,400,394,17,https://resultados2019.blob.core.windows.net/201901/177124.jpg,OK,0,5,PETÉN,LA LIBERTAD,17712,CORPORACIÓN MUNICIPAL,7,2,2,0,1,4,214,214,201,201,8,2,74,4,0,6,13,34,0,1,42,10,0,1,6
1,6,0,380,373,17,https://resultados2019.blob.core.windows.net/201901/177244.jpg,OK,0,5,PETÉN,LA LIBERTAD,17724,CORPORACIÓN MUNICIPAL,6,2,2,0,1,4,175,175,163,163,2,3,21,6,0,3,49,4,0,2,66,2,0,4,1
1,2,0,404,404,17,https://resultados2019.blob.core.windows.net/201901/177864.jpg,OK,0,5,PETÉN,LA LIBERTAD,17786,CORPORACIÓN MUNICIPAL,0,2,2,0,1,4,24,24,22,22,1,0,6,2,0,0,3,2,0,0,5,1,0,0,2
1,12,0,380,380,17,https://resultados2019.blob.core.windows.net/201901/177514.jpg,OK,0,5,PETÉN,LA LIBERTAD,17751,CORPORACIÓN MUNICIPAL,10,2,2,0,1,4,173,173,151,151,2,3,20,2,0,0,17,3,8,3,87,3,0,3,0
1,3,0,380,376,17,https://resultados2019.blob.core.windows.net/201901/177384.jpg,OK,0,5,PETÉN,LA LIBERTAD,17738,CORPORACIÓN MUNICIPAL,10,2,2,0,1,4,189,189,176,176,2,3,20,1,0,5,67,0,2,6,61,1,0,4,4
1,1,0,600,594,17,https://resultados2019.blob.core.windows.net/201901/177844.jpg,OK,0,5,PETÉN,LA LIBERTAD,17784,CORPORACIÓN MUNICIPAL,6,2,2,0,1,4,63,63,56,56,2,1,23,0,0,0,4,7,0,2,11,3,0,3,0
1,3,0,400,400,17,https://resultados2019.blob.core.windows.net/201901/177054.jpg,OK,0,5,PETÉN,LA LIBERTAD,17705,CORPORACIÓN MUNICIPAL,13,2,2,0,1,4,256,256,240,240,9,0,88,6,1,15,17,38,2,3,42,9,0,4,6
1,2,0,303,303,17,https://resultados2019.blob.core.windows.net/201901/177814.jpg,OK,0,5,PETÉN,LA LIBERTAD,17781,CORPORACIÓN MUNICIPAL,3,2,2,0,1,4,131,131,126,126,3,0,12,1,0,0,18,4,0,4,82,0,0,1,1
1,3,0,400,399,17,https://resultados2019.blob.core.windows.net/201901/177144.jpg,OK,0,5,PETÉN,LA LIBERTAD,17714,CORPORACIÓN MUNICIPAL,18,2,2,0,1,4,186,186,165,165,8,2,75,6,0,4,12,18,0,0,27,8,0,0,5
1,9,0,400,400,17,https://resultados2019.blob.core.windows.net/201901/177044.jpg,OK,0,5,PETÉN,LA LIBERTAD,17704,CORPORACIÓN MUNICIPAL,11,2,2,0,1,4,266,266,246,246,7,1,99,7,0,5,16,49,2,2,34,14,1,2,7
1,3,0,214,214,17,https://resultados2019.blob.core.windows.net/201901/177364.jpg,OK,0,5,PETÉN,LA LIBERTAD,17736,CORPORACIÓN MUNICIPAL,9,2,2,0,1,4,125,125,113,113,0,0,18,1,0,2,19,2,0,0,65,0,0,4,2
