ACTACUADRA,BLANCOS,CNTIMPUGNA,CNTINSCRITOS,CNTPAPELETAS,DEP,IMGSRC,IMGSTATUS,INVALIDOS,MUN,NDEP,NMUN,NROMESA,NTE,NULOS,STACTA,STESCAN,STFISIC,STTRANS,TIPOELECCION,TOTALACTA,TOTALVOTOS,VOTOSVALIDOS,VOTOSVALIDOSACTA,voto_FCN-NACION,voto_MLP,voto_UNE,voto_URNG_MAIZ
1,1,0,400,400,17,https://resultados2019.blob.core.windows.net/201901/178034.jpg,OK,0,6,PETÉN,SAN FRANCISCO,17803,CORPORACIÓN MUNICIPAL,3,2,2,0,1,4,281,281,277,277,191,10,73,3
1,7,0,400,400,17,https://resultados2019.blob.core.windows.net/201901/177984.jpg,OK,0,6,PETÉN,SAN FRANCISCO,17798,CORPORACIÓN MUNICIPAL,8,2,2,0,1,4,279,279,264,264,159,16,85,4
1,5,0,400,400,17,https://resultados2019.blob.core.windows.net/201901/177954.jpg,OK,0,6,PETÉN,SAN FRANCISCO,17795,CORPORACIÓN MUNICIPAL,3,2,2,0,1,4,268,268,260,260,164,9,84,3
1,10,0,380,380,17,https://resultados2019.blob.core.windows.net/201901/178094.jpg,OK,0,6,PETÉN,SAN FRANCISCO,17809,CORPORACIÓN MUNICIPAL,15,2,2,0,1,4,236,236,211,211,134,20,55,2
1,1,0,269,269,17,https://resultados2019.blob.core.windows.net/201901/178064.jpg,OK,0,6,PETÉN,SAN FRANCISCO,17806,CORPORACIÓN MUNICIPAL,2,2,2,0,1,4,181,181,178,178,105,6,62,5
1,0,0,400,400,17,https://resultados2019.blob.core.windows.net/201901/178044.jpg,OK,0,6,PETÉN,SAN FRANCISCO,17804,CORPORACIÓN MUNICIPAL,5,2,2,0,1,4,317,317,312,312,217,9,82,4
1,4,0,400,400,17,https://resultados2019.blob.core.windows.net/201901/178004.jpg,OK,0,6,PETÉN,SAN FRANCISCO,17800,CORPORACIÓN MUNICIPAL,9,2,2,0,1,4,262,262,249,249,158,7,82,2
1,8,1,400,400,17,https://resultados2019.blob.core.windows.net/201901/178024.jpg,OK,0,6,PETÉN,SAN FRANCISCO,17802,CORPORACIÓN MUNICIPAL,8,2,2,0,1,4,279,279,263,263,155,17,86,5
1,6,0,380,380,17,https://resultados2019.blob.core.windows.net/201901/178074.jpg,OK,0,6,PETÉN,SAN FRANCISCO,17807,CORPORACIÓN MUNICIPAL,13,2,2,0,1,4,253,253,234,234,147,19,64,4
1,2,0,400,400,17,https://resultados2019.blob.core.windows.net/201901/177884.jpg,OK,0,6,PETÉN,SAN FRANCISCO,17788,CORPORACIÓN MUNICIPAL,15,2,2,0,1,4,294,294,277,277,162,15,95,5
1,7,0,400,400,17,https://resultados2019.blob.core.windows.net/201901/177964.jpg,OK,0,6,PETÉN,SAN FRANCISCO,17796,CORPORACIÓN MUNICIPAL,8,2,2,0,1,4,273,273,258,258,153,9,92,4
1,3,0,324,324,17,https://resultados2019.blob.core.windows.net/201901/178114.jpg,OK,0,6,PETÉN,SAN FRANCISCO,17811,CORPORACIÓN MUNICIPAL,4,2,2,0,1,4,229,229,222,222,150,11,55,6
1,7,0,400,400,17,https://resultados2019.blob.core.windows.net/201901/177904.jpg,OK,0,6,PETÉN,SAN FRANCISCO,17790,CORPORACIÓN MUNICIPAL,8,2,2,0,1,4,284,284,269,269,158,8,97,6
1,2,0,400,400,17,https://resultados2019.blob.core.windows.net/201901/177944.jpg,OK,0,6,PETÉN,SAN FRANCISCO,17794,CORPORACIÓN MUNICIPAL,6,2,2,0,1,4,310,310,302,302,188,17,94,3
1,4,0,400,400,17,https://resultados2019.blob.core.windows.net/201901/177874.jpg,OK,0,6,PETÉN,SAN FRANCISCO,17787,CORPORACIÓN MUNICIPAL,8,2,2,0,1,4,282,282,270,270,162,10,93,5
1,7,0,400,400,17,https://resultados2019.blob.core.windows.net/201901/177914.jpg,OK,0,6,PETÉN,SAN FRANCISCO,17791,CORPORACIÓN MUNICIPAL,7,2,2,0,1,4,305,305,291,291,160,19,109,3
1,2,1,400,400,17,https://resultados2019.blob.core.windows.net/201901/177934.jpg,OK,0,6,PETÉN,SAN FRANCISCO,17793,CORPORACIÓN MUNICIPAL,8,2,2,0,1,4,318,318,308,308,210,13,82,3
1,2,0,380,380,17,https://resultados2019.blob.core.windows.net/201901/178084.jpg,OK,0,6,PETÉN,SAN FRANCISCO,17808,CORPORACIÓN MUNICIPAL,15,2,2,0,1,4,239,239,222,222,131,14,72,5
1,1,0,270,270,17,https://resultados2019.blob.core.windows.net/201901/178054.jpg,OK,0,6,PETÉN,SAN FRANCISCO,17805,CORPORACIÓN MUNICIPAL,2,2,2,0,1,4,214,214,211,211,143,2,61,5
1,5,0,400,400,17,https://resultados2019.blob.core.windows.net/201901/178014.jpg,OK,0,6,PETÉN,SAN FRANCISCO,17801,CORPORACIÓN MUNICIPAL,10,2,2,0,1,4,275,275,260,260,155,9,91,5
1,4,0,325,325,17,https://resultados2019.blob.core.windows.net/201901/178104.jpg,OK,0,6,PETÉN,SAN FRANCISCO,17810,CORPORACIÓN MUNICIPAL,8,2,2,0,1,4,212,212,200,200,134,10,54,2
0,4,0,400,400,17,https://resultados2019.blob.core.windows.net/201901/177894.jpg,OK,0,6,PETÉN,SAN FRANCISCO,17789,CORPORACIÓN MUNICIPAL,10,2,2,0,1,4,280,280,266,263,164,13,85,4
1,6,0,400,400,17,https://resultados2019.blob.core.windows.net/201901/177994.jpg,OK,0,6,PETÉN,SAN FRANCISCO,17799,CORPORACIÓN MUNICIPAL,8,2,2,0,1,4,279,279,265,265,164,17,81,3
1,4,0,400,400,17,https://resultados2019.blob.core.windows.net/201901/177924.jpg,OK,0,6,PETÉN,SAN FRANCISCO,17792,CORPORACIÓN MUNICIPAL,3,2,2,0,1,4,318,318,311,311,175,16,118,2
1,3,1,400,400,17,https://resultados2019.blob.core.windows.net/201901/177974.jpg,OK,0,6,PETÉN,SAN FRANCISCO,17797,CORPORACIÓN MUNICIPAL,8,2,2,0,1,4,285,285,274,274,173,15,84,2
