ACTACUADRA,BLANCOS,CNTIMPUGNA,CNTINSCRITOS,CNTPAPELETAS,DEP,IMGSRC,IMGSTATUS,INVALIDOS,MUN,NDEP,NMUN,NROMESA,NTE,NULOS,STACTA,STESCAN,STFISIC,STTRANS,TIPOELECCION,TOTALACTA,TOTALVOTOS,VOTOSVALIDOS,VOTOSVALIDOSACTA,voto_BIEN,voto_CONVERGENCIA,voto_CREO,voto_FCN-NACION,voto_MLP,voto_UNE,voto_UNIONISTA,voto_VIVA
1,4,0,400,400,17,https://resultados2019.blob.core.windows.net/201901/178694.jpg,OK,0,8,PETÉN,DOLORES,17869,CORPORACIÓN MUNICIPAL,11,2,2,0,1,4,252,252,237,237,75,2,15,16,2,105,1,21
1,5,0,400,400,17,https://resultados2019.blob.core.windows.net/201901/178584.jpg,OK,0,8,PETÉN,DOLORES,17858,CORPORACIÓN MUNICIPAL,8,2,2,0,1,4,247,247,234,234,77,1,17,26,0,99,2,12
1,7,0,380,380,17,https://resultados2019.blob.core.windows.net/201901/178844.jpg,OK,0,8,PETÉN,DOLORES,17884,CORPORACIÓN MUNICIPAL,7,2,2,0,1,4,193,193,179,179,30,5,33,19,2,66,1,23
1,13,0,380,382,17,https://resultados2019.blob.core.windows.net/201901/178824.jpg,OK,0,8,PETÉN,DOLORES,17882,CORPORACIÓN MUNICIPAL,8,2,2,0,1,4,233,233,212,212,20,2,38,19,0,102,1,30
1,6,0,400,400,17,https://resultados2019.blob.core.windows.net/201901/178734.jpg,OK,0,8,PETÉN,DOLORES,17873,CORPORACIÓN MUNICIPAL,21,2,2,0,1,4,209,209,182,182,74,2,11,4,6,76,2,7
1,7,0,400,401,17,https://resultados2019.blob.core.windows.net/201901/178544.jpg,OK,0,8,PETÉN,DOLORES,17854,CORPORACIÓN MUNICIPAL,13,2,2,0,1,4,284,284,264,264,95,1,8,8,8,122,5,17
1,6,0,400,398,17,https://resultados2019.blob.core.windows.net/201901/178674.jpg,OK,0,8,PETÉN,DOLORES,17867,CORPORACIÓN MUNICIPAL,19,2,2,0,1,4,259,259,234,234,80,1,17,13,8,102,2,11
1,8,0,400,400,17,https://resultados2019.blob.core.windows.net/201901/178684.jpg,OK,0,8,PETÉN,DOLORES,17868,CORPORACIÓN MUNICIPAL,18,2,2,0,1,4,272,272,246,246,77,0,17,16,6,117,1,12
1,4,0,400,397,17,https://resultados2019.blob.core.windows.net/201901/178704.jpg,OK,0,8,PETÉN,DOLORES,17870,CORPORACIÓN MUNICIPAL,9,2,2,0,1,4,212,212,199,199,70,1,13,17,2,81,3,12
1,2,0,400,400,17,https://resultados2019.blob.core.windows.net/201901/178594.jpg,OK,0,8,PETÉN,DOLORES,17859,CORPORACIÓN MUNICIPAL,11,2,2,0,1,4,234,234,221,221,101,2,14,9,2,85,2,6
1,0,0,243,240,17,https://resultados2019.blob.core.windows.net/201901/178654.jpg,OK,0,8,PETÉN,DOLORES,17865,CORPORACIÓN MUNICIPAL,0,2,2,0,1,4,173,173,173,173,67,2,11,11,1,74,0,7
1,6,0,378,375,17,https://resultados2019.blob.core.windows.net/201901/178864.jpg,OK,0,8,PETÉN,DOLORES,17886,CORPORACIÓN MUNICIPAL,7,2,2,0,1,4,184,184,171,171,49,0,30,14,2,51,8,17
1,3,0,225,226,17,https://resultados2019.blob.core.windows.net/201901/178794.jpg,OK,0,8,PETÉN,DOLORES,17879,CORPORACIÓN MUNICIPAL,2,2,2,0,1,4,103,103,98,98,10,8,16,14,2,33,5,10
1,12,0,400,400,17,https://resultados2019.blob.core.windows.net/201901/178514.jpg,OK,0,8,PETÉN,DOLORES,17851,CORPORACIÓN MUNICIPAL,9,2,2,0,1,4,248,248,227,227,105,0,11,13,1,77,4,16
1,8,0,400,400,17,https://resultados2019.blob.core.windows.net/201901/178564.jpg,OK,0,8,PETÉN,DOLORES,17856,CORPORACIÓN MUNICIPAL,7,2,2,0,1,4,293,293,278,278,126,0,13,10,4,114,2,9
1,7,0,400,400,17,https://resultados2019.blob.core.windows.net/201901/178724.jpg,OK,0,8,PETÉN,DOLORES,17872,CORPORACIÓN MUNICIPAL,14,2,2,0,1,4,250,250,229,229,72,2,13,21,8,91,5,17
1,7,0,400,400,17,https://resultados2019.blob.core.windows.net/201901/178534.jpg,OK,0,8,PETÉN,DOLORES,17853,CORPORACIÓN MUNICIPAL,16,2,2,0,1,4,273,273,250,250,88,1,16,12,2,99,8,24
1,4,0,226,226,17,https://resultados2019.blob.core.windows.net/201901/178784.jpg,OK,0,8,PETÉN,DOLORES,17878,CORPORACIÓN MUNICIPAL,6,2,2,0,1,4,99,99,89,89,16,10,7,8,2,26,4,16
1,4,0,400,400,17,https://resultados2019.blob.core.windows.net/201901/178614.jpg,OK,0,8,PETÉN,DOLORES,17861,CORPORACIÓN MUNICIPAL,8,2,2,0,1,4,255,255,243,243,89,0,16,9,5,95,4,25
1,3,0,400,400,17,https://resultados2019.blob.core.windows.net/201901/178524.jpg,OK,0,8,PETÉN,DOLORES,17852,CORPORACIÓN MUNICIPAL,9,2,2,0,1,4,268,268,256,256,89,1,10,22,10,105,3,16
1,13,0,380,380,17,https://resultados2019.blob.core.windows.net/201901/178804.jpg,OK,0,8,PETÉN,DOLORES,17880,CORPORACIÓN MUNICIPAL,11,2,2,0,1,4,214,214,190,190,35,3,31,16,3,79,2,21
1,3,0,400,400,17,https://resultados2019.blob.core.windows.net/201901/178604.jpg,OK,0,8,PETÉN,DOLORES,17860,CORPORACIÓN MUNICIPAL,7,2,2,0,1,4,248,248,238,238,106,2,9,8,1,91,7,14
1,2,0,400,400,17,https://resultados2019.blob.core.windows.net/201901/178624.jpg,OK,0,8,PETÉN,DOLORES,17862,CORPORACIÓN MUNICIPAL,12,2,2,0,1,4,233,233,219,219,90,0,12,17,3,78,4,15
1,5,0,346,346,17,https://resultados2019.blob.core.windows.net/201901/178754.jpg,OK,0,8,PETÉN,DOLORES,17875,CORPORACIÓN MUNICIPAL,6,2,2,0,1,4,225,225,214,214,79,1,23,16,3,83,0,9
1,5,0,400,400,17,https://resultados2019.blob.core.windows.net/201901/178574.jpg,OK,0,8,PETÉN,DOLORES,17857,CORPORACIÓN MUNICIPAL,9,2,2,0,1,4,314,314,300,300,110,2,12,10,5,141,9,11
1,13,0,400,398,17,https://resultados2019.blob.core.windows.net/201901/178554.jpg,OK,0,8,PETÉN,DOLORES,17855,CORPORACIÓN MUNICIPAL,11,2,2,0,1,4,272,272,248,248,85,1,17,9,13,109,2,12
1,2,0,243,243,17,https://resultados2019.blob.core.windows.net/201901/178664.jpg,OK,0,8,PETÉN,DOLORES,17866,CORPORACIÓN MUNICIPAL,2,2,2,0,1,4,142,142,138,138,52,0,9,9,5,56,1,6
1,13,0,600,600,17,https://resultados2019.blob.core.windows.net/201901/178874.jpg,OK,0,8,PETÉN,DOLORES,17887,CORPORACIÓN MUNICIPAL,3,2,2,0,1,4,97,97,81,81,34,0,4,8,2,27,1,5
1,1,0,400,394,17,https://resultados2019.blob.core.windows.net/201901/178644.jpg,OK,0,8,PETÉN,DOLORES,17864,CORPORACIÓN MUNICIPAL,3,2,2,0,1,4,268,268,264,264,106,1,15,19,3,106,2,12
1,4,0,344,344,17,https://resultados2019.blob.core.windows.net/201901/178884.jpg,OK,0,8,PETÉN,DOLORES,17888,CORPORACIÓN MUNICIPAL,3,2,2,0,1,4,60,60,53,53,18,0,3,5,2,19,3,3
0,8,0,400,400,17,https://resultados2019.blob.core.windows.net/201901/178714.jpg,OK,0,8,PETÉN,DOLORES,17871,CORPORACIÓN MUNICIPAL,12,2,2,0,1,4,231,231,211,207,84,2,12,23,1,78,1,10
1,6,0,380,380,17,https://resultados2019.blob.core.windows.net/201901/178764.jpg,OK,0,8,PETÉN,DOLORES,17876,CORPORACIÓN MUNICIPAL,19,2,2,0,1,4,214,214,189,189,16,18,31,17,2,71,9,25
1,10,0,380,377,17,https://resultados2019.blob.core.windows.net/201901/178834.jpg,OK,0,8,PETÉN,DOLORES,17883,CORPORACIÓN MUNICIPAL,6,2,2,0,1,4,166,166,150,150,43,1,23,14,0,47,1,21
1,20,0,380,380,17,https://resultados2019.blob.core.windows.net/201901/178814.jpg,OK,0,8,PETÉN,DOLORES,17881,CORPORACIÓN MUNICIPAL,12,2,2,0,1,4,228,228,196,196,30,1,34,21,1,85,2,22
1,3,0,344,346,17,https://resultados2019.blob.core.windows.net/201901/178894.jpg,OK,0,8,PETÉN,DOLORES,17889,CORPORACIÓN MUNICIPAL,2,2,2,0,1,4,45,45,40,40,14,0,7,6,3,5,1,4
1,5,0,400,400,17,https://resultados2019.blob.core.windows.net/201901/178634.jpg,OK,0,8,PETÉN,DOLORES,17863,CORPORACIÓN MUNICIPAL,8,2,2,0,1,4,233,233,220,220,81,0,14,12,5,88,6,14
1,8,0,380,379,17,https://resultados2019.blob.core.windows.net/201901/178774.jpg,OK,0,8,PETÉN,DOLORES,17877,CORPORACIÓN MUNICIPAL,15,2,2,0,1,4,203,203,180,180,28,15,29,13,4,61,5,25
1,4,0,347,347,17,https://resultados2019.blob.core.windows.net/201901/178744.jpg,OK,0,8,PETÉN,DOLORES,17874,CORPORACIÓN MUNICIPAL,8,2,2,0,1,4,195,195,183,183,86,0,8,7,2,68,4,8
1,15,0,379,376,17,https://resultados2019.blob.core.windows.net/201901/178854.jpg,OK,0,8,PETÉN,DOLORES,17885,CORPORACIÓN MUNICIPAL,11,2,2,0,1,4,173,173,147,147,20,1,26,12,2,73,3,10
