ACTACUADRA,BLANCOS,CNTIMPUGNA,CNTINSCRITOS,CNTPAPELETAS,DEP,IMGSRC,IMGSTATUS,INVALIDOS,MUN,NDEP,NMUN,NROMESA,NTE,NULOS,STACTA,STESCAN,STFISIC,STTRANS,TIPOELECCION,TOTALACTA,TOTALVOTOS,VOTOSVALIDOS,VOTOSVALIDOSACTA,voto_BIEN,voto_CCP,voto_CREO,voto_EG,voto_FCN-NACION,voto_FUERZA,voto_LIBRE,voto_MLP,voto_PC,voto_SEMILLA,voto_TODOS,voto_UCN,voto_UNE,voto_VALOR,voto_VAMOS,voto_VICTORIA
1,7,0,400,397,18,https://resultados2019.blob.core.windows.net/201901/182624.jpg,OK,0,1,IZABAL,PUERTO BARRIOS,18262,CORPORACIÓN MUNICIPAL,15,2,2,0,1,4,237,237,215,215,6,3,1,1,3,3,1,3,101,29,2,13,31,5,12,1
1,2,0,400,400,18,https://resultados2019.blob.core.windows.net/201901/182744.jpg,OK,0,1,IZABAL,PUERTO BARRIOS,18274,CORPORACIÓN MUNICIPAL,1,2,2,0,1,4,232,232,229,229,8,5,0,1,0,2,7,0,130,31,3,10,15,5,12,0
1,6,0,380,380,18,https://resultados2019.blob.core.windows.net/201901/183404.jpg,OK,0,1,IZABAL,PUERTO BARRIOS,18340,CORPORACIÓN MUNICIPAL,23,2,2,0,1,4,247,247,218,218,17,0,7,1,0,1,2,0,87,32,3,12,16,20,17,3
1,4,0,400,396,18,https://resultados2019.blob.core.windows.net/201901/183254.jpg,OK,0,1,IZABAL,PUERTO BARRIOS,18325,CORPORACIÓN MUNICIPAL,8,2,2,0,1,4,170,170,158,158,7,2,2,0,0,0,2,0,84,20,1,12,16,3,9,0
1,6,0,380,380,18,https://resultados2019.blob.core.windows.net/201901/183454.jpg,OK,0,1,IZABAL,PUERTO BARRIOS,18345,CORPORACIÓN MUNICIPAL,9,2,2,0,1,4,214,214,199,199,8,1,5,2,3,2,0,3,73,25,9,19,18,16,14,1
1,2,0,380,380,18,https://resultados2019.blob.core.windows.net/201901/183824.jpg,OK,0,1,IZABAL,PUERTO BARRIOS,18382,CORPORACIÓN MUNICIPAL,5,2,2,0,1,4,225,225,218,218,6,0,0,5,4,1,4,1,110,41,3,13,14,5,10,1
1,1,0,400,400,18,https://resultados2019.blob.core.windows.net/201901/182894.jpg,OK,0,1,IZABAL,PUERTO BARRIOS,18289,CORPORACIÓN MUNICIPAL,5,2,2,0,1,4,207,207,201,201,8,3,3,1,2,3,1,1,97,24,4,13,26,1,14,0
1,1,0,242,239,18,https://resultados2019.blob.core.windows.net/201901/184044.jpg,OK,6,1,IZABAL,PUERTO BARRIOS,18404,CORPORACIÓN MUNICIPAL,0,2,2,0,1,4,110,110,109,109,1,0,0,7,0,1,1,0,53,21,0,4,10,2,7,2
1,4,0,380,380,18,https://resultados2019.blob.core.windows.net/201901/183714.jpg,OK,0,1,IZABAL,PUERTO BARRIOS,18371,CORPORACIÓN MUNICIPAL,10,2,2,0,1,4,256,256,242,242,13,5,8,8,2,2,9,0,93,51,2,14,16,8,11,0
1,4,0,380,380,18,https://resultados2019.blob.core.windows.net/201901/183914.jpg,OK,0,1,IZABAL,PUERTO BARRIOS,18391,CORPORACIÓN MUNICIPAL,13,2,2,0,1,4,244,244,227,227,7,0,1,8,0,0,5,1,122,32,7,11,21,3,9,0
1,0,0,380,380,18,https://resultados2019.blob.core.windows.net/201901/183764.jpg,OK,0,1,IZABAL,PUERTO BARRIOS,18376,CORPORACIÓN MUNICIPAL,5,2,2,0,1,4,221,221,216,216,8,2,0,5,0,0,3,0,122,40,2,9,11,3,11,0
1,3,0,400,400,18,https://resultados2019.blob.core.windows.net/201901/183224.jpg,OK,0,1,IZABAL,PUERTO BARRIOS,18322,CORPORACIÓN MUNICIPAL,7,2,2,0,1,4,205,205,195,195,11,1,3,5,2,2,3,0,93,21,6,12,22,6,8,0
1,1,0,400,399,18,https://resultados2019.blob.core.windows.net/201901/182874.jpg,OK,0,1,IZABAL,PUERTO BARRIOS,18287,CORPORACIÓN MUNICIPAL,7,2,2,0,1,4,215,215,207,207,9,7,2,5,2,0,4,1,101,30,3,9,19,8,5,2
1,1,0,400,397,18,https://resultados2019.blob.core.windows.net/201901/183274.jpg,OK,0,1,IZABAL,PUERTO BARRIOS,18327,CORPORACIÓN MUNICIPAL,5,2,2,0,1,4,265,265,259,259,8,2,2,2,2,3,4,0,146,38,5,11,22,3,10,1
1,5,0,380,380,18,https://resultados2019.blob.core.windows.net/201901/183854.jpg,OK,0,1,IZABAL,PUERTO BARRIOS,18385,CORPORACIÓN MUNICIPAL,7,2,2,0,1,4,256,256,244,244,15,1,2,3,1,1,7,1,127,24,8,8,21,9,15,1
1,4,0,380,380,18,https://resultados2019.blob.core.windows.net/201901/183894.jpg,OK,0,1,IZABAL,PUERTO BARRIOS,18389,CORPORACIÓN MUNICIPAL,12,2,2,0,1,4,235,235,219,219,6,2,2,7,2,0,3,2,106,31,4,13,24,6,11,0
1,1,0,400,400,18,https://resultados2019.blob.core.windows.net/201901/182964.jpg,OK,0,1,IZABAL,PUERTO BARRIOS,18296,CORPORACIÓN MUNICIPAL,10,2,2,0,1,4,224,224,213,213,13,1,5,4,2,2,4,1,98,25,4,13,23,6,11,1
1,8,0,400,403,18,https://resultados2019.blob.core.windows.net/201901/183164.jpg,OK,0,1,IZABAL,PUERTO BARRIOS,18316,CORPORACIÓN MUNICIPAL,8,2,2,0,1,4,181,181,165,165,8,3,3,4,1,0,1,1,81,15,2,11,25,3,7,0
1,0,0,400,396,18,https://resultados2019.blob.core.windows.net/201901/182764.jpg,OK,0,1,IZABAL,PUERTO BARRIOS,18276,CORPORACIÓN MUNICIPAL,1,2,2,0,1,4,216,216,215,215,8,1,2,2,0,1,1,2,128,37,2,6,10,5,10,0
1,1,0,400,400,18,https://resultados2019.blob.core.windows.net/201901/182684.jpg,OK,0,1,IZABAL,PUERTO BARRIOS,18268,CORPORACIÓN MUNICIPAL,13,2,2,0,1,4,243,243,229,229,8,2,3,6,3,3,0,2,96,34,9,20,23,7,13,0
1,0,0,400,400,18,https://resultados2019.blob.core.windows.net/201901/183064.jpg,OK,0,1,IZABAL,PUERTO BARRIOS,18306,CORPORACIÓN MUNICIPAL,10,2,2,0,1,4,209,209,199,199,4,5,2,2,2,3,0,2,109,21,6,14,23,2,3,1
1,2,0,400,396,18,https://resultados2019.blob.core.windows.net/201901/183184.jpg,OK,0,1,IZABAL,PUERTO BARRIOS,18318,CORPORACIÓN MUNICIPAL,9,2,2,0,1,4,186,186,175,175,3,4,0,2,2,0,1,1,92,27,0,8,18,8,9,0
1,4,0,400,400,18,https://resultados2019.blob.core.windows.net/201901/183294.jpg,OK,0,1,IZABAL,PUERTO BARRIOS,18329,CORPORACIÓN MUNICIPAL,4,2,2,0,1,4,226,226,218,218,4,0,0,4,4,0,0,0,109,37,3,9,33,3,11,1
1,4,0,242,242,18,https://resultados2019.blob.core.windows.net/201901/183354.jpg,OK,0,1,IZABAL,PUERTO BARRIOS,18335,CORPORACIÓN MUNICIPAL,2,2,2,0,1,4,42,42,36,36,0,0,0,0,0,0,1,0,20,3,0,3,6,1,2,0
1,2,0,380,380,18,https://resultados2019.blob.core.windows.net/201901/183974.jpg,OK,0,1,IZABAL,PUERTO BARRIOS,18397,CORPORACIÓN MUNICIPAL,3,2,2,0,1,4,223,223,218,218,7,1,2,0,3,0,2,0,114,45,3,13,20,2,6,0
1,4,0,380,377,18,https://resultados2019.blob.core.windows.net/201901/183384.jpg,OK,0,1,IZABAL,PUERTO BARRIOS,18338,CORPORACIÓN MUNICIPAL,24,2,2,0,1,4,241,241,213,213,17,0,4,3,2,1,3,1,70,28,10,15,29,14,14,2
1,2,0,380,380,18,https://resultados2019.blob.core.windows.net/201901/183654.jpg,OK,0,1,IZABAL,PUERTO BARRIOS,18365,CORPORACIÓN MUNICIPAL,11,2,2,0,1,4,250,250,237,237,7,3,2,3,4,4,1,1,119,36,7,10,21,3,15,1
1,11,0,380,377,18,https://resultados2019.blob.core.windows.net/201901/183594.jpg,OK,0,1,IZABAL,PUERTO BARRIOS,18359,CORPORACIÓN MUNICIPAL,15,2,2,0,1,4,245,245,219,219,7,2,5,1,3,0,1,5,37,58,4,8,79,5,4,0
1,3,0,380,380,18,https://resultados2019.blob.core.windows.net/201901/183994.jpg,OK,11,1,IZABAL,PUERTO BARRIOS,18399,CORPORACIÓN MUNICIPAL,8,2,2,0,1,4,204,204,193,193,6,0,1,2,0,0,4,1,100,37,2,12,11,6,11,0
1,2,0,400,0,18,https://resultados2019.blob.core.windows.net/201901/182904.jpg,OK,0,1,IZABAL,PUERTO BARRIOS,18290,CORPORACIÓN MUNICIPAL,5,2,2,0,1,4,222,222,215,215,8,3,5,1,2,6,2,3,113,20,2,13,20,5,8,4
1,3,0,380,377,18,https://resultados2019.blob.core.windows.net/201901/183424.jpg,OK,0,1,IZABAL,PUERTO BARRIOS,18342,CORPORACIÓN MUNICIPAL,11,2,2,0,1,4,200,200,186,186,8,0,6,1,2,2,3,1,80,32,2,8,11,20,9,1
1,7,0,242,239,18,https://resultados2019.blob.core.windows.net/201901/183624.jpg,OK,0,1,IZABAL,PUERTO BARRIOS,18362,CORPORACIÓN MUNICIPAL,12,2,2,0,1,4,148,148,129,129,5,2,1,0,1,0,2,0,22,46,2,5,39,1,3,0
1,4,0,380,380,18,https://resultados2019.blob.core.windows.net/201901/183674.jpg,OK,0,1,IZABAL,PUERTO BARRIOS,18367,CORPORACIÓN MUNICIPAL,16,2,2,0,1,4,261,261,241,241,10,2,4,8,4,1,7,0,110,41,4,13,15,3,18,1
0,6,0,400,400,18,https://resultados2019.blob.core.windows.net/201901/183234.jpg,OK,0,1,IZABAL,PUERTO BARRIOS,18323,CORPORACIÓN MUNICIPAL,4,2,2,0,1,4,193,189,179,183,1,1,1,3,2,4,3,1,90,1,5,18,20,21,7,1
1,3,0,400,396,18,https://resultados2019.blob.core.windows.net/201901/182664.jpg,OK,0,1,IZABAL,PUERTO BARRIOS,18266,CORPORACIÓN MUNICIPAL,6,2,2,0,1,4,250,250,241,241,5,3,4,8,0,3,4,2,113,33,4,17,27,9,8,1
1,1,0,400,400,18,https://resultados2019.blob.core.windows.net/201901/183204.jpg,OK,0,1,IZABAL,PUERTO BARRIOS,18320,CORPORACIÓN MUNICIPAL,8,2,2,0,1,4,188,188,179,179,10,4,0,0,1,2,1,0,101,25,2,12,9,5,6,1
1,3,0,400,400,18,https://resultados2019.blob.core.windows.net/201901/182584.jpg,OK,0,1,IZABAL,PUERTO BARRIOS,18258,CORPORACIÓN MUNICIPAL,10,2,2,0,1,4,237,237,224,224,11,2,5,1,4,2,2,3,101,22,9,7,33,7,14,1
1,2,0,400,400,18,https://resultados2019.blob.core.windows.net/201901/183154.jpg,OK,0,1,IZABAL,PUERTO BARRIOS,18315,CORPORACIÓN MUNICIPAL,13,2,2,0,1,4,189,189,174,174,7,3,2,2,4,1,2,2,87,19,5,10,18,6,6,0
1,0,0,242,242,18,https://resultados2019.blob.core.windows.net/201901/183344.jpg,OK,0,1,IZABAL,PUERTO BARRIOS,18334,CORPORACIÓN MUNICIPAL,0,2,2,0,1,4,48,48,48,48,1,0,0,0,0,0,1,0,24,11,1,2,3,1,4,0
1,4,0,400,400,18,https://resultados2019.blob.core.windows.net/201901/182544.jpg,OK,0,1,IZABAL,PUERTO BARRIOS,18254,CORPORACIÓN MUNICIPAL,10,2,2,0,1,4,235,235,221,221,4,2,5,3,8,0,2,3,104,31,3,13,26,6,9,2
1,8,0,380,380,18,https://resultados2019.blob.core.windows.net/201901/183494.jpg,OK,0,1,IZABAL,PUERTO BARRIOS,18349,CORPORACIÓN MUNICIPAL,23,2,2,0,1,4,228,228,197,197,10,1,1,3,0,1,1,4,71,31,5,17,23,20,8,1
1,0,0,380,380,18,https://resultados2019.blob.core.windows.net/201901/184014.jpg,OK,0,1,IZABAL,PUERTO BARRIOS,18401,CORPORACIÓN MUNICIPAL,0,2,2,0,1,4,250,250,250,250,3,3,1,5,0,1,3,2,156,36,1,9,14,4,12,0
1,2,0,400,400,18,https://resultados2019.blob.core.windows.net/201901/182524.jpg,OK,0,1,IZABAL,PUERTO BARRIOS,18252,CORPORACIÓN MUNICIPAL,16,2,2,0,1,4,237,237,219,219,9,3,2,2,2,1,2,3,96,31,7,19,21,5,15,1
1,3,0,400,400,18,https://resultados2019.blob.core.windows.net/201901/183124.jpg,OK,0,1,IZABAL,PUERTO BARRIOS,18312,CORPORACIÓN MUNICIPAL,8,2,2,0,1,4,208,208,197,197,9,2,2,2,3,2,2,1,103,23,4,12,18,5,8,1
1,2,0,380,380,18,https://resultados2019.blob.core.windows.net/201901/183734.jpg,OK,0,1,IZABAL,PUERTO BARRIOS,18373,CORPORACIÓN MUNICIPAL,9,2,2,0,1,4,261,261,250,250,11,1,2,2,1,1,3,1,124,48,6,14,17,3,15,1
1,2,0,380,377,18,https://resultados2019.blob.core.windows.net/201901/183864.jpg,OK,0,1,IZABAL,PUERTO BARRIOS,18386,CORPORACIÓN MUNICIPAL,11,2,2,0,1,4,262,262,249,249,10,1,1,6,1,0,0,3,127,43,3,18,14,7,15,0
1,3,0,400,400,18,https://resultados2019.blob.core.windows.net/201901/182844.jpg,OK,0,1,IZABAL,PUERTO BARRIOS,18284,CORPORACIÓN MUNICIPAL,7,2,2,0,1,4,206,206,196,196,4,2,3,2,2,0,4,0,110,25,3,14,14,3,9,1
1,0,0,400,396,18,https://resultados2019.blob.core.windows.net/201901/182944.jpg,OK,0,1,IZABAL,PUERTO BARRIOS,18294,CORPORACIÓN MUNICIPAL,3,2,2,0,1,4,212,212,209,209,9,3,1,5,1,2,2,2,113,32,1,8,18,7,4,1
1,4,0,400,402,18,https://resultados2019.blob.core.windows.net/201901/182674.jpg,OK,0,1,IZABAL,PUERTO BARRIOS,18267,CORPORACIÓN MUNICIPAL,7,2,2,0,1,4,231,231,220,220,5,3,3,6,1,2,3,1,119,20,3,15,18,6,15,0
1,4,0,400,400,18,https://resultados2019.blob.core.windows.net/201901/182754.jpg,OK,0,1,IZABAL,PUERTO BARRIOS,18275,CORPORACIÓN MUNICIPAL,3,2,2,0,1,4,230,230,223,223,9,0,1,3,1,1,3,1,128,38,2,8,15,4,9,0
1,3,0,380,380,18,https://resultados2019.blob.core.windows.net/201901/183804.jpg,OK,0,1,IZABAL,PUERTO BARRIOS,18380,CORPORACIÓN MUNICIPAL,10,2,2,0,1,4,259,259,246,246,4,4,1,2,1,3,2,0,131,39,2,12,30,2,13,0
1,1,0,400,400,18,https://resultados2019.blob.core.windows.net/201901/182924.jpg,OK,0,1,IZABAL,PUERTO BARRIOS,18292,CORPORACIÓN MUNICIPAL,7,2,2,0,1,4,215,215,207,207,8,2,3,5,0,1,5,3,96,27,5,12,20,6,13,1
1,4,0,400,396,18,https://resultados2019.blob.core.windows.net/201901/182794.jpg,OK,0,1,IZABAL,PUERTO BARRIOS,18279,CORPORACIÓN MUNICIPAL,8,2,2,0,1,4,237,237,225,225,8,3,0,3,3,2,2,0,108,32,6,12,32,4,10,0
1,0,0,400,400,18,https://resultados2019.blob.core.windows.net/201901/183334.jpg,OK,0,1,IZABAL,PUERTO BARRIOS,18333,CORPORACIÓN MUNICIPAL,4,2,2,0,1,4,74,74,70,70,1,1,0,0,3,1,0,0,39,9,0,6,7,1,2,0
1,4,0,241,241,18,https://resultados2019.blob.core.windows.net/201901/183634.jpg,OK,0,1,IZABAL,PUERTO BARRIOS,18363,CORPORACIÓN MUNICIPAL,8,2,2,0,1,4,154,154,142,142,5,3,2,0,4,0,0,1,22,56,2,3,38,5,1,0
1,4,0,380,380,18,https://resultados2019.blob.core.windows.net/201901/183504.jpg,OK,0,1,IZABAL,PUERTO BARRIOS,18350,CORPORACIÓN MUNICIPAL,23,2,2,0,1,4,220,220,193,193,11,0,7,1,3,0,1,3,68,23,5,18,21,17,12,3
1,5,0,380,380,18,https://resultados2019.blob.core.windows.net/201901/183984.jpg,OK,0,1,IZABAL,PUERTO BARRIOS,18398,CORPORACIÓN MUNICIPAL,25,2,2,0,1,4,192,192,162,162,11,0,0,2,2,0,4,0,79,28,3,5,16,2,10,0
1,3,0,400,401,18,https://resultados2019.blob.core.windows.net/201901/183244.jpg,OK,1,1,IZABAL,PUERTO BARRIOS,18324,CORPORACIÓN MUNICIPAL,4,2,2,0,1,4,157,157,150,150,2,1,1,1,0,1,3,1,78,20,4,10,16,4,8,0
1,5,0,400,400,18,https://resultados2019.blob.core.windows.net/201901/182804.jpg,OK,0,1,IZABAL,PUERTO BARRIOS,18280,CORPORACIÓN MUNICIPAL,10,2,2,0,1,4,218,218,203,203,4,4,4,1,7,2,3,1,104,26,4,13,21,5,4,0
1,2,0,400,400,18,https://resultados2019.blob.core.windows.net/201901/183194.jpg,OK,0,1,IZABAL,PUERTO BARRIOS,18319,CORPORACIÓN MUNICIPAL,4,2,2,0,1,4,180,180,174,174,7,0,1,2,1,3,3,0,86,16,1,10,21,10,13,0
1,2,0,400,400,18,https://resultados2019.blob.core.windows.net/201901/182604.jpg,OK,0,1,IZABAL,PUERTO BARRIOS,18260,CORPORACIÓN MUNICIPAL,11,2,2,0,1,4,232,232,219,219,9,2,6,5,0,1,2,2,104,26,6,18,23,5,9,1
1,2,0,400,400,18,https://resultados2019.blob.core.windows.net/201901/182974.jpg,OK,0,1,IZABAL,PUERTO BARRIOS,18297,CORPORACIÓN MUNICIPAL,5,2,2,0,1,4,221,221,214,214,8,1,3,4,3,2,4,0,109,27,2,13,23,5,10,0
1,9,0,380,376,18,https://resultados2019.blob.core.windows.net/201901/183604.jpg,OK,0,1,IZABAL,PUERTO BARRIOS,18360,CORPORACIÓN MUNICIPAL,27,2,2,0,1,4,223,223,187,187,9,6,4,0,4,2,0,1,33,52,4,5,56,5,5,1
1,0,0,400,400,18,https://resultados2019.blob.core.windows.net/201901/182724.jpg,OK,0,1,IZABAL,PUERTO BARRIOS,18272,CORPORACIÓN MUNICIPAL,8,2,2,0,1,4,249,249,241,241,10,3,1,2,3,3,2,2,120,23,6,19,21,13,13,0
1,6,0,380,380,18,https://resultados2019.blob.core.windows.net/201901/183414.jpg,OK,0,1,IZABAL,PUERTO BARRIOS,18341,CORPORACIÓN MUNICIPAL,12,2,2,0,1,4,229,229,211,211,9,3,4,0,3,2,1,3,93,24,4,13,15,22,12,3
1,2,0,191,191,18,https://resultados2019.blob.core.windows.net/201901/183574.jpg,OK,0,1,IZABAL,PUERTO BARRIOS,18357,CORPORACIÓN MUNICIPAL,5,2,2,0,1,4,71,71,64,64,4,0,1,2,0,0,0,0,33,5,1,4,5,5,3,1
1,6,0,380,382,18,https://resultados2019.blob.core.windows.net/201901/183364.jpg,OK,0,1,IZABAL,PUERTO BARRIOS,18336,CORPORACIÓN MUNICIPAL,14,2,2,0,1,4,235,235,215,215,21,0,4,3,1,0,0,6,88,22,7,18,15,18,10,2
1,6,0,380,380,18,https://resultados2019.blob.core.windows.net/201901/183444.jpg,OK,0,1,IZABAL,PUERTO BARRIOS,18344,CORPORACIÓN MUNICIPAL,9,2,2,0,1,4,232,232,217,217,7,2,4,5,4,1,2,2,84,30,7,10,19,20,18,2
1,2,0,380,380,18,https://resultados2019.blob.core.windows.net/201901/183874.jpg,OK,0,1,IZABAL,PUERTO BARRIOS,18387,CORPORACIÓN MUNICIPAL,11,2,2,0,1,4,243,243,230,230,7,1,2,3,2,0,5,1,111,37,4,10,22,6,15,4
1,5,0,380,380,18,https://resultados2019.blob.core.windows.net/201901/183464.jpg,OK,0,1,IZABAL,PUERTO BARRIOS,18346,CORPORACIÓN MUNICIPAL,15,2,2,0,1,4,226,226,206,206,5,0,6,1,0,1,1,2,88,20,7,12,20,33,9,1
1,3,0,400,400,18,https://resultados2019.blob.core.windows.net/201901/182504.jpg,OK,0,1,IZABAL,PUERTO BARRIOS,18250,CORPORACIÓN MUNICIPAL,3,2,2,0,1,4,241,241,235,235,6,3,6,1,2,1,1,2,119,20,4,22,26,7,14,1
1,6,0,380,227,18,https://resultados2019.blob.core.windows.net/201901/183474.jpg,OK,0,1,IZABAL,PUERTO BARRIOS,18347,CORPORACIÓN MUNICIPAL,12,2,2,0,1,4,227,227,209,209,15,2,2,0,3,0,1,2,85,27,9,18,17,20,8,0
1,2,0,400,400,18,https://resultados2019.blob.core.windows.net/201901/182994.jpg,OK,0,1,IZABAL,PUERTO BARRIOS,18299,CORPORACIÓN MUNICIPAL,8,2,2,0,1,4,228,228,218,218,5,1,2,7,3,2,5,1,111,23,2,18,19,7,11,1
1,9,0,380,380,18,https://resultados2019.blob.core.windows.net/201901/183394.jpg,OK,2,1,IZABAL,PUERTO BARRIOS,18339,CORPORACIÓN MUNICIPAL,20,2,2,0,1,4,243,243,214,214,17,4,4,2,5,1,0,1,80,19,10,18,18,18,14,3
1,0,0,380,380,18,https://resultados2019.blob.core.windows.net/201901/183794.jpg,OK,0,1,IZABAL,PUERTO BARRIOS,18379,CORPORACIÓN MUNICIPAL,10,2,2,0,1,4,227,227,217,217,6,1,3,7,3,0,6,0,104,32,5,12,17,5,16,0
1,5,0,380,377,18,https://resultados2019.blob.core.windows.net/201901/183844.jpg,OK,0,1,IZABAL,PUERTO BARRIOS,18384,CORPORACIÓN MUNICIPAL,5,2,2,0,1,4,256,256,246,246,6,0,2,4,5,2,3,4,102,49,7,16,25,6,13,2
1,4,0,400,400,18,https://resultados2019.blob.core.windows.net/201901/183174.jpg,OK,0,1,IZABAL,PUERTO BARRIOS,18317,CORPORACIÓN MUNICIPAL,4,2,2,0,1,4,192,192,184,184,7,3,4,2,3,3,3,2,83,13,4,16,28,3,9,1
1,3,0,380,380,18,https://resultados2019.blob.core.windows.net/201901/183434.jpg,OK,0,1,IZABAL,PUERTO BARRIOS,18343,CORPORACIÓN MUNICIPAL,11,2,2,0,1,4,217,217,203,203,7,0,2,3,1,3,0,2,92,25,6,12,21,24,4,1
1,6,0,400,400,18,https://resultados2019.blob.core.windows.net/201901/182774.jpg,OK,0,1,IZABAL,PUERTO BARRIOS,18277,CORPORACIÓN MUNICIPAL,7,2,2,0,1,4,226,226,213,213,13,0,1,4,2,0,5,1,102,31,4,7,17,10,16,0
1,5,0,400,396,18,https://resultados2019.blob.core.windows.net/201901/183114.jpg,OK,0,1,IZABAL,PUERTO BARRIOS,18311,CORPORACIÓN MUNICIPAL,7,2,2,0,1,4,221,221,209,209,7,3,1,2,1,0,2,3,110,24,5,14,20,3,14,0
1,3,0,400,400,18,https://resultados2019.blob.core.windows.net/201901/182654.jpg,OK,0,1,IZABAL,PUERTO BARRIOS,18265,CORPORACIÓN MUNICIPAL,11,2,2,0,1,4,244,244,230,230,8,0,3,3,3,5,3,3,128,25,4,15,10,4,16,0
1,3,0,400,400,18,https://resultados2019.blob.core.windows.net/201901/183304.jpg,OK,0,1,IZABAL,PUERTO BARRIOS,18330,CORPORACIÓN MUNICIPAL,7,2,2,0,1,4,136,136,126,126,1,3,3,1,0,2,1,0,64,18,1,9,16,1,6,0
1,0,0,242,0,18,https://resultados2019.blob.core.windows.net/201901/184034.jpg,OK,0,1,IZABAL,PUERTO BARRIOS,18403,CORPORACIÓN MUNICIPAL,3,2,2,0,1,4,118,118,115,115,3,1,2,2,0,0,1,0,68,18,4,2,9,1,4,0
1,5,0,400,400,18,https://resultados2019.blob.core.windows.net/201901/183004.jpg,OK,0,1,IZABAL,PUERTO BARRIOS,18300,CORPORACIÓN MUNICIPAL,9,2,2,0,1,4,235,235,221,221,7,2,3,3,2,2,1,1,116,33,2,13,20,6,10,0
1,4,0,380,380,18,https://resultados2019.blob.core.windows.net/201901/183954.jpg,OK,0,1,IZABAL,PUERTO BARRIOS,18395,CORPORACIÓN MUNICIPAL,8,2,2,0,1,4,216,216,204,204,4,0,0,5,2,1,4,1,108,38,3,15,13,1,8,1
1,1,0,380,380,18,https://resultados2019.blob.core.windows.net/201901/183884.jpg,OK,0,1,IZABAL,PUERTO BARRIOS,18388,CORPORACIÓN MUNICIPAL,10,2,2,0,1,4,254,254,243,243,10,3,2,6,2,1,6,2,135,27,3,11,16,6,13,0
1,1,0,400,396,18,https://resultados2019.blob.core.windows.net/201901/183024.jpg,OK,0,1,IZABAL,PUERTO BARRIOS,18302,CORPORACIÓN MUNICIPAL,4,2,2,0,1,4,217,217,212,212,7,4,4,1,4,1,3,2,107,29,3,12,16,5,14,0
1,3,0,380,380,18,https://resultados2019.blob.core.windows.net/201901/183554.jpg,OK,0,1,IZABAL,PUERTO BARRIOS,18355,CORPORACIÓN MUNICIPAL,7,2,2,0,1,4,224,224,214,214,5,3,4,0,2,0,2,2,107,31,3,6,16,21,12,0
1,6,0,400,396,18,https://resultados2019.blob.core.windows.net/201901/182634.jpg,OK,0,1,IZABAL,PUERTO BARRIOS,18263,CORPORACIÓN MUNICIPAL,6,2,2,0,1,4,236,236,224,224,3,1,6,1,8,1,4,2,116,19,6,17,17,9,14,0
1,4,0,380,377,18,https://resultados2019.blob.core.windows.net/201901/183704.jpg,OK,0,1,IZABAL,PUERTO BARRIOS,18370,CORPORACIÓN MUNICIPAL,10,2,2,0,1,4,247,247,233,233,8,3,4,3,2,3,6,3,112,31,4,13,18,11,12,0
1,2,0,400,400,18,https://resultados2019.blob.core.windows.net/201901/182784.jpg,OK,0,1,IZABAL,PUERTO BARRIOS,18278,CORPORACIÓN MUNICIPAL,7,2,2,0,1,4,220,220,211,211,3,2,1,5,3,2,1,0,107,38,2,12,22,4,9,0
1,4,0,380,380,18,https://resultados2019.blob.core.windows.net/201901/183694.jpg,OK,0,1,IZABAL,PUERTO BARRIOS,18369,CORPORACIÓN MUNICIPAL,12,2,2,0,1,4,258,258,242,242,7,2,1,5,1,1,0,0,123,47,1,12,20,7,13,2
1,3,2,380,381,18,https://resultados2019.blob.core.windows.net/201901/183684.jpg,OK,0,1,IZABAL,PUERTO BARRIOS,18368,CORPORACIÓN MUNICIPAL,16,2,2,0,1,4,254,254,235,235,7,1,1,3,2,0,6,2,118,46,3,9,15,5,16,1
1,6,0,400,400,18,https://resultados2019.blob.core.windows.net/201901/182514.jpg,OK,0,1,IZABAL,PUERTO BARRIOS,18251,CORPORACIÓN MUNICIPAL,3,2,2,0,1,4,218,218,209,209,6,4,4,1,3,0,2,0,108,26,6,12,21,7,8,1
1,3,0,400,400,18,https://resultados2019.blob.core.windows.net/201901/183104.jpg,OK,0,1,IZABAL,PUERTO BARRIOS,18310,CORPORACIÓN MUNICIPAL,15,2,2,0,1,4,223,223,205,205,12,2,1,3,1,1,4,0,109,22,6,9,21,4,9,1
1,2,0,400,400,18,https://resultados2019.blob.core.windows.net/201901/182834.jpg,OK,0,1,IZABAL,PUERTO BARRIOS,18283,CORPORACIÓN MUNICIPAL,3,2,2,0,1,4,210,210,205,205,3,1,2,3,1,3,2,3,103,24,6,19,20,3,11,1
1,6,0,380,380,18,https://resultados2019.blob.core.windows.net/201901/183744.jpg,OK,1,1,IZABAL,PUERTO BARRIOS,18374,CORPORACIÓN MUNICIPAL,14,2,2,0,1,4,236,236,216,216,6,2,0,4,3,3,3,3,105,30,3,14,20,10,10,0
1,2,0,400,396,18,https://resultados2019.blob.core.windows.net/201901/182914.jpg,OK,1,1,IZABAL,PUERTO BARRIOS,18291,CORPORACIÓN MUNICIPAL,4,2,2,0,1,4,219,219,213,213,7,0,2,1,4,1,2,0,112,26,4,17,20,7,10,0
1,2,0,400,400,18,https://resultados2019.blob.core.windows.net/201901/183014.jpg,OK,0,1,IZABAL,PUERTO BARRIOS,18301,CORPORACIÓN MUNICIPAL,10,2,2,0,1,4,191,191,179,179,9,3,1,1,1,4,2,2,90,26,0,10,17,3,10,0
1,4,0,400,400,18,https://resultados2019.blob.core.windows.net/201901/182934.jpg,OK,1,1,IZABAL,PUERTO BARRIOS,18293,CORPORACIÓN MUNICIPAL,7,2,2,0,1,4,191,191,180,180,6,0,4,5,4,3,1,2,90,32,1,7,19,1,5,0
1,3,0,400,400,18,https://resultados2019.blob.core.windows.net/201901/182594.jpg,OK,0,1,IZABAL,PUERTO BARRIOS,18259,CORPORACIÓN MUNICIPAL,16,2,2,0,1,4,229,229,210,210,7,3,0,3,1,3,1,3,99,21,1,14,33,7,13,1
1,0,1,380,380,18,https://resultados2019.blob.core.windows.net/201901/184004.jpg,OK,0,1,IZABAL,PUERTO BARRIOS,18400,CORPORACIÓN MUNICIPAL,2,2,2,0,1,4,282,282,280,280,9,0,2,8,0,1,5,1,152,57,2,4,15,7,17,0
1,0,0,400,396,18,https://resultados2019.blob.core.windows.net/201901/183054.jpg,OK,0,1,IZABAL,PUERTO BARRIOS,18305,CORPORACIÓN MUNICIPAL,15,2,2,0,1,4,211,211,196,196,6,3,2,2,1,1,2,2,102,25,0,14,21,4,10,1
1,2,0,400,396,18,https://resultados2019.blob.core.windows.net/201901/183314.jpg,OK,0,1,IZABAL,PUERTO BARRIOS,18331,CORPORACIÓN MUNICIPAL,4,2,2,0,1,4,133,133,127,127,3,1,1,1,2,3,0,0,59,18,4,9,18,3,5,0
1,5,0,380,380,18,https://resultados2019.blob.core.windows.net/201901/183514.jpg,OK,0,1,IZABAL,PUERTO BARRIOS,18351,CORPORACIÓN MUNICIPAL,14,2,2,0,1,4,213,213,194,194,14,1,5,0,2,0,2,1,86,22,3,14,14,16,13,1
1,9,0,380,380,18,https://resultados2019.blob.core.windows.net/201901/183374.jpg,OK,0,1,IZABAL,PUERTO BARRIOS,18337,CORPORACIÓN MUNICIPAL,12,2,2,0,1,4,239,239,218,218,12,0,5,2,2,2,2,3,80,25,14,11,30,21,7,2
1,0,0,400,400,18,https://resultados2019.blob.core.windows.net/201901/183134.jpg,OK,0,1,IZABAL,PUERTO BARRIOS,18313,CORPORACIÓN MUNICIPAL,12,2,2,0,1,4,194,194,182,182,10,0,3,1,4,2,1,0,86,18,2,15,21,5,14,0
1,3,0,380,380,18,https://resultados2019.blob.core.windows.net/201901/183904.jpg,OK,0,1,IZABAL,PUERTO BARRIOS,18390,CORPORACIÓN MUNICIPAL,9,2,2,0,1,4,247,247,235,235,13,2,3,3,3,1,4,1,121,34,2,9,21,4,14,0
1,1,0,380,380,18,https://resultados2019.blob.core.windows.net/201901/184024.jpg,OK,0,1,IZABAL,PUERTO BARRIOS,18402,CORPORACIÓN MUNICIPAL,4,2,2,0,1,4,212,212,207,207,3,0,1,6,2,0,4,1,115,37,0,9,18,1,10,0
1,1,0,400,367,18,https://resultados2019.blob.core.windows.net/201901/183264.jpg,OK,3,1,IZABAL,PUERTO BARRIOS,18326,CORPORACIÓN MUNICIPAL,4,2,2,0,1,4,253,253,248,248,1,1,2,3,1,2,4,1,155,40,1,4,13,8,11,1
1,0,0,400,396,18,https://resultados2019.blob.core.windows.net/201901/183144.jpg,OK,0,1,IZABAL,PUERTO BARRIOS,18314,CORPORACIÓN MUNICIPAL,10,2,2,0,1,4,167,167,157,157,5,2,2,3,1,2,1,2,69,21,2,5,24,3,14,1
1,5,0,380,380,18,https://resultados2019.blob.core.windows.net/201901/183664.jpg,OK,0,1,IZABAL,PUERTO BARRIOS,18366,CORPORACIÓN MUNICIPAL,9,2,2,0,1,4,248,248,234,234,8,2,2,3,0,0,5,3,115,39,3,15,10,5,22,2
1,1,0,400,397,18,https://resultados2019.blob.core.windows.net/201901/183084.jpg,OK,0,1,IZABAL,PUERTO BARRIOS,18308,CORPORACIÓN MUNICIPAL,7,2,2,0,1,4,234,234,226,226,14,5,3,1,3,3,3,2,112,27,4,14,16,7,11,1
1,4,0,380,380,18,https://resultados2019.blob.core.windows.net/201901/183644.jpg,OK,0,1,IZABAL,PUERTO BARRIOS,18364,CORPORACIÓN MUNICIPAL,12,2,2,0,1,4,258,258,242,242,10,2,2,7,1,0,3,2,110,42,9,9,24,7,13,1
1,3,0,400,396,18,https://resultados2019.blob.core.windows.net/201901/183284.jpg,OK,0,1,IZABAL,PUERTO BARRIOS,18328,CORPORACIÓN MUNICIPAL,5,2,2,0,1,4,257,257,249,249,6,3,1,2,1,2,1,1,153,25,2,7,19,10,16,0
1,3,0,400,400,18,https://resultados2019.blob.core.windows.net/201901/182734.jpg,OK,0,1,IZABAL,PUERTO BARRIOS,18273,CORPORACIÓN MUNICIPAL,13,2,2,0,1,4,210,210,194,194,6,3,2,3,5,2,2,0,94,25,4,8,18,7,15,0
1,3,0,400,400,18,https://resultados2019.blob.core.windows.net/201901/182824.jpg,OK,0,1,IZABAL,PUERTO BARRIOS,18282,CORPORACIÓN MUNICIPAL,6,2,2,0,1,4,220,220,211,211,4,5,1,4,4,0,1,2,114,30,7,9,14,3,13,0
1,3,0,400,400,18,https://resultados2019.blob.core.windows.net/201901/182884.jpg,OK,9,1,IZABAL,PUERTO BARRIOS,18288,CORPORACIÓN MUNICIPAL,6,2,2,0,1,4,226,226,217,217,8,1,3,5,4,1,1,4,118,23,6,10,23,3,5,2
1,5,0,400,400,18,https://resultados2019.blob.core.windows.net/201901/182574.jpg,OK,0,1,IZABAL,PUERTO BARRIOS,18257,CORPORACIÓN MUNICIPAL,12,2,2,0,1,4,245,245,228,228,11,2,2,4,5,4,1,0,111,21,4,13,33,6,10,1
1,1,0,380,380,18,https://resultados2019.blob.core.windows.net/201901/183774.jpg,OK,0,1,IZABAL,PUERTO BARRIOS,18377,CORPORACIÓN MUNICIPAL,6,2,2,0,1,4,219,219,212,212,9,1,3,5,0,1,2,2,105,40,5,10,16,4,9,0
1,7,0,400,400,18,https://resultados2019.blob.core.windows.net/201901/182714.jpg,OK,0,1,IZABAL,PUERTO BARRIOS,18271,CORPORACIÓN MUNICIPAL,8,2,2,0,1,4,246,246,231,231,6,4,3,2,2,3,4,2,103,37,5,21,22,8,8,1
1,3,0,400,400,18,https://resultados2019.blob.core.windows.net/201901/182854.jpg,OK,0,1,IZABAL,PUERTO BARRIOS,18285,CORPORACIÓN MUNICIPAL,10,2,2,0,1,4,191,191,178,178,6,3,0,4,2,1,5,0,93,28,6,10,9,4,7,0
1,5,0,400,400,18,https://resultados2019.blob.core.windows.net/201901/182554.jpg,OK,0,1,IZABAL,PUERTO BARRIOS,18255,CORPORACIÓN MUNICIPAL,13,2,2,0,1,4,232,232,214,214,7,3,4,1,1,2,3,3,103,23,2,21,19,7,14,1
1,11,0,400,400,18,https://resultados2019.blob.core.windows.net/201901/182644.jpg,OK,0,1,IZABAL,PUERTO BARRIOS,18264,CORPORACIÓN MUNICIPAL,11,2,2,0,1,4,263,263,241,241,8,3,1,0,4,1,6,3,104,40,3,17,29,8,13,1
1,3,0,380,380,18,https://resultados2019.blob.core.windows.net/201901/183544.jpg,OK,0,1,IZABAL,PUERTO BARRIOS,18354,CORPORACIÓN MUNICIPAL,10,2,2,0,1,4,211,211,198,198,4,0,2,1,1,0,1,2,108,30,2,11,12,17,7,0
1,1,0,192,192,18,https://resultados2019.blob.core.windows.net/201901/183564.jpg,OK,0,1,IZABAL,PUERTO BARRIOS,18356,CORPORACIÓN MUNICIPAL,5,2,2,0,1,4,104,104,98,98,7,1,2,0,2,0,0,1,46,17,0,1,4,10,7,0
1,8,0,400,400,18,https://resultados2019.blob.core.windows.net/201901/182694.jpg,OK,0,1,IZABAL,PUERTO BARRIOS,18269,CORPORACIÓN MUNICIPAL,5,2,2,0,1,4,240,240,227,227,5,6,3,4,4,5,2,0,114,24,4,15,17,7,16,1
1,14,0,380,380,18,https://resultados2019.blob.core.windows.net/201901/183584.jpg,OK,0,1,IZABAL,PUERTO BARRIOS,18358,CORPORACIÓN MUNICIPAL,31,2,2,0,1,4,247,247,202,202,7,3,0,0,1,0,1,5,36,51,4,10,78,3,3,0
1,5,0,400,400,18,https://resultados2019.blob.core.windows.net/201901/182614.jpg,OK,0,1,IZABAL,PUERTO BARRIOS,18261,CORPORACIÓN MUNICIPAL,13,2,2,0,1,4,251,251,233,233,15,2,4,3,3,3,4,1,102,24,5,23,24,8,11,1
1,3,0,380,380,18,https://resultados2019.blob.core.windows.net/201901/183964.jpg,OK,0,1,IZABAL,PUERTO BARRIOS,18396,CORPORACIÓN MUNICIPAL,11,2,2,0,1,4,226,226,212,212,7,0,1,2,2,2,2,1,107,41,6,4,19,2,15,1
1,5,0,380,380,18,https://resultados2019.blob.core.windows.net/201901/183814.jpg,OK,0,1,IZABAL,PUERTO BARRIOS,18381,CORPORACIÓN MUNICIPAL,5,2,2,0,1,4,224,224,214,214,6,2,3,7,1,1,7,1,105,32,13,9,15,6,6,0
1,5,0,400,400,18,https://resultados2019.blob.core.windows.net/201901/182564.jpg,OK,0,1,IZABAL,PUERTO BARRIOS,18256,CORPORACIÓN MUNICIPAL,6,2,2,0,1,4,241,241,230,230,6,2,3,3,4,4,3,1,106,35,6,13,27,3,14,0
1,1,0,400,400,18,https://resultados2019.blob.core.windows.net/201901/182494.jpg,OK,0,1,IZABAL,PUERTO BARRIOS,18249,CORPORACIÓN MUNICIPAL,9,2,2,0,1,4,235,235,225,225,8,5,0,5,1,1,3,1,112,28,3,9,30,5,14,0
1,3,0,400,396,18,https://resultados2019.blob.core.windows.net/201901/182864.jpg,OK,0,1,IZABAL,PUERTO BARRIOS,18286,CORPORACIÓN MUNICIPAL,9,2,2,0,1,4,214,214,202,202,4,1,2,4,2,0,1,2,108,32,5,6,18,3,14,0
1,2,0,400,400,18,https://resultados2019.blob.core.windows.net/201901/182814.jpg,OK,0,1,IZABAL,PUERTO BARRIOS,18281,CORPORACIÓN MUNICIPAL,8,2,2,0,1,4,223,223,213,213,7,2,3,4,1,2,3,1,104,25,3,18,23,1,13,3
1,9,0,380,380,18,https://resultados2019.blob.core.windows.net/201901/183524.jpg,OK,0,1,IZABAL,PUERTO BARRIOS,18352,CORPORACIÓN MUNICIPAL,19,2,2,0,1,4,219,219,191,191,8,3,2,1,3,0,0,2,79,25,5,13,19,21,8,2
1,4,0,400,400,18,https://resultados2019.blob.core.windows.net/201901/182704.jpg,OK,1,1,IZABAL,PUERTO BARRIOS,18270,CORPORACIÓN MUNICIPAL,4,2,2,0,1,4,265,265,257,257,13,2,5,1,2,1,3,1,124,35,1,15,27,7,19,1
1,3,0,400,400,18,https://resultados2019.blob.core.windows.net/201901/183214.jpg,OK,0,1,IZABAL,PUERTO BARRIOS,18321,CORPORACIÓN MUNICIPAL,4,2,2,0,1,4,183,183,176,176,6,2,0,1,1,0,3,0,82,30,2,17,17,8,7,0
1,5,0,400,396,18,https://resultados2019.blob.core.windows.net/201901/183094.jpg,OK,0,1,IZABAL,PUERTO BARRIOS,18309,CORPORACIÓN MUNICIPAL,4,2,2,0,1,4,218,218,209,209,11,1,4,2,4,0,5,1,108,26,1,14,14,1,14,3
1,3,0,380,380,18,https://resultados2019.blob.core.windows.net/201901/183834.jpg,OK,1,1,IZABAL,PUERTO BARRIOS,18383,CORPORACIÓN MUNICIPAL,9,2,2,0,1,4,242,242,230,230,6,1,3,4,3,0,7,3,110,40,3,12,16,8,14,0
1,2,0,380,380,18,https://resultados2019.blob.core.windows.net/201901/183784.jpg,OK,0,1,IZABAL,PUERTO BARRIOS,18378,CORPORACIÓN MUNICIPAL,4,2,2,0,1,4,228,228,222,222,6,3,3,5,4,0,5,1,105,40,3,9,20,5,11,2
1,2,0,380,380,18,https://resultados2019.blob.core.windows.net/201901/183534.jpg,OK,0,1,IZABAL,PUERTO BARRIOS,18353,CORPORACIÓN MUNICIPAL,16,2,2,0,1,4,198,198,180,180,12,0,5,1,7,0,1,2,67,27,4,13,15,13,10,3
1,3,0,380,376,18,https://resultados2019.blob.core.windows.net/201901/183754.jpg,OK,1,1,IZABAL,PUERTO BARRIOS,18375,CORPORACIÓN MUNICIPAL,5,2,2,0,1,4,216,216,208,208,5,1,1,5,4,2,0,5,98,48,2,14,9,5,9,0
1,8,0,380,380,18,https://resultados2019.blob.core.windows.net/201901/183484.jpg,OK,0,1,IZABAL,PUERTO BARRIOS,18348,CORPORACIÓN MUNICIPAL,16,2,2,0,1,4,242,242,218,218,11,0,6,0,1,1,3,1,100,20,5,17,18,23,11,1
1,5,0,400,396,18,https://resultados2019.blob.core.windows.net/201901/182984.jpg,OK,0,1,IZABAL,PUERTO BARRIOS,18298,CORPORACIÓN MUNICIPAL,12,2,2,0,1,4,224,224,207,207,6,3,1,5,1,1,2,4,103,28,4,11,25,8,5,0
1,7,0,380,380,18,https://resultados2019.blob.core.windows.net/201901/183724.jpg,OK,0,1,IZABAL,PUERTO BARRIOS,18372,CORPORACIÓN MUNICIPAL,17,2,2,0,1,4,266,266,242,242,10,0,6,6,2,1,5,1,125,38,2,21,10,2,12,1
1,5,0,380,380,18,https://resultados2019.blob.core.windows.net/201901/183934.jpg,OK,0,1,IZABAL,PUERTO BARRIOS,18393,CORPORACIÓN MUNICIPAL,9,2,2,0,1,4,226,226,212,212,8,2,3,6,3,0,4,0,106,30,9,7,17,4,12,1
1,6,0,400,400,18,https://resultados2019.blob.core.windows.net/201901/182534.jpg,OK,0,1,IZABAL,PUERTO BARRIOS,18253,CORPORACIÓN MUNICIPAL,10,2,2,0,1,4,234,234,218,218,11,5,3,4,1,2,2,0,93,21,5,24,34,3,9,1
1,2,0,400,400,18,https://resultados2019.blob.core.windows.net/201901/183034.jpg,OK,0,1,IZABAL,PUERTO BARRIOS,18303,CORPORACIÓN MUNICIPAL,10,2,2,0,1,4,213,213,201,201,5,2,2,2,2,4,2,0,92,33,4,17,24,6,5,1
1,4,2,380,380,18,https://resultados2019.blob.core.windows.net/201901/183924.jpg,OK,2,1,IZABAL,PUERTO BARRIOS,18392,CORPORACIÓN MUNICIPAL,12,2,2,0,1,4,232,232,216,216,5,4,1,6,0,3,6,0,105,32,2,14,25,4,8,1
1,2,0,400,400,18,https://resultados2019.blob.core.windows.net/201901/183324.jpg,OK,0,1,IZABAL,PUERTO BARRIOS,18332,CORPORACIÓN MUNICIPAL,3,2,2,0,1,4,102,102,97,97,1,1,0,0,0,1,1,0,51,14,3,3,13,6,3,0
1,2,0,380,380,18,https://resultados2019.blob.core.windows.net/201901/183944.jpg,OK,0,1,IZABAL,PUERTO BARRIOS,18394,CORPORACIÓN MUNICIPAL,9,2,2,0,1,4,221,221,210,210,8,2,2,4,0,1,4,2,101,31,4,13,19,5,13,1
1,5,0,400,400,18,https://resultados2019.blob.core.windows.net/201901/183044.jpg,OK,0,1,IZABAL,PUERTO BARRIOS,18304,CORPORACIÓN MUNICIPAL,12,2,2,0,1,4,202,202,185,185,8,6,2,1,0,0,3,1,106,19,2,5,16,8,8,0
1,3,0,400,400,18,https://resultados2019.blob.core.windows.net/201901/183074.jpg,OK,0,1,IZABAL,PUERTO BARRIOS,18307,CORPORACIÓN MUNICIPAL,7,2,2,0,1,4,211,211,201,201,12,2,0,3,2,2,4,1,106,25,4,12,18,1,9,0
1,3,0,400,400,18,https://resultados2019.blob.core.windows.net/201901/182954.jpg,OK,0,1,IZABAL,PUERTO BARRIOS,18295,CORPORACIÓN MUNICIPAL,3,2,2,0,1,4,225,225,219,219,12,3,2,2,5,0,1,0,115,29,5,13,21,3,8,0
1,10,0,380,377,18,https://resultados2019.blob.core.windows.net/201901/183614.jpg,OK,3,1,IZABAL,PUERTO BARRIOS,18361,CORPORACIÓN MUNICIPAL,35,2,2,0,1,4,222,222,177,177,6,3,4,1,0,1,0,4,42,42,1,7,57,4,4,1
