ACTACUADRA,BLANCOS,CNTIMPUGNA,CNTINSCRITOS,CNTPAPELETAS,DEP,IMGSRC,IMGSTATUS,INVALIDOS,MUN,NDEP,NMUN,NROMESA,NTE,NULOS,STACTA,STESCAN,STFISIC,STTRANS,TIPOELECCION,TOTALACTA,TOTALVOTOS,VOTOSVALIDOS,VOTOSVALIDOSACTA,voto_BIEN,voto_CREO,voto_FCN-NACION,voto_LIBRE,voto_MLP,voto_SEMILLA,voto_UCN,voto_UNE,voto_VALOR,voto_VAMOS,voto_VIVA
1,1,0,380,380,18,https://resultados2019.blob.core.windows.net/201901/184914.jpg,OK,0,2,IZABAL,LÍVINGSTON,18491,CORPORACIÓN MUNICIPAL,11,2,2,0,1,4,191,191,179,179,41,13,0,1,15,0,53,52,0,3,1
1,6,0,400,400,18,https://resultados2019.blob.core.windows.net/201901/184614.jpg,OK,0,2,IZABAL,LÍVINGSTON,18461,CORPORACIÓN MUNICIPAL,23,2,2,0,1,4,260,260,231,231,65,27,0,7,8,2,62,47,3,5,5
1,5,0,380,376,18,https://resultados2019.blob.core.windows.net/201901/184484.jpg,OK,0,2,IZABAL,LÍVINGSTON,18448,CORPORACIÓN MUNICIPAL,17,2,2,0,1,4,242,242,220,220,51,1,2,6,2,1,63,90,1,2,1
1,1,0,312,316,18,https://resultados2019.blob.core.windows.net/201901/185004.jpg,OK,0,2,IZABAL,LÍVINGSTON,18500,CORPORACIÓN MUNICIPAL,6,2,2,0,1,4,254,254,247,247,43,2,0,0,0,0,141,61,0,0,0
1,2,0,197,200,18,https://resultados2019.blob.core.windows.net/201901/184464.jpg,OK,0,2,IZABAL,LÍVINGSTON,18446,CORPORACIÓN MUNICIPAL,2,2,2,0,1,4,146,146,142,142,49,1,0,0,1,0,56,34,0,0,1
1,7,0,380,376,18,https://resultados2019.blob.core.windows.net/201901/184884.jpg,OK,0,2,IZABAL,LÍVINGSTON,18488,CORPORACIÓN MUNICIPAL,7,2,2,0,1,4,198,198,184,184,47,6,1,0,16,0,70,39,0,3,2
1,4,0,400,397,18,https://resultados2019.blob.core.windows.net/201901/184604.jpg,OK,0,2,IZABAL,LÍVINGSTON,18460,CORPORACIÓN MUNICIPAL,15,2,2,0,1,4,258,258,239,239,69,21,0,11,10,1,70,43,1,6,7
1,0,0,400,400,18,https://resultados2019.blob.core.windows.net/201901/184244.jpg,OK,0,2,IZABAL,LÍVINGSTON,18424,CORPORACIÓN MUNICIPAL,13,2,2,0,1,4,252,252,239,239,33,3,0,2,1,4,143,47,0,3,3
1,5,0,400,400,18,https://resultados2019.blob.core.windows.net/201901/184104.jpg,OK,0,2,IZABAL,LÍVINGSTON,18410,CORPORACIÓN MUNICIPAL,13,2,2,0,1,4,288,288,270,270,41,3,3,0,4,1,143,63,1,9,2
1,4,1,380,380,18,https://resultados2019.blob.core.windows.net/201901/184744.jpg,OK,0,2,IZABAL,LÍVINGSTON,18474,CORPORACIÓN MUNICIPAL,16,2,2,0,1,4,228,228,208,208,63,5,1,10,11,1,67,35,6,1,8
1,2,0,312,321,18,https://resultados2019.blob.core.windows.net/201901/184994.jpg,OK,0,2,IZABAL,LÍVINGSTON,18499,CORPORACIÓN MUNICIPAL,5,2,2,0,1,4,229,229,222,222,35,1,0,0,0,0,133,52,0,1,0
1,8,0,380,373,18,https://resultados2019.blob.core.windows.net/201901/184684.jpg,OK,1,2,IZABAL,LÍVINGSTON,18468,CORPORACIÓN MUNICIPAL,18,2,2,0,1,4,244,244,218,218,77,15,1,7,9,0,59,38,1,5,6
1,6,0,380,380,18,https://resultados2019.blob.core.windows.net/201901/184364.jpg,OK,0,2,IZABAL,LÍVINGSTON,18436,CORPORACIÓN MUNICIPAL,10,2,2,0,1,4,230,230,214,214,24,7,1,0,5,1,93,78,0,4,1
1,5,0,380,373,18,https://resultados2019.blob.core.windows.net/201901/184694.jpg,OK,0,2,IZABAL,LÍVINGSTON,18469,CORPORACIÓN MUNICIPAL,26,2,2,0,1,4,245,245,214,214,95,18,3,5,11,0,37,36,0,2,7
1,4,0,380,376,18,https://resultados2019.blob.core.windows.net/201901/184824.jpg,OK,13,2,IZABAL,LÍVINGSTON,18482,CORPORACIÓN MUNICIPAL,0,2,2,0,1,4,214,214,210,210,31,14,0,3,19,0,93,42,0,4,4
1,4,0,400,400,18,https://resultados2019.blob.core.windows.net/201901/184094.jpg,OK,0,2,IZABAL,LÍVINGSTON,18409,CORPORACIÓN MUNICIPAL,28,2,2,0,1,4,299,299,267,267,35,5,2,0,1,0,143,75,0,4,2
1,6,0,380,377,18,https://resultados2019.blob.core.windows.net/201901/184904.jpg,OK,0,2,IZABAL,LÍVINGSTON,18490,CORPORACIÓN MUNICIPAL,11,2,2,0,1,4,212,212,195,195,44,8,1,2,19,1,76,38,1,3,2
1,4,0,380,380,18,https://resultados2019.blob.core.windows.net/201901/184854.jpg,OK,0,2,IZABAL,LÍVINGSTON,18485,CORPORACIÓN MUNICIPAL,20,2,2,0,1,4,251,251,227,227,36,14,1,3,20,0,91,54,0,4,4
1,2,0,380,380,18,https://resultados2019.blob.core.windows.net/201901/184894.jpg,OK,0,2,IZABAL,LÍVINGSTON,18489,CORPORACIÓN MUNICIPAL,21,2,2,0,1,4,205,205,182,182,44,11,0,1,22,0,58,40,0,3,3
1,2,0,380,390,18,https://resultados2019.blob.core.windows.net/201901/185024.jpg,OK,0,2,IZABAL,LÍVINGSTON,18502,CORPORACIÓN MUNICIPAL,21,2,2,0,1,4,256,256,233,233,48,3,0,4,1,0,101,72,0,2,2
0,4,1,380,376,18,https://resultados2019.blob.core.windows.net/201901/184274.jpg,OK,0,2,IZABAL,LÍVINGSTON,18427,CORPORACIÓN MUNICIPAL,25,2,2,0,1,4,215,214,185,185,18,5,2,1,1,0,75,72,2,4,5
1,2,0,600,596,18,https://resultados2019.blob.core.windows.net/201901/185054.jpg,OK,0,2,IZABAL,LÍVINGSTON,18505,CORPORACIÓN MUNICIPAL,3,2,2,0,1,4,87,87,82,82,19,0,3,2,0,0,37,16,0,3,2
1,8,0,380,245,18,https://resultados2019.blob.core.windows.net/201901/184704.jpg,OK,0,2,IZABAL,LÍVINGSTON,18470,CORPORACIÓN MUNICIPAL,17,2,2,0,1,4,239,239,214,214,74,16,1,3,5,2,61,33,4,9,6
1,0,0,518,533,18,https://resultados2019.blob.core.windows.net/201901/185064.jpg,OK,0,2,IZABAL,LÍVINGSTON,18506,CORPORACIÓN MUNICIPAL,5,2,2,0,1,4,60,60,55,55,16,0,2,1,1,0,26,8,0,0,1
1,9,0,400,395,18,https://resultados2019.blob.core.windows.net/201901/184554.jpg,OK,0,2,IZABAL,LÍVINGSTON,18455,CORPORACIÓN MUNICIPAL,26,2,2,0,1,4,268,268,233,233,64,25,0,13,12,0,50,56,1,5,7
1,3,0,224,226,18,https://resultados2019.blob.core.windows.net/201901/184264.jpg,OK,0,2,IZABAL,LÍVINGSTON,18426,CORPORACIÓN MUNICIPAL,6,2,2,0,1,4,158,158,149,149,23,1,0,0,2,0,82,36,0,2,3
1,0,0,198,200,18,https://resultados2019.blob.core.windows.net/201901/184454.jpg,OK,0,2,IZABAL,LÍVINGSTON,18445,CORPORACIÓN MUNICIPAL,1,2,2,0,1,4,161,161,160,160,43,0,0,2,3,0,73,38,0,0,1
1,1,0,380,376,18,https://resultados2019.blob.core.windows.net/201901/184794.jpg,OK,0,2,IZABAL,LÍVINGSTON,18479,CORPORACIÓN MUNICIPAL,8,2,2,0,1,4,227,227,218,218,88,19,0,4,8,1,50,32,1,7,8
1,3,0,380,378,18,https://resultados2019.blob.core.windows.net/201901/184964.jpg,OK,1,2,IZABAL,LÍVINGSTON,18496,CORPORACIÓN MUNICIPAL,14,2,2,0,1,4,310,310,293,293,59,2,0,0,2,1,160,65,1,2,1
1,7,0,306,306,18,https://resultados2019.blob.core.windows.net/201901/184204.jpg,OK,0,2,IZABAL,LÍVINGSTON,18420,CORPORACIÓN MUNICIPAL,16,2,2,0,1,4,194,194,171,171,26,3,2,1,5,0,87,38,1,7,1
1,2,0,400,394,18,https://resultados2019.blob.core.windows.net/201901/184594.jpg,OK,0,2,IZABAL,LÍVINGSTON,18459,CORPORACIÓN MUNICIPAL,6,2,2,0,1,4,251,251,243,243,70,27,0,4,5,5,74,45,1,3,9
1,8,0,400,396,18,https://resultados2019.blob.core.windows.net/201901/184544.jpg,OK,0,2,IZABAL,LÍVINGSTON,18454,CORPORACIÓN MUNICIPAL,23,2,2,0,1,4,258,258,227,227,60,19,2,11,8,2,59,49,2,6,9
1,2,0,380,380,18,https://resultados2019.blob.core.windows.net/201901/184724.jpg,OK,0,2,IZABAL,LÍVINGSTON,18472,CORPORACIÓN MUNICIPAL,20,2,2,0,1,4,267,267,245,245,73,19,1,3,5,1,76,54,2,4,7
1,3,0,311,313,18,https://resultados2019.blob.core.windows.net/201901/185034.jpg,OK,0,2,IZABAL,LÍVINGSTON,18503,CORPORACIÓN MUNICIPAL,7,2,2,0,1,4,190,190,180,180,32,5,1,2,1,1,80,55,0,3,0
1,5,0,400,394,18,https://resultados2019.blob.core.windows.net/201901/184114.jpg,OK,1,2,IZABAL,LÍVINGSTON,18411,CORPORACIÓN MUNICIPAL,22,2,2,0,1,4,291,291,264,264,67,1,9,0,3,0,98,66,4,12,4
1,4,0,400,394,18,https://resultados2019.blob.core.windows.net/201901/184174.jpg,OK,0,2,IZABAL,LÍVINGSTON,18417,CORPORACIÓN MUNICIPAL,9,2,2,0,1,4,234,234,221,221,40,1,4,2,0,0,113,52,0,8,1
1,2,0,400,400,18,https://resultados2019.blob.core.windows.net/201901/184134.jpg,OK,0,2,IZABAL,LÍVINGSTON,18413,CORPORACIÓN MUNICIPAL,12,2,2,0,1,4,232,232,218,218,31,2,2,1,0,0,110,64,0,6,2
1,2,0,380,377,18,https://resultados2019.blob.core.windows.net/201901/184444.jpg,OK,0,2,IZABAL,LÍVINGSTON,18444,CORPORACIÓN MUNICIPAL,5,2,2,0,1,4,250,250,243,243,71,1,0,1,3,0,117,48,0,0,2
1,6,0,380,377,18,https://resultados2019.blob.core.windows.net/201901/184474.jpg,OK,0,2,IZABAL,LÍVINGSTON,18447,CORPORACIÓN MUNICIPAL,15,2,2,0,1,4,261,261,240,240,48,4,0,5,3,1,85,90,0,2,2
1,3,0,380,380,18,https://resultados2019.blob.core.windows.net/201901/184304.jpg,OK,0,2,IZABAL,LÍVINGSTON,18430,CORPORACIÓN MUNICIPAL,13,2,2,0,1,4,245,245,229,229,31,5,1,0,4,1,96,85,0,3,3
1,5,0,400,400,18,https://resultados2019.blob.core.windows.net/201901/184144.jpg,OK,0,2,IZABAL,LÍVINGSTON,18414,CORPORACIÓN MUNICIPAL,13,2,2,0,1,4,231,231,213,213,42,1,2,0,1,1,116,42,2,4,2
1,7,2,380,380,18,https://resultados2019.blob.core.windows.net/201901/184784.jpg,OK,0,2,IZABAL,LÍVINGSTON,18478,CORPORACIÓN MUNICIPAL,8,2,2,0,1,4,213,213,198,198,70,11,0,3,7,0,60,30,2,6,9
1,2,0,380,380,18,https://resultados2019.blob.core.windows.net/201901/184354.jpg,OK,0,2,IZABAL,LÍVINGSTON,18435,CORPORACIÓN MUNICIPAL,14,2,2,0,1,4,232,232,216,216,28,4,0,1,1,0,100,77,1,4,0
1,3,0,400,400,18,https://resultados2019.blob.core.windows.net/201901/184164.jpg,OK,0,2,IZABAL,LÍVINGSTON,18416,CORPORACIÓN MUNICIPAL,22,2,2,0,1,4,227,227,202,202,39,0,5,1,3,1,111,37,0,2,3
1,5,0,380,380,18,https://resultados2019.blob.core.windows.net/201901/184954.jpg,OK,1,2,IZABAL,LÍVINGSTON,18495,CORPORACIÓN MUNICIPAL,9,2,2,0,1,4,309,309,295,295,51,1,1,0,1,0,152,86,0,0,3
1,4,0,311,316,18,https://resultados2019.blob.core.windows.net/201901/185044.jpg,OK,2,2,IZABAL,LÍVINGSTON,18504,CORPORACIÓN MUNICIPAL,4,2,2,0,1,4,190,190,182,182,32,5,0,1,0,0,75,67,0,1,1
1,8,0,380,380,18,https://resultados2019.blob.core.windows.net/201901/184494.jpg,OK,8,2,IZABAL,LÍVINGSTON,18449,CORPORACIÓN MUNICIPAL,9,2,2,0,1,4,227,227,210,210,35,4,0,3,3,0,66,90,1,1,7
1,6,0,400,400,18,https://resultados2019.blob.core.windows.net/201901/184574.jpg,OK,0,2,IZABAL,LÍVINGSTON,18457,CORPORACIÓN MUNICIPAL,20,2,2,0,1,4,270,270,244,244,59,25,1,6,10,0,82,46,0,5,10
1,6,0,400,400,18,https://resultados2019.blob.core.windows.net/201901/184084.jpg,OK,0,2,IZABAL,LÍVINGSTON,18408,CORPORACIÓN MUNICIPAL,24,2,2,0,1,4,308,308,278,278,42,4,1,1,5,1,149,64,2,7,2
1,5,0,380,380,18,https://resultados2019.blob.core.windows.net/201901/184294.jpg,OK,0,2,IZABAL,LÍVINGSTON,18429,CORPORACIÓN MUNICIPAL,22,2,2,0,1,4,252,252,225,225,40,5,2,2,5,0,75,85,2,2,7
1,2,0,380,380,18,https://resultados2019.blob.core.windows.net/201901/184334.jpg,OK,7,2,IZABAL,LÍVINGSTON,18433,CORPORACIÓN MUNICIPAL,0,2,2,0,1,4,194,194,192,192,20,9,0,1,2,0,82,74,0,3,1
1,9,1,380,380,18,https://resultados2019.blob.core.windows.net/201901/184864.jpg,OK,0,2,IZABAL,LÍVINGSTON,18486,CORPORACIÓN MUNICIPAL,16,2,2,0,1,4,265,265,240,240,47,15,0,1,24,0,80,67,0,4,2
1,5,0,400,396,18,https://resultados2019.blob.core.windows.net/201901/184624.jpg,OK,0,2,IZABAL,LÍVINGSTON,18462,CORPORACIÓN MUNICIPAL,19,2,2,0,1,4,245,245,221,221,74,18,2,8,5,1,60,40,2,6,5
1,6,1,400,400,18,https://resultados2019.blob.core.windows.net/201901/184564.jpg,OK,0,2,IZABAL,LÍVINGSTON,18456,CORPORACIÓN MUNICIPAL,21,2,2,0,1,4,276,276,249,249,67,15,0,10,9,2,74,52,1,7,12
1,5,1,400,400,18,https://resultados2019.blob.core.windows.net/201901/184534.jpg,OK,0,2,IZABAL,LÍVINGSTON,18453,CORPORACIÓN MUNICIPAL,18,2,2,0,1,4,244,244,221,221,77,17,0,7,7,0,42,49,0,6,16
1,4,0,362,371,18,https://resultados2019.blob.core.windows.net/201901/184924.jpg,OK,0,2,IZABAL,LÍVINGSTON,18492,CORPORACIÓN MUNICIPAL,8,2,2,0,1,4,217,217,205,205,45,18,0,2,18,1,75,42,1,1,2
1,0,1,232,234,18,https://resultados2019.blob.core.windows.net/201901/184664.jpg,OK,0,2,IZABAL,LÍVINGSTON,18466,CORPORACIÓN MUNICIPAL,4,2,2,0,1,4,156,156,152,152,61,15,0,6,3,0,42,19,0,3,3
1,7,0,328,332,18,https://resultados2019.blob.core.windows.net/201901/184524.jpg,OK,0,2,IZABAL,LÍVINGSTON,18452,CORPORACIÓN MUNICIPAL,2,2,2,0,1,4,199,199,190,190,27,2,0,6,1,0,82,65,0,2,5
1,5,0,400,400,18,https://resultados2019.blob.core.windows.net/201901/184654.jpg,OK,0,2,IZABAL,LÍVINGSTON,18465,CORPORACIÓN MUNICIPAL,5,2,2,0,1,4,220,220,210,210,46,19,0,4,5,1,80,46,2,1,6
1,6,0,400,394,18,https://resultados2019.blob.core.windows.net/201901/184184.jpg,OK,0,2,IZABAL,LÍVINGSTON,18418,CORPORACIÓN MUNICIPAL,16,2,2,0,1,4,261,261,239,239,48,0,3,0,3,0,128,52,2,0,3
1,3,0,259,261,18,https://resultados2019.blob.core.windows.net/201901/184814.jpg,OK,0,2,IZABAL,LÍVINGSTON,18481,CORPORACIÓN MUNICIPAL,4,2,2,0,1,4,139,139,132,132,46,16,0,3,4,3,29,24,3,2,2
1,5,0,400,400,18,https://resultados2019.blob.core.windows.net/201901/184054.jpg,OK,0,2,IZABAL,LÍVINGSTON,18405,CORPORACIÓN MUNICIPAL,15,2,2,0,1,4,228,228,208,208,34,2,0,0,4,0,110,50,2,3,3
1,2,0,400,396,18,https://resultados2019.blob.core.windows.net/201901/184124.jpg,OK,0,2,IZABAL,LÍVINGSTON,18412,CORPORACIÓN MUNICIPAL,25,2,2,0,1,4,285,285,258,258,44,1,1,3,1,0,119,76,0,11,2
1,6,0,380,380,18,https://resultados2019.blob.core.windows.net/201901/184314.jpg,OK,0,2,IZABAL,LÍVINGSTON,18431,CORPORACIÓN MUNICIPAL,12,2,2,0,1,4,263,263,245,245,28,3,1,0,2,1,101,105,1,2,1
1,5,0,380,380,18,https://resultados2019.blob.core.windows.net/201901/184324.jpg,OK,0,2,IZABAL,LÍVINGSTON,18432,CORPORACIÓN MUNICIPAL,12,2,2,0,1,4,237,237,220,220,26,6,1,1,7,0,91,80,3,3,2
1,5,0,380,376,18,https://resultados2019.blob.core.windows.net/201901/184874.jpg,OK,0,2,IZABAL,LÍVINGSTON,18487,CORPORACIÓN MUNICIPAL,9,2,2,0,1,4,221,221,207,207,58,11,0,4,26,1,60,38,0,5,4
1,2,0,400,400,18,https://resultados2019.blob.core.windows.net/201901/184584.jpg,OK,0,2,IZABAL,LÍVINGSTON,18458,CORPORACIÓN MUNICIPAL,25,2,2,0,1,4,251,251,224,224,61,14,0,5,8,1,66,46,1,10,12
1,7,0,380,376,18,https://resultados2019.blob.core.windows.net/201901/184284.jpg,OK,0,2,IZABAL,LÍVINGSTON,18428,CORPORACIÓN MUNICIPAL,14,2,2,0,1,4,244,244,223,223,28,9,0,0,0,1,98,80,1,3,3
1,7,0,380,380,18,https://resultados2019.blob.core.windows.net/201901/184764.jpg,OK,0,2,IZABAL,LÍVINGSTON,18476,CORPORACIÓN MUNICIPAL,19,2,2,0,1,4,240,240,214,214,89,14,3,5,11,0,52,25,1,10,4
1,5,0,400,400,18,https://resultados2019.blob.core.windows.net/201901/184154.jpg,OK,0,2,IZABAL,LÍVINGSTON,18415,CORPORACIÓN MUNICIPAL,7,2,2,0,1,4,236,236,224,224,41,2,2,1,3,0,115,53,0,4,3
1,2,0,259,261,18,https://resultados2019.blob.core.windows.net/201901/184804.jpg,OK,0,2,IZABAL,LÍVINGSTON,18480,CORPORACIÓN MUNICIPAL,5,2,2,0,1,4,180,180,173,173,71,16,0,2,2,1,49,23,1,1,7
1,5,0,380,376,18,https://resultados2019.blob.core.windows.net/201901/184384.jpg,OK,0,2,IZABAL,LÍVINGSTON,18438,CORPORACIÓN MUNICIPAL,10,2,2,0,1,4,224,224,209,209,26,11,2,0,1,3,83,78,1,1,3
1,5,0,380,376,18,https://resultados2019.blob.core.windows.net/201901/184344.jpg,OK,0,2,IZABAL,LÍVINGSTON,18434,CORPORACIÓN MUNICIPAL,15,2,2,0,1,4,198,198,178,178,23,16,0,1,1,0,61,71,0,3,2
1,4,0,203,207,18,https://resultados2019.blob.core.windows.net/201901/184404.jpg,OK,0,2,IZABAL,LÍVINGSTON,18440,CORPORACIÓN MUNICIPAL,4,2,2,0,1,4,151,151,143,143,13,3,2,1,1,0,54,68,0,0,1
1,4,0,380,376,18,https://resultados2019.blob.core.windows.net/201901/184504.jpg,OK,0,2,IZABAL,LÍVINGSTON,18450,CORPORACIÓN MUNICIPAL,12,2,2,0,1,4,233,233,217,217,39,7,0,6,2,1,76,80,0,3,3
1,2,0,380,234,18,https://resultados2019.blob.core.windows.net/201901/184754.jpg,OK,0,2,IZABAL,LÍVINGSTON,18475,CORPORACIÓN MUNICIPAL,14,2,2,0,1,4,234,234,218,218,74,27,0,8,4,3,52,34,4,9,3
1,3,0,380,380,18,https://resultados2019.blob.core.windows.net/201901/184774.jpg,OK,0,2,IZABAL,LÍVINGSTON,18477,CORPORACIÓN MUNICIPAL,14,2,2,0,1,4,219,219,202,202,97,16,0,6,8,0,42,27,0,3,3
1,2,0,518,531,18,https://resultados2019.blob.core.windows.net/201901/185074.jpg,OK,0,2,IZABAL,LÍVINGSTON,18507,CORPORACIÓN MUNICIPAL,3,2,2,0,1,4,35,35,30,30,5,1,0,0,0,0,14,7,0,3,0
1,3,0,329,329,18,https://resultados2019.blob.core.windows.net/201901/184514.jpg,OK,0,2,IZABAL,LÍVINGSTON,18451,CORPORACIÓN MUNICIPAL,16,2,2,0,1,4,185,185,166,166,44,3,1,9,3,1,45,56,0,1,3
1,2,0,307,312,18,https://resultados2019.blob.core.windows.net/201901/184194.jpg,OK,0,2,IZABAL,LÍVINGSTON,18419,CORPORACIÓN MUNICIPAL,1,2,2,0,1,4,214,214,211,211,36,2,2,0,2,0,110,51,1,7,0
1,5,0,380,376,18,https://resultados2019.blob.core.windows.net/201901/184714.jpg,OK,0,2,IZABAL,LÍVINGSTON,18471,CORPORACIÓN MUNICIPAL,19,2,2,0,1,4,263,263,239,239,76,24,0,5,8,0,72,39,0,7,8
1,9,0,400,396,18,https://resultados2019.blob.core.windows.net/201901/184644.jpg,OK,10,2,IZABAL,LÍVINGSTON,18464,CORPORACIÓN MUNICIPAL,0,2,2,0,1,4,228,228,219,219,73,22,2,9,5,0,65,34,0,3,6
1,156,0,380,376,18,https://resultados2019.blob.core.windows.net/201901/184734.jpg,OK,0,2,IZABAL,LÍVINGSTON,18473,CORPORACIÓN MUNICIPAL,10,2,2,0,1,4,376,376,210,210,78,17,1,7,8,1,53,35,1,3,6
1,1,0,400,394,18,https://resultados2019.blob.core.windows.net/201901/184634.jpg,OK,0,2,IZABAL,LÍVINGSTON,18463,CORPORACIÓN MUNICIPAL,22,2,2,0,1,4,234,234,211,211,50,24,1,3,9,0,69,40,4,8,3
1,4,0,362,364,18,https://resultados2019.blob.core.windows.net/201901/184934.jpg,OK,1,2,IZABAL,LÍVINGSTON,18493,CORPORACIÓN MUNICIPAL,4,2,2,0,1,4,180,180,172,172,34,10,0,1,27,0,60,38,0,0,2
1,0,0,400,400,18,https://resultados2019.blob.core.windows.net/201901/184064.jpg,OK,1,2,IZABAL,LÍVINGSTON,18406,CORPORACIÓN MUNICIPAL,14,2,2,0,1,4,261,261,247,247,49,4,0,2,2,1,117,62,0,7,3
1,3,0,203,203,18,https://resultados2019.blob.core.windows.net/201901/184414.jpg,OK,0,2,IZABAL,LÍVINGSTON,18441,CORPORACIÓN MUNICIPAL,7,2,2,0,1,4,118,118,108,108,18,3,0,1,1,0,43,40,0,1,1
1,5,0,380,380,18,https://resultados2019.blob.core.windows.net/201901/184844.jpg,OK,0,2,IZABAL,LÍVINGSTON,18484,CORPORACIÓN MUNICIPAL,7,2,2,0,1,4,238,238,226,226,40,10,1,2,22,0,80,62,1,3,5
1,7,0,380,380,18,https://resultados2019.blob.core.windows.net/201901/184424.jpg,OK,2,2,IZABAL,LÍVINGSTON,18442,CORPORACIÓN MUNICIPAL,5,2,2,0,1,4,295,295,283,283,75,4,0,0,3,0,119,79,0,3,0
1,2,0,232,236,18,https://resultados2019.blob.core.windows.net/201901/184674.jpg,OK,0,2,IZABAL,LÍVINGSTON,18467,CORPORACIÓN MUNICIPAL,7,2,2,0,1,4,134,134,125,125,27,10,0,2,3,3,43,29,0,3,5
1,10,0,400,400,18,https://resultados2019.blob.core.windows.net/201901/184224.jpg,OK,0,2,IZABAL,LÍVINGSTON,18422,CORPORACIÓN MUNICIPAL,19,2,2,0,1,4,298,298,269,269,46,4,0,1,1,0,161,52,1,0,3
1,6,0,380,377,18,https://resultados2019.blob.core.windows.net/201901/185014.jpg,OK,0,2,IZABAL,LÍVINGSTON,18501,CORPORACIÓN MUNICIPAL,16,2,2,0,1,4,261,261,239,239,46,9,1,1,2,0,100,79,0,0,1
1,2,0,224,225,18,https://resultados2019.blob.core.windows.net/201901/184254.jpg,OK,0,2,IZABAL,LÍVINGSTON,18425,CORPORACIÓN MUNICIPAL,9,2,2,0,1,4,160,160,149,149,25,2,0,1,1,0,91,27,1,1,0
1,8,0,400,400,18,https://resultados2019.blob.core.windows.net/201901/184214.jpg,OK,0,2,IZABAL,LÍVINGSTON,18421,CORPORACIÓN MUNICIPAL,19,2,2,0,1,4,257,257,230,230,25,2,3,0,0,0,113,85,1,1,0
1,9,0,380,380,18,https://resultados2019.blob.core.windows.net/201901/184984.jpg,OK,0,2,IZABAL,LÍVINGSTON,18498,CORPORACIÓN MUNICIPAL,4,2,2,0,1,4,280,280,267,267,36,3,0,0,0,0,131,96,0,1,0
1,5,0,400,397,18,https://resultados2019.blob.core.windows.net/201901/184234.jpg,OK,0,2,IZABAL,LÍVINGSTON,18423,CORPORACIÓN MUNICIPAL,6,2,2,0,1,4,289,289,278,278,29,2,0,2,0,0,181,58,0,5,1
1,4,0,380,380,18,https://resultados2019.blob.core.windows.net/201901/184944.jpg,OK,1,2,IZABAL,LÍVINGSTON,18494,CORPORACIÓN MUNICIPAL,11,2,2,0,1,4,311,311,296,296,37,2,0,0,0,0,173,83,0,1,0
0,6,0,400,400,18,https://resultados2019.blob.core.windows.net/201901/184074.jpg,OK,0,2,IZABAL,LÍVINGSTON,18407,CORPORACIÓN MUNICIPAL,16,2,2,0,1,4,265,266,244,243,38,3,2,0,3,0,125,67,0,4,2
1,9,0,380,380,18,https://resultados2019.blob.core.windows.net/201901/184974.jpg,OK,0,2,IZABAL,LÍVINGSTON,18497,CORPORACIÓN MUNICIPAL,9,2,2,0,1,4,296,296,278,278,39,5,0,0,0,0,147,87,0,0,0
1,6,0,380,380,18,https://resultados2019.blob.core.windows.net/201901/184394.jpg,OK,0,2,IZABAL,LÍVINGSTON,18439,CORPORACIÓN MUNICIPAL,1,2,2,0,1,4,250,250,243,243,32,7,2,3,2,0,93,99,0,0,5
1,13,0,380,380,18,https://resultados2019.blob.core.windows.net/201901/184834.jpg,OK,0,2,IZABAL,LÍVINGSTON,18483,CORPORACIÓN MUNICIPAL,14,2,2,0,1,4,239,239,212,212,43,12,2,3,26,1,85,39,0,1,0
1,6,2,380,380,18,https://resultados2019.blob.core.windows.net/201901/184374.jpg,OK,0,2,IZABAL,LÍVINGSTON,18437,CORPORACIÓN MUNICIPAL,16,2,2,0,1,4,220,220,198,198,30,5,3,1,0,1,84,69,2,2,1
1,4,0,380,380,18,https://resultados2019.blob.core.windows.net/201901/184434.jpg,OK,0,2,IZABAL,LÍVINGSTON,18443,CORPORACIÓN MUNICIPAL,3,2,2,0,1,4,296,296,289,289,82,4,0,1,0,0,138,64,0,0,0
