ACTACUADRA,BLANCOS,CNTIMPUGNA,CNTINSCRITOS,CNTPAPELETAS,DEP,IMGSRC,IMGSTATUS,INVALIDOS,MUN,NDEP,NMUN,NROMESA,NTE,NULOS,STACTA,STESCAN,STFISIC,STTRANS,TIPOELECCION,TOTALACTA,TOTALVOTOS,VOTOSVALIDOS,VOTOSVALIDOSACTA,voto_BIEN,voto_CREO,voto_FCN-NACION,voto_LIBRE,voto_MLP,voto_PAN,voto_PC,voto_PHG,voto_SEMILLA,voto_TODOS,voto_UCN,voto_UNE,voto_UNIONISTA,voto_VALOR,voto_VAMOS
0,0,0,380,380,18,https://resultados2019.blob.core.windows.net/201901/185824.jpg,OK,22,3,IZABAL,EL ESTOR,18582,CORPORACIÓN MUNICIPAL,0,2,2,0,1,4,308,286,286,286,1,66,0,5,9,0,35,6,25,22,5,97,0,9,6
0,5,0,400,400,18,https://resultados2019.blob.core.windows.net/201901/185084.jpg,OK,0,3,IZABAL,EL ESTOR,18508,CORPORACIÓN MUNICIPAL,19,2,2,0,1,4,288,279,255,264,2,31,3,1,9,1,20,0,6,44,11,89,7,13,18
1,3,0,380,380,18,https://resultados2019.blob.core.windows.net/201901/185484.jpg,OK,0,3,IZABAL,EL ESTOR,18548,CORPORACIÓN MUNICIPAL,15,2,2,0,1,4,309,309,291,291,0,73,0,1,3,1,28,2,23,58,9,82,0,9,2
1,4,0,400,400,18,https://resultados2019.blob.core.windows.net/201901/185194.jpg,OK,0,3,IZABAL,EL ESTOR,18519,CORPORACIÓN MUNICIPAL,18,2,2,0,1,4,272,272,250,250,4,29,0,1,3,3,29,10,9,40,16,67,6,16,17
1,5,0,380,380,18,https://resultados2019.blob.core.windows.net/201901/185524.jpg,OK,0,3,IZABAL,EL ESTOR,18552,CORPORACIÓN MUNICIPAL,15,2,2,0,1,4,333,333,313,313,0,20,2,2,1,0,101,9,41,45,34,50,0,2,6
1,1,0,400,400,18,https://resultados2019.blob.core.windows.net/201901/185294.jpg,OK,0,3,IZABAL,EL ESTOR,18529,CORPORACIÓN MUNICIPAL,15,2,2,0,1,4,299,299,283,283,0,37,1,2,8,1,27,13,13,51,18,69,7,23,13
1,3,0,380,380,18,https://resultados2019.blob.core.windows.net/201901/185574.jpg,OK,0,3,IZABAL,EL ESTOR,18557,CORPORACIÓN MUNICIPAL,19,2,2,0,1,4,306,306,284,284,0,24,1,0,2,1,77,15,32,61,24,35,1,1,10
1,1,0,203,203,18,https://resultados2019.blob.core.windows.net/201901/185604.jpg,OK,0,3,IZABAL,EL ESTOR,18560,CORPORACIÓN MUNICIPAL,5,2,1,0,1,4,166,166,160,160,1,13,0,0,2,0,47,3,19,30,20,18,0,1,6
1,1,0,380,381,18,https://resultados2019.blob.core.windows.net/201901/185534.jpg,OK,0,3,IZABAL,EL ESTOR,18553,CORPORACIÓN MUNICIPAL,12,2,2,0,1,4,328,328,315,315,0,25,0,1,1,0,123,3,28,47,31,44,0,1,11
1,5,0,358,355,18,https://resultados2019.blob.core.windows.net/201901/185674.jpg,OK,0,3,IZABAL,EL ESTOR,18567,CORPORACIÓN MUNICIPAL,6,2,2,0,1,4,252,252,241,241,0,58,4,3,1,3,60,4,4,46,8,42,4,3,1
1,6,0,400,398,18,https://resultados2019.blob.core.windows.net/201901/185404.jpg,OK,0,3,IZABAL,EL ESTOR,18540,CORPORACIÓN MUNICIPAL,12,2,2,0,1,4,292,292,274,274,1,65,0,1,1,4,15,5,20,66,18,57,11,7,3
1,1,0,395,392,18,https://resultados2019.blob.core.windows.net/201901/185374.jpg,OK,0,3,IZABAL,EL ESTOR,18537,CORPORACIÓN MUNICIPAL,6,2,2,0,1,4,278,278,271,271,1,33,1,2,1,0,37,8,16,66,11,50,11,19,15
1,5,0,400,401,18,https://resultados2019.blob.core.windows.net/201901/185284.jpg,OK,0,3,IZABAL,EL ESTOR,18528,CORPORACIÓN MUNICIPAL,36,2,2,0,1,4,294,294,253,253,1,26,1,2,7,1,16,15,13,62,10,55,9,19,16
1,1,0,400,400,18,https://resultados2019.blob.core.windows.net/201901/185344.jpg,OK,0,3,IZABAL,EL ESTOR,18534,CORPORACIÓN MUNICIPAL,8,2,2,0,1,4,262,262,253,253,0,38,1,0,3,5,27,9,5,54,16,54,2,22,17
1,3,0,400,400,18,https://resultados2019.blob.core.windows.net/201901/185204.jpg,OK,0,3,IZABAL,EL ESTOR,18520,CORPORACIÓN MUNICIPAL,12,2,2,0,1,4,270,270,255,255,1,23,3,0,4,5,14,9,17,41,17,58,13,34,16
1,1,0,400,400,18,https://resultados2019.blob.core.windows.net/201901/185394.jpg,OK,0,3,IZABAL,EL ESTOR,18539,CORPORACIÓN MUNICIPAL,22,2,2,0,1,4,292,292,269,269,2,32,1,0,1,0,15,6,24,96,18,64,4,3,3
1,4,0,380,380,18,https://resultados2019.blob.core.windows.net/201901/185764.jpg,OK,0,3,IZABAL,EL ESTOR,18576,CORPORACIÓN MUNICIPAL,16,2,2,0,1,4,306,306,286,286,2,54,1,0,1,0,63,8,34,22,44,50,1,3,3
1,6,0,400,397,18,https://resultados2019.blob.core.windows.net/201901/185184.jpg,OK,0,3,IZABAL,EL ESTOR,18518,CORPORACIÓN MUNICIPAL,15,2,2,0,1,4,298,298,277,277,3,29,1,0,3,0,31,7,20,51,12,76,10,15,19
1,0,0,227,227,18,https://resultados2019.blob.core.windows.net/201901/185734.jpg,OK,0,3,IZABAL,EL ESTOR,18573,CORPORACIÓN MUNICIPAL,2,2,2,0,1,4,200,200,198,198,0,77,0,0,0,0,23,0,3,30,10,49,0,1,5
1,5,0,398,395,18,https://resultados2019.blob.core.windows.net/201901/185454.jpg,OK,0,3,IZABAL,EL ESTOR,18545,CORPORACIÓN MUNICIPAL,20,2,2,0,1,4,277,277,252,252,1,54,2,0,2,0,27,5,18,49,7,68,7,9,3
1,0,0,400,400,18,https://resultados2019.blob.core.windows.net/201901/185364.jpg,OK,0,3,IZABAL,EL ESTOR,18536,CORPORACIÓN MUNICIPAL,3,2,2,0,1,4,255,255,252,252,1,25,1,1,5,0,27,6,7,61,11,72,7,16,12
1,7,0,380,380,18,https://resultados2019.blob.core.windows.net/201901/185634.jpg,OK,0,3,IZABAL,EL ESTOR,18563,CORPORACIÓN MUNICIPAL,12,2,2,0,1,4,262,262,243,243,3,87,3,1,1,0,42,4,3,51,5,34,3,3,3
1,2,0,369,366,18,https://resultados2019.blob.core.windows.net/201901/185504.jpg,OK,0,3,IZABAL,EL ESTOR,18550,CORPORACIÓN MUNICIPAL,26,2,2,0,1,4,320,320,292,292,3,68,0,1,1,0,43,0,25,40,3,101,0,4,3
1,4,0,380,380,18,https://resultados2019.blob.core.windows.net/201901/185714.jpg,OK,0,3,IZABAL,EL ESTOR,18571,CORPORACIÓN MUNICIPAL,16,2,2,0,1,4,329,329,309,309,4,91,0,0,1,1,33,1,16,40,15,100,0,1,6
1,9,1,400,400,18,https://resultados2019.blob.core.windows.net/201901/185224.jpg,OK,0,3,IZABAL,EL ESTOR,18522,CORPORACIÓN MUNICIPAL,33,2,2,0,1,4,293,293,251,251,4,30,4,4,4,1,22,7,9,48,13,57,8,24,16
0,4,0,380,380,18,https://resultados2019.blob.core.windows.net/201901/185844.jpg,OK,0,3,IZABAL,EL ESTOR,18584,CORPORACIÓN MUNICIPAL,13,2,2,0,1,4,323,320,303,303,0,83,0,2,3,0,45,9,17,29,5,93,4,9,4
1,2,0,400,401,18,https://resultados2019.blob.core.windows.net/201901/185164.jpg,OK,0,3,IZABAL,EL ESTOR,18516,CORPORACIÓN MUNICIPAL,7,2,2,0,1,4,273,273,264,264,0,33,1,7,6,0,19,14,17,57,11,56,9,18,16
1,2,0,400,400,18,https://resultados2019.blob.core.windows.net/201901/185334.jpg,OK,0,3,IZABAL,EL ESTOR,18533,CORPORACIÓN MUNICIPAL,14,2,2,0,1,4,273,273,257,257,2,30,1,2,2,4,22,14,13,47,11,66,9,24,10
1,1,0,400,397,18,https://resultados2019.blob.core.windows.net/201901/185134.jpg,OK,0,3,IZABAL,EL ESTOR,18513,CORPORACIÓN MUNICIPAL,16,2,2,0,1,4,303,303,286,286,2,40,1,2,5,1,33,14,13,52,12,81,5,10,15
1,5,0,380,379,18,https://resultados2019.blob.core.windows.net/201901/185774.jpg,OK,0,3,IZABAL,EL ESTOR,18577,CORPORACIÓN MUNICIPAL,36,2,2,0,1,4,294,294,253,253,3,61,1,0,2,0,35,4,23,31,29,56,0,3,5
1,5,0,380,380,18,https://resultados2019.blob.core.windows.net/201901/185494.jpg,OK,0,3,IZABAL,EL ESTOR,18549,CORPORACIÓN MUNICIPAL,11,2,2,0,1,4,309,309,293,293,1,71,1,0,0,0,37,3,17,56,3,94,0,8,2
1,3,0,380,380,18,https://resultados2019.blob.core.windows.net/201901/185584.jpg,OK,0,3,IZABAL,EL ESTOR,18558,CORPORACIÓN MUNICIPAL,13,2,2,0,1,4,310,310,294,294,1,28,2,1,3,0,89,4,27,63,46,24,0,2,4
1,6,0,400,398,18,https://resultados2019.blob.core.windows.net/201901/185264.jpg,OK,0,3,IZABAL,EL ESTOR,18526,CORPORACIÓN MUNICIPAL,11,2,2,0,1,4,307,307,290,290,0,41,2,1,11,0,26,16,13,58,24,59,7,19,13
1,4,0,380,385,18,https://resultados2019.blob.core.windows.net/201901/185754.jpg,OK,1,3,IZABAL,EL ESTOR,18575,CORPORACIÓN MUNICIPAL,27,2,2,0,1,4,315,315,284,284,2,59,2,0,0,0,60,7,34,30,45,39,0,2,4
1,3,0,380,377,18,https://resultados2019.blob.core.windows.net/201901/185884.jpg,OK,4,3,IZABAL,EL ESTOR,18588,CORPORACIÓN MUNICIPAL,4,2,2,0,1,4,301,301,294,294,0,83,0,0,1,0,35,2,15,31,2,105,0,18,2
1,3,0,314,314,18,https://resultados2019.blob.core.windows.net/201901/185784.jpg,OK,0,3,IZABAL,EL ESTOR,18578,CORPORACIÓN MUNICIPAL,15,2,2,0,1,4,250,250,232,232,4,47,0,3,0,0,45,6,32,18,40,27,0,3,7
1,1,0,400,400,18,https://resultados2019.blob.core.windows.net/201901/185174.jpg,OK,0,3,IZABAL,EL ESTOR,18517,CORPORACIÓN MUNICIPAL,10,2,2,0,1,4,274,274,263,263,0,32,3,1,3,0,27,10,12,49,17,65,12,18,14
1,6,0,480,480,18,https://resultados2019.blob.core.windows.net/201901/185924.jpg,OK,0,3,IZABAL,EL ESTOR,18592,CORPORACIÓN MUNICIPAL,6,2,2,0,1,4,129,129,117,117,0,24,2,0,2,0,18,4,4,15,8,27,2,6,5
1,8,0,400,400,18,https://resultados2019.blob.core.windows.net/201901/185424.jpg,OK,0,3,IZABAL,EL ESTOR,18542,CORPORACIÓN MUNICIPAL,19,2,2,0,1,4,273,273,246,246,1,57,0,1,2,0,28,8,14,47,12,58,7,7,4
1,3,0,380,380,18,https://resultados2019.blob.core.windows.net/201901/185474.jpg,OK,0,3,IZABAL,EL ESTOR,18547,CORPORACIÓN MUNICIPAL,6,2,2,0,1,4,300,300,291,291,1,91,1,1,0,0,36,4,12,43,3,92,0,3,4
1,0,0,400,400,18,https://resultados2019.blob.core.windows.net/201901/185254.jpg,OK,0,3,IZABAL,EL ESTOR,18525,CORPORACIÓN MUNICIPAL,15,2,2,0,1,4,289,289,274,274,2,41,0,0,8,0,17,15,12,53,16,59,14,24,13
1,1,0,397,397,18,https://resultados2019.blob.core.windows.net/201901/185464.jpg,OK,0,3,IZABAL,EL ESTOR,18546,CORPORACIÓN MUNICIPAL,5,2,2,0,1,4,310,310,304,304,0,56,0,0,2,0,32,1,35,85,13,59,8,7,6
1,4,0,380,380,18,https://resultados2019.blob.core.windows.net/201901/185694.jpg,OK,0,3,IZABAL,EL ESTOR,18569,CORPORACIÓN MUNICIPAL,9,2,2,0,1,4,339,339,326,326,4,97,0,1,2,0,37,2,9,57,10,95,0,1,11
1,1,0,227,225,18,https://resultados2019.blob.core.windows.net/201901/185724.jpg,OK,5,3,IZABAL,EL ESTOR,18572,CORPORACIÓN MUNICIPAL,0,2,2,0,1,4,208,208,207,207,2,66,0,0,0,0,15,1,6,38,3,70,0,1,5
1,4,0,380,380,18,https://resultados2019.blob.core.windows.net/201901/185654.jpg,OK,0,3,IZABAL,EL ESTOR,18565,CORPORACIÓN MUNICIPAL,17,2,2,0,1,4,285,285,264,264,11,60,3,1,3,1,42,2,1,43,9,75,6,3,4
1,5,0,400,397,18,https://resultados2019.blob.core.windows.net/201901/185434.jpg,OK,0,3,IZABAL,EL ESTOR,18543,CORPORACIÓN MUNICIPAL,17,2,2,0,1,4,315,315,293,293,0,49,3,0,0,1,28,6,24,67,23,76,2,12,2
1,0,0,481,481,18,https://resultados2019.blob.core.windows.net/201901/185914.jpg,OK,0,3,IZABAL,EL ESTOR,18591,CORPORACIÓN MUNICIPAL,16,2,2,0,1,4,169,169,153,153,1,27,2,1,2,0,21,6,14,28,4,26,6,9,6
1,1,0,400,400,18,https://resultados2019.blob.core.windows.net/201901/185144.jpg,OK,0,3,IZABAL,EL ESTOR,18514,CORPORACIÓN MUNICIPAL,16,2,2,0,1,4,311,311,294,294,0,33,2,0,7,0,41,15,15,70,11,75,6,9,10
1,3,0,400,400,18,https://resultados2019.blob.core.windows.net/201901/185314.jpg,OK,0,3,IZABAL,EL ESTOR,18531,CORPORACIÓN MUNICIPAL,18,2,2,0,1,4,289,289,268,268,1,27,5,2,2,1,31,6,13,52,19,64,15,21,9
1,2,0,380,380,18,https://resultados2019.blob.core.windows.net/201901/185814.jpg,OK,1,3,IZABAL,EL ESTOR,18581,CORPORACIÓN MUNICIPAL,11,2,2,0,1,4,300,300,287,287,1,95,1,1,3,3,37,5,20,24,6,73,0,11,7
1,2,0,380,380,18,https://resultados2019.blob.core.windows.net/201901/185704.jpg,OK,0,3,IZABAL,EL ESTOR,18570,CORPORACIÓN MUNICIPAL,15,2,2,0,1,4,354,354,337,337,2,111,2,1,2,0,22,2,16,53,17,102,0,1,6
1,1,0,313,313,18,https://resultados2019.blob.core.windows.net/201901/185794.jpg,OK,0,3,IZABAL,EL ESTOR,18579,CORPORACIÓN MUNICIPAL,6,2,2,0,1,4,249,249,242,242,1,45,0,0,2,0,65,9,34,25,36,21,1,2,1
1,6,0,380,380,18,https://resultados2019.blob.core.windows.net/201901/185804.jpg,OK,0,3,IZABAL,EL ESTOR,18580,CORPORACIÓN MUNICIPAL,17,2,2,0,1,4,310,310,287,287,1,72,1,7,4,0,33,2,21,35,8,83,0,11,9
1,4,0,400,400,18,https://resultados2019.blob.core.windows.net/201901/185274.jpg,OK,0,3,IZABAL,EL ESTOR,18527,CORPORACIÓN MUNICIPAL,28,2,2,0,1,4,305,305,273,273,2,25,2,4,7,1,34,16,10,47,17,76,5,14,13
1,7,0,380,380,18,https://resultados2019.blob.core.windows.net/201901/185864.jpg,OK,0,3,IZABAL,EL ESTOR,18586,CORPORACIÓN MUNICIPAL,15,2,2,0,1,4,317,317,295,295,3,98,0,1,3,0,33,10,17,23,3,82,0,21,1
1,1,0,400,402,18,https://resultados2019.blob.core.windows.net/201901/185324.jpg,OK,0,3,IZABAL,EL ESTOR,18532,CORPORACIÓN MUNICIPAL,19,2,2,0,1,4,266,266,246,246,1,23,4,2,8,2,21,14,13,43,20,61,6,16,12
1,2,0,380,380,18,https://resultados2019.blob.core.windows.net/201901/185544.jpg,OK,0,3,IZABAL,EL ESTOR,18554,CORPORACIÓN MUNICIPAL,10,2,2,0,1,4,300,300,288,288,0,18,0,0,1,0,107,4,29,58,23,43,0,0,5
0,2,0,380,377,18,https://resultados2019.blob.core.windows.net/201901/185854.jpg,OK,0,3,IZABAL,EL ESTOR,18585,CORPORACIÓN MUNICIPAL,29,2,2,0,1,4,316,316,285,283,2,63,1,5,0,0,29,7,27,21,5,93,0,25,7
1,3,0,380,380,18,https://resultados2019.blob.core.windows.net/201901/185644.jpg,OK,0,3,IZABAL,EL ESTOR,18564,CORPORACIÓN MUNICIPAL,20,2,2,0,1,4,265,265,242,242,8,62,2,1,1,0,39,3,2,49,11,56,2,2,4
1,3,0,400,400,18,https://resultados2019.blob.core.windows.net/201901/185124.jpg,OK,0,3,IZABAL,EL ESTOR,18512,CORPORACIÓN MUNICIPAL,20,2,2,0,1,4,279,279,256,256,3,35,4,2,2,3,27,10,12,42,14,73,2,16,11
1,1,0,204,204,18,https://resultados2019.blob.core.windows.net/201901/185594.jpg,OK,0,3,IZABAL,EL ESTOR,18559,CORPORACIÓN MUNICIPAL,4,2,2,0,1,4,185,185,180,180,0,14,1,0,0,0,73,2,15,32,19,16,2,0,6
1,5,0,400,400,18,https://resultados2019.blob.core.windows.net/201901/185214.jpg,OK,0,3,IZABAL,EL ESTOR,18521,CORPORACIÓN MUNICIPAL,26,2,2,0,1,4,269,269,238,238,3,30,2,2,4,0,17,12,7,41,9,71,10,19,11
1,6,0,400,400,18,https://resultados2019.blob.core.windows.net/201901/185444.jpg,OK,2,3,IZABAL,EL ESTOR,18544,CORPORACIÓN MUNICIPAL,24,2,2,0,1,4,283,283,253,253,2,41,4,1,1,2,15,4,17,41,23,82,6,13,1
1,3,0,237,237,18,https://resultados2019.blob.core.windows.net/201901/185894.jpg,OK,0,3,IZABAL,EL ESTOR,18589,CORPORACIÓN MUNICIPAL,1,2,2,0,1,4,199,199,195,195,0,60,0,1,0,3,24,4,18,10,3,59,1,9,3
1,4,0,380,380,18,https://resultados2019.blob.core.windows.net/201901/185614.jpg,OK,0,3,IZABAL,EL ESTOR,18561,CORPORACIÓN MUNICIPAL,23,2,2,0,1,4,284,284,257,257,3,63,1,2,0,0,52,6,5,52,9,57,0,3,4
1,3,0,380,380,18,https://resultados2019.blob.core.windows.net/201901/185554.jpg,OK,0,3,IZABAL,EL ESTOR,18555,CORPORACIÓN MUNICIPAL,20,2,2,0,1,4,322,322,299,299,1,19,0,1,4,0,77,10,31,65,35,45,0,1,10
0,3,0,380,378,18,https://resultados2019.blob.core.windows.net/201901/185564.jpg,OK,0,3,IZABAL,EL ESTOR,18556,CORPORACIÓN MUNICIPAL,19,2,2,0,1,4,314,313,291,292,0,23,0,0,0,0,97,9,22,68,30,36,1,1,4
1,13,0,380,380,18,https://resultados2019.blob.core.windows.net/201901/185744.jpg,OK,0,3,IZABAL,EL ESTOR,18574,CORPORACIÓN MUNICIPAL,23,2,2,0,1,4,335,335,299,299,0,56,2,0,0,1,55,19,19,23,44,74,3,1,2
1,3,0,400,397,18,https://resultados2019.blob.core.windows.net/201901/185154.jpg,OK,0,3,IZABAL,EL ESTOR,18515,CORPORACIÓN MUNICIPAL,11,2,2,0,1,4,313,313,299,299,1,33,3,2,10,2,29,6,13,54,14,84,11,25,12
1,2,0,400,400,18,https://resultados2019.blob.core.windows.net/201901/185354.jpg,OK,0,3,IZABAL,EL ESTOR,18535,CORPORACIÓN MUNICIPAL,7,2,2,0,1,4,235,235,226,226,1,23,4,0,3,1,26,7,9,48,15,49,6,18,16
1,2,0,380,380,18,https://resultados2019.blob.core.windows.net/201901/185624.jpg,OK,0,3,IZABAL,EL ESTOR,18562,CORPORACIÓN MUNICIPAL,23,2,2,0,1,4,290,290,265,265,6,57,1,6,1,0,54,7,2,58,17,48,2,4,2
1,7,0,400,400,18,https://resultados2019.blob.core.windows.net/201901/185234.jpg,OK,0,3,IZABAL,EL ESTOR,18523,CORPORACIÓN MUNICIPAL,16,2,2,0,1,4,295,295,272,272,4,37,5,2,2,3,18,13,16,52,12,73,8,13,14
1,9,0,359,359,18,https://resultados2019.blob.core.windows.net/201901/185664.jpg,OK,0,3,IZABAL,EL ESTOR,18566,CORPORACIÓN MUNICIPAL,34,2,2,0,1,4,234,234,191,191,3,48,2,0,2,2,37,1,1,30,9,47,5,1,3
1,5,0,380,380,18,https://resultados2019.blob.core.windows.net/201901/185834.jpg,OK,0,3,IZABAL,EL ESTOR,18583,CORPORACIÓN MUNICIPAL,27,2,2,0,1,4,318,318,286,286,1,68,2,1,3,0,29,10,16,27,7,109,1,8,4
1,2,0,400,400,18,https://resultados2019.blob.core.windows.net/201901/185244.jpg,OK,0,3,IZABAL,EL ESTOR,18524,CORPORACIÓN MUNICIPAL,11,2,2,0,1,4,302,302,289,289,1,31,5,5,5,6,21,10,12,34,29,68,11,33,18
1,5,0,237,237,18,https://resultados2019.blob.core.windows.net/201901/185904.jpg,OK,0,3,IZABAL,EL ESTOR,18590,CORPORACIÓN MUNICIPAL,9,2,2,0,1,4,193,193,179,179,0,48,0,3,0,0,20,4,13,16,4,57,0,10,4
1,6,0,400,401,18,https://resultados2019.blob.core.windows.net/201901/185304.jpg,OK,0,3,IZABAL,EL ESTOR,18530,CORPORACIÓN MUNICIPAL,18,2,2,0,1,4,280,280,256,256,3,35,3,0,7,0,21,15,6,49,11,65,9,18,14
1,1,0,400,399,18,https://resultados2019.blob.core.windows.net/201901/185104.jpg,OK,0,3,IZABAL,EL ESTOR,18510,CORPORACIÓN MUNICIPAL,13,2,2,0,1,4,303,303,289,289,1,41,6,1,5,4,23,12,10,45,16,86,3,23,13
1,1,0,369,369,18,https://resultados2019.blob.core.windows.net/201901/185514.jpg,OK,0,3,IZABAL,EL ESTOR,18551,CORPORACIÓN MUNICIPAL,14,2,2,0,1,4,302,302,287,287,1,76,1,1,1,0,45,3,16,44,2,93,0,4,0
1,5,0,400,400,18,https://resultados2019.blob.core.windows.net/201901/185114.jpg,OK,0,3,IZABAL,EL ESTOR,18511,CORPORACIÓN MUNICIPAL,22,2,2,0,1,4,308,308,281,281,1,32,4,1,7,4,27,11,7,51,12,67,16,24,17
1,3,0,380,380,18,https://resultados2019.blob.core.windows.net/201901/185874.jpg,OK,0,3,IZABAL,EL ESTOR,18587,CORPORACIÓN MUNICIPAL,28,2,2,0,1,4,317,317,286,286,2,61,1,3,3,1,36,7,22,22,2,107,0,16,3
1,3,0,395,395,18,https://resultados2019.blob.core.windows.net/201901/185384.jpg,OK,0,3,IZABAL,EL ESTOR,18538,CORPORACIÓN MUNICIPAL,24,2,2,0,1,4,247,247,220,220,1,20,2,4,1,0,14,7,9,50,14,64,5,15,14
1,2,0,380,380,18,https://resultados2019.blob.core.windows.net/201901/185684.jpg,OK,0,3,IZABAL,EL ESTOR,18568,CORPORACIÓN MUNICIPAL,10,2,2,0,1,4,332,332,320,320,3,100,1,1,1,0,32,0,8,54,18,97,0,3,2
1,3,0,400,400,18,https://resultados2019.blob.core.windows.net/201901/185094.jpg,OK,0,3,IZABAL,EL ESTOR,18509,CORPORACIÓN MUNICIPAL,16,2,2,0,1,4,277,277,258,258,1,25,3,1,8,0,30,9,10,49,20,57,14,18,13
1,5,0,400,400,18,https://resultados2019.blob.core.windows.net/201901/185414.jpg,OK,0,3,IZABAL,EL ESTOR,18541,CORPORACIÓN MUNICIPAL,19,2,2,0,1,4,263,263,239,239,1,38,1,0,0,0,41,4,11,67,14,47,8,3,4
