ACTACUADRA,BLANCOS,CNTIMPUGNA,CNTINSCRITOS,CNTPAPELETAS,DEP,IMGSRC,IMGSTATUS,INVALIDOS,MUN,NDEP,NMUN,NROMESA,NTE,NULOS,STACTA,STESCAN,STFISIC,STTRANS,TIPOELECCION,TOTALACTA,TOTALVOTOS,VOTOSVALIDOS,VOTOSVALIDOSACTA,voto_BIEN,voto_FCN-NACION,voto_MLP,voto_PC,voto_SEMILLA,voto_UCN,voto_UNE,voto_VALOR,voto_VAMOS,voto_VICTORIA
1,4,0,600,596,18,https://resultados2019.blob.core.windows.net/201901/187944.jpg,OK,0,5,IZABAL,LOS AMATES,18794,CORPORACIÓN MUNICIPAL,10,2,2,0,1,4,176,176,162,162,24,1,7,0,0,4,59,16,11,40
1,5,0,400,396,18,https://resultados2019.blob.core.windows.net/201901/187194.jpg,OK,0,5,IZABAL,LOS AMATES,18719,CORPORACIÓN MUNICIPAL,9,2,2,0,1,4,233,233,219,219,25,2,6,4,1,9,66,69,9,28
1,4,0,380,376,18,https://resultados2019.blob.core.windows.net/201901/187404.jpg,OK,11,5,IZABAL,LOS AMATES,18740,CORPORACIÓN MUNICIPAL,4,2,2,0,1,4,223,223,215,215,10,1,0,5,2,1,126,15,5,50
1,2,0,525,525,18,https://resultados2019.blob.core.windows.net/201901/187984.jpg,OK,0,5,IZABAL,LOS AMATES,18798,CORPORACIÓN MUNICIPAL,2,2,2,0,1,4,37,37,33,33,2,1,0,1,1,2,11,4,3,8
0,5,0,400,396,18,https://resultados2019.blob.core.windows.net/201901/187714.jpg,OK,0,5,IZABAL,LOS AMATES,18771,CORPORACIÓN MUNICIPAL,13,2,2,0,1,4,0,269,251,251,38,4,14,3,2,10,92,23,20,45
1,5,0,400,400,18,https://resultados2019.blob.core.windows.net/201901/187224.jpg,OK,0,5,IZABAL,LOS AMATES,18722,CORPORACIÓN MUNICIPAL,9,2,2,0,1,4,257,257,243,243,40,0,1,5,0,10,70,61,8,48
1,0,0,343,340,18,https://resultados2019.blob.core.windows.net/201901/187674.jpg,OK,0,5,IZABAL,LOS AMATES,18767,CORPORACIÓN MUNICIPAL,1,2,2,0,1,4,233,233,232,232,32,0,10,2,1,15,96,12,13,51
1,4,0,600,596,18,https://resultados2019.blob.core.windows.net/201901/187934.jpg,OK,0,5,IZABAL,LOS AMATES,18793,CORPORACIÓN MUNICIPAL,7,2,2,0,1,4,161,161,150,150,18,3,5,3,2,12,36,18,17,36
1,4,0,400,396,18,https://resultados2019.blob.core.windows.net/201901/187704.jpg,OK,0,5,IZABAL,LOS AMATES,18770,CORPORACIÓN MUNICIPAL,12,2,2,0,1,4,260,260,244,244,31,2,9,8,1,7,89,16,26,55
1,3,0,380,380,18,https://resultados2019.blob.core.windows.net/201901/187374.jpg,OK,0,5,IZABAL,LOS AMATES,18737,CORPORACIÓN MUNICIPAL,14,2,2,0,1,4,182,182,165,165,15,0,8,0,2,2,58,21,9,50
1,2,0,380,400,18,https://resultados2019.blob.core.windows.net/201901/187644.jpg,OK,0,5,IZABAL,LOS AMATES,18764,CORPORACIÓN MUNICIPAL,5,2,2,0,1,4,254,254,247,247,27,2,7,2,0,8,114,20,18,49
1,0,0,192,192,18,https://resultados2019.blob.core.windows.net/201901/187544.jpg,OK,0,5,IZABAL,LOS AMATES,18754,CORPORACIÓN MUNICIPAL,3,2,2,0,1,4,105,105,102,102,16,2,3,1,0,2,57,10,2,9
1,4,0,380,375,18,https://resultados2019.blob.core.windows.net/201901/187424.jpg,OK,0,5,IZABAL,LOS AMATES,18742,CORPORACIÓN MUNICIPAL,4,2,2,0,1,4,204,204,196,196,18,2,1,10,1,3,80,14,3,64
1,4,0,330,329,18,https://resultados2019.blob.core.windows.net/201901/187614.jpg,OK,0,5,IZABAL,LOS AMATES,18761,CORPORACIÓN MUNICIPAL,19,2,2,0,1,4,170,170,147,147,41,3,8,1,0,6,30,25,19,14
1,9,0,380,375,18,https://resultados2019.blob.core.windows.net/201901/187364.jpg,OK,0,5,IZABAL,LOS AMATES,18736,CORPORACIÓN MUNICIPAL,17,2,2,0,1,4,208,208,182,182,14,1,11,0,1,3,73,16,8,55
1,6,0,400,396,18,https://resultados2019.blob.core.windows.net/201901/187214.jpg,OK,0,5,IZABAL,LOS AMATES,18721,CORPORACIÓN MUNICIPAL,14,2,2,0,1,4,266,266,246,246,27,3,5,3,0,17,86,50,6,49
1,5,0,380,380,18,https://resultados2019.blob.core.windows.net/201901/187584.jpg,OK,0,5,IZABAL,LOS AMATES,18758,CORPORACIÓN MUNICIPAL,11,2,2,0,1,4,227,227,211,211,77,2,8,2,3,13,41,24,23,18
1,6,0,364,364,18,https://resultados2019.blob.core.windows.net/201901/187464.jpg,OK,0,5,IZABAL,LOS AMATES,18746,CORPORACIÓN MUNICIPAL,3,2,2,0,1,4,223,223,214,214,17,0,1,14,0,1,100,17,3,61
1,5,0,400,400,18,https://resultados2019.blob.core.windows.net/201901/187764.jpg,OK,0,5,IZABAL,LOS AMATES,18776,CORPORACIÓN MUNICIPAL,8,2,2,0,1,4,282,282,269,269,25,6,10,3,1,10,108,26,16,64
1,7,0,380,400,18,https://resultados2019.blob.core.windows.net/201901/187634.jpg,OK,0,5,IZABAL,LOS AMATES,18763,CORPORACIÓN MUNICIPAL,16,2,2,0,1,4,266,266,243,243,31,4,12,3,1,5,96,17,15,59
1,3,0,400,396,18,https://resultados2019.blob.core.windows.net/201901/187694.jpg,OK,1,5,IZABAL,LOS AMATES,18769,CORPORACIÓN MUNICIPAL,12,2,2,0,1,4,256,256,241,241,25,0,9,3,1,8,97,30,24,44
1,4,0,380,380,18,https://resultados2019.blob.core.windows.net/201901/187354.jpg,OK,0,5,IZABAL,LOS AMATES,18735,CORPORACIÓN MUNICIPAL,13,2,2,0,1,4,177,177,160,160,13,4,14,3,0,7,51,23,5,40
1,4,0,192,189,18,https://resultados2019.blob.core.windows.net/201901/187554.jpg,OK,3,5,IZABAL,LOS AMATES,18755,CORPORACIÓN MUNICIPAL,3,2,2,0,1,4,112,112,105,105,10,0,4,0,1,1,67,7,4,11
1,8,0,400,400,18,https://resultados2019.blob.core.windows.net/201901/187204.jpg,OK,0,5,IZABAL,LOS AMATES,18720,CORPORACIÓN MUNICIPAL,9,2,2,0,1,4,257,257,240,240,27,2,11,4,3,14,78,53,5,43
1,9,0,400,400,18,https://resultados2019.blob.core.windows.net/201901/187754.jpg,OK,4,5,IZABAL,LOS AMATES,18775,CORPORACIÓN MUNICIPAL,10,2,2,0,1,4,263,263,244,244,27,1,9,4,3,8,110,13,17,52
1,2,0,400,400,18,https://resultados2019.blob.core.windows.net/201901/187874.jpg,OK,0,5,IZABAL,LOS AMATES,18787,CORPORACIÓN MUNICIPAL,2,2,2,0,1,4,214,214,210,210,23,5,12,2,0,8,80,22,16,42
1,6,0,380,380,18,https://resultados2019.blob.core.windows.net/201901/187344.jpg,OK,0,5,IZABAL,LOS AMATES,18734,CORPORACIÓN MUNICIPAL,16,2,2,0,1,4,193,193,171,171,20,3,12,3,1,2,50,25,6,49
1,4,0,400,396,18,https://resultados2019.blob.core.windows.net/201901/187284.jpg,OK,0,5,IZABAL,LOS AMATES,18728,CORPORACIÓN MUNICIPAL,12,2,2,0,1,4,259,259,243,243,42,1,5,1,0,11,79,67,5,32
1,8,0,344,344,18,https://resultados2019.blob.core.windows.net/201901/187664.jpg,OK,0,5,IZABAL,LOS AMATES,18766,CORPORACIÓN MUNICIPAL,7,2,2,0,1,4,206,206,191,191,16,2,8,1,1,6,63,22,23,49
1,4,0,380,378,18,https://resultados2019.blob.core.windows.net/201901/187654.jpg,OK,0,5,IZABAL,LOS AMATES,18765,CORPORACIÓN MUNICIPAL,17,2,2,0,1,4,257,257,236,236,30,2,5,5,0,10,97,23,9,55
1,3,0,380,380,18,https://resultados2019.blob.core.windows.net/201901/187434.jpg,OK,0,5,IZABAL,LOS AMATES,18743,CORPORACIÓN MUNICIPAL,9,2,2,0,1,4,189,189,177,177,6,2,0,6,1,4,106,12,2,38
1,4,0,400,400,18,https://resultados2019.blob.core.windows.net/201901/187824.jpg,OK,0,5,IZABAL,LOS AMATES,18782,CORPORACIÓN MUNICIPAL,7,2,2,0,1,4,255,255,244,244,33,3,12,5,1,7,92,21,17,53
1,3,0,400,396,18,https://resultados2019.blob.core.windows.net/201901/187244.jpg,OK,7,5,IZABAL,LOS AMATES,18724,CORPORACIÓN MUNICIPAL,2,2,2,0,1,4,255,255,250,250,34,1,1,0,3,8,88,70,9,36
1,6,0,400,400,18,https://resultados2019.blob.core.windows.net/201901/187804.jpg,OK,0,5,IZABAL,LOS AMATES,18780,CORPORACIÓN MUNICIPAL,17,2,2,0,1,4,262,262,239,239,33,4,12,2,1,4,90,22,19,52
1,4,0,400,400,18,https://resultados2019.blob.core.windows.net/201901/187724.jpg,OK,0,5,IZABAL,LOS AMATES,18772,CORPORACIÓN MUNICIPAL,9,2,2,0,1,4,260,260,247,247,28,5,12,1,2,9,97,18,23,52
1,5,0,380,375,18,https://resultados2019.blob.core.windows.net/201901/187414.jpg,OK,0,5,IZABAL,LOS AMATES,18741,CORPORACIÓN MUNICIPAL,12,2,2,0,1,4,192,192,175,175,11,2,3,9,2,10,62,10,8,58
1,4,0,400,396,18,https://resultados2019.blob.core.windows.net/201901/187834.jpg,OK,0,5,IZABAL,LOS AMATES,18783,CORPORACIÓN MUNICIPAL,4,2,2,0,1,4,251,251,243,243,35,2,10,3,0,4,103,21,9,56
1,6,0,380,380,18,https://resultados2019.blob.core.windows.net/201901/187474.jpg,OK,0,5,IZABAL,LOS AMATES,18747,CORPORACIÓN MUNICIPAL,13,2,2,0,1,4,220,220,201,201,34,2,12,0,6,3,93,16,2,33
1,2,0,380,380,18,https://resultados2019.blob.core.windows.net/201901/187514.jpg,OK,0,5,IZABAL,LOS AMATES,18751,CORPORACIÓN MUNICIPAL,5,2,2,0,1,4,209,209,202,202,16,1,9,0,1,1,139,13,5,17
1,0,0,333,335,18,https://resultados2019.blob.core.windows.net/201901/187894.jpg,OK,0,5,IZABAL,LOS AMATES,18789,CORPORACIÓN MUNICIPAL,1,2,2,0,1,4,232,232,231,231,36,3,10,10,3,7,70,26,17,49
1,3,0,525,525,18,https://resultados2019.blob.core.windows.net/201901/187974.jpg,OK,0,5,IZABAL,LOS AMATES,18797,CORPORACIÓN MUNICIPAL,8,2,2,0,1,4,88,88,77,77,8,1,4,2,0,4,27,11,8,12
1,2,0,380,376,18,https://resultados2019.blob.core.windows.net/201901/187494.jpg,OK,0,5,IZABAL,LOS AMATES,18749,CORPORACIÓN MUNICIPAL,10,2,2,0,1,4,232,232,220,220,30,0,11,3,0,2,107,18,8,41
1,5,0,400,400,18,https://resultados2019.blob.core.windows.net/201901/187844.jpg,OK,0,5,IZABAL,LOS AMATES,18784,CORPORACIÓN MUNICIPAL,7,2,2,0,1,4,255,255,243,243,34,3,18,0,2,4,82,19,22,59
1,2,0,400,404,18,https://resultados2019.blob.core.windows.net/201901/187304.jpg,OK,0,5,IZABAL,LOS AMATES,18730,CORPORACIÓN MUNICIPAL,7,2,2,0,1,4,242,242,233,233,31,2,3,4,1,12,80,55,6,39
1,1,0,380,380,18,https://resultados2019.blob.core.windows.net/201901/187534.jpg,OK,0,5,IZABAL,LOS AMATES,18753,CORPORACIÓN MUNICIPAL,16,2,2,0,1,4,198,198,181,181,14,1,4,0,2,5,115,15,6,19
1,3,0,400,396,18,https://resultados2019.blob.core.windows.net/201901/187774.jpg,OK,0,5,IZABAL,LOS AMATES,18777,CORPORACIÓN MUNICIPAL,3,2,2,0,1,4,283,283,277,277,28,1,4,6,2,5,110,24,28,69
1,1,0,208,209,18,https://resultados2019.blob.core.windows.net/201901/187324.jpg,OK,0,5,IZABAL,LOS AMATES,18732,CORPORACIÓN MUNICIPAL,3,2,2,0,1,4,168,168,164,164,24,1,5,4,0,6,45,36,2,41
1,0,0,400,400,18,https://resultados2019.blob.core.windows.net/201901/187884.jpg,OK,0,5,IZABAL,LOS AMATES,18788,CORPORACIÓN MUNICIPAL,3,2,2,0,1,4,253,253,250,250,37,1,7,12,0,4,101,31,14,43
1,6,0,246,246,18,https://resultados2019.blob.core.windows.net/201901/187384.jpg,OK,0,5,IZABAL,LOS AMATES,18738,CORPORACIÓN MUNICIPAL,13,2,2,0,1,4,97,97,78,78,4,0,10,1,0,1,19,13,3,27
1,1,0,330,332,18,https://resultados2019.blob.core.windows.net/201901/187624.jpg,OK,0,5,IZABAL,LOS AMATES,18762,CORPORACIÓN MUNICIPAL,8,2,2,0,1,4,195,195,186,186,69,3,6,2,0,4,39,19,25,19
1,1,0,600,600,18,https://resultados2019.blob.core.windows.net/201901/187964.jpg,OK,0,5,IZABAL,LOS AMATES,18796,CORPORACIÓN MUNICIPAL,7,2,2,0,1,4,168,168,160,160,18,3,7,2,1,12,54,21,13,29
0,4,0,400,396,18,https://resultados2019.blob.core.windows.net/201901/187744.jpg,OK,2,5,IZABAL,LOS AMATES,18774,CORPORACIÓN MUNICIPAL,14,2,2,0,1,4,262,244,226,244,16,1,12,4,2,9,103,29,2,48
1,3,0,380,380,18,https://resultados2019.blob.core.windows.net/201901/187594.jpg,OK,0,5,IZABAL,LOS AMATES,18759,CORPORACIÓN MUNICIPAL,11,2,2,0,1,4,200,200,186,186,66,2,5,1,0,8,47,26,16,15
1,9,0,380,380,18,https://resultados2019.blob.core.windows.net/201901/187444.jpg,OK,0,5,IZABAL,LOS AMATES,18744,CORPORACIÓN MUNICIPAL,13,2,2,0,1,4,222,222,200,200,7,1,0,5,2,6,118,18,3,40
1,4,0,400,400,18,https://resultados2019.blob.core.windows.net/201901/187254.jpg,OK,1,5,IZABAL,LOS AMATES,18725,CORPORACIÓN MUNICIPAL,0,2,2,0,1,4,231,231,227,227,36,2,2,2,0,9,80,48,9,39
1,5,0,364,363,18,https://resultados2019.blob.core.windows.net/201901/187454.jpg,OK,0,5,IZABAL,LOS AMATES,18745,CORPORACIÓN MUNICIPAL,10,2,2,0,1,4,180,180,165,165,16,1,2,6,1,6,65,20,7,41
1,1,0,400,396,18,https://resultados2019.blob.core.windows.net/201901/187274.jpg,OK,0,5,IZABAL,LOS AMATES,18727,CORPORACIÓN MUNICIPAL,6,2,2,0,1,4,275,275,268,268,42,2,3,2,3,8,73,80,5,50
1,6,0,600,600,18,https://resultados2019.blob.core.windows.net/201901/187924.jpg,OK,0,5,IZABAL,LOS AMATES,18792,CORPORACIÓN MUNICIPAL,8,2,2,0,1,4,177,177,163,163,23,2,6,4,1,13,41,15,15,43
1,9,0,380,380,18,https://resultados2019.blob.core.windows.net/201901/187504.jpg,OK,0,5,IZABAL,LOS AMATES,18750,CORPORACIÓN MUNICIPAL,7,2,2,0,1,4,229,229,213,213,19,2,10,5,3,2,112,19,3,38
0,2,0,400,396,18,https://resultados2019.blob.core.windows.net/201901/187814.jpg,OK,0,5,IZABAL,LOS AMATES,18781,CORPORACIÓN MUNICIPAL,8,2,2,0,1,4,234,233,223,224,31,2,12,0,1,7,89,25,18,38
1,2,0,400,396,18,https://resultados2019.blob.core.windows.net/201901/187234.jpg,OK,0,5,IZABAL,LOS AMATES,18723,CORPORACIÓN MUNICIPAL,6,2,2,0,1,4,263,263,255,255,24,2,4,4,2,14,100,63,2,40
1,4,0,600,596,18,https://resultados2019.blob.core.windows.net/201901/187914.jpg,OK,0,5,IZABAL,LOS AMATES,18791,CORPORACIÓN MUNICIPAL,8,2,2,0,1,4,159,159,147,147,17,3,10,3,1,5,34,16,14,44
1,2,0,400,396,18,https://resultados2019.blob.core.windows.net/201901/187264.jpg,OK,0,5,IZABAL,LOS AMATES,18726,CORPORACIÓN MUNICIPAL,11,2,2,0,1,4,236,236,223,223,25,2,3,4,2,16,73,55,9,34
1,4,0,400,399,18,https://resultados2019.blob.core.windows.net/201901/187314.jpg,OK,0,5,IZABAL,LOS AMATES,18731,CORPORACIÓN MUNICIPAL,3,2,2,0,1,4,269,269,262,262,46,2,6,4,0,8,74,65,15,42
1,8,0,380,380,18,https://resultados2019.blob.core.windows.net/201901/187564.jpg,OK,0,5,IZABAL,LOS AMATES,18756,CORPORACIÓN MUNICIPAL,9,2,2,0,1,4,198,198,181,181,32,3,8,5,3,6,50,27,26,21
1,2,0,400,400,18,https://resultados2019.blob.core.windows.net/201901/187294.jpg,OK,0,5,IZABAL,LOS AMATES,18729,CORPORACIÓN MUNICIPAL,8,2,2,0,1,4,230,230,220,220,35,1,2,4,1,9,78,55,3,32
1,5,0,380,380,18,https://resultados2019.blob.core.windows.net/201901/187524.jpg,OK,137,5,IZABAL,LOS AMATES,18752,CORPORACIÓN MUNICIPAL,8,2,2,0,1,4,243,243,230,230,34,1,8,1,0,1,121,20,6,38
1,1,0,208,208,18,https://resultados2019.blob.core.windows.net/201901/187334.jpg,OK,0,5,IZABAL,LOS AMATES,18733,CORPORACIÓN MUNICIPAL,4,2,2,0,1,4,117,117,112,112,25,0,2,1,0,5,30,26,5,18
1,3,0,600,596,18,https://resultados2019.blob.core.windows.net/201901/187954.jpg,OK,0,5,IZABAL,LOS AMATES,18795,CORPORACIÓN MUNICIPAL,7,2,2,0,1,4,171,171,161,161,18,3,3,2,2,9,50,24,10,40
1,3,0,332,331,18,https://resultados2019.blob.core.windows.net/201901/187904.jpg,OK,0,5,IZABAL,LOS AMATES,18790,CORPORACIÓN MUNICIPAL,1,2,2,0,1,4,190,190,186,186,28,1,13,8,2,7,66,19,4,38
1,3,0,400,396,18,https://resultados2019.blob.core.windows.net/201901/187854.jpg,OK,0,5,IZABAL,LOS AMATES,18785,CORPORACIÓN MUNICIPAL,9,2,2,0,1,4,227,227,215,215,18,1,12,6,2,5,93,13,17,48
1,4,0,400,394,18,https://resultados2019.blob.core.windows.net/201901/187864.jpg,OK,0,5,IZABAL,LOS AMATES,18786,CORPORACIÓN MUNICIPAL,10,2,2,0,1,4,222,222,208,208,26,5,11,1,1,4,88,17,23,32
1,7,0,380,376,18,https://resultados2019.blob.core.windows.net/201901/187574.jpg,OK,2,5,IZABAL,LOS AMATES,18757,CORPORACIÓN MUNICIPAL,22,2,2,0,1,4,226,226,197,197,55,2,5,0,2,7,45,31,28,22
1,6,0,380,374,18,https://resultados2019.blob.core.windows.net/201901/187484.jpg,OK,0,5,IZABAL,LOS AMATES,18748,CORPORACIÓN MUNICIPAL,12,2,2,0,1,4,227,227,209,209,32,0,25,0,0,5,103,14,6,24
1,1,0,245,245,18,https://resultados2019.blob.core.windows.net/201901/187394.jpg,OK,0,5,IZABAL,LOS AMATES,18739,CORPORACIÓN MUNICIPAL,3,2,2,0,1,4,141,141,137,137,13,0,11,1,0,2,33,24,5,48
0,2,0,400,396,18,https://resultados2019.blob.core.windows.net/201901/187784.jpg,OK,0,5,IZABAL,LOS AMATES,18778,CORPORACIÓN MUNICIPAL,4,2,2,0,1,4,223,223,217,223,24,1,8,6,3,4,79,25,19,48
1,3,0,400,396,18,https://resultados2019.blob.core.windows.net/201901/187794.jpg,OK,0,5,IZABAL,LOS AMATES,18779,CORPORACIÓN MUNICIPAL,8,2,2,0,1,4,235,235,224,224,28,4,14,1,1,10,77,21,19,49
1,6,0,400,396,18,https://resultados2019.blob.core.windows.net/201901/187734.jpg,OK,0,5,IZABAL,LOS AMATES,18773,CORPORACIÓN MUNICIPAL,12,2,2,0,1,4,259,259,241,241,27,2,15,3,1,11,88,27,15,52
1,6,0,380,380,18,https://resultados2019.blob.core.windows.net/201901/187604.jpg,OK,0,5,IZABAL,LOS AMATES,18760,CORPORACIÓN MUNICIPAL,9,2,2,0,1,4,201,201,186,186,47,6,5,0,1,12,44,32,25,14
1,4,0,400,400,18,https://resultados2019.blob.core.windows.net/201901/187684.jpg,OK,1,5,IZABAL,LOS AMATES,18768,CORPORACIÓN MUNICIPAL,11,2,2,0,1,4,263,263,248,248,24,0,14,8,2,6,97,18,23,56
