ACTACUADRA,BLANCOS,CNTIMPUGNA,CNTINSCRITOS,CNTPAPELETAS,DEP,IMGSRC,IMGSTATUS,INVALIDOS,MUN,NDEP,NMUN,NROMESA,NTE,NULOS,STACTA,STESCAN,STFISIC,STTRANS,TIPOELECCION,TOTALACTA,TOTALVOTOS,VOTOSVALIDOS,VOTOSVALIDOSACTA,voto_BIEN,voto_TODOS,voto_UCN,voto_UNE,voto_VALOR
0,0,0,239,0,19,https://resultados2019.blob.core.windows.net/201901/191914.jpg,OK,0,11,ZACAPA,SAN JORGE,19191,CORPORACIÓN MUNICIPAL,0,0,0,0,0,4,0,0,0,0,0,0,0,0,0
0,0,0,400,0,19,https://resultados2019.blob.core.windows.net/201901/191774.jpg,OK,0,11,ZACAPA,SAN JORGE,19177,CORPORACIÓN MUNICIPAL,0,0,0,0,0,4,0,0,0,0,0,0,0,0,0
0,0,0,400,0,19,https://resultados2019.blob.core.windows.net/201901/191844.jpg,OK,0,11,ZACAPA,SAN JORGE,19184,CORPORACIÓN MUNICIPAL,0,0,0,0,0,4,0,0,0,0,0,0,0,0,0
0,0,0,400,0,19,https://resultados2019.blob.core.windows.net/201901/191734.jpg,OK,0,11,ZACAPA,SAN JORGE,19173,CORPORACIÓN MUNICIPAL,0,0,0,0,0,4,0,0,0,0,0,0,0,0,0
0,0,0,400,0,19,https://resultados2019.blob.core.windows.net/201901/191744.jpg,OK,0,11,ZACAPA,SAN JORGE,19174,CORPORACIÓN MUNICIPAL,0,0,0,0,0,4,0,0,0,0,0,0,0,0,0
0,0,0,400,0,19,https://resultados2019.blob.core.windows.net/201901/191824.jpg,OK,0,11,ZACAPA,SAN JORGE,19182,CORPORACIÓN MUNICIPAL,0,0,0,0,0,4,0,0,0,0,0,0,0,0,0
0,0,0,240,0,19,https://resultados2019.blob.core.windows.net/201901/191904.jpg,OK,0,11,ZACAPA,SAN JORGE,19190,CORPORACIÓN MUNICIPAL,0,0,0,0,0,4,0,0,0,0,0,0,0,0,0
0,0,0,280,0,19,https://resultados2019.blob.core.windows.net/201901/191814.jpg,OK,0,11,ZACAPA,SAN JORGE,19181,CORPORACIÓN MUNICIPAL,0,0,0,0,0,4,0,0,0,0,0,0,0,0,0
0,0,0,400,0,19,https://resultados2019.blob.core.windows.net/201901/191874.jpg,OK,0,11,ZACAPA,SAN JORGE,19187,CORPORACIÓN MUNICIPAL,0,0,0,0,0,4,0,0,0,0,0,0,0,0,0
0,0,0,400,0,19,https://resultados2019.blob.core.windows.net/201901/191884.jpg,OK,0,11,ZACAPA,SAN JORGE,19188,CORPORACIÓN MUNICIPAL,0,0,0,0,0,4,0,0,0,0,0,0,0,0,0
0,0,0,281,0,19,https://resultados2019.blob.core.windows.net/201901/191804.jpg,OK,0,11,ZACAPA,SAN JORGE,19180,CORPORACIÓN MUNICIPAL,0,0,0,0,0,4,0,0,0,0,0,0,0,0,0
0,0,0,400,0,19,https://resultados2019.blob.core.windows.net/201901/191894.jpg,OK,0,11,ZACAPA,SAN JORGE,19189,CORPORACIÓN MUNICIPAL,0,0,0,0,0,4,0,0,0,0,0,0,0,0,0
0,0,0,400,0,19,https://resultados2019.blob.core.windows.net/201901/191834.jpg,OK,0,11,ZACAPA,SAN JORGE,19183,CORPORACIÓN MUNICIPAL,0,0,0,0,0,4,0,0,0,0,0,0,0,0,0
0,0,0,400,0,19,https://resultados2019.blob.core.windows.net/201901/191754.jpg,OK,0,11,ZACAPA,SAN JORGE,19175,CORPORACIÓN MUNICIPAL,0,0,0,0,0,4,0,0,0,0,0,0,0,0,0
0,0,0,400,0,19,https://resultados2019.blob.core.windows.net/201901/191764.jpg,OK,0,11,ZACAPA,SAN JORGE,19176,CORPORACIÓN MUNICIPAL,0,0,0,0,0,4,0,0,0,0,0,0,0,0,0
0,0,0,400,0,19,https://resultados2019.blob.core.windows.net/201901/191864.jpg,OK,0,11,ZACAPA,SAN JORGE,19186,CORPORACIÓN MUNICIPAL,0,0,0,0,0,4,0,0,0,0,0,0,0,0,0
0,0,0,400,0,19,https://resultados2019.blob.core.windows.net/201901/191794.jpg,OK,0,11,ZACAPA,SAN JORGE,19179,CORPORACIÓN MUNICIPAL,0,0,0,0,0,4,0,0,0,0,0,0,0,0,0
0,0,0,400,0,19,https://resultados2019.blob.core.windows.net/201901/191854.jpg,OK,0,11,ZACAPA,SAN JORGE,19185,CORPORACIÓN MUNICIPAL,0,0,0,0,0,4,0,0,0,0,0,0,0,0,0
0,0,0,400,0,19,https://resultados2019.blob.core.windows.net/201901/191784.jpg,OK,0,11,ZACAPA,SAN JORGE,19178,CORPORACIÓN MUNICIPAL,0,0,0,0,0,4,0,0,0,0,0,0,0,0,0
