ACTACUADRA,BLANCOS,CNTIMPUGNA,CNTINSCRITOS,CNTPAPELETAS,DEP,IMGSRC,IMGSTATUS,INVALIDOS,MUN,NDEP,NMUN,NROMESA,NTE,NULOS,STACTA,STESCAN,STFISIC,STTRANS,TIPOELECCION,TOTALACTA,TOTALVOTOS,VOTOSVALIDOS,VOTOSVALIDOSACTA,voto_BIEN,voto_FCN-NACION,voto_UNE
1,2,0,415,415,19,https://resultados2019.blob.core.windows.net/201901/191724.jpg,OK,0,10,ZACAPA,HUITÉ,19172,CORPORACIÓN MUNICIPAL,4,2,2,0,1,4,74,74,68,68,21,19,28
1,4,0,400,400,19,https://resultados2019.blob.core.windows.net/201901/191614.jpg,OK,0,10,ZACAPA,HUITÉ,19161,CORPORACIÓN MUNICIPAL,7,2,2,0,1,4,294,294,283,283,72,80,131
1,5,0,400,396,19,https://resultados2019.blob.core.windows.net/201901/191554.jpg,OK,0,10,ZACAPA,HUITÉ,19155,CORPORACIÓN MUNICIPAL,9,2,2,0,1,4,302,302,288,288,89,86,113
1,4,0,400,400,19,https://resultados2019.blob.core.windows.net/201901/191574.jpg,OK,0,10,ZACAPA,HUITÉ,19157,CORPORACIÓN MUNICIPAL,17,2,2,0,1,4,319,319,298,298,91,85,122
1,3,1,380,376,19,https://resultados2019.blob.core.windows.net/201901/191684.jpg,OK,0,10,ZACAPA,HUITÉ,19168,CORPORACIÓN MUNICIPAL,3,2,2,0,1,4,310,310,304,304,84,56,164
1,8,0,400,400,19,https://resultados2019.blob.core.windows.net/201901/191594.jpg,OK,0,10,ZACAPA,HUITÉ,19159,CORPORACIÓN MUNICIPAL,17,2,2,0,1,4,313,313,288,288,72,80,136
1,3,0,362,362,19,https://resultados2019.blob.core.windows.net/201901/191664.jpg,OK,0,10,ZACAPA,HUITÉ,19166,CORPORACIÓN MUNICIPAL,7,2,2,0,1,4,266,266,256,256,69,66,121
1,3,0,379,379,19,https://resultados2019.blob.core.windows.net/201901/191714.jpg,OK,0,10,ZACAPA,HUITÉ,19171,CORPORACIÓN MUNICIPAL,4,2,2,0,1,4,259,259,252,252,44,70,138
1,5,1,400,400,19,https://resultados2019.blob.core.windows.net/201901/191634.jpg,OK,0,10,ZACAPA,HUITÉ,19163,CORPORACIÓN MUNICIPAL,5,2,2,0,1,4,303,303,293,293,80,86,127
1,7,0,400,401,19,https://resultados2019.blob.core.windows.net/201901/191564.jpg,OK,0,10,ZACAPA,HUITÉ,19156,CORPORACIÓN MUNICIPAL,18,2,2,0,1,4,282,282,257,257,82,77,98
1,9,0,279,279,19,https://resultados2019.blob.core.windows.net/201901/191694.jpg,OK,0,10,ZACAPA,HUITÉ,19169,CORPORACIÓN MUNICIPAL,1,2,2,0,1,4,243,243,233,233,80,38,115
1,2,0,362,362,19,https://resultados2019.blob.core.windows.net/201901/191654.jpg,OK,0,10,ZACAPA,HUITÉ,19165,CORPORACIÓN MUNICIPAL,3,2,2,0,1,4,298,298,293,293,68,78,147
1,1,1,279,279,19,https://resultados2019.blob.core.windows.net/201901/191704.jpg,OK,0,10,ZACAPA,HUITÉ,19170,CORPORACIÓN MUNICIPAL,1,2,2,0,1,4,234,234,232,232,86,29,117
1,10,0,380,376,19,https://resultados2019.blob.core.windows.net/201901/191674.jpg,OK,0,10,ZACAPA,HUITÉ,19167,CORPORACIÓN MUNICIPAL,4,2,2,0,1,4,322,322,308,308,110,54,144
1,2,0,400,400,19,https://resultados2019.blob.core.windows.net/201901/191624.jpg,OK,0,10,ZACAPA,HUITÉ,19162,CORPORACIÓN MUNICIPAL,8,2,2,0,1,4,298,298,288,288,74,98,116
1,2,1,400,398,19,https://resultados2019.blob.core.windows.net/201901/191644.jpg,OK,0,10,ZACAPA,HUITÉ,19164,CORPORACIÓN MUNICIPAL,9,2,2,0,1,4,291,291,280,280,81,71,128
1,6,0,400,400,19,https://resultados2019.blob.core.windows.net/201901/191604.jpg,OK,0,10,ZACAPA,HUITÉ,19160,CORPORACIÓN MUNICIPAL,15,2,2,0,1,4,308,308,287,287,80,72,135
1,6,0,400,400,19,https://resultados2019.blob.core.windows.net/201901/191584.jpg,OK,0,10,ZACAPA,HUITÉ,19158,CORPORACIÓN MUNICIPAL,12,2,2,0,1,4,328,328,310,310,78,83,149
