ACTACUADRA,BLANCOS,CNTIMPUGNA,CNTINSCRITOS,CNTPAPELETAS,DEP,IMGSRC,IMGSTATUS,INVALIDOS,MUN,NDEP,NMUN,NROMESA,NTE,NULOS,STACTA,STESCAN,STFISIC,STTRANS,TIPOELECCION,TOTALACTA,TOTALVOTOS,VOTOSVALIDOS,VOTOSVALIDOSACTA,voto_BIEN,voto_FCN-NACION,voto_TODOS,voto_UCN,voto_UNE
1,3,0,400,400,19,https://resultados2019.blob.core.windows.net/201901/188944.jpg,OK,0,2,ZACAPA,ESTANZUELA,18894,CORPORACIÓN MUNICIPAL,17,2,2,0,1,4,340,340,320,320,143,5,9,156,7
1,1,0,400,400,19,https://resultados2019.blob.core.windows.net/201901/188914.jpg,OK,2,2,ZACAPA,ESTANZUELA,18891,CORPORACIÓN MUNICIPAL,13,2,2,0,1,4,309,309,295,295,134,7,10,136,8
1,2,0,400,400,19,https://resultados2019.blob.core.windows.net/201901/189014.jpg,OK,0,2,ZACAPA,ESTANZUELA,18901,CORPORACIÓN MUNICIPAL,5,2,2,0,1,4,305,305,298,298,128,16,10,140,4
1,1,0,331,331,19,https://resultados2019.blob.core.windows.net/201901/189094.jpg,OK,1,2,ZACAPA,ESTANZUELA,18909,CORPORACIÓN MUNICIPAL,1,2,2,0,1,4,295,295,293,293,141,9,5,132,6
1,1,0,398,409,19,https://resultados2019.blob.core.windows.net/201901/189124.jpg,OK,0,2,ZACAPA,ESTANZUELA,18912,CORPORACIÓN MUNICIPAL,7,2,2,0,1,4,103,103,95,95,50,4,2,39,0
1,2,0,400,400,19,https://resultados2019.blob.core.windows.net/201901/189034.jpg,OK,0,2,ZACAPA,ESTANZUELA,18903,CORPORACIÓN MUNICIPAL,4,2,2,0,1,4,297,297,291,291,124,11,7,142,7
1,3,0,400,400,19,https://resultados2019.blob.core.windows.net/201901/189024.jpg,OK,0,2,ZACAPA,ESTANZUELA,18902,CORPORACIÓN MUNICIPAL,4,2,2,0,1,4,286,286,279,279,127,11,7,123,11
1,1,0,400,400,19,https://resultados2019.blob.core.windows.net/201901/189054.jpg,OK,0,2,ZACAPA,ESTANZUELA,18905,CORPORACIÓN MUNICIPAL,9,2,2,0,1,4,309,309,299,299,130,14,8,142,5
1,1,0,400,399,19,https://resultados2019.blob.core.windows.net/201901/189004.jpg,OK,0,2,ZACAPA,ESTANZUELA,18900,CORPORACIÓN MUNICIPAL,16,2,2,0,1,4,317,317,300,300,127,19,8,136,10
1,2,0,400,400,19,https://resultados2019.blob.core.windows.net/201901/188984.jpg,OK,0,2,ZACAPA,ESTANZUELA,18898,CORPORACIÓN MUNICIPAL,11,2,2,0,1,4,337,337,324,324,146,14,7,155,2
1,1,0,400,400,19,https://resultados2019.blob.core.windows.net/201901/188954.jpg,OK,0,2,ZACAPA,ESTANZUELA,18895,CORPORACIÓN MUNICIPAL,23,2,2,0,1,4,317,317,293,293,116,14,5,151,7
1,2,0,330,330,19,https://resultados2019.blob.core.windows.net/201901/189104.jpg,OK,0,2,ZACAPA,ESTANZUELA,18910,CORPORACIÓN MUNICIPAL,11,2,2,0,1,4,240,240,227,227,108,12,9,92,6
1,1,3,400,400,19,https://resultados2019.blob.core.windows.net/201901/189044.jpg,OK,0,2,ZACAPA,ESTANZUELA,18904,CORPORACIÓN MUNICIPAL,9,2,2,0,1,4,305,305,295,295,136,12,7,134,6
1,2,0,400,401,19,https://resultados2019.blob.core.windows.net/201901/189074.jpg,OK,0,2,ZACAPA,ESTANZUELA,18907,CORPORACIÓN MUNICIPAL,10,2,2,0,1,4,288,288,276,276,132,11,10,117,6
1,6,0,400,400,19,https://resultados2019.blob.core.windows.net/201901/188994.jpg,OK,0,2,ZACAPA,ESTANZUELA,18899,CORPORACIÓN MUNICIPAL,11,2,2,0,1,4,325,325,308,308,162,11,4,128,3
1,0,0,400,400,19,https://resultados2019.blob.core.windows.net/201901/189064.jpg,OK,0,2,ZACAPA,ESTANZUELA,18906,CORPORACIÓN MUNICIPAL,6,2,2,0,1,4,290,290,284,284,154,9,7,107,7
1,4,0,400,400,19,https://resultados2019.blob.core.windows.net/201901/188964.jpg,OK,0,2,ZACAPA,ESTANZUELA,18896,CORPORACIÓN MUNICIPAL,11,2,2,0,1,4,319,319,304,304,135,16,9,141,3
1,2,0,400,400,19,https://resultados2019.blob.core.windows.net/201901/188974.jpg,OK,0,2,ZACAPA,ESTANZUELA,18897,CORPORACIÓN MUNICIPAL,8,2,2,0,1,4,319,319,309,309,118,12,5,169,5
1,2,0,398,398,19,https://resultados2019.blob.core.windows.net/201901/189114.jpg,OK,0,2,ZACAPA,ESTANZUELA,18911,CORPORACIÓN MUNICIPAL,3,2,2,0,1,4,155,155,150,150,68,11,5,65,1
1,3,0,400,400,19,https://resultados2019.blob.core.windows.net/201901/188924.jpg,OK,0,2,ZACAPA,ESTANZUELA,18892,CORPORACIÓN MUNICIPAL,14,2,2,0,1,4,291,291,274,274,124,17,6,114,13
1,2,0,400,400,19,https://resultados2019.blob.core.windows.net/201901/189084.jpg,OK,0,2,ZACAPA,ESTANZUELA,18908,CORPORACIÓN MUNICIPAL,8,2,2,0,1,4,312,312,302,302,137,8,7,147,3
1,1,0,400,400,19,https://resultados2019.blob.core.windows.net/201901/188934.jpg,OK,0,2,ZACAPA,ESTANZUELA,18893,CORPORACIÓN MUNICIPAL,13,2,2,0,1,4,310,310,296,296,118,19,3,151,5
