ACTACUADRA,BLANCOS,CNTIMPUGNA,CNTINSCRITOS,CNTPAPELETAS,DEP,IMGSRC,IMGSTATUS,INVALIDOS,MUN,NDEP,NMUN,NROMESA,NTE,NULOS,STACTA,STESCAN,STFISIC,STTRANS,TIPOELECCION,TOTALACTA,TOTALVOTOS,VOTOSVALIDOS,VOTOSVALIDOSACTA,voto_AVANZA,voto_BIEN,voto_FCN-NACION,voto_MLP,voto_TODOS,voto_UCN,voto_UNE,voto_VALOR,voto_VAMOS
1,1,0,400,400,19,https://resultados2019.blob.core.windows.net/201901/190564.jpg,OK,0,6,ZACAPA,USUMATLÁN,19056,CORPORACIÓN MUNICIPAL,17,2,2,0,1,4,323,323,305,305,5,20,84,2,16,95,40,13,30
1,4,0,400,400,19,https://resultados2019.blob.core.windows.net/201901/190544.jpg,OK,0,6,ZACAPA,USUMATLÁN,19054,CORPORACIÓN MUNICIPAL,8,2,2,0,1,4,300,300,288,288,4,7,96,3,9,84,36,18,31
1,2,0,322,322,19,https://resultados2019.blob.core.windows.net/201901/190654.jpg,OK,0,6,ZACAPA,USUMATLÁN,19065,CORPORACIÓN MUNICIPAL,12,2,2,0,1,4,208,208,194,194,3,18,72,2,13,61,9,4,12
1,1,1,441,441,19,https://resultados2019.blob.core.windows.net/201901/190744.jpg,OK,0,6,ZACAPA,USUMATLÁN,19074,CORPORACIÓN MUNICIPAL,7,2,2,0,1,4,99,99,91,91,2,6,26,0,4,29,9,8,7
1,2,0,400,400,19,https://resultados2019.blob.core.windows.net/201901/190594.jpg,OK,0,6,ZACAPA,USUMATLÁN,19059,CORPORACIÓN MUNICIPAL,16,2,2,0,1,4,287,287,269,269,8,7,86,4,19,79,23,14,29
1,2,3,325,325,19,https://resultados2019.blob.core.windows.net/201901/190624.jpg,OK,0,6,ZACAPA,USUMATLÁN,19062,CORPORACIÓN MUNICIPAL,2,2,2,0,1,4,254,254,250,250,5,11,92,1,8,79,28,5,21
1,2,0,321,318,19,https://resultados2019.blob.core.windows.net/201901/190664.jpg,OK,0,6,ZACAPA,USUMATLÁN,19066,CORPORACIÓN MUNICIPAL,5,2,2,0,1,4,225,225,218,218,2,32,66,0,9,79,13,7,10
1,0,0,326,326,19,https://resultados2019.blob.core.windows.net/201901/190614.jpg,OK,0,6,ZACAPA,USUMATLÁN,19061,CORPORACIÓN MUNICIPAL,6,2,2,0,1,4,248,248,242,242,6,2,59,2,13,94,27,11,28
1,1,0,291,289,19,https://resultados2019.blob.core.windows.net/201901/190734.jpg,OK,0,6,ZACAPA,USUMATLÁN,19073,CORPORACIÓN MUNICIPAL,5,2,2,0,1,4,220,220,214,214,1,32,50,7,22,73,19,1,9
1,4,0,380,380,19,https://resultados2019.blob.core.windows.net/201901/190674.jpg,OK,0,6,ZACAPA,USUMATLÁN,19067,CORPORACIÓN MUNICIPAL,15,2,2,0,1,4,280,280,261,261,2,13,72,3,18,108,33,7,5
1,5,0,380,380,19,https://resultados2019.blob.core.windows.net/201901/190684.jpg,OK,0,6,ZACAPA,USUMATLÁN,19068,CORPORACIÓN MUNICIPAL,23,2,2,0,1,4,296,296,268,268,3,18,73,8,23,99,31,1,12
1,3,0,400,400,19,https://resultados2019.blob.core.windows.net/201901/190584.jpg,OK,0,6,ZACAPA,USUMATLÁN,19058,CORPORACIÓN MUNICIPAL,9,2,2,0,1,4,309,309,297,297,10,7,91,1,21,104,23,10,30
1,80,0,380,380,19,https://resultados2019.blob.core.windows.net/201901/190644.jpg,OK,0,6,ZACAPA,USUMATLÁN,19064,CORPORACIÓN MUNICIPAL,20,2,2,0,1,4,380,380,280,280,7,25,104,2,12,102,16,3,9
1,0,0,400,400,19,https://resultados2019.blob.core.windows.net/201901/190554.jpg,OK,0,6,ZACAPA,USUMATLÁN,19055,CORPORACIÓN MUNICIPAL,16,2,2,0,1,4,300,300,284,284,9,15,88,3,8,71,39,19,32
1,7,0,380,380,19,https://resultados2019.blob.core.windows.net/201901/190694.jpg,OK,0,6,ZACAPA,USUMATLÁN,19069,CORPORACIÓN MUNICIPAL,22,2,2,0,1,4,298,298,269,269,2,15,81,11,19,96,32,5,8
1,5,1,400,396,19,https://resultados2019.blob.core.windows.net/201901/190604.jpg,OK,0,6,ZACAPA,USUMATLÁN,19060,CORPORACIÓN MUNICIPAL,5,2,2,0,1,4,292,292,282,282,6,11,83,3,13,96,30,14,26
1,2,0,380,376,19,https://resultados2019.blob.core.windows.net/201901/190634.jpg,OK,0,6,ZACAPA,USUMATLÁN,19063,CORPORACIÓN MUNICIPAL,13,2,2,0,1,4,266,266,251,251,3,33,76,2,7,86,20,5,19
1,1,0,380,380,19,https://resultados2019.blob.core.windows.net/201901/190714.jpg,OK,0,6,ZACAPA,USUMATLÁN,19071,CORPORACIÓN MUNICIPAL,7,2,2,0,1,4,264,264,256,256,2,14,61,3,20,111,25,9,11
1,3,0,380,380,19,https://resultados2019.blob.core.windows.net/201901/190704.jpg,OK,0,6,ZACAPA,USUMATLÁN,19070,CORPORACIÓN MUNICIPAL,16,2,2,0,1,4,271,271,252,252,2,24,57,13,23,104,19,0,10
1,4,0,292,293,19,https://resultados2019.blob.core.windows.net/201901/190724.jpg,OK,0,6,ZACAPA,USUMATLÁN,19072,CORPORACIÓN MUNICIPAL,12,2,2,0,1,4,197,197,181,181,1,10,43,13,24,65,20,1,4
1,5,0,400,400,19,https://resultados2019.blob.core.windows.net/201901/190574.jpg,OK,0,6,ZACAPA,USUMATLÁN,19057,CORPORACIÓN MUNICIPAL,14,2,2,0,1,4,313,313,294,294,8,12,84,3,15,96,39,9,28
