ACTACUADRA,BLANCOS,CNTIMPUGNA,CNTINSCRITOS,CNTPAPELETAS,DEP,IMGSRC,IMGSTATUS,INVALIDOS,MUN,NDEP,NMUN,NROMESA,NTE,NULOS,STACTA,STESCAN,STFISIC,STTRANS,TIPOELECCION,TOTALACTA,TOTALVOTOS,VOTOSVALIDOS,VOTOSVALIDOSACTA,voto_BIEN,voto_EG,voto_FCN-NACION,voto_PC,voto_PHG,voto_SEMILLA,voto_TODOS,voto_UCN,voto_UNE,voto_UNIDOS,voto_UNIONISTA,voto_VALOR,voto_VAMOS
1,1,1,400,400,19,https://resultados2019.blob.core.windows.net/201901/191164.jpg,OK,0,9,ZACAPA,LA UNIÓN,19116,CORPORACIÓN MUNICIPAL,22,2,2,0,1,4,319,319,296,296,7,4,31,0,38,8,11,88,36,5,12,0,56
1,7,0,400,400,19,https://resultados2019.blob.core.windows.net/201901/191284.jpg,OK,0,9,ZACAPA,LA UNIÓN,19128,CORPORACIÓN MUNICIPAL,36,2,2,0,1,4,313,313,270,270,4,8,27,0,33,22,18,60,33,5,7,0,53
1,4,0,400,400,19,https://resultados2019.blob.core.windows.net/201901/191184.jpg,OK,0,9,ZACAPA,LA UNIÓN,19118,CORPORACIÓN MUNICIPAL,9,2,2,0,1,4,269,269,256,256,6,2,16,0,60,9,19,46,34,4,8,2,50
1,2,0,378,378,19,https://resultados2019.blob.core.windows.net/201901/191344.jpg,OK,0,9,ZACAPA,LA UNIÓN,19134,CORPORACIÓN MUNICIPAL,2,2,2,0,1,4,280,280,276,276,3,5,15,0,50,5,45,37,24,6,6,1,79
1,7,0,380,380,19,https://resultados2019.blob.core.windows.net/201901/191364.jpg,OK,0,9,ZACAPA,LA UNIÓN,19136,CORPORACIÓN MUNICIPAL,34,2,2,0,1,4,267,267,226,226,6,1,56,1,33,12,11,30,18,0,14,0,44
1,6,0,400,400,19,https://resultados2019.blob.core.windows.net/201901/191144.jpg,OK,0,9,ZACAPA,LA UNIÓN,19114,CORPORACIÓN MUNICIPAL,26,2,2,0,1,4,288,288,256,256,6,0,23,0,62,11,4,48,26,6,13,5,52
1,5,0,380,380,19,https://resultados2019.blob.core.windows.net/201901/191504.jpg,OK,0,9,ZACAPA,LA UNIÓN,19150,CORPORACIÓN MUNICIPAL,11,2,2,0,1,4,274,274,258,258,4,5,66,0,19,13,9,70,19,2,12,0,39
1,5,0,400,400,19,https://resultados2019.blob.core.windows.net/201901/191244.jpg,OK,108,9,ZACAPA,LA UNIÓN,19124,CORPORACIÓN MUNICIPAL,23,2,2,0,1,4,292,292,264,264,3,1,21,0,50,7,47,43,22,2,8,1,59
1,3,0,400,400,19,https://resultados2019.blob.core.windows.net/201901/191254.jpg,OK,0,9,ZACAPA,LA UNIÓN,19125,CORPORACIÓN MUNICIPAL,24,2,2,0,1,4,289,289,262,262,7,2,21,0,76,8,10,38,15,6,5,3,71
1,2,0,342,342,19,https://resultados2019.blob.core.windows.net/201901/191214.jpg,OK,0,9,ZACAPA,LA UNIÓN,19121,CORPORACIÓN MUNICIPAL,1,2,2,0,1,4,236,236,233,233,1,0,23,1,49,6,8,63,20,3,7,3,49
1,8,0,400,400,19,https://resultados2019.blob.core.windows.net/201901/191294.jpg,OK,0,9,ZACAPA,LA UNIÓN,19129,CORPORACIÓN MUNICIPAL,27,2,2,0,1,4,332,332,297,297,4,8,40,0,25,8,47,58,29,1,1,1,75
1,5,0,400,403,19,https://resultados2019.blob.core.windows.net/201901/191124.jpg,OK,0,9,ZACAPA,LA UNIÓN,19112,CORPORACIÓN MUNICIPAL,29,2,2,0,1,4,303,303,269,269,2,4,16,0,69,14,16,49,27,0,15,4,53
1,5,0,317,317,19,https://resultados2019.blob.core.windows.net/201901/191534.jpg,OK,0,9,ZACAPA,LA UNIÓN,19153,CORPORACIÓN MUNICIPAL,8,2,2,0,1,4,111,111,98,98,5,1,8,0,17,4,10,18,6,2,1,0,26
1,5,0,400,400,19,https://resultados2019.blob.core.windows.net/201901/191324.jpg,OK,0,9,ZACAPA,LA UNIÓN,19132,CORPORACIÓN MUNICIPAL,13,2,2,0,1,4,235,235,217,217,7,4,8,0,39,5,22,40,24,4,2,0,62
1,4,0,380,377,19,https://resultados2019.blob.core.windows.net/201901/191354.jpg,OK,0,9,ZACAPA,LA UNIÓN,19135,CORPORACIÓN MUNICIPAL,27,2,2,0,1,4,274,274,243,243,5,2,73,1,25,4,16,33,30,1,18,1,34
1,0,0,378,378,19,https://resultados2019.blob.core.windows.net/201901/191334.jpg,OK,0,9,ZACAPA,LA UNIÓN,19133,CORPORACIÓN MUNICIPAL,8,2,2,0,1,4,257,257,249,249,3,2,19,0,46,10,38,41,16,2,3,1,68
1,4,0,380,380,19,https://resultados2019.blob.core.windows.net/201901/191434.jpg,OK,0,9,ZACAPA,LA UNIÓN,19143,CORPORACIÓN MUNICIPAL,17,2,2,0,1,4,262,262,241,241,1,1,69,0,24,6,16,30,23,0,18,0,53
1,1,0,380,380,19,https://resultados2019.blob.core.windows.net/201901/191484.jpg,OK,0,9,ZACAPA,LA UNIÓN,19148,CORPORACIÓN MUNICIPAL,19,2,2,0,1,4,309,309,289,289,2,4,73,0,21,14,9,68,23,2,27,2,44
1,5,0,400,400,19,https://resultados2019.blob.core.windows.net/201901/191264.jpg,OK,92,9,ZACAPA,LA UNIÓN,19126,CORPORACIÓN MUNICIPAL,23,2,2,0,1,4,308,308,280,280,9,1,60,2,63,4,11,46,25,1,5,0,53
1,7,0,380,380,19,https://resultados2019.blob.core.windows.net/201901/191414.jpg,OK,0,9,ZACAPA,LA UNIÓN,19141,CORPORACIÓN MUNICIPAL,26,2,2,0,1,4,344,344,311,311,2,4,81,1,26,5,9,84,29,0,25,0,45
1,8,0,330,330,19,https://resultados2019.blob.core.windows.net/201901/191524.jpg,OK,0,9,ZACAPA,LA UNIÓN,19152,CORPORACIÓN MUNICIPAL,6,2,2,0,1,4,267,267,253,253,2,6,71,0,18,16,5,49,16,0,17,0,53
1,1,1,341,341,19,https://resultados2019.blob.core.windows.net/201901/191224.jpg,OK,0,9,ZACAPA,LA UNIÓN,19122,CORPORACIÓN MUNICIPAL,2,2,2,0,1,4,247,247,244,244,5,2,20,1,49,6,12,57,22,4,6,2,58
1,4,0,400,400,19,https://resultados2019.blob.core.windows.net/201901/191304.jpg,OK,0,9,ZACAPA,LA UNIÓN,19130,CORPORACIÓN MUNICIPAL,14,2,2,0,1,4,293,293,275,275,8,4,26,0,33,10,28,53,27,6,8,0,72
1,4,0,380,380,19,https://resultados2019.blob.core.windows.net/201901/191474.jpg,OK,0,9,ZACAPA,LA UNIÓN,19147,CORPORACIÓN MUNICIPAL,34,2,2,0,1,4,283,283,245,245,5,1,38,0,34,22,11,54,25,4,21,4,26
1,3,0,330,330,19,https://resultados2019.blob.core.windows.net/201901/191514.jpg,OK,0,9,ZACAPA,LA UNIÓN,19151,CORPORACIÓN MUNICIPAL,21,2,2,0,1,4,249,249,225,225,4,3,70,1,17,21,7,50,13,4,4,3,28
1,3,0,353,350,19,https://resultados2019.blob.core.windows.net/201901/191464.jpg,OK,0,9,ZACAPA,LA UNIÓN,19146,CORPORACIÓN MUNICIPAL,13,2,2,0,1,4,250,250,234,234,0,2,65,0,19,6,27,36,17,1,9,0,52
1,1,0,400,380,19,https://resultados2019.blob.core.windows.net/201901/191314.jpg,OK,0,9,ZACAPA,LA UNIÓN,19131,CORPORACIÓN MUNICIPAL,6,2,2,0,1,4,231,231,224,224,5,3,24,0,39,4,24,43,20,2,2,0,58
1,1,0,316,316,19,https://resultados2019.blob.core.windows.net/201901/191544.jpg,OK,0,9,ZACAPA,LA UNIÓN,19154,CORPORACIÓN MUNICIPAL,3,2,2,0,1,4,65,65,61,61,4,2,6,1,10,2,4,8,9,1,1,2,11
1,5,0,400,380,19,https://resultados2019.blob.core.windows.net/201901/191134.jpg,OK,0,9,ZACAPA,LA UNIÓN,19113,CORPORACIÓN MUNICIPAL,22,2,2,0,1,4,304,304,277,277,3,3,31,2,43,10,14,73,37,4,12,3,42
0,1,0,400,401,19,https://resultados2019.blob.core.windows.net/201901/191274.jpg,OK,1,9,ZACAPA,LA UNIÓN,19127,CORPORACIÓN MUNICIPAL,22,2,2,0,1,4,292,315,292,292,9,2,27,0,34,3,13,83,34,2,7,4,74
1,6,0,400,380,19,https://resultados2019.blob.core.windows.net/201901/191154.jpg,OK,20,9,ZACAPA,LA UNIÓN,19115,CORPORACIÓN MUNICIPAL,0,2,2,0,1,4,288,288,282,282,7,1,27,0,57,7,13,58,30,3,10,5,64
1,6,0,400,400,19,https://resultados2019.blob.core.windows.net/201901/191234.jpg,OK,0,9,ZACAPA,LA UNIÓN,19123,CORPORACIÓN MUNICIPAL,28,2,2,0,1,4,278,278,244,244,2,1,15,0,31,3,53,15,34,0,2,3,85
0,4,0,380,380,19,https://resultados2019.blob.core.windows.net/201901/191444.jpg,OK,0,9,ZACAPA,LA UNIÓN,19144,CORPORACIÓN MUNICIPAL,18,2,2,0,1,4,259,238,216,259,5,0,73,0,0,4,14,38,17,2,14,1,48
1,3,0,380,400,19,https://resultados2019.blob.core.windows.net/201901/191404.jpg,OK,0,9,ZACAPA,LA UNIÓN,19140,CORPORACIÓN MUNICIPAL,35,2,2,0,1,4,329,329,291,291,3,4,78,0,22,8,21,44,35,3,21,1,51
1,3,0,380,377,19,https://resultados2019.blob.core.windows.net/201901/191494.jpg,OK,0,9,ZACAPA,LA UNIÓN,19149,CORPORACIÓN MUNICIPAL,11,2,2,0,1,4,322,322,308,308,3,6,70,0,22,4,27,82,24,4,8,0,58
1,2,0,354,354,19,https://resultados2019.blob.core.windows.net/201901/191454.jpg,OK,0,9,ZACAPA,LA UNIÓN,19145,CORPORACIÓN MUNICIPAL,7,2,2,0,1,4,266,266,257,257,2,4,67,0,23,9,27,36,24,2,15,1,47
1,6,0,380,380,19,https://resultados2019.blob.core.windows.net/201901/191374.jpg,OK,0,9,ZACAPA,LA UNIÓN,19137,CORPORACIÓN MUNICIPAL,31,2,2,0,1,4,264,264,227,227,1,2,39,0,25,16,24,25,30,2,27,1,35
1,11,0,380,380,19,https://resultados2019.blob.core.windows.net/201901/191394.jpg,OK,0,9,ZACAPA,LA UNIÓN,19139,CORPORACIÓN MUNICIPAL,28,2,2,0,1,4,315,315,276,276,4,10,61,0,41,12,38,29,27,1,10,1,42
1,7,0,400,400,19,https://resultados2019.blob.core.windows.net/201901/191194.jpg,OK,0,9,ZACAPA,LA UNIÓN,19119,CORPORACIÓN MUNICIPAL,15,2,2,0,1,4,263,263,241,241,3,2,18,0,62,5,10,46,27,1,12,4,51
0,6,0,380,400,19,https://resultados2019.blob.core.windows.net/201901/191384.jpg,OK,0,9,ZACAPA,LA UNIÓN,19138,CORPORACIÓN MUNICIPAL,30,2,2,0,1,4,298,299,263,262,3,8,65,1,23,10,29,26,45,0,14,1,38
1,6,0,380,400,19,https://resultados2019.blob.core.windows.net/201901/191424.jpg,OK,0,9,ZACAPA,LA UNIÓN,19142,CORPORACIÓN MUNICIPAL,12,2,2,0,1,4,261,261,243,243,5,6,50,0,26,10,18,38,18,3,17,0,52
1,4,0,400,400,19,https://resultados2019.blob.core.windows.net/201901/191174.jpg,OK,0,9,ZACAPA,LA UNIÓN,19117,CORPORACIÓN MUNICIPAL,13,2,2,0,1,4,325,325,308,308,4,4,22,0,37,4,11,105,51,5,4,3,58
1,1,0,400,400,19,https://resultados2019.blob.core.windows.net/201901/191204.jpg,OK,0,9,ZACAPA,LA UNIÓN,19120,CORPORACIÓN MUNICIPAL,7,2,2,0,1,4,259,259,251,251,2,3,10,0,59,9,15,66,34,3,11,2,37
