ACTACUADRA,BLANCOS,CNTIMPUGNA,CNTINSCRITOS,CNTPAPELETAS,DEP,IMGSRC,IMGSTATUS,INVALIDOS,MUN,NDEP,NMUN,NROMESA,NTE,NULOS,STACTA,STESCAN,STFISIC,STTRANS,TIPOELECCION,TOTALACTA,TOTALVOTOS,VOTOSVALIDOS,VOTOSVALIDOSACTA,voto_CAMBIO,voto_CREO,voto_EG,voto_FUERZA,voto_LIBRE,voto_MLP,voto_PC,voto_PHG,voto_PPT,voto_SANTIAGO_DE_LOS_CABALLEROS,voto_SEMILLA,voto_SOS,voto_TODOS,voto_UCN,voto_UNE,voto_UNIONISTA,voto_VALOR,voto_VAMOS,voto_VICTORIA,voto_VIVA
1,1,0,400,400,2,https://resultados2019.blob.core.windows.net/201901/046874.jpg,OK,0,1,SACATEPÉQUEZ,ANTIGUA GUATEMALA,4687,CORPORACIÓN MUNICIPAL,12,2,2,0,1,4,275,275,262,262,41,9,4,2,7,9,9,6,1,11,7,11,66,1,17,28,2,15,7,9
1,5,0,302,303,2,https://resultados2019.blob.core.windows.net/201901/047214.jpg,OK,0,1,SACATEPÉQUEZ,ANTIGUA GUATEMALA,4721,CORPORACIÓN MUNICIPAL,6,2,2,0,1,4,224,224,213,213,28,4,1,3,5,5,5,2,0,7,2,9,50,0,41,11,5,3,1,31
1,1,0,400,400,2,https://resultados2019.blob.core.windows.net/201901/047004.jpg,OK,0,1,SACATEPÉQUEZ,ANTIGUA GUATEMALA,4700,CORPORACIÓN MUNICIPAL,4,2,2,0,1,4,270,270,265,265,38,4,1,8,7,3,16,3,3,20,1,20,23,3,51,29,9,12,3,11
1,3,0,391,391,2,https://resultados2019.blob.core.windows.net/201901/047514.jpg,OK,0,1,SACATEPÉQUEZ,ANTIGUA GUATEMALA,4751,CORPORACIÓN MUNICIPAL,1,2,2,0,1,4,62,62,58,58,7,0,0,1,6,0,5,0,3,3,1,0,16,0,3,6,0,4,3,0
1,0,0,400,396,2,https://resultados2019.blob.core.windows.net/201901/046854.jpg,OK,0,1,SACATEPÉQUEZ,ANTIGUA GUATEMALA,4685,CORPORACIÓN MUNICIPAL,8,2,2,0,1,4,289,289,281,281,48,4,6,9,11,5,10,4,1,14,5,14,65,1,18,33,5,15,4,9
1,5,0,380,376,2,https://resultados2019.blob.core.windows.net/201901/047354.jpg,OK,0,1,SACATEPÉQUEZ,ANTIGUA GUATEMALA,4735,CORPORACIÓN MUNICIPAL,10,2,2,0,1,4,278,278,263,263,25,4,6,3,11,2,14,10,14,20,2,5,46,2,40,21,3,11,6,18
1,5,0,600,600,2,https://resultados2019.blob.core.windows.net/201901/047494.jpg,OK,0,1,SACATEPÉQUEZ,ANTIGUA GUATEMALA,4749,CORPORACIÓN MUNICIPAL,16,2,2,0,1,4,242,242,221,221,29,2,4,10,14,3,6,6,3,18,0,8,40,0,24,21,6,17,2,8
1,0,0,400,400,2,https://resultados2019.blob.core.windows.net/201901/046904.jpg,OK,0,1,SACATEPÉQUEZ,ANTIGUA GUATEMALA,4690,CORPORACIÓN MUNICIPAL,4,2,2,0,1,4,341,341,337,337,123,1,8,9,8,4,6,5,2,13,0,6,65,0,12,39,12,9,2,13
1,10,0,600,600,2,https://resultados2019.blob.core.windows.net/201901/047484.jpg,OK,0,1,SACATEPÉQUEZ,ANTIGUA GUATEMALA,4748,CORPORACIÓN MUNICIPAL,17,2,2,0,1,4,315,315,288,288,33,5,9,14,15,3,7,6,3,12,0,11,64,0,26,33,10,17,6,14
1,4,0,400,397,2,https://resultados2019.blob.core.windows.net/201901/046654.jpg,OK,0,1,SACATEPÉQUEZ,ANTIGUA GUATEMALA,4665,CORPORACIÓN MUNICIPAL,10,2,2,0,1,4,312,312,298,298,51,7,5,8,3,6,17,3,5,18,7,10,49,1,11,54,10,15,5,13
1,4,0,380,380,2,https://resultados2019.blob.core.windows.net/201901/047314.jpg,OK,0,1,SACATEPÉQUEZ,ANTIGUA GUATEMALA,4731,CORPORACIÓN MUNICIPAL,13,2,2,0,1,4,274,274,257,257,29,3,4,8,16,4,14,4,4,22,1,23,22,2,59,14,5,11,4,8
1,1,0,380,380,2,https://resultados2019.blob.core.windows.net/201901/047164.jpg,OK,0,1,SACATEPÉQUEZ,ANTIGUA GUATEMALA,4716,CORPORACIÓN MUNICIPAL,6,2,2,0,1,4,270,270,263,263,16,3,5,4,3,4,14,2,0,3,5,19,48,1,48,22,9,11,2,44
1,2,0,380,380,2,https://resultados2019.blob.core.windows.net/201901/047194.jpg,OK,0,1,SACATEPÉQUEZ,ANTIGUA GUATEMALA,4719,CORPORACIÓN MUNICIPAL,7,2,2,0,1,4,273,273,264,264,17,2,7,4,4,3,4,2,0,5,0,9,56,0,64,22,8,12,4,41
1,22,0,380,380,2,https://resultados2019.blob.core.windows.net/201901/047224.jpg,OK,0,1,SACATEPÉQUEZ,ANTIGUA GUATEMALA,4722,CORPORACIÓN MUNICIPAL,4,2,2,0,1,4,276,276,250,250,6,9,1,3,1,1,12,1,2,4,0,61,46,5,81,6,1,3,5,2
1,9,0,600,600,2,https://resultados2019.blob.core.windows.net/201901/047464.jpg,OK,0,1,SACATEPÉQUEZ,ANTIGUA GUATEMALA,4746,CORPORACIÓN MUNICIPAL,14,2,2,0,1,4,323,323,300,300,44,5,12,13,10,9,9,6,10,17,4,11,51,3,26,26,4,11,11,18
1,2,0,278,277,2,https://resultados2019.blob.core.windows.net/201901/047014.jpg,OK,0,1,SACATEPÉQUEZ,ANTIGUA GUATEMALA,4701,CORPORACIÓN MUNICIPAL,9,2,2,0,1,4,188,188,177,177,19,2,4,4,6,3,9,2,2,17,2,12,29,0,30,20,5,4,2,5
1,0,0,400,400,2,https://resultados2019.blob.core.windows.net/201901/046824.jpg,OK,0,1,SACATEPÉQUEZ,ANTIGUA GUATEMALA,4682,CORPORACIÓN MUNICIPAL,8,2,1,0,1,4,317,317,309,309,77,2,7,6,9,3,16,2,2,15,2,4,56,1,17,50,11,17,3,9
1,3,0,380,380,2,https://resultados2019.blob.core.windows.net/201901/047284.jpg,OK,0,1,SACATEPÉQUEZ,ANTIGUA GUATEMALA,4728,CORPORACIÓN MUNICIPAL,7,2,2,0,1,4,273,273,263,263,24,3,6,14,21,6,11,1,2,27,0,21,34,1,49,15,7,9,2,10
1,2,0,600,597,2,https://resultados2019.blob.core.windows.net/201901/047454.jpg,OK,0,1,SACATEPÉQUEZ,ANTIGUA GUATEMALA,4745,CORPORACIÓN MUNICIPAL,11,2,2,0,1,4,276,276,263,263,34,2,7,5,15,5,7,5,3,20,5,15,45,4,29,26,6,15,6,9
0,3,0,400,396,2,https://resultados2019.blob.core.windows.net/201901/046764.jpg,OK,0,1,SACATEPÉQUEZ,ANTIGUA GUATEMALA,4676,CORPORACIÓN MUNICIPAL,6,2,2,0,1,4,310,309,300,301,77,6,7,6,8,4,3,3,0,13,4,11,58,0,17,36,11,23,7,6
1,2,0,400,400,2,https://resultados2019.blob.core.windows.net/201901/046984.jpg,OK,0,1,SACATEPÉQUEZ,ANTIGUA GUATEMALA,4698,CORPORACIÓN MUNICIPAL,11,2,2,0,1,4,290,290,277,277,27,7,2,7,11,3,12,6,1,24,2,18,48,2,39,32,6,10,5,15
1,0,0,600,600,2,https://resultados2019.blob.core.windows.net/201901/047444.jpg,OK,0,1,SACATEPÉQUEZ,ANTIGUA GUATEMALA,4744,CORPORACIÓN MUNICIPAL,13,2,2,0,1,4,263,263,250,250,27,5,7,2,7,4,7,4,9,11,4,9,49,1,25,32,5,23,4,15
1,0,0,400,396,2,https://resultados2019.blob.core.windows.net/201901/046784.jpg,OK,0,1,SACATEPÉQUEZ,ANTIGUA GUATEMALA,4678,CORPORACIÓN MUNICIPAL,21,2,2,0,1,4,324,324,303,303,67,3,8,14,10,7,10,3,0,14,0,12,62,0,13,46,11,13,5,5
1,3,0,380,380,2,https://resultados2019.blob.core.windows.net/201901/047264.jpg,OK,0,1,SACATEPÉQUEZ,ANTIGUA GUATEMALA,4726,CORPORACIÓN MUNICIPAL,18,2,2,0,1,4,298,298,277,277,18,2,5,7,31,1,7,2,1,49,5,15,28,2,59,21,4,10,4,6
1,1,0,400,392,2,https://resultados2019.blob.core.windows.net/201901/046844.jpg,OK,0,1,SACATEPÉQUEZ,ANTIGUA GUATEMALA,4684,CORPORACIÓN MUNICIPAL,13,2,1,0,1,4,317,317,303,303,54,6,10,10,10,5,16,1,1,15,7,10,48,0,22,41,9,21,0,17
1,6,0,380,380,2,https://resultados2019.blob.core.windows.net/201901/047174.jpg,OK,0,1,SACATEPÉQUEZ,ANTIGUA GUATEMALA,4717,CORPORACIÓN MUNICIPAL,12,2,2,0,1,4,300,300,282,282,21,5,2,5,8,3,7,2,0,12,3,17,56,3,64,23,8,10,2,31
1,1,0,312,312,2,https://resultados2019.blob.core.windows.net/201901/047334.jpg,OK,0,1,SACATEPÉQUEZ,ANTIGUA GUATEMALA,4733,CORPORACIÓN MUNICIPAL,1,2,2,0,1,4,224,224,222,222,32,2,2,6,15,3,13,3,1,26,2,7,29,0,45,14,5,10,2,5
1,4,0,400,399,2,https://resultados2019.blob.core.windows.net/201901/046944.jpg,OK,0,1,SACATEPÉQUEZ,ANTIGUA GUATEMALA,4694,CORPORACIÓN MUNICIPAL,10,2,2,0,1,4,302,302,288,288,29,2,1,8,5,7,21,2,2,34,5,28,45,3,30,31,8,10,2,15
1,3,0,392,392,2,https://resultados2019.blob.core.windows.net/201901/047504.jpg,OK,0,1,SACATEPÉQUEZ,ANTIGUA GUATEMALA,4750,CORPORACIÓN MUNICIPAL,4,2,2,0,1,4,145,145,138,138,21,0,1,1,4,3,6,2,1,5,2,8,30,3,15,12,7,7,4,6
1,1,0,400,400,2,https://resultados2019.blob.core.windows.net/201901/046834.jpg,OK,0,1,SACATEPÉQUEZ,ANTIGUA GUATEMALA,4683,CORPORACIÓN MUNICIPAL,16,2,1,0,1,4,316,316,299,299,59,8,5,11,4,3,12,2,2,9,3,7,67,1,15,42,13,16,8,12
1,8,0,400,400,2,https://resultados2019.blob.core.windows.net/201901/047054.jpg,OK,0,1,SACATEPÉQUEZ,ANTIGUA GUATEMALA,4705,CORPORACIÓN MUNICIPAL,8,2,2,0,1,4,277,277,261,261,30,2,4,5,14,4,5,1,6,8,2,10,51,2,42,37,5,12,10,11
1,6,0,380,376,2,https://resultados2019.blob.core.windows.net/201901/047344.jpg,OK,0,1,SACATEPÉQUEZ,ANTIGUA GUATEMALA,4734,CORPORACIÓN MUNICIPAL,14,2,2,0,1,4,286,286,266,266,26,2,7,1,15,5,7,12,6,24,2,4,40,1,67,18,4,10,5,10
1,3,0,400,396,2,https://resultados2019.blob.core.windows.net/201901/046794.jpg,OK,0,1,SACATEPÉQUEZ,ANTIGUA GUATEMALA,4679,CORPORACIÓN MUNICIPAL,11,2,2,0,1,4,294,294,280,280,41,5,9,12,5,5,13,7,4,12,7,10,51,1,19,40,9,19,3,8
1,2,0,380,380,2,https://resultados2019.blob.core.windows.net/201901/047414.jpg,OK,0,1,SACATEPÉQUEZ,ANTIGUA GUATEMALA,4741,CORPORACIÓN MUNICIPAL,13,2,2,0,1,4,254,254,239,239,15,3,8,2,20,4,6,14,16,28,1,3,30,1,54,10,0,12,1,11
1,2,0,400,396,2,https://resultados2019.blob.core.windows.net/201901/046884.jpg,OK,0,1,SACATEPÉQUEZ,ANTIGUA GUATEMALA,4688,CORPORACIÓN MUNICIPAL,7,2,2,0,1,4,291,291,282,282,77,3,5,15,3,6,6,4,3,7,3,12,62,1,17,29,7,10,2,10
1,0,0,400,396,2,https://resultados2019.blob.core.windows.net/201901/046894.jpg,OK,0,1,SACATEPÉQUEZ,ANTIGUA GUATEMALA,4689,CORPORACIÓN MUNICIPAL,8,2,2,0,1,4,318,318,310,310,100,4,3,8,6,6,10,3,0,13,3,9,53,3,14,36,8,11,7,13
1,2,0,366,366,2,https://resultados2019.blob.core.windows.net/201901/047134.jpg,OK,0,1,SACATEPÉQUEZ,ANTIGUA GUATEMALA,4713,CORPORACIÓN MUNICIPAL,1,2,1,0,1,4,272,272,269,269,67,4,3,4,6,1,17,2,1,10,2,9,46,2,36,25,13,9,4,8
1,8,0,400,400,2,https://resultados2019.blob.core.windows.net/201901/046974.jpg,OK,0,1,SACATEPÉQUEZ,ANTIGUA GUATEMALA,4697,CORPORACIÓN MUNICIPAL,5,2,2,0,1,4,288,288,275,275,28,3,3,8,17,3,12,2,3,28,2,19,42,3,39,32,8,14,1,8
1,2,0,235,235,2,https://resultados2019.blob.core.windows.net/201901/046924.jpg,OK,3,1,SACATEPÉQUEZ,ANTIGUA GUATEMALA,4692,CORPORACIÓN MUNICIPAL,5,2,2,0,1,4,134,134,127,127,32,0,3,2,3,0,5,1,1,8,0,6,27,0,12,11,6,4,4,2
1,1,0,400,395,2,https://resultados2019.blob.core.windows.net/201901/046724.jpg,OK,0,1,SACATEPÉQUEZ,ANTIGUA GUATEMALA,4672,CORPORACIÓN MUNICIPAL,12,2,2,0,1,4,327,327,314,314,44,6,12,11,5,5,8,5,6,12,5,7,79,4,21,43,8,12,10,11
1,2,0,365,365,2,https://resultados2019.blob.core.windows.net/201901/047424.jpg,OK,0,1,SACATEPÉQUEZ,ANTIGUA GUATEMALA,4742,CORPORACIÓN MUNICIPAL,3,2,2,0,1,4,263,263,258,258,28,3,10,2,15,1,8,9,13,24,2,1,43,0,52,15,10,10,2,10
1,0,0,377,377,2,https://resultados2019.blob.core.windows.net/201901/047034.jpg,OK,0,1,SACATEPÉQUEZ,ANTIGUA GUATEMALA,4703,CORPORACIÓN MUNICIPAL,9,2,2,0,1,4,286,286,277,277,53,1,7,8,5,11,15,2,1,3,1,2,73,0,6,47,6,16,5,15
1,5,0,380,373,2,https://resultados2019.blob.core.windows.net/201901/047404.jpg,OK,0,1,SACATEPÉQUEZ,ANTIGUA GUATEMALA,4740,CORPORACIÓN MUNICIPAL,15,2,2,0,1,4,279,279,259,259,20,4,5,4,26,1,11,8,9,18,2,6,51,0,54,13,5,11,4,7
1,2,0,400,396,2,https://resultados2019.blob.core.windows.net/201901/046814.jpg,OK,0,1,SACATEPÉQUEZ,ANTIGUA GUATEMALA,4681,CORPORACIÓN MUNICIPAL,6,2,2,0,1,4,306,306,298,298,64,3,5,3,6,5,11,6,5,2,10,6,53,1,10,42,17,23,15,11
1,7,0,400,496,2,https://resultados2019.blob.core.windows.net/201901/046994.jpg,OK,0,1,SACATEPÉQUEZ,ANTIGUA GUATEMALA,4699,CORPORACIÓN MUNICIPAL,6,2,2,0,1,4,297,297,284,284,27,11,5,7,16,3,13,4,6,29,3,23,33,1,40,31,9,11,2,10
1,5,0,258,259,2,https://resultados2019.blob.core.windows.net/201901/047244.jpg,OK,0,1,SACATEPÉQUEZ,ANTIGUA GUATEMALA,4724,CORPORACIÓN MUNICIPAL,3,2,2,0,1,4,165,165,157,157,6,5,1,0,0,0,4,1,0,1,2,21,45,2,57,6,2,0,3,1
1,3,0,380,380,2,https://resultados2019.blob.core.windows.net/201901/047364.jpg,OK,0,1,SACATEPÉQUEZ,ANTIGUA GUATEMALA,4736,CORPORACIÓN MUNICIPAL,10,2,2,0,1,4,274,274,261,261,26,2,10,3,19,5,13,8,9,22,5,4,44,1,52,14,4,7,3,10
1,0,0,400,402,2,https://resultados2019.blob.core.windows.net/201901/046804.jpg,OK,0,1,SACATEPÉQUEZ,ANTIGUA GUATEMALA,4680,CORPORACIÓN MUNICIPAL,12,2,2,0,1,4,302,302,290,290,56,4,9,4,8,7,7,2,5,11,9,8,69,2,11,33,11,17,7,10
1,1,0,236,236,2,https://resultados2019.blob.core.windows.net/201901/046914.jpg,OK,0,1,SACATEPÉQUEZ,ANTIGUA GUATEMALA,4691,CORPORACIÓN MUNICIPAL,5,2,2,0,1,4,210,210,204,204,68,1,6,11,3,2,4,2,1,8,1,7,38,0,6,24,3,8,1,10
1,6,0,380,380,2,https://resultados2019.blob.core.windows.net/201901/047304.jpg,OK,0,1,SACATEPÉQUEZ,ANTIGUA GUATEMALA,4730,CORPORACIÓN MUNICIPAL,9,2,2,0,1,4,300,300,285,285,36,6,3,4,19,1,22,5,6,26,1,19,26,2,65,14,4,10,7,9
1,2,0,400,400,2,https://resultados2019.blob.core.windows.net/201901/046664.jpg,OK,0,1,SACATEPÉQUEZ,ANTIGUA GUATEMALA,4666,CORPORACIÓN MUNICIPAL,8,2,2,0,1,4,318,318,308,308,54,8,11,10,7,6,15,4,5,17,7,8,50,1,15,44,12,14,8,12
1,0,0,400,400,2,https://resultados2019.blob.core.windows.net/201901/046684.jpg,OK,0,1,SACATEPÉQUEZ,ANTIGUA GUATEMALA,4668,CORPORACIÓN MUNICIPAL,21,2,2,0,1,4,308,308,287,287,51,3,3,8,6,3,14,4,0,9,0,16,56,0,12,44,16,19,11,12
1,2,0,257,257,2,https://resultados2019.blob.core.windows.net/201901/047254.jpg,OK,0,1,SACATEPÉQUEZ,ANTIGUA GUATEMALA,4725,CORPORACIÓN MUNICIPAL,1,2,2,0,1,4,175,175,172,172,8,8,1,0,0,1,6,1,1,2,0,44,25,1,59,5,2,6,1,1
1,4,0,380,376,2,https://resultados2019.blob.core.windows.net/201901/047294.jpg,OK,0,1,SACATEPÉQUEZ,ANTIGUA GUATEMALA,4729,CORPORACIÓN MUNICIPAL,7,2,2,0,1,4,268,268,257,257,22,2,6,10,16,1,7,8,1,30,1,17,26,0,73,12,7,7,3,8
1,2,0,400,400,2,https://resultados2019.blob.core.windows.net/201901/046714.jpg,OK,0,1,SACATEPÉQUEZ,ANTIGUA GUATEMALA,4671,CORPORACIÓN MUNICIPAL,14,2,2,0,1,4,311,311,295,295,46,5,7,10,5,9,6,8,1,17,4,11,57,2,23,37,10,19,8,10
1,0,0,400,400,2,https://resultados2019.blob.core.windows.net/201901/046744.jpg,OK,0,1,SACATEPÉQUEZ,ANTIGUA GUATEMALA,4674,CORPORACIÓN MUNICIPAL,3,2,2,0,1,4,303,303,300,300,89,4,7,9,2,2,7,4,2,8,2,6,66,2,16,41,7,8,4,14
1,2,0,380,380,2,https://resultados2019.blob.core.windows.net/201901/047184.jpg,OK,0,1,SACATEPÉQUEZ,ANTIGUA GUATEMALA,4718,CORPORACIÓN MUNICIPAL,11,2,2,0,1,4,298,298,285,285,16,0,6,2,6,7,4,1,3,3,4,13,59,0,61,19,10,13,3,55
1,1,0,400,400,2,https://resultados2019.blob.core.windows.net/201901/046644.jpg,OK,0,1,SACATEPÉQUEZ,ANTIGUA GUATEMALA,4664,CORPORACIÓN MUNICIPAL,11,2,2,0,1,4,315,315,303,303,49,5,11,9,9,5,13,6,2,11,3,9,52,1,22,48,14,16,10,8
1,2,0,400,395,2,https://resultados2019.blob.core.windows.net/201901/046704.jpg,OK,0,1,SACATEPÉQUEZ,ANTIGUA GUATEMALA,4670,CORPORACIÓN MUNICIPAL,13,2,2,0,1,4,313,313,298,298,63,3,6,9,3,4,16,0,3,17,3,15,59,2,10,44,11,12,8,10
1,5,0,400,399,2,https://resultados2019.blob.core.windows.net/201901/047064.jpg,OK,0,1,SACATEPÉQUEZ,ANTIGUA GUATEMALA,4706,CORPORACIÓN MUNICIPAL,10,2,2,0,1,4,300,300,285,285,37,1,9,4,12,3,14,3,4,17,5,8,60,0,30,36,6,17,7,12
1,2,0,380,380,2,https://resultados2019.blob.core.windows.net/201901/047384.jpg,OK,0,1,SACATEPÉQUEZ,ANTIGUA GUATEMALA,4738,CORPORACIÓN MUNICIPAL,6,2,2,0,1,4,287,287,279,279,27,5,19,6,14,2,10,17,7,25,3,5,46,1,50,19,2,7,1,13
1,1,0,400,400,2,https://resultados2019.blob.core.windows.net/201901/046694.jpg,OK,6,1,SACATEPÉQUEZ,ANTIGUA GUATEMALA,4669,CORPORACIÓN MUNICIPAL,5,2,2,0,1,4,318,318,312,312,65,4,7,6,10,8,11,4,5,15,6,6,48,2,15,40,18,20,11,11
1,0,0,380,380,2,https://resultados2019.blob.core.windows.net/201901/047374.jpg,OK,0,1,SACATEPÉQUEZ,ANTIGUA GUATEMALA,4737,CORPORACIÓN MUNICIPAL,5,2,2,0,1,4,268,268,263,263,30,1,13,3,19,6,8,17,11,20,0,4,44,0,41,19,7,15,2,3
1,1,0,400,400,2,https://resultados2019.blob.core.windows.net/201901/047084.jpg,OK,0,1,SACATEPÉQUEZ,ANTIGUA GUATEMALA,4708,CORPORACIÓN MUNICIPAL,4,2,2,0,1,4,265,265,260,260,41,1,5,7,5,4,9,2,2,13,5,12,51,0,44,26,9,9,3,12
1,4,0,400,400,2,https://resultados2019.blob.core.windows.net/201901/046934.jpg,OK,0,1,SACATEPÉQUEZ,ANTIGUA GUATEMALA,4693,CORPORACIÓN MUNICIPAL,10,2,2,0,1,4,298,298,284,284,38,6,4,11,9,1,15,3,3,33,4,20,33,4,35,27,7,13,4,14
1,6,0,400,396,2,https://resultados2019.blob.core.windows.net/201901/047114.jpg,OK,0,1,SACATEPÉQUEZ,ANTIGUA GUATEMALA,4711,CORPORACIÓN MUNICIPAL,10,2,1,0,1,4,283,283,267,267,30,1,5,4,12,4,15,2,0,6,2,13,48,1,54,43,7,12,4,4
1,4,0,400,396,2,https://resultados2019.blob.core.windows.net/201901/047104.jpg,OK,0,1,SACATEPÉQUEZ,ANTIGUA GUATEMALA,4710,CORPORACIÓN MUNICIPAL,12,2,2,0,1,4,277,277,261,261,42,2,6,3,9,2,12,2,2,12,2,6,53,0,36,37,5,15,5,10
1,1,0,312,312,2,https://resultados2019.blob.core.windows.net/201901/047324.jpg,OK,0,1,SACATEPÉQUEZ,ANTIGUA GUATEMALA,4732,CORPORACIÓN MUNICIPAL,7,2,2,0,1,4,181,181,173,173,20,0,1,2,14,2,3,4,3,22,0,11,17,0,48,9,1,5,5,6
0,0,1,277,274,2,https://resultados2019.blob.core.windows.net/201901/047024.jpg,OK,0,1,SACATEPÉQUEZ,ANTIGUA GUATEMALA,4702,CORPORACIÓN MUNICIPAL,3,2,2,0,1,4,220,218,215,217,52,3,1,8,6,5,10,4,0,16,0,10,24,3,34,21,3,2,3,10
1,4,0,400,400,2,https://resultados2019.blob.core.windows.net/201901/047074.jpg,OK,0,1,SACATEPÉQUEZ,ANTIGUA GUATEMALA,4707,CORPORACIÓN MUNICIPAL,10,2,2,0,1,4,299,299,285,285,40,2,9,6,8,2,9,2,2,14,7,17,68,2,17,28,6,22,10,14
1,7,0,380,376,2,https://resultados2019.blob.core.windows.net/201901/047274.jpg,OK,0,1,SACATEPÉQUEZ,ANTIGUA GUATEMALA,4727,CORPORACIÓN MUNICIPAL,11,2,2,0,1,4,276,276,258,258,12,3,3,3,30,4,5,4,3,31,5,22,32,1,48,13,10,17,3,9
1,2,0,400,396,2,https://resultados2019.blob.core.windows.net/201901/046964.jpg,OK,0,1,SACATEPÉQUEZ,ANTIGUA GUATEMALA,4696,CORPORACIÓN MUNICIPAL,6,2,2,0,1,4,271,271,263,263,32,7,3,11,9,2,19,2,3,27,2,18,39,0,27,43,5,4,4,6
1,2,0,380,380,2,https://resultados2019.blob.core.windows.net/201901/047144.jpg,OK,0,1,SACATEPÉQUEZ,ANTIGUA GUATEMALA,4714,CORPORACIÓN MUNICIPAL,10,2,2,0,1,4,281,281,269,269,13,2,5,4,4,3,5,1,0,8,3,10,58,2,56,32,10,15,4,34
1,11,0,400,396,2,https://resultados2019.blob.core.windows.net/201901/047094.jpg,OK,0,1,SACATEPÉQUEZ,ANTIGUA GUATEMALA,4709,CORPORACIÓN MUNICIPAL,7,2,2,0,1,4,299,299,281,281,48,3,5,2,7,3,5,2,1,10,4,11,54,2,44,37,7,18,8,10
1,6,0,380,373,2,https://resultados2019.blob.core.windows.net/201901/047154.jpg,OK,0,1,SACATEPÉQUEZ,ANTIGUA GUATEMALA,4715,CORPORACIÓN MUNICIPAL,8,2,2,0,1,4,285,285,271,271,14,3,14,2,2,7,6,4,0,8,1,10,71,3,43,28,9,13,1,32
1,2,0,400,397,2,https://resultados2019.blob.core.windows.net/201901/046864.jpg,OK,0,1,SACATEPÉQUEZ,ANTIGUA GUATEMALA,4686,CORPORACIÓN MUNICIPAL,13,2,2,0,1,4,301,301,286,286,48,2,6,5,12,2,8,1,5,16,1,5,64,4,22,33,14,22,4,12
1,9,0,380,380,2,https://resultados2019.blob.core.windows.net/201901/047234.jpg,OK,0,1,SACATEPÉQUEZ,ANTIGUA GUATEMALA,4723,CORPORACIÓN MUNICIPAL,8,2,2,0,1,4,282,282,265,265,7,15,0,3,3,4,13,1,1,6,0,72,51,3,66,5,2,4,2,7
1,3,0,364,364,2,https://resultados2019.blob.core.windows.net/201901/047434.jpg,OK,0,1,SACATEPÉQUEZ,ANTIGUA GUATEMALA,4743,CORPORACIÓN MUNICIPAL,3,2,2,0,1,4,264,264,258,258,45,3,6,3,16,7,8,9,14,21,1,6,40,0,44,9,2,8,4,12
1,4,0,600,600,2,https://resultados2019.blob.core.windows.net/201901/047474.jpg,OK,0,1,SACATEPÉQUEZ,ANTIGUA GUATEMALA,4747,CORPORACIÓN MUNICIPAL,19,2,2,0,1,4,338,338,315,315,48,6,6,8,12,5,10,5,6,11,1,17,57,3,27,37,7,19,12,18
1,2,0,400,396,2,https://resultados2019.blob.core.windows.net/201901/046774.jpg,OK,0,1,SACATEPÉQUEZ,ANTIGUA GUATEMALA,4677,CORPORACIÓN MUNICIPAL,13,2,2,0,1,4,290,290,275,275,58,3,7,5,7,3,8,1,2,9,3,4,54,1,12,50,16,15,7,10
1,1,0,400,400,2,https://resultados2019.blob.core.windows.net/201901/046734.jpg,OK,0,1,SACATEPÉQUEZ,ANTIGUA GUATEMALA,4673,CORPORACIÓN MUNICIPAL,9,2,2,0,1,4,306,306,296,296,45,6,10,9,6,3,8,5,1,11,2,10,59,2,14,56,9,17,15,8
1,0,0,367,367,2,https://resultados2019.blob.core.windows.net/201901/047124.jpg,OK,0,1,SACATEPÉQUEZ,ANTIGUA GUATEMALA,4712,CORPORACIÓN MUNICIPAL,11,2,1,0,1,4,242,242,231,231,29,6,5,3,9,4,14,1,2,12,4,3,50,1,33,28,6,11,4,6
1,3,0,302,302,2,https://resultados2019.blob.core.windows.net/201901/047204.jpg,OK,0,1,SACATEPÉQUEZ,ANTIGUA GUATEMALA,4720,CORPORACIÓN MUNICIPAL,6,2,2,0,1,4,218,218,209,209,9,0,2,1,5,3,3,2,1,5,2,13,51,2,49,14,10,5,2,30
1,0,0,400,396,2,https://resultados2019.blob.core.windows.net/201901/046754.jpg,OK,0,1,SACATEPÉQUEZ,ANTIGUA GUATEMALA,4675,CORPORACIÓN MUNICIPAL,4,2,2,0,1,4,290,290,286,286,55,5,5,8,6,9,6,6,3,16,3,16,61,0,13,38,6,12,4,14
1,1,0,380,376,2,https://resultados2019.blob.core.windows.net/201901/047394.jpg,OK,0,1,SACATEPÉQUEZ,ANTIGUA GUATEMALA,4739,CORPORACIÓN MUNICIPAL,12,2,2,0,1,4,295,295,282,282,30,6,11,2,26,4,6,18,18,17,5,3,41,1,50,15,7,9,3,10
1,0,0,376,376,2,https://resultados2019.blob.core.windows.net/201901/047044.jpg,OK,0,1,SACATEPÉQUEZ,ANTIGUA GUATEMALA,4704,CORPORACIÓN MUNICIPAL,12,2,2,0,1,4,312,312,300,300,53,6,5,9,6,11,11,3,2,9,3,6,92,0,4,48,5,12,3,12
1,1,0,400,400,2,https://resultados2019.blob.core.windows.net/201901/046954.jpg,OK,0,1,SACATEPÉQUEZ,ANTIGUA GUATEMALA,4695,CORPORACIÓN MUNICIPAL,10,2,2,0,1,4,300,300,289,289,49,5,5,11,6,1,15,1,1,19,4,19,43,3,38,32,8,12,8,9
1,1,0,400,347,2,https://resultados2019.blob.core.windows.net/201901/046674.jpg,OK,0,1,SACATEPÉQUEZ,ANTIGUA GUATEMALA,4667,CORPORACIÓN MUNICIPAL,17,2,2,0,1,4,332,332,314,314,58,4,9,9,10,2,7,8,2,12,7,3,65,1,16,51,13,15,8,14
