ACTACUADRA,BLANCOS,CNTIMPUGNA,CNTINSCRITOS,CNTPAPELETAS,DEP,IMGSRC,IMGSTATUS,INVALIDOS,MUN,NDEP,NMUN,NROMESA,NTE,NULOS,STACTA,STESCAN,STFISIC,STTRANS,TIPOELECCION,TOTALACTA,TOTALVOTOS,VOTOSVALIDOS,VOTOSVALIDOSACTA,voto_CREO,voto_MARCUS,voto_PAN,voto_PC,voto_UNE,voto_UNIDOS,voto_UNIONISTA,voto_VALOR,voto_VAMOS,voto_VICTORIA
1,2,0,400,400,2,https://resultados2019.blob.core.windows.net/201901/047794.jpg,OK,0,2,SACATEPÉQUEZ,JOCOTENANGO,4779,CORPORACIÓN MUNICIPAL,1,2,2,0,1,4,304,304,301,301,15,100,0,10,15,3,62,9,57,30
1,1,0,400,400,2,https://resultados2019.blob.core.windows.net/201901/047774.jpg,OK,0,2,SACATEPÉQUEZ,JOCOTENANGO,4777,CORPORACIÓN MUNICIPAL,4,2,2,0,1,4,266,266,261,261,14,108,2,4,6,1,43,6,37,40
1,0,0,398,398,2,https://resultados2019.blob.core.windows.net/201901/047814.jpg,OK,0,2,SACATEPÉQUEZ,JOCOTENANGO,4781,CORPORACIÓN MUNICIPAL,2,2,2,0,1,4,287,287,285,285,23,100,0,9,6,1,48,12,51,35
1,3,0,400,400,2,https://resultados2019.blob.core.windows.net/201901/047594.jpg,OK,0,2,SACATEPÉQUEZ,JOCOTENANGO,4759,CORPORACIÓN MUNICIPAL,13,2,2,0,1,4,316,316,300,300,11,99,2,6,13,7,50,3,66,43
1,3,0,400,398,2,https://resultados2019.blob.core.windows.net/201901/047784.jpg,OK,0,2,SACATEPÉQUEZ,JOCOTENANGO,4778,CORPORACIÓN MUNICIPAL,4,2,2,0,1,4,279,279,272,272,12,100,2,13,17,1,45,7,49,26
1,2,0,400,400,2,https://resultados2019.blob.core.windows.net/201901/047524.jpg,OK,0,2,SACATEPÉQUEZ,JOCOTENANGO,4752,CORPORACIÓN MUNICIPAL,14,2,2,0,1,4,299,299,283,283,9,110,2,12,16,5,47,8,35,39
1,2,0,400,400,2,https://resultados2019.blob.core.windows.net/201901/047664.jpg,OK,0,2,SACATEPÉQUEZ,JOCOTENANGO,4766,CORPORACIÓN MUNICIPAL,7,2,2,0,1,4,284,284,275,275,6,102,1,13,9,2,47,4,60,31
1,2,0,400,400,2,https://resultados2019.blob.core.windows.net/201901/047624.jpg,OK,0,2,SACATEPÉQUEZ,JOCOTENANGO,4762,CORPORACIÓN MUNICIPAL,11,2,2,0,1,4,302,302,289,289,11,102,0,8,12,2,61,1,53,39
1,1,0,400,400,2,https://resultados2019.blob.core.windows.net/201901/047694.jpg,OK,0,2,SACATEPÉQUEZ,JOCOTENANGO,4769,CORPORACIÓN MUNICIPAL,13,2,2,0,1,4,301,301,287,287,13,91,1,17,10,2,55,3,50,45
1,1,0,400,398,2,https://resultados2019.blob.core.windows.net/201901/047744.jpg,OK,0,2,SACATEPÉQUEZ,JOCOTENANGO,4774,CORPORACIÓN MUNICIPAL,12,2,2,0,1,4,282,282,269,269,6,106,0,11,13,2,44,0,50,37
1,2,0,400,406,2,https://resultados2019.blob.core.windows.net/201901/047724.jpg,OK,6,2,SACATEPÉQUEZ,JOCOTENANGO,4772,CORPORACIÓN MUNICIPAL,6,2,2,0,1,4,293,293,285,285,9,97,0,8,9,3,69,6,50,34
1,2,0,400,400,2,https://resultados2019.blob.core.windows.net/201901/047614.jpg,OK,0,2,SACATEPÉQUEZ,JOCOTENANGO,4761,CORPORACIÓN MUNICIPAL,13,2,2,0,1,4,319,319,304,304,7,92,2,12,15,4,57,9,65,41
1,3,0,400,400,2,https://resultados2019.blob.core.windows.net/201901/047584.jpg,OK,0,2,SACATEPÉQUEZ,JOCOTENANGO,4758,CORPORACIÓN MUNICIPAL,3,2,2,0,1,4,332,332,326,326,8,110,2,18,15,7,49,8,61,48
1,0,0,400,400,2,https://resultados2019.blob.core.windows.net/201901/047704.jpg,OK,0,2,SACATEPÉQUEZ,JOCOTENANGO,4770,CORPORACIÓN MUNICIPAL,7,2,2,0,1,4,315,315,308,308,17,103,1,12,16,2,38,8,65,46
1,3,0,600,600,2,https://resultados2019.blob.core.windows.net/201901/047824.jpg,OK,0,2,SACATEPÉQUEZ,JOCOTENANGO,4782,CORPORACIÓN MUNICIPAL,9,2,2,0,1,4,279,279,267,267,9,79,1,17,19,1,43,3,55,40
1,4,0,400,400,2,https://resultados2019.blob.core.windows.net/201901/047734.jpg,OK,0,2,SACATEPÉQUEZ,JOCOTENANGO,4773,CORPORACIÓN MUNICIPAL,10,2,2,0,1,4,294,294,280,280,10,83,0,8,13,1,66,6,59,34
1,6,0,400,400,2,https://resultados2019.blob.core.windows.net/201901/047604.jpg,OK,0,2,SACATEPÉQUEZ,JOCOTENANGO,4760,CORPORACIÓN MUNICIPAL,7,2,2,0,1,4,301,301,288,288,12,80,3,7,16,1,56,5,64,44
1,1,0,400,400,2,https://resultados2019.blob.core.windows.net/201901/047654.jpg,OK,0,2,SACATEPÉQUEZ,JOCOTENANGO,4765,CORPORACIÓN MUNICIPAL,8,2,2,0,1,4,301,301,292,292,14,93,0,12,20,2,50,5,51,45
1,0,0,350,350,2,https://resultados2019.blob.core.windows.net/201901/047844.jpg,OK,0,2,SACATEPÉQUEZ,JOCOTENANGO,4784,CORPORACIÓN MUNICIPAL,9,2,2,0,1,4,118,118,109,109,5,38,0,5,11,0,13,1,23,13
1,2,0,400,400,2,https://resultados2019.blob.core.windows.net/201901/047534.jpg,OK,0,2,SACATEPÉQUEZ,JOCOTENANGO,4753,CORPORACIÓN MUNICIPAL,15,2,2,0,1,4,307,307,290,290,13,96,4,12,15,1,46,6,54,43
1,3,0,400,398,2,https://resultados2019.blob.core.windows.net/201901/047764.jpg,OK,0,2,SACATEPÉQUEZ,JOCOTENANGO,4776,CORPORACIÓN MUNICIPAL,6,2,2,0,1,4,280,280,271,271,10,93,3,11,11,3,41,7,53,39
1,1,0,400,400,2,https://resultados2019.blob.core.windows.net/201901/047644.jpg,OK,0,2,SACATEPÉQUEZ,JOCOTENANGO,4764,CORPORACIÓN MUNICIPAL,9,2,2,0,1,4,283,283,273,273,13,110,2,5,14,1,36,4,61,27
1,0,0,400,400,2,https://resultados2019.blob.core.windows.net/201901/047754.jpg,OK,0,2,SACATEPÉQUEZ,JOCOTENANGO,4775,CORPORACIÓN MUNICIPAL,6,2,2,0,1,4,291,291,285,285,10,93,2,12,11,2,61,6,45,43
1,1,0,351,351,2,https://resultados2019.blob.core.windows.net/201901/047834.jpg,OK,0,2,SACATEPÉQUEZ,JOCOTENANGO,4783,CORPORACIÓN MUNICIPAL,12,2,2,0,1,4,182,182,169,169,4,54,1,9,12,1,25,6,31,26
1,1,0,400,400,2,https://resultados2019.blob.core.windows.net/201901/047574.jpg,OK,0,2,SACATEPÉQUEZ,JOCOTENANGO,4757,CORPORACIÓN MUNICIPAL,14,2,2,0,1,4,334,334,319,319,14,104,2,12,21,5,55,5,55,46
1,1,0,400,400,2,https://resultados2019.blob.core.windows.net/201901/047674.jpg,OK,0,2,SACATEPÉQUEZ,JOCOTENANGO,4767,CORPORACIÓN MUNICIPAL,8,2,2,0,1,4,302,302,293,293,9,79,0,22,21,4,44,8,69,37
1,3,0,400,400,2,https://resultados2019.blob.core.windows.net/201901/047564.jpg,OK,0,2,SACATEPÉQUEZ,JOCOTENANGO,4756,CORPORACIÓN MUNICIPAL,7,2,2,0,1,4,310,310,300,300,15,93,4,12,23,2,54,4,60,33
1,2,0,399,400,2,https://resultados2019.blob.core.windows.net/201901/047804.jpg,OK,0,2,SACATEPÉQUEZ,JOCOTENANGO,4780,CORPORACIÓN MUNICIPAL,7,2,2,0,1,4,340,340,331,331,21,119,4,10,15,2,61,12,48,39
1,2,0,400,400,2,https://resultados2019.blob.core.windows.net/201901/047554.jpg,OK,0,2,SACATEPÉQUEZ,JOCOTENANGO,4755,CORPORACIÓN MUNICIPAL,13,2,2,0,1,4,337,337,322,322,13,88,0,16,22,1,64,6,67,45
1,1,0,400,400,2,https://resultados2019.blob.core.windows.net/201901/047544.jpg,OK,0,2,SACATEPÉQUEZ,JOCOTENANGO,4754,CORPORACIÓN MUNICIPAL,14,2,2,0,1,4,314,314,299,299,11,99,0,9,18,9,43,6,70,34
1,1,0,400,399,2,https://resultados2019.blob.core.windows.net/201901/047684.jpg,OK,0,2,SACATEPÉQUEZ,JOCOTENANGO,4768,CORPORACIÓN MUNICIPAL,5,2,2,0,1,4,290,290,284,284,8,94,3,15,12,4,59,3,41,45
1,1,0,400,400,2,https://resultados2019.blob.core.windows.net/201901/047714.jpg,OK,0,2,SACATEPÉQUEZ,JOCOTENANGO,4771,CORPORACIÓN MUNICIPAL,8,2,2,0,1,4,295,295,286,286,9,115,6,11,10,4,51,2,45,33
1,0,0,400,400,2,https://resultados2019.blob.core.windows.net/201901/047634.jpg,OK,0,2,SACATEPÉQUEZ,JOCOTENANGO,4763,CORPORACIÓN MUNICIPAL,8,2,2,0,1,4,278,278,270,270,13,85,3,8,11,2,55,3,47,43
