ACTACUADRA,BLANCOS,CNTIMPUGNA,CNTINSCRITOS,CNTPAPELETAS,DEP,IMGSRC,IMGSTATUS,INVALIDOS,MUN,NDEP,NMUN,NROMESA,NTE,NULOS,STACTA,STESCAN,STFISIC,STTRANS,TIPOELECCION,TOTALACTA,TOTALVOTOS,VOTOSVALIDOS,VOTOSVALIDOSACTA,voto_MUP,voto_UNE,voto_UNIONISTA,voto_VAMOS
1,6,0,400,400,2,https://resultados2019.blob.core.windows.net/201901/047984.jpg,OK,0,3,SACATEPÉQUEZ,PASTORES,4798,CORPORACIÓN MUNICIPAL,8,2,2,0,1,4,316,316,302,302,104,156,4,38
1,6,0,400,400,2,https://resultados2019.blob.core.windows.net/201901/047974.jpg,OK,0,3,SACATEPÉQUEZ,PASTORES,4797,CORPORACIÓN MUNICIPAL,7,2,2,0,1,4,329,329,316,316,102,162,15,37
1,1,1,400,400,2,https://resultados2019.blob.core.windows.net/201901/048034.jpg,OK,0,3,SACATEPÉQUEZ,PASTORES,4803,CORPORACIÓN MUNICIPAL,7,2,2,0,1,4,322,322,314,314,147,106,7,54
1,5,0,400,400,2,https://resultados2019.blob.core.windows.net/201901/047954.jpg,OK,0,3,SACATEPÉQUEZ,PASTORES,4795,CORPORACIÓN MUNICIPAL,10,2,2,0,1,4,339,339,324,324,124,148,5,47
1,5,0,400,400,2,https://resultados2019.blob.core.windows.net/201901/047884.jpg,OK,0,3,SACATEPÉQUEZ,PASTORES,4788,CORPORACIÓN MUNICIPAL,2,2,2,0,1,4,333,333,326,326,146,119,6,55
1,1,0,400,400,2,https://resultados2019.blob.core.windows.net/201901/047894.jpg,OK,0,3,SACATEPÉQUEZ,PASTORES,4789,CORPORACIÓN MUNICIPAL,7,2,2,0,1,4,330,330,322,322,145,118,6,53
1,0,0,400,400,2,https://resultados2019.blob.core.windows.net/201901/048014.jpg,OK,0,3,SACATEPÉQUEZ,PASTORES,4801,CORPORACIÓN MUNICIPAL,3,2,2,0,1,4,325,325,322,322,145,117,6,54
1,2,0,400,400,2,https://resultados2019.blob.core.windows.net/201901/047854.jpg,OK,0,3,SACATEPÉQUEZ,PASTORES,4785,CORPORACIÓN MUNICIPAL,6,2,2,0,1,4,321,321,313,313,148,108,4,53
1,5,0,400,400,2,https://resultados2019.blob.core.windows.net/201901/047864.jpg,OK,0,3,SACATEPÉQUEZ,PASTORES,4786,CORPORACIÓN MUNICIPAL,5,2,2,0,1,4,336,336,326,326,158,103,6,59
1,0,1,400,400,2,https://resultados2019.blob.core.windows.net/201901/047994.jpg,OK,0,3,SACATEPÉQUEZ,PASTORES,4799,CORPORACIÓN MUNICIPAL,8,2,2,0,1,4,308,308,300,300,119,116,9,56
1,5,0,400,400,2,https://resultados2019.blob.core.windows.net/201901/047924.jpg,OK,0,3,SACATEPÉQUEZ,PASTORES,4792,CORPORACIÓN MUNICIPAL,8,2,2,0,1,4,357,357,344,344,163,141,2,38
1,1,0,400,400,2,https://resultados2019.blob.core.windows.net/201901/048004.jpg,OK,0,3,SACATEPÉQUEZ,PASTORES,4800,CORPORACIÓN MUNICIPAL,2,2,2,0,1,4,306,306,303,303,122,117,5,59
1,0,0,400,400,2,https://resultados2019.blob.core.windows.net/201901/048064.jpg,OK,0,3,SACATEPÉQUEZ,PASTORES,4806,CORPORACIÓN MUNICIPAL,2,2,2,0,1,4,328,328,326,326,153,109,5,59
1,3,0,400,400,2,https://resultados2019.blob.core.windows.net/201901/047944.jpg,OK,0,3,SACATEPÉQUEZ,PASTORES,4794,CORPORACIÓN MUNICIPAL,3,2,2,0,1,4,341,341,335,335,131,136,12,56
1,4,0,400,400,2,https://resultados2019.blob.core.windows.net/201901/047874.jpg,OK,0,3,SACATEPÉQUEZ,PASTORES,4787,CORPORACIÓN MUNICIPAL,5,2,2,0,1,4,336,336,327,327,159,116,7,45
1,1,0,383,383,2,https://resultados2019.blob.core.windows.net/201901/048084.jpg,OK,0,3,SACATEPÉQUEZ,PASTORES,4808,CORPORACIÓN MUNICIPAL,1,2,2,0,1,4,314,314,312,312,173,75,5,59
1,2,0,400,375,2,https://resultados2019.blob.core.windows.net/201901/047964.jpg,OK,0,3,SACATEPÉQUEZ,PASTORES,4796,CORPORACIÓN MUNICIPAL,5,2,2,0,1,4,313,313,306,306,80,173,11,42
1,1,0,383,380,2,https://resultados2019.blob.core.windows.net/201901/048074.jpg,OK,0,3,SACATEPÉQUEZ,PASTORES,4807,CORPORACIÓN MUNICIPAL,1,2,2,0,1,4,340,340,338,338,166,101,5,66
1,0,0,400,400,2,https://resultados2019.blob.core.windows.net/201901/048054.jpg,OK,0,3,SACATEPÉQUEZ,PASTORES,4805,CORPORACIÓN MUNICIPAL,0,2,2,0,1,4,304,304,304,304,147,93,10,54
1,1,0,397,397,2,https://resultados2019.blob.core.windows.net/201901/048094.jpg,OK,0,3,SACATEPÉQUEZ,PASTORES,4809,CORPORACIÓN MUNICIPAL,2,2,2,0,1,4,185,185,182,182,53,96,5,28
1,2,0,400,400,2,https://resultados2019.blob.core.windows.net/201901/048024.jpg,OK,0,3,SACATEPÉQUEZ,PASTORES,4802,CORPORACIÓN MUNICIPAL,8,2,2,0,1,4,311,311,301,301,154,92,4,51
1,5,0,400,390,2,https://resultados2019.blob.core.windows.net/201901/048044.jpg,OK,0,3,SACATEPÉQUEZ,PASTORES,4804,CORPORACIÓN MUNICIPAL,11,2,2,0,1,4,305,305,289,289,142,85,4,58
1,4,0,400,400,2,https://resultados2019.blob.core.windows.net/201901/047914.jpg,OK,0,3,SACATEPÉQUEZ,PASTORES,4791,CORPORACIÓN MUNICIPAL,2,2,2,0,1,4,348,348,342,342,165,121,3,53
1,2,0,400,398,2,https://resultados2019.blob.core.windows.net/201901/047904.jpg,OK,0,3,SACATEPÉQUEZ,PASTORES,4790,CORPORACIÓN MUNICIPAL,7,2,2,0,1,4,343,343,334,334,155,114,6,59
1,10,0,400,400,2,https://resultados2019.blob.core.windows.net/201901/047934.jpg,OK,0,3,SACATEPÉQUEZ,PASTORES,4793,CORPORACIÓN MUNICIPAL,8,2,2,0,1,4,339,339,321,321,126,147,4,44
