ACTACUADRA,BLANCOS,CNTIMPUGNA,CNTINSCRITOS,CNTPAPELETAS,DEP,IMGSRC,IMGSTATUS,INVALIDOS,MUN,NDEP,NMUN,NROMESA,NTE,NULOS,STACTA,STESCAN,STFISIC,STTRANS,TIPOELECCION,TOTALACTA,TOTALVOTOS,VOTOSVALIDOS,VOTOSVALIDOSACTA,voto_EG,voto_FUERZA,voto_PC,voto_SEMILLA,voto_TODOS,voto_UNE,voto_UNIONISTA,voto_VAMOS,voto_VIVA
1,5,0,400,396,2,https://resultados2019.blob.core.windows.net/201901/048654.jpg,OK,0,5,SACATEPÉQUEZ,SANTO DOMINGO XENACOJ,4865,CORPORACIÓN MUNICIPAL,10,2,2,0,1,4,331,331,316,316,12,126,8,2,32,7,26,85,18
1,6,0,400,396,2,https://resultados2019.blob.core.windows.net/201901/048664.jpg,OK,0,5,SACATEPÉQUEZ,SANTO DOMINGO XENACOJ,4866,CORPORACIÓN MUNICIPAL,10,2,2,0,1,4,341,341,325,325,14,127,10,7,33,9,23,87,15
1,2,0,354,354,2,https://resultados2019.blob.core.windows.net/201901/048704.jpg,OK,0,5,SACATEPÉQUEZ,SANTO DOMINGO XENACOJ,4870,CORPORACIÓN MUNICIPAL,1,2,2,0,1,4,272,272,269,269,20,114,11,2,16,4,24,66,12
1,1,0,354,351,2,https://resultados2019.blob.core.windows.net/201901/048694.jpg,OK,0,5,SACATEPÉQUEZ,SANTO DOMINGO XENACOJ,4869,CORPORACIÓN MUNICIPAL,3,2,2,0,1,4,327,327,323,323,23,147,8,3,22,4,22,81,13
1,5,0,400,400,2,https://resultados2019.blob.core.windows.net/201901/048594.jpg,OK,0,5,SACATEPÉQUEZ,SANTO DOMINGO XENACOJ,4859,CORPORACIÓN MUNICIPAL,11,2,2,0,1,4,353,353,337,337,15,164,8,1,21,16,29,59,24
1,3,0,400,400,2,https://resultados2019.blob.core.windows.net/201901/048644.jpg,OK,0,5,SACATEPÉQUEZ,SANTO DOMINGO XENACOJ,4864,CORPORACIÓN MUNICIPAL,10,2,2,0,1,4,335,335,322,322,23,141,8,7,25,7,16,73,22
1,1,0,400,400,2,https://resultados2019.blob.core.windows.net/201901/048624.jpg,OK,0,5,SACATEPÉQUEZ,SANTO DOMINGO XENACOJ,4862,CORPORACIÓN MUNICIPAL,3,2,2,0,1,4,335,335,331,331,17,136,8,4,36,7,22,84,17
1,3,0,400,396,2,https://resultados2019.blob.core.windows.net/201901/048554.jpg,OK,0,5,SACATEPÉQUEZ,SANTO DOMINGO XENACOJ,4855,CORPORACIÓN MUNICIPAL,8,2,2,0,1,4,349,349,338,338,7,166,16,2,22,8,21,78,18
1,5,0,400,400,2,https://resultados2019.blob.core.windows.net/201901/048604.jpg,OK,0,5,SACATEPÉQUEZ,SANTO DOMINGO XENACOJ,4860,CORPORACIÓN MUNICIPAL,4,2,2,0,1,4,346,346,337,337,12,155,7,4,26,6,30,85,12
1,14,0,400,400,2,https://resultados2019.blob.core.windows.net/201901/048544.jpg,OK,0,5,SACATEPÉQUEZ,SANTO DOMINGO XENACOJ,4854,CORPORACIÓN MUNICIPAL,10,2,2,0,1,4,343,343,319,319,10,141,4,1,23,5,26,93,16
1,0,0,400,396,2,https://resultados2019.blob.core.windows.net/201901/048684.jpg,OK,0,5,SACATEPÉQUEZ,SANTO DOMINGO XENACOJ,4868,CORPORACIÓN MUNICIPAL,2,2,2,0,1,4,341,341,339,339,15,159,10,5,30,9,17,76,18
1,3,0,400,396,2,https://resultados2019.blob.core.windows.net/201901/048574.jpg,OK,0,5,SACATEPÉQUEZ,SANTO DOMINGO XENACOJ,4857,CORPORACIÓN MUNICIPAL,10,2,2,0,1,4,356,356,343,343,17,135,10,3,32,8,38,84,16
1,10,0,400,400,2,https://resultados2019.blob.core.windows.net/201901/048584.jpg,OK,0,5,SACATEPÉQUEZ,SANTO DOMINGO XENACOJ,4858,CORPORACIÓN MUNICIPAL,11,2,2,0,1,4,374,374,353,353,15,160,14,3,39,5,23,82,12
1,3,0,400,400,2,https://resultados2019.blob.core.windows.net/201901/048614.jpg,OK,0,5,SACATEPÉQUEZ,SANTO DOMINGO XENACOJ,4861,CORPORACIÓN MUNICIPAL,8,2,2,0,1,4,338,338,327,327,19,156,11,1,24,3,14,83,16
1,2,0,400,400,2,https://resultados2019.blob.core.windows.net/201901/048634.jpg,OK,0,5,SACATEPÉQUEZ,SANTO DOMINGO XENACOJ,4863,CORPORACIÓN MUNICIPAL,7,2,2,0,1,4,330,330,321,321,16,133,4,9,30,6,20,80,23
1,4,0,400,400,2,https://resultados2019.blob.core.windows.net/201901/048674.jpg,OK,0,5,SACATEPÉQUEZ,SANTO DOMINGO XENACOJ,4867,CORPORACIÓN MUNICIPAL,6,2,2,0,1,4,312,312,302,302,13,116,13,2,30,6,37,71,14
1,4,0,400,393,2,https://resultados2019.blob.core.windows.net/201901/048564.jpg,OK,0,5,SACATEPÉQUEZ,SANTO DOMINGO XENACOJ,4856,CORPORACIÓN MUNICIPAL,10,2,2,0,1,4,339,339,325,325,12,156,2,4,31,4,26,80,10
