ACTACUADRA,BLANCOS,CNTIMPUGNA,CNTINSCRITOS,CNTPAPELETAS,DEP,IMGSRC,IMGSTATUS,INVALIDOS,MUN,NDEP,NMUN,NROMESA,NTE,NULOS,STACTA,STESCAN,STFISIC,STTRANS,TIPOELECCION,TOTALACTA,TOTALVOTOS,VOTOSVALIDOS,VOTOSVALIDOSACTA,voto_FUERZA,voto_MLP,voto_PAN,voto_PC,voto_TODOS,voto_UNE,voto_UNIONISTA,voto_VAMOS,voto_VIVA
1,4,1,400,400,2,https://resultados2019.blob.core.windows.net/201901/049164.jpg,OK,0,7,SACATEPÉQUEZ,SAN BARTOLOMÉ MILPAS ALTAS,4916,CORPORACIÓN MUNICIPAL,11,2,2,0,1,4,281,281,266,266,10,9,9,102,68,32,12,7,17
1,0,0,210,210,2,https://resultados2019.blob.core.windows.net/201901/049214.jpg,OK,0,7,SACATEPÉQUEZ,SAN BARTOLOMÉ MILPAS ALTAS,4921,CORPORACIÓN MUNICIPAL,5,2,2,0,1,4,160,160,155,155,4,10,6,38,58,18,9,5,7
1,6,0,400,400,2,https://resultados2019.blob.core.windows.net/201901/049114.jpg,OK,0,7,SACATEPÉQUEZ,SAN BARTOLOMÉ MILPAS ALTAS,4911,CORPORACIÓN MUNICIPAL,15,2,2,0,1,4,295,295,274,274,15,11,7,104,58,32,13,15,19
1,3,0,400,400,2,https://resultados2019.blob.core.windows.net/201901/049144.jpg,OK,0,7,SACATEPÉQUEZ,SAN BARTOLOMÉ MILPAS ALTAS,4914,CORPORACIÓN MUNICIPAL,9,2,2,0,1,4,297,297,285,285,10,17,13,99,58,33,15,10,30
1,2,0,400,400,2,https://resultados2019.blob.core.windows.net/201901/049174.jpg,OK,0,7,SACATEPÉQUEZ,SAN BARTOLOMÉ MILPAS ALTAS,4917,CORPORACIÓN MUNICIPAL,13,2,2,0,1,4,290,290,275,275,11,19,12,80,72,31,13,15,22
1,3,0,400,400,2,https://resultados2019.blob.core.windows.net/201901/049184.jpg,OK,0,7,SACATEPÉQUEZ,SAN BARTOLOMÉ MILPAS ALTAS,4918,CORPORACIÓN MUNICIPAL,11,2,2,0,1,4,273,273,259,259,12,12,7,90,72,17,18,13,18
1,1,0,281,281,2,https://resultados2019.blob.core.windows.net/201901/049234.jpg,OK,0,7,SACATEPÉQUEZ,SAN BARTOLOMÉ MILPAS ALTAS,4923,CORPORACIÓN MUNICIPAL,6,2,2,0,1,4,138,138,131,131,6,16,10,38,27,14,6,6,8
1,0,0,209,209,2,https://resultados2019.blob.core.windows.net/201901/049224.jpg,OK,0,7,SACATEPÉQUEZ,SAN BARTOLOMÉ MILPAS ALTAS,4922,CORPORACIÓN MUNICIPAL,2,2,2,0,1,4,143,143,141,141,8,13,1,49,41,10,5,8,6
1,5,0,400,400,2,https://resultados2019.blob.core.windows.net/201901/049124.jpg,OK,0,7,SACATEPÉQUEZ,SAN BARTOLOMÉ MILPAS ALTAS,4912,CORPORACIÓN MUNICIPAL,2,2,2,0,1,4,289,289,282,282,12,14,12,107,61,27,16,14,19
1,1,1,400,400,2,https://resultados2019.blob.core.windows.net/201901/049194.jpg,OK,0,7,SACATEPÉQUEZ,SAN BARTOLOMÉ MILPAS ALTAS,4919,CORPORACIÓN MUNICIPAL,11,2,2,0,1,4,270,270,258,258,9,16,9,97,73,20,14,8,12
1,1,0,400,400,2,https://resultados2019.blob.core.windows.net/201901/049154.jpg,OK,0,7,SACATEPÉQUEZ,SAN BARTOLOMÉ MILPAS ALTAS,4915,CORPORACIÓN MUNICIPAL,4,2,2,0,1,4,270,270,265,265,10,14,11,107,65,22,7,11,18
1,4,0,400,397,2,https://resultados2019.blob.core.windows.net/201901/049134.jpg,OK,0,7,SACATEPÉQUEZ,SAN BARTOLOMÉ MILPAS ALTAS,4913,CORPORACIÓN MUNICIPAL,9,2,2,0,1,4,301,301,288,288,10,21,17,103,61,31,15,13,17
1,2,0,400,400,2,https://resultados2019.blob.core.windows.net/201901/049204.jpg,OK,0,7,SACATEPÉQUEZ,SAN BARTOLOMÉ MILPAS ALTAS,4920,CORPORACIÓN MUNICIPAL,5,2,2,0,1,4,281,281,274,274,10,11,13,103,67,36,13,11,10
