ACTACUADRA,BLANCOS,CNTIMPUGNA,CNTINSCRITOS,CNTPAPELETAS,DEP,IMGSRC,IMGSTATUS,INVALIDOS,MUN,NDEP,NMUN,NROMESA,NTE,NULOS,STACTA,STESCAN,STFISIC,STTRANS,TIPOELECCION,TOTALACTA,TOTALVOTOS,VOTOSVALIDOS,VOTOSVALIDOSACTA,voto_ALUX_¡SOMOS_SAN_LUCAS!,voto_AVANZA,voto_CREO,voto_FUERZA,voto_PAN,voto_TODOS,voto_UNE,voto_UNIONISTA,voto_VAMOS,voto_VICTORIA,voto_VIVA
1,5,0,400,400,2,https://resultados2019.blob.core.windows.net/201901/049444.jpg,OK,2,8,SACATEPÉQUEZ,SAN LUCAS SACATEPÉQUEZ,4944,CORPORACIÓN MUNICIPAL,16,2,2,0,1,4,297,297,276,276,49,1,59,20,7,26,50,3,22,1,38
1,4,0,380,376,2,https://resultados2019.blob.core.windows.net/201901/049564.jpg,OK,0,8,SACATEPÉQUEZ,SAN LUCAS SACATEPÉQUEZ,4956,CORPORACIÓN MUNICIPAL,11,2,2,0,1,4,286,286,271,271,30,1,50,10,7,14,110,2,34,3,10
1,2,0,400,396,2,https://resultados2019.blob.core.windows.net/201901/049374.jpg,OK,0,8,SACATEPÉQUEZ,SAN LUCAS SACATEPÉQUEZ,4937,CORPORACIÓN MUNICIPAL,13,2,2,0,1,4,289,289,274,274,26,0,66,18,13,25,70,7,23,9,17
1,7,0,380,376,2,https://resultados2019.blob.core.windows.net/201901/049554.jpg,OK,0,8,SACATEPÉQUEZ,SAN LUCAS SACATEPÉQUEZ,4955,CORPORACIÓN MUNICIPAL,9,2,2,0,1,4,276,276,260,260,36,0,56,14,4,21,68,3,42,3,13
1,3,0,400,398,2,https://resultados2019.blob.core.windows.net/201901/049514.jpg,OK,0,8,SACATEPÉQUEZ,SAN LUCAS SACATEPÉQUEZ,4951,CORPORACIÓN MUNICIPAL,4,2,2,0,1,4,312,312,305,305,41,0,60,21,12,26,63,14,32,5,31
1,0,1,339,339,2,https://resultados2019.blob.core.windows.net/201901/049534.jpg,OK,0,8,SACATEPÉQUEZ,SAN LUCAS SACATEPÉQUEZ,4953,CORPORACIÓN MUNICIPAL,4,2,2,0,1,4,267,267,263,263,30,2,69,12,12,35,59,6,12,3,23
1,2,0,218,218,2,https://resultados2019.blob.core.windows.net/201901/049584.jpg,OK,0,8,SACATEPÉQUEZ,SAN LUCAS SACATEPÉQUEZ,4958,CORPORACIÓN MUNICIPAL,6,2,2,0,1,4,155,155,147,147,17,0,36,8,6,9,34,4,24,1,8
1,3,0,435,435,2,https://resultados2019.blob.core.windows.net/201901/049614.jpg,OK,0,8,SACATEPÉQUEZ,SAN LUCAS SACATEPÉQUEZ,4961,CORPORACIÓN MUNICIPAL,14,2,2,0,1,4,250,250,233,233,22,0,45,19,2,15,72,10,14,2,32
1,2,0,400,0,2,https://resultados2019.blob.core.windows.net/201901/049434.jpg,OK,0,8,SACATEPÉQUEZ,SAN LUCAS SACATEPÉQUEZ,4943,CORPORACIÓN MUNICIPAL,9,2,2,0,1,4,302,302,291,291,41,1,64,13,10,34,70,3,20,3,32
1,0,0,400,400,2,https://resultados2019.blob.core.windows.net/201901/049414.jpg,OK,0,8,SACATEPÉQUEZ,SAN LUCAS SACATEPÉQUEZ,4941,CORPORACIÓN MUNICIPAL,7,2,2,0,1,4,310,310,303,303,44,0,73,20,12,35,54,5,24,7,29
1,2,1,400,400,2,https://resultados2019.blob.core.windows.net/201901/049404.jpg,OK,0,8,SACATEPÉQUEZ,SAN LUCAS SACATEPÉQUEZ,4940,CORPORACIÓN MUNICIPAL,13,2,2,0,1,4,306,306,291,291,45,0,62,16,16,22,65,7,19,4,35
1,1,0,400,396,2,https://resultados2019.blob.core.windows.net/201901/049424.jpg,OK,0,8,SACATEPÉQUEZ,SAN LUCAS SACATEPÉQUEZ,4942,CORPORACIÓN MUNICIPAL,18,2,2,0,1,4,308,308,289,289,48,0,59,19,12,25,63,7,15,4,37
1,1,1,400,400,2,https://resultados2019.blob.core.windows.net/201901/049354.jpg,OK,0,8,SACATEPÉQUEZ,SAN LUCAS SACATEPÉQUEZ,4935,CORPORACIÓN MUNICIPAL,8,2,2,0,1,4,283,283,274,274,32,0,59,17,8,20,77,11,14,2,34
1,0,0,400,401,2,https://resultados2019.blob.core.windows.net/201901/049464.jpg,OK,0,8,SACATEPÉQUEZ,SAN LUCAS SACATEPÉQUEZ,4946,CORPORACIÓN MUNICIPAL,13,2,2,0,1,4,303,303,290,290,39,0,77,15,11,30,60,6,19,1,32
1,3,0,400,391,2,https://resultados2019.blob.core.windows.net/201901/049294.jpg,OK,0,8,SACATEPÉQUEZ,SAN LUCAS SACATEPÉQUEZ,4929,CORPORACIÓN MUNICIPAL,9,2,2,0,1,4,296,296,284,284,51,2,57,15,14,30,60,5,15,3,32
1,4,0,435,436,2,https://resultados2019.blob.core.windows.net/201901/049624.jpg,OK,0,8,SACATEPÉQUEZ,SAN LUCAS SACATEPÉQUEZ,4962,CORPORACIÓN MUNICIPAL,6,2,2,0,1,4,205,205,195,195,17,0,33,12,5,19,61,6,20,1,21
1,3,0,400,396,2,https://resultados2019.blob.core.windows.net/201901/049454.jpg,OK,107,8,SACATEPÉQUEZ,SAN LUCAS SACATEPÉQUEZ,4945,CORPORACIÓN MUNICIPAL,18,2,2,0,1,4,289,289,268,268,32,0,57,17,9,33,55,4,23,6,32
1,5,0,400,400,2,https://resultados2019.blob.core.windows.net/201901/049474.jpg,OK,0,8,SACATEPÉQUEZ,SAN LUCAS SACATEPÉQUEZ,4947,CORPORACIÓN MUNICIPAL,8,2,2,0,1,4,286,286,273,273,33,0,75,13,9,30,51,6,30,4,22
1,1,0,400,398,2,https://resultados2019.blob.core.windows.net/201901/049494.jpg,OK,0,8,SACATEPÉQUEZ,SAN LUCAS SACATEPÉQUEZ,4949,CORPORACIÓN MUNICIPAL,9,2,2,0,1,4,264,264,254,254,33,0,54,24,10,21,55,10,16,2,29
1,0,0,600,600,2,https://resultados2019.blob.core.windows.net/201901/049604.jpg,OK,0,8,SACATEPÉQUEZ,SAN LUCAS SACATEPÉQUEZ,4960,CORPORACIÓN MUNICIPAL,13,2,2,0,1,4,320,320,307,307,34,1,39,23,12,22,98,12,23,7,36
1,1,0,400,396,2,https://resultados2019.blob.core.windows.net/201901/049504.jpg,OK,0,8,SACATEPÉQUEZ,SAN LUCAS SACATEPÉQUEZ,4950,CORPORACIÓN MUNICIPAL,9,2,2,0,1,4,315,315,305,305,41,1,60,14,10,33,85,12,15,8,26
1,2,0,400,398,2,https://resultados2019.blob.core.windows.net/201901/049284.jpg,OK,0,8,SACATEPÉQUEZ,SAN LUCAS SACATEPÉQUEZ,4928,CORPORACIÓN MUNICIPAL,13,2,2,0,1,4,292,292,277,277,27,1,64,20,10,19,76,8,20,6,26
1,1,0,400,396,2,https://resultados2019.blob.core.windows.net/201901/049314.jpg,OK,0,8,SACATEPÉQUEZ,SAN LUCAS SACATEPÉQUEZ,4931,CORPORACIÓN MUNICIPAL,17,2,2,0,1,4,320,320,302,302,47,0,68,11,8,19,75,6,24,5,39
1,3,0,400,397,2,https://resultados2019.blob.core.windows.net/201901/049324.jpg,OK,0,8,SACATEPÉQUEZ,SAN LUCAS SACATEPÉQUEZ,4932,CORPORACIÓN MUNICIPAL,10,2,2,0,1,4,299,299,286,286,35,0,59,11,13,28,78,11,25,3,23
1,0,0,218,218,2,https://resultados2019.blob.core.windows.net/201901/049594.jpg,OK,0,8,SACATEPÉQUEZ,SAN LUCAS SACATEPÉQUEZ,4959,CORPORACIÓN MUNICIPAL,3,2,2,0,1,4,168,168,165,165,21,0,36,8,7,19,40,1,21,1,11
1,2,0,400,397,2,https://resultados2019.blob.core.windows.net/201901/049344.jpg,OK,0,8,SACATEPÉQUEZ,SAN LUCAS SACATEPÉQUEZ,4934,CORPORACIÓN MUNICIPAL,8,2,2,0,1,4,299,299,289,289,43,0,54,17,10,33,72,5,17,2,36
1,0,0,400,400,2,https://resultados2019.blob.core.windows.net/201901/049484.jpg,OK,0,8,SACATEPÉQUEZ,SAN LUCAS SACATEPÉQUEZ,4948,CORPORACIÓN MUNICIPAL,12,2,2,0,1,4,274,274,262,262,36,0,55,17,5,22,73,8,13,2,31
1,0,0,400,400,2,https://resultados2019.blob.core.windows.net/201901/049304.jpg,OK,0,8,SACATEPÉQUEZ,SAN LUCAS SACATEPÉQUEZ,4930,CORPORACIÓN MUNICIPAL,10,2,2,0,1,4,284,284,274,274,40,0,62,18,8,20,66,7,15,10,28
1,2,2,400,400,2,https://resultados2019.blob.core.windows.net/201901/049274.jpg,OK,2,8,SACATEPÉQUEZ,SAN LUCAS SACATEPÉQUEZ,4927,CORPORACIÓN MUNICIPAL,7,2,2,0,1,4,293,293,284,284,46,0,69,11,8,26,66,6,16,2,34
1,1,0,400,400,2,https://resultados2019.blob.core.windows.net/201901/049364.jpg,OK,0,8,SACATEPÉQUEZ,SAN LUCAS SACATEPÉQUEZ,4936,CORPORACIÓN MUNICIPAL,6,2,2,0,1,4,261,261,254,254,31,1,49,19,11,37,51,11,20,4,20
1,4,0,400,396,2,https://resultados2019.blob.core.windows.net/201901/049264.jpg,OK,0,8,SACATEPÉQUEZ,SAN LUCAS SACATEPÉQUEZ,4926,CORPORACIÓN MUNICIPAL,10,2,2,0,1,4,295,295,281,281,44,0,60,17,9,18,73,12,13,3,32
1,2,0,400,396,2,https://resultados2019.blob.core.windows.net/201901/049254.jpg,OK,0,8,SACATEPÉQUEZ,SAN LUCAS SACATEPÉQUEZ,4925,CORPORACIÓN MUNICIPAL,17,2,2,0,1,4,308,308,289,289,29,1,62,17,12,29,68,4,20,5,42
1,1,0,400,400,2,https://resultados2019.blob.core.windows.net/201901/049394.jpg,OK,1,8,SACATEPÉQUEZ,SAN LUCAS SACATEPÉQUEZ,4939,CORPORACIÓN MUNICIPAL,7,2,2,0,1,4,277,277,269,269,39,0,53,16,10,22,60,10,19,8,32
1,1,1,380,380,2,https://resultados2019.blob.core.windows.net/201901/049574.jpg,OK,0,8,SACATEPÉQUEZ,SAN LUCAS SACATEPÉQUEZ,4957,CORPORACIÓN MUNICIPAL,9,2,2,0,1,4,264,264,254,254,46,0,43,7,10,32,62,3,31,2,18
1,5,0,400,400,2,https://resultados2019.blob.core.windows.net/201901/049384.jpg,OK,0,8,SACATEPÉQUEZ,SAN LUCAS SACATEPÉQUEZ,4938,CORPORACIÓN MUNICIPAL,11,2,2,0,1,4,281,281,265,265,41,0,62,14,6,15,59,7,29,5,27
1,4,0,400,400,2,https://resultados2019.blob.core.windows.net/201901/049334.jpg,OK,0,8,SACATEPÉQUEZ,SAN LUCAS SACATEPÉQUEZ,4933,CORPORACIÓN MUNICIPAL,7,2,2,0,1,4,317,317,306,306,41,0,48,22,6,34,90,10,18,3,34
1,1,0,400,400,2,https://resultados2019.blob.core.windows.net/201901/049244.jpg,OK,0,8,SACATEPÉQUEZ,SAN LUCAS SACATEPÉQUEZ,4924,CORPORACIÓN MUNICIPAL,13,2,2,0,1,4,286,286,272,272,36,0,69,12,6,26,66,11,14,4,28
1,2,1,400,400,2,https://resultados2019.blob.core.windows.net/201901/049524.jpg,OK,0,8,SACATEPÉQUEZ,SAN LUCAS SACATEPÉQUEZ,4952,CORPORACIÓN MUNICIPAL,13,2,2,0,1,4,326,326,311,311,68,0,64,11,14,36,63,5,19,7,24
1,0,0,338,338,2,https://resultados2019.blob.core.windows.net/201901/049544.jpg,OK,0,8,SACATEPÉQUEZ,SAN LUCAS SACATEPÉQUEZ,4954,CORPORACIÓN MUNICIPAL,5,2,2,0,1,4,187,187,182,182,23,0,43,12,13,24,32,12,4,3,16
