ACTACUADRA,BLANCOS,CNTIMPUGNA,CNTINSCRITOS,CNTPAPELETAS,DEP,IMGSRC,IMGSTATUS,INVALIDOS,MUN,NDEP,NMUN,NROMESA,NTE,NULOS,STACTA,STESCAN,STFISIC,STTRANS,TIPOELECCION,TOTALACTA,TOTALVOTOS,VOTOSVALIDOS,VOTOSVALIDOSACTA,voto_CREO,voto_PC,voto_PHG,voto_TODOS,voto_UCN,voto_UNE,voto_UNIONISTA,voto_VAMOS
1,2,0,400,400,2,https://resultados2019.blob.core.windows.net/201901/049674.jpg,OK,0,9,SACATEPÉQUEZ,SANTA LUCÍA MILPAS ALTAS,4967,CORPORACIÓN MUNICIPAL,4,2,2,0,1,4,315,315,309,309,5,3,6,103,2,12,141,37
1,1,0,380,380,2,https://resultados2019.blob.core.windows.net/201901/049834.jpg,OK,0,9,SACATEPÉQUEZ,SANTA LUCÍA MILPAS ALTAS,4983,CORPORACIÓN MUNICIPAL,8,2,2,0,1,4,287,287,278,278,9,12,1,165,0,8,59,24
1,2,0,400,400,2,https://resultados2019.blob.core.windows.net/201901/049654.jpg,OK,0,9,SACATEPÉQUEZ,SANTA LUCÍA MILPAS ALTAS,4965,CORPORACIÓN MUNICIPAL,4,2,2,0,1,4,312,312,306,306,3,6,2,84,5,19,157,30
1,0,0,276,276,2,https://resultados2019.blob.core.windows.net/201901/049744.jpg,OK,0,9,SACATEPÉQUEZ,SANTA LUCÍA MILPAS ALTAS,4974,CORPORACIÓN MUNICIPAL,1,2,2,0,1,4,213,213,212,212,3,7,7,83,1,18,78,15
1,1,0,380,380,2,https://resultados2019.blob.core.windows.net/201901/049814.jpg,OK,0,9,SACATEPÉQUEZ,SANTA LUCÍA MILPAS ALTAS,4981,CORPORACIÓN MUNICIPAL,2,2,2,0,1,4,277,277,274,274,1,21,2,172,0,7,51,20
1,2,0,400,399,2,https://resultados2019.blob.core.windows.net/201901/049664.jpg,OK,0,9,SACATEPÉQUEZ,SANTA LUCÍA MILPAS ALTAS,4966,CORPORACIÓN MUNICIPAL,10,2,2,0,1,4,308,308,296,296,3,6,2,101,0,14,147,23
1,0,0,380,380,2,https://resultados2019.blob.core.windows.net/201901/049804.jpg,OK,0,9,SACATEPÉQUEZ,SANTA LUCÍA MILPAS ALTAS,4980,CORPORACIÓN MUNICIPAL,8,2,2,0,1,4,302,302,294,294,4,10,2,189,0,6,48,35
1,4,0,400,400,2,https://resultados2019.blob.core.windows.net/201901/049694.jpg,OK,0,9,SACATEPÉQUEZ,SANTA LUCÍA MILPAS ALTAS,4969,CORPORACIÓN MUNICIPAL,7,2,2,0,1,4,290,290,279,279,4,6,6,97,2,19,127,18
1,4,0,380,380,2,https://resultados2019.blob.core.windows.net/201901/049764.jpg,OK,0,9,SACATEPÉQUEZ,SANTA LUCÍA MILPAS ALTAS,4976,CORPORACIÓN MUNICIPAL,7,2,2,0,1,4,308,308,297,297,6,14,6,168,2,8,67,26
1,4,1,400,400,2,https://resultados2019.blob.core.windows.net/201901/049644.jpg,OK,0,9,SACATEPÉQUEZ,SANTA LUCÍA MILPAS ALTAS,4964,CORPORACIÓN MUNICIPAL,6,2,2,0,1,4,310,310,300,300,6,7,1,101,6,21,138,20
1,2,0,380,380,2,https://resultados2019.blob.core.windows.net/201901/049794.jpg,OK,0,9,SACATEPÉQUEZ,SANTA LUCÍA MILPAS ALTAS,4979,CORPORACIÓN MUNICIPAL,4,2,2,0,1,4,297,297,291,291,4,9,5,180,0,12,58,23
1,6,0,400,400,2,https://resultados2019.blob.core.windows.net/201901/049634.jpg,OK,0,9,SACATEPÉQUEZ,SANTA LUCÍA MILPAS ALTAS,4963,CORPORACIÓN MUNICIPAL,9,2,2,0,1,4,294,294,279,279,6,4,7,93,8,11,126,24
1,4,0,400,400,2,https://resultados2019.blob.core.windows.net/201901/049714.jpg,OK,0,9,SACATEPÉQUEZ,SANTA LUCÍA MILPAS ALTAS,4971,CORPORACIÓN MUNICIPAL,8,2,2,0,1,4,276,276,264,264,3,7,7,97,2,14,115,19
1,5,0,400,399,2,https://resultados2019.blob.core.windows.net/201901/049684.jpg,OK,0,9,SACATEPÉQUEZ,SANTA LUCÍA MILPAS ALTAS,4968,CORPORACIÓN MUNICIPAL,5,2,2,0,1,4,289,289,279,279,4,6,2,100,1,12,129,25
1,1,0,380,380,2,https://resultados2019.blob.core.windows.net/201901/049824.jpg,OK,0,9,SACATEPÉQUEZ,SANTA LUCÍA MILPAS ALTAS,4982,CORPORACIÓN MUNICIPAL,6,2,2,0,1,4,287,287,280,280,8,11,2,166,0,7,61,25
1,1,0,333,333,2,https://resultados2019.blob.core.windows.net/201901/049864.jpg,OK,0,9,SACATEPÉQUEZ,SANTA LUCÍA MILPAS ALTAS,4986,CORPORACIÓN MUNICIPAL,4,2,2,0,1,4,131,131,126,126,4,4,1,54,1,4,32,26
1,4,0,380,380,2,https://resultados2019.blob.core.windows.net/201901/049774.jpg,OK,0,9,SACATEPÉQUEZ,SANTA LUCÍA MILPAS ALTAS,4977,CORPORACIÓN MUNICIPAL,3,2,2,0,1,4,327,327,320,320,4,16,3,187,0,10,76,24
1,1,1,307,307,2,https://resultados2019.blob.core.windows.net/201901/049844.jpg,OK,0,9,SACATEPÉQUEZ,SANTA LUCÍA MILPAS ALTAS,4984,CORPORACIÓN MUNICIPAL,6,2,2,0,1,4,238,238,231,231,1,8,2,133,0,9,50,28
1,2,0,400,400,2,https://resultados2019.blob.core.windows.net/201901/049704.jpg,OK,0,9,SACATEPÉQUEZ,SANTA LUCÍA MILPAS ALTAS,4970,CORPORACIÓN MUNICIPAL,4,2,2,0,1,4,283,283,277,277,7,7,4,101,3,13,121,21
1,4,0,400,400,2,https://resultados2019.blob.core.windows.net/201901/049724.jpg,OK,0,9,SACATEPÉQUEZ,SANTA LUCÍA MILPAS ALTAS,4972,CORPORACIÓN MUNICIPAL,8,2,2,0,1,4,274,274,262,262,3,3,3,98,1,12,121,21
1,1,0,380,380,2,https://resultados2019.blob.core.windows.net/201901/049784.jpg,OK,0,9,SACATEPÉQUEZ,SANTA LUCÍA MILPAS ALTAS,4978,CORPORACIÓN MUNICIPAL,7,2,2,0,1,4,310,310,302,302,4,14,7,189,0,2,60,26
1,0,0,307,307,2,https://resultados2019.blob.core.windows.net/201901/049854.jpg,OK,0,9,SACATEPÉQUEZ,SANTA LUCÍA MILPAS ALTAS,4985,CORPORACIÓN MUNICIPAL,4,2,2,0,1,4,249,249,245,245,3,12,2,128,0,14,56,30
1,3,0,275,275,2,https://resultados2019.blob.core.windows.net/201901/049754.jpg,OK,0,9,SACATEPÉQUEZ,SANTA LUCÍA MILPAS ALTAS,4975,CORPORACIÓN MUNICIPAL,2,2,2,0,1,4,199,199,194,194,3,2,4,78,1,12,86,8
1,4,1,400,400,2,https://resultados2019.blob.core.windows.net/201901/049734.jpg,OK,0,9,SACATEPÉQUEZ,SANTA LUCÍA MILPAS ALTAS,4973,CORPORACIÓN MUNICIPAL,8,2,2,0,1,4,292,292,280,280,4,4,3,101,4,17,133,14
