ACTACUADRA,BLANCOS,CNTIMPUGNA,CNTINSCRITOS,CNTPAPELETAS,DEP,IMGSRC,IMGSTATUS,INVALIDOS,MUN,NDEP,NMUN,NROMESA,NTE,NULOS,STACTA,STESCAN,STFISIC,STTRANS,TIPOELECCION,TOTALACTA,TOTALVOTOS,VOTOSVALIDOS,VOTOSVALIDOSACTA,voto_AVANZA,voto_CHIQUMULA_VERDE,voto_CONVERGENCIA,voto_CREO,voto_LA_MUTA,voto_LIBRE,voto_PAN,voto_PHG,voto_PPT,voto_TODOS,voto_UCN,voto_UNE,voto_VALOR,voto_VIVA
1,2,0,400,400,20,https://resultados2019.blob.core.windows.net/201901/192464.jpg,OK,1,1,CHIQUIMULA,CHIQUIMULA,19246,CORPORACIÓN MUNICIPAL,3,2,2,0,1,4,260,260,255,255,2,13,2,9,79,38,3,9,0,25,31,18,16,10
1,4,0,220,220,20,https://resultados2019.blob.core.windows.net/201901/193104.jpg,OK,0,1,CHIQUIMULA,CHIQUIMULA,19310,CORPORACIÓN MUNICIPAL,24,2,2,0,1,4,120,120,92,92,1,4,1,1,11,5,2,1,0,6,4,31,16,9
1,1,0,400,400,20,https://resultados2019.blob.core.windows.net/201901/192404.jpg,OK,0,1,CHIQUIMULA,CHIQUIMULA,19240,CORPORACIÓN MUNICIPAL,8,2,2,0,1,4,238,238,229,229,2,11,2,11,58,51,1,6,3,3,23,38,14,6
1,5,0,380,0,20,https://resultados2019.blob.core.windows.net/201901/192714.jpg,OK,0,1,CHIQUIMULA,CHIQUIMULA,19271,CORPORACIÓN MUNICIPAL,10,2,2,0,1,4,192,192,177,177,2,59,1,5,5,17,5,6,0,17,12,15,30,3
1,9,0,241,241,20,https://resultados2019.blob.core.windows.net/201901/193214.jpg,OK,0,1,CHIQUIMULA,CHIQUIMULA,19321,CORPORACIÓN MUNICIPAL,12,2,2,0,1,4,137,137,116,116,0,11,0,0,47,1,3,2,0,6,5,34,1,6
1,1,0,400,400,20,https://resultados2019.blob.core.windows.net/201901/192324.jpg,OK,0,1,CHIQUIMULA,CHIQUIMULA,19232,CORPORACIÓN MUNICIPAL,10,2,2,0,1,4,242,242,231,231,0,13,2,12,70,34,2,11,1,9,24,24,18,11
1,6,0,380,380,20,https://resultados2019.blob.core.windows.net/201901/192974.jpg,OK,0,1,CHIQUIMULA,CHIQUIMULA,19297,CORPORACIÓN MUNICIPAL,6,2,2,0,1,4,226,226,214,214,1,5,4,7,78,22,2,2,0,10,31,22,26,4
1,2,0,400,400,20,https://resultados2019.blob.core.windows.net/201901/192184.jpg,OK,0,1,CHIQUIMULA,CHIQUIMULA,19218,CORPORACIÓN MUNICIPAL,14,2,2,0,1,4,237,237,221,221,5,15,1,10,63,33,2,6,2,11,27,18,13,15
1,2,0,600,596,20,https://resultados2019.blob.core.windows.net/201901/193374.jpg,OK,7,1,CHIQUIMULA,CHIQUIMULA,19337,CORPORACIÓN MUNICIPAL,5,2,2,0,1,4,180,180,173,173,1,10,4,8,56,31,1,1,3,9,10,15,12,12
1,1,0,218,218,20,https://resultados2019.blob.core.windows.net/201901/192594.jpg,OK,0,1,CHIQUIMULA,CHIQUIMULA,19259,CORPORACIÓN MUNICIPAL,3,2,2,0,1,4,110,110,106,106,0,5,4,11,22,16,1,5,0,3,15,9,7,8
1,2,0,400,400,20,https://resultados2019.blob.core.windows.net/201901/192044.jpg,OK,0,1,CHIQUIMULA,CHIQUIMULA,19204,CORPORACIÓN MUNICIPAL,4,2,2,0,1,4,260,260,254,254,1,18,5,17,80,40,1,7,1,10,32,23,12,7
1,6,0,380,380,20,https://resultados2019.blob.core.windows.net/201901/193134.jpg,OK,0,1,CHIQUIMULA,CHIQUIMULA,19313,CORPORACIÓN MUNICIPAL,21,2,2,0,1,4,171,171,144,144,2,6,10,8,18,7,4,8,0,13,20,17,18,13
1,7,0,219,219,20,https://resultados2019.blob.core.windows.net/201901/193114.jpg,OK,0,1,CHIQUIMULA,CHIQUIMULA,19311,CORPORACIÓN MUNICIPAL,20,2,2,0,1,4,128,128,101,101,0,4,1,1,11,5,4,0,0,4,4,23,21,23
1,5,0,400,400,20,https://resultados2019.blob.core.windows.net/201901/192414.jpg,OK,0,1,CHIQUIMULA,CHIQUIMULA,19241,CORPORACIÓN MUNICIPAL,7,2,2,0,1,4,268,268,256,256,4,11,0,14,64,38,5,12,3,12,27,43,17,6
1,1,1,376,376,20,https://resultados2019.blob.core.windows.net/201901/193044.jpg,OK,6,1,CHIQUIMULA,CHIQUIMULA,19304,CORPORACIÓN MUNICIPAL,5,2,2,0,1,4,169,169,163,163,0,11,2,4,36,3,4,4,13,5,32,7,37,5
1,10,0,380,380,20,https://resultados2019.blob.core.windows.net/201901/193194.jpg,OK,2,1,CHIQUIMULA,CHIQUIMULA,19319,CORPORACIÓN MUNICIPAL,33,2,2,0,1,4,238,238,195,195,3,16,1,2,45,2,12,1,1,13,10,77,0,12
1,9,0,326,326,20,https://resultados2019.blob.core.windows.net/201901/192744.jpg,OK,0,1,CHIQUIMULA,CHIQUIMULA,19274,CORPORACIÓN MUNICIPAL,18,2,2,0,1,4,150,150,123,123,2,21,1,6,5,12,2,2,1,18,13,16,20,4
1,19,0,380,380,20,https://resultados2019.blob.core.windows.net/201901/193234.jpg,OK,0,1,CHIQUIMULA,CHIQUIMULA,19323,CORPORACIÓN MUNICIPAL,30,2,2,0,1,4,238,238,189,189,3,38,2,0,10,3,2,2,1,5,9,88,7,19
1,3,0,400,400,20,https://resultados2019.blob.core.windows.net/201901/192004.jpg,OK,0,1,CHIQUIMULA,CHIQUIMULA,19200,CORPORACIÓN MUNICIPAL,6,2,2,0,1,4,284,284,275,275,3,15,0,13,103,34,2,13,0,15,32,20,12,13
1,2,0,600,596,20,https://resultados2019.blob.core.windows.net/201901/193414.jpg,OK,0,1,CHIQUIMULA,CHIQUIMULA,19341,CORPORACIÓN MUNICIPAL,3,2,2,0,1,4,97,97,92,92,1,6,3,3,28,12,3,5,0,7,12,7,3,2
1,2,0,346,346,20,https://resultados2019.blob.core.windows.net/201901/192644.jpg,OK,8,1,CHIQUIMULA,CHIQUIMULA,19264,CORPORACIÓN MUNICIPAL,6,2,2,0,1,4,160,160,152,152,1,12,2,6,27,26,0,9,0,9,22,9,17,12
1,0,0,400,400,20,https://resultados2019.blob.core.windows.net/201901/192134.jpg,OK,0,1,CHIQUIMULA,CHIQUIMULA,19213,CORPORACIÓN MUNICIPAL,5,2,2,0,1,4,241,241,236,236,4,13,1,19,44,35,5,14,1,12,25,28,13,22
1,3,0,380,380,20,https://resultados2019.blob.core.windows.net/201901/192984.jpg,OK,0,1,CHIQUIMULA,CHIQUIMULA,19298,CORPORACIÓN MUNICIPAL,12,2,2,0,1,4,206,206,191,191,0,10,2,11,72,17,2,3,1,5,18,18,23,9
1,6,0,380,380,20,https://resultados2019.blob.core.windows.net/201901/192794.jpg,OK,0,1,CHIQUIMULA,CHIQUIMULA,19279,CORPORACIÓN MUNICIPAL,24,2,2,0,1,4,163,163,133,133,0,13,0,0,13,5,6,1,0,25,9,46,9,6
1,2,0,263,263,20,https://resultados2019.blob.core.windows.net/201901/192084.jpg,OK,0,1,CHIQUIMULA,CHIQUIMULA,19208,CORPORACIÓN MUNICIPAL,4,2,2,0,1,4,147,147,141,141,2,11,2,15,27,19,3,5,0,7,20,14,7,9
1,3,0,400,396,20,https://resultados2019.blob.core.windows.net/201901/192284.jpg,OK,0,1,CHIQUIMULA,CHIQUIMULA,19228,CORPORACIÓN MUNICIPAL,11,2,2,0,1,4,257,257,243,243,3,9,4,9,69,30,0,8,0,16,28,17,30,20
0,4,0,400,400,20,https://resultados2019.blob.core.windows.net/201901/192504.jpg,OK,1,1,CHIQUIMULA,CHIQUIMULA,19250,CORPORACIÓN MUNICIPAL,4,2,2,0,1,4,262,236,228,254,3,13,0,6,76,45,4,0,3,10,28,14,15,11
1,2,0,400,398,20,https://resultados2019.blob.core.windows.net/201901/192154.jpg,OK,0,1,CHIQUIMULA,CHIQUIMULA,19215,CORPORACIÓN MUNICIPAL,9,2,2,0,1,4,245,245,234,234,2,16,3,13,65,30,3,12,3,9,25,13,20,20
0,3,0,400,400,20,https://resultados2019.blob.core.windows.net/201901/192224.jpg,OK,0,1,CHIQUIMULA,CHIQUIMULA,19222,CORPORACIÓN MUNICIPAL,10,2,2,0,1,4,264,249,236,251,1,14,3,9,72,45,0,0,3,12,25,29,8,15
1,4,0,380,376,20,https://resultados2019.blob.core.windows.net/201901/192774.jpg,OK,0,1,CHIQUIMULA,CHIQUIMULA,19277,CORPORACIÓN MUNICIPAL,25,2,2,0,1,4,165,165,136,136,1,10,0,0,15,3,0,1,0,26,4,57,14,5
1,1,0,375,380,20,https://resultados2019.blob.core.windows.net/201901/193434.jpg,OK,0,1,CHIQUIMULA,CHIQUIMULA,19343,CORPORACIÓN MUNICIPAL,0,2,2,0,1,4,30,30,29,29,0,1,0,1,5,2,0,2,0,2,4,6,4,2
1,1,0,238,241,20,https://resultados2019.blob.core.windows.net/201901/192214.jpg,OK,0,1,CHIQUIMULA,CHIQUIMULA,19221,CORPORACIÓN MUNICIPAL,4,2,2,0,1,4,128,128,123,123,0,6,2,10,27,18,1,4,0,6,11,20,11,7
1,2,0,239,239,20,https://resultados2019.blob.core.windows.net/201901/192204.jpg,OK,0,1,CHIQUIMULA,CHIQUIMULA,19220,CORPORACIÓN MUNICIPAL,4,2,2,0,1,4,130,130,124,124,1,3,0,9,38,14,4,3,0,8,13,8,14,9
1,4,0,380,380,20,https://resultados2019.blob.core.windows.net/201901/193264.jpg,OK,0,1,CHIQUIMULA,CHIQUIMULA,19326,CORPORACIÓN MUNICIPAL,28,2,2,0,1,4,216,216,184,184,7,27,3,8,29,10,3,2,1,6,10,35,33,10
1,9,0,380,380,20,https://resultados2019.blob.core.windows.net/201901/192814.jpg,OK,0,1,CHIQUIMULA,CHIQUIMULA,19281,CORPORACIÓN MUNICIPAL,24,2,2,0,1,4,143,143,110,110,0,11,0,1,14,4,4,1,0,14,8,39,10,4
1,6,0,331,331,20,https://resultados2019.blob.core.windows.net/201901/192994.jpg,OK,0,1,CHIQUIMULA,CHIQUIMULA,19299,CORPORACIÓN MUNICIPAL,13,2,2,0,1,4,166,166,147,147,1,9,1,5,47,13,3,6,1,11,9,14,17,10
1,3,0,263,263,20,https://resultados2019.blob.core.windows.net/201901/193164.jpg,OK,0,1,CHIQUIMULA,CHIQUIMULA,19316,CORPORACIÓN MUNICIPAL,11,2,2,0,1,4,82,82,68,68,0,11,2,6,6,2,1,1,0,1,10,16,8,4
1,6,0,380,381,20,https://resultados2019.blob.core.windows.net/201901/192674.jpg,OK,0,1,CHIQUIMULA,CHIQUIMULA,19267,CORPORACIÓN MUNICIPAL,6,2,2,0,1,4,200,200,188,188,3,57,0,4,7,18,6,7,0,18,15,19,25,9
1,3,0,376,376,20,https://resultados2019.blob.core.windows.net/201901/193034.jpg,OK,0,1,CHIQUIMULA,CHIQUIMULA,19303,CORPORACIÓN MUNICIPAL,6,2,2,0,1,4,224,224,215,215,1,6,1,9,45,12,0,2,15,14,58,15,29,8
1,7,0,212,212,20,https://resultados2019.blob.core.windows.net/201901/192834.jpg,OK,0,1,CHIQUIMULA,CHIQUIMULA,19283,CORPORACIÓN MUNICIPAL,17,2,2,0,1,4,87,87,63,63,1,3,0,0,13,2,1,2,0,12,3,21,3,2
1,9,0,380,380,20,https://resultados2019.blob.core.windows.net/201901/192894.jpg,OK,0,1,CHIQUIMULA,CHIQUIMULA,19289,CORPORACIÓN MUNICIPAL,33,2,2,0,1,4,166,166,124,124,3,13,0,2,15,2,7,1,1,1,4,40,6,29
1,5,0,380,380,20,https://resultados2019.blob.core.windows.net/201901/192964.jpg,OK,0,1,CHIQUIMULA,CHIQUIMULA,19296,CORPORACIÓN MUNICIPAL,8,2,2,0,1,4,211,211,198,198,2,7,2,5,89,16,3,1,1,12,16,14,26,4
1,3,0,400,396,20,https://resultados2019.blob.core.windows.net/201901/192444.jpg,OK,0,1,CHIQUIMULA,CHIQUIMULA,19244,CORPORACIÓN MUNICIPAL,16,2,2,0,1,4,248,248,229,229,2,13,3,12,71,41,5,16,1,8,30,15,6,6
1,4,0,380,376,20,https://resultados2019.blob.core.windows.net/201901/193224.jpg,OK,1,1,CHIQUIMULA,CHIQUIMULA,19322,CORPORACIÓN MUNICIPAL,34,2,2,0,1,4,245,245,207,207,2,44,0,1,14,6,0,9,1,8,7,88,13,14
1,15,0,380,379,20,https://resultados2019.blob.core.windows.net/201901/193064.jpg,OK,0,1,CHIQUIMULA,CHIQUIMULA,19306,CORPORACIÓN MUNICIPAL,31,2,2,0,1,4,258,258,212,212,0,4,1,2,25,12,4,3,1,12,7,59,48,34
1,3,0,347,347,20,https://resultados2019.blob.core.windows.net/201901/192634.jpg,OK,0,1,CHIQUIMULA,CHIQUIMULA,19263,CORPORACIÓN MUNICIPAL,7,2,2,0,1,4,199,199,189,189,0,10,3,11,43,32,0,7,3,9,27,13,17,14
1,1,0,380,380,20,https://resultados2019.blob.core.windows.net/201901/193144.jpg,OK,0,1,CHIQUIMULA,CHIQUIMULA,19314,CORPORACIÓN MUNICIPAL,9,2,2,0,1,4,128,128,118,118,3,6,1,7,18,2,2,3,0,7,20,30,13,6
1,11,0,359,359,20,https://resultados2019.blob.core.windows.net/201901/193254.jpg,OK,0,1,CHIQUIMULA,CHIQUIMULA,19325,CORPORACIÓN MUNICIPAL,31,2,2,0,1,4,179,179,137,137,3,24,0,0,4,11,2,3,1,6,4,73,3,3
1,1,0,395,395,20,https://resultados2019.blob.core.windows.net/201901/192364.jpg,OK,0,1,CHIQUIMULA,CHIQUIMULA,19236,CORPORACIÓN MUNICIPAL,8,2,2,0,1,4,155,155,146,146,0,10,1,10,37,13,3,7,1,11,19,9,17,8
1,5,0,380,380,20,https://resultados2019.blob.core.windows.net/201901/193294.jpg,OK,0,1,CHIQUIMULA,CHIQUIMULA,19329,CORPORACIÓN MUNICIPAL,14,2,2,0,1,4,169,169,150,150,4,12,0,7,17,8,2,6,0,16,8,23,33,14
1,4,0,400,400,20,https://resultados2019.blob.core.windows.net/201901/192524.jpg,OK,0,1,CHIQUIMULA,CHIQUIMULA,19252,CORPORACIÓN MUNICIPAL,10,2,2,0,1,4,259,259,245,245,0,17,2,11,70,42,2,13,3,15,33,14,12,11
1,3,0,400,393,20,https://resultados2019.blob.core.windows.net/201901/192174.jpg,OK,0,1,CHIQUIMULA,CHIQUIMULA,19217,CORPORACIÓN MUNICIPAL,5,2,2,0,1,4,277,277,269,269,7,22,2,18,70,32,4,9,0,14,27,18,27,19
1,2,0,400,400,20,https://resultados2019.blob.core.windows.net/201901/192124.jpg,OK,0,1,CHIQUIMULA,CHIQUIMULA,19212,CORPORACIÓN MUNICIPAL,12,2,2,0,1,4,264,264,250,250,3,11,3,9,75,47,1,7,1,11,26,33,13,10
1,10,0,380,376,20,https://resultados2019.blob.core.windows.net/201901/192804.jpg,OK,0,1,CHIQUIMULA,CHIQUIMULA,19280,CORPORACIÓN MUNICIPAL,22,2,2,0,1,4,159,159,127,127,0,8,1,3,13,0,5,5,1,20,11,41,14,5
1,9,0,380,380,20,https://resultados2019.blob.core.windows.net/201901/192764.jpg,OK,0,1,CHIQUIMULA,CHIQUIMULA,19276,CORPORACIÓN MUNICIPAL,20,2,2,0,1,4,172,172,143,143,1,13,0,1,16,4,6,0,0,22,5,65,5,5
1,10,0,380,376,20,https://resultados2019.blob.core.windows.net/201901/192844.jpg,OK,0,1,CHIQUIMULA,CHIQUIMULA,19284,CORPORACIÓN MUNICIPAL,38,2,2,0,1,4,168,168,120,120,1,7,1,1,16,12,8,2,0,1,2,33,11,25
1,18,0,380,380,20,https://resultados2019.blob.core.windows.net/201901/193094.jpg,OK,0,1,CHIQUIMULA,CHIQUIMULA,19309,CORPORACIÓN MUNICIPAL,25,2,2,0,1,4,224,224,181,181,3,4,1,3,21,4,7,4,3,17,10,49,33,22
1,3,0,400,396,20,https://resultados2019.blob.core.windows.net/201901/192554.jpg,OK,0,1,CHIQUIMULA,CHIQUIMULA,19255,CORPORACIÓN MUNICIPAL,8,2,2,0,1,4,254,254,243,243,4,9,4,11,65,55,4,9,2,13,28,16,17,6
1,2,0,400,400,20,https://resultados2019.blob.core.windows.net/201901/192604.jpg,OK,0,1,CHIQUIMULA,CHIQUIMULA,19260,CORPORACIÓN MUNICIPAL,9,2,2,0,1,4,231,231,220,220,1,6,1,7,50,37,2,16,1,24,25,14,23,13
1,1,0,400,400,20,https://resultados2019.blob.core.windows.net/201901/192334.jpg,OK,0,1,CHIQUIMULA,CHIQUIMULA,19233,CORPORACIÓN MUNICIPAL,5,2,2,0,1,4,258,258,252,252,1,13,2,15,71,31,0,2,1,10,29,18,45,14
1,8,0,380,380,20,https://resultados2019.blob.core.windows.net/201901/192954.jpg,OK,0,1,CHIQUIMULA,CHIQUIMULA,19295,CORPORACIÓN MUNICIPAL,11,2,2,0,1,4,247,247,228,228,0,4,1,4,95,32,1,1,2,6,14,14,43,11
1,2,0,400,396,20,https://resultados2019.blob.core.windows.net/201901/191964.jpg,OK,0,1,CHIQUIMULA,CHIQUIMULA,19196,CORPORACIÓN MUNICIPAL,12,2,2,0,1,4,302,302,288,288,5,15,1,6,91,54,1,8,4,11,39,21,16,16
1,11,0,380,380,20,https://resultados2019.blob.core.windows.net/201901/192694.jpg,OK,0,1,CHIQUIMULA,CHIQUIMULA,19269,CORPORACIÓN MUNICIPAL,28,2,2,0,1,4,241,241,202,202,0,39,2,10,5,10,4,1,0,54,10,28,34,5
1,7,0,334,334,20,https://resultados2019.blob.core.windows.net/201901/192654.jpg,OK,0,1,CHIQUIMULA,CHIQUIMULA,19265,CORPORACIÓN MUNICIPAL,21,2,2,0,1,4,128,128,100,100,4,8,1,1,4,5,3,1,1,6,4,24,32,6
1,3,0,600,596,20,https://resultados2019.blob.core.windows.net/201901/193394.jpg,OK,0,1,CHIQUIMULA,CHIQUIMULA,19339,CORPORACIÓN MUNICIPAL,16,2,2,0,1,4,148,148,129,129,1,4,2,7,39,17,0,6,0,8,16,7,10,12
1,7,0,380,376,20,https://resultados2019.blob.core.windows.net/201901/192944.jpg,OK,0,1,CHIQUIMULA,CHIQUIMULA,19294,CORPORACIÓN MUNICIPAL,25,2,2,0,1,4,265,265,233,233,0,5,2,11,90,21,5,4,1,15,15,14,39,11
1,4,0,380,380,20,https://resultados2019.blob.core.windows.net/201901/193124.jpg,OK,0,1,CHIQUIMULA,CHIQUIMULA,19312,CORPORACIÓN MUNICIPAL,16,2,2,0,1,4,164,164,144,144,0,10,4,4,15,9,6,8,0,7,24,30,24,3
1,3,0,400,396,20,https://resultados2019.blob.core.windows.net/201901/192574.jpg,OK,0,1,CHIQUIMULA,CHIQUIMULA,19257,CORPORACIÓN MUNICIPAL,3,2,2,0,1,4,190,190,184,184,2,11,1,6,49,37,2,6,3,7,31,11,13,5
1,4,0,380,380,20,https://resultados2019.blob.core.windows.net/201901/192724.jpg,OK,0,1,CHIQUIMULA,CHIQUIMULA,19272,CORPORACIÓN MUNICIPAL,25,2,2,0,1,4,204,204,175,175,5,42,3,3,7,17,2,2,0,20,10,21,29,14
1,5,0,380,380,20,https://resultados2019.blob.core.windows.net/201901/192704.jpg,OK,0,1,CHIQUIMULA,CHIQUIMULA,19270,CORPORACIÓN MUNICIPAL,17,2,2,0,1,4,233,233,211,211,5,67,0,3,5,17,4,5,1,19,18,17,43,7
1,11,0,380,380,20,https://resultados2019.blob.core.windows.net/201901/192874.jpg,OK,0,1,CHIQUIMULA,CHIQUIMULA,19287,CORPORACIÓN MUNICIPAL,38,2,2,0,1,4,177,177,128,128,3,14,3,0,10,2,5,0,2,3,8,38,7,33
1,2,0,400,405,20,https://resultados2019.blob.core.windows.net/201901/192294.jpg,OK,0,1,CHIQUIMULA,CHIQUIMULA,19229,CORPORACIÓN MUNICIPAL,10,2,2,0,1,4,254,254,242,242,1,14,1,6,69,35,1,6,2,19,39,18,19,12
1,2,0,600,596,20,https://resultados2019.blob.core.windows.net/201901/193384.jpg,OK,0,1,CHIQUIMULA,CHIQUIMULA,19338,CORPORACIÓN MUNICIPAL,11,2,2,0,1,4,154,154,141,141,0,6,1,5,44,20,4,6,1,8,15,11,15,5
1,15,0,359,358,20,https://resultados2019.blob.core.windows.net/201901/193244.jpg,OK,0,1,CHIQUIMULA,CHIQUIMULA,19324,CORPORACIÓN MUNICIPAL,29,2,2,0,1,4,213,213,169,169,0,36,2,0,13,2,4,9,0,9,7,71,3,13
1,3,0,357,357,20,https://resultados2019.blob.core.windows.net/201901/192254.jpg,OK,0,1,CHIQUIMULA,CHIQUIMULA,19225,CORPORACIÓN MUNICIPAL,7,2,2,0,1,4,178,178,168,168,2,10,1,10,54,11,3,5,2,6,25,27,6,6
1,1,0,376,376,20,https://resultados2019.blob.core.windows.net/201901/193424.jpg,OK,0,1,CHIQUIMULA,CHIQUIMULA,19342,CORPORACIÓN MUNICIPAL,4,2,2,0,1,4,32,32,27,27,0,0,0,1,7,8,0,0,0,2,5,3,0,1
1,3,0,400,400,20,https://resultados2019.blob.core.windows.net/201901/192264.jpg,OK,9,1,CHIQUIMULA,CHIQUIMULA,19226,CORPORACIÓN MUNICIPAL,6,2,2,0,1,4,198,198,189,189,0,11,2,5,48,20,1,5,3,15,20,20,21,18
1,1,0,395,395,20,https://resultados2019.blob.core.windows.net/201901/192374.jpg,OK,0,1,CHIQUIMULA,CHIQUIMULA,19237,CORPORACIÓN MUNICIPAL,6,2,2,0,1,4,185,185,178,178,2,10,2,11,45,22,3,3,0,14,15,8,34,9
1,4,0,220,220,20,https://resultados2019.blob.core.windows.net/201901/193314.jpg,OK,0,1,CHIQUIMULA,CHIQUIMULA,19331,CORPORACIÓN MUNICIPAL,7,2,2,0,1,4,89,89,78,78,2,7,1,3,9,7,0,4,0,3,7,9,22,4
1,2,0,400,400,20,https://resultados2019.blob.core.windows.net/201901/191994.jpg,OK,0,1,CHIQUIMULA,CHIQUIMULA,19199,CORPORACIÓN MUNICIPAL,10,2,2,0,1,4,246,246,234,234,2,12,4,10,63,31,1,13,1,9,42,18,14,14
1,1,0,400,400,20,https://resultados2019.blob.core.windows.net/201901/191974.jpg,OK,0,1,CHIQUIMULA,CHIQUIMULA,19197,CORPORACIÓN MUNICIPAL,9,2,2,0,1,4,274,274,264,264,4,7,2,11,77,49,1,12,1,2,51,17,14,16
1,2,0,400,400,20,https://resultados2019.blob.core.windows.net/201901/192564.jpg,OK,0,1,CHIQUIMULA,CHIQUIMULA,19256,CORPORACIÓN MUNICIPAL,7,2,2,0,1,4,208,208,199,199,2,12,2,5,56,27,6,17,1,9,26,14,13,9
1,1,0,400,400,20,https://resultados2019.blob.core.windows.net/201901/192014.jpg,OK,0,1,CHIQUIMULA,CHIQUIMULA,19201,CORPORACIÓN MUNICIPAL,5,2,2,0,1,4,272,272,266,266,0,17,2,11,87,46,3,12,3,14,34,13,13,11
1,1,0,400,396,20,https://resultados2019.blob.core.windows.net/201901/191924.jpg,OK,0,1,CHIQUIMULA,CHIQUIMULA,19192,CORPORACIÓN MUNICIPAL,7,2,2,0,1,4,275,275,267,267,6,11,2,9,90,43,0,15,0,10,36,17,11,17
1,1,0,400,400,20,https://resultados2019.blob.core.windows.net/201901/192354.jpg,OK,0,1,CHIQUIMULA,CHIQUIMULA,19235,CORPORACIÓN MUNICIPAL,4,2,2,0,1,4,177,177,172,172,1,10,0,9,48,20,3,3,0,12,20,13,22,11
1,4,0,380,380,20,https://resultados2019.blob.core.windows.net/201901/193024.jpg,OK,0,1,CHIQUIMULA,CHIQUIMULA,19302,CORPORACIÓN MUNICIPAL,16,2,2,0,1,4,224,224,204,204,0,6,3,5,36,14,7,1,12,10,53,7,48,2
1,3,0,400,396,20,https://resultados2019.blob.core.windows.net/201901/192064.jpg,OK,0,1,CHIQUIMULA,CHIQUIMULA,19206,CORPORACIÓN MUNICIPAL,5,2,2,0,1,4,202,202,194,194,4,14,2,8,49,32,1,5,1,9,33,16,9,11
1,4,0,400,400,20,https://resultados2019.blob.core.windows.net/201901/192394.jpg,OK,0,1,CHIQUIMULA,CHIQUIMULA,19239,CORPORACIÓN MUNICIPAL,14,2,2,0,1,4,279,279,261,261,1,11,1,21,54,55,3,12,2,11,25,44,15,6
1,4,0,600,596,20,https://resultados2019.blob.core.windows.net/201901/193364.jpg,OK,0,1,CHIQUIMULA,CHIQUIMULA,19336,CORPORACIÓN MUNICIPAL,7,2,2,0,1,4,147,147,136,136,1,9,0,3,43,25,2,6,1,5,12,9,6,14
1,0,0,400,397,20,https://resultados2019.blob.core.windows.net/201901/192624.jpg,OK,0,1,CHIQUIMULA,CHIQUIMULA,19262,CORPORACIÓN MUNICIPAL,3,2,2,0,1,4,242,242,239,239,1,11,3,10,54,48,1,12,2,11,35,18,17,16
1,5,0,380,380,20,https://resultados2019.blob.core.windows.net/201901/192904.jpg,OK,0,1,CHIQUIMULA,CHIQUIMULA,19290,CORPORACIÓN MUNICIPAL,39,2,2,0,1,4,158,158,114,114,6,11,0,1,14,0,3,0,1,3,2,39,11,23
1,0,0,400,396,20,https://resultados2019.blob.core.windows.net/201901/192304.jpg,OK,0,1,CHIQUIMULA,CHIQUIMULA,19230,CORPORACIÓN MUNICIPAL,8,2,2,0,1,4,241,241,233,233,3,14,0,8,67,31,0,10,1,14,25,17,30,13
0,9,1,400,396,20,https://resultados2019.blob.core.windows.net/201901/192384.jpg,OK,0,1,CHIQUIMULA,CHIQUIMULA,19238,CORPORACIÓN MUNICIPAL,25,2,2,0,1,4,254,254,220,221,1,10,4,16,42,34,0,10,2,12,27,36,22,4
1,3,0,400,400,20,https://resultados2019.blob.core.windows.net/201901/192344.jpg,OK,0,1,CHIQUIMULA,CHIQUIMULA,19234,CORPORACIÓN MUNICIPAL,15,2,2,0,1,4,235,235,217,217,0,13,4,11,57,29,1,5,1,16,22,16,28,14
1,1,0,400,0,20,https://resultados2019.blob.core.windows.net/201901/192194.jpg,OK,0,1,CHIQUIMULA,CHIQUIMULA,19219,CORPORACIÓN MUNICIPAL,6,2,2,0,1,4,213,213,206,206,6,9,2,13,55,24,5,6,1,19,25,19,11,11
1,2,0,400,400,20,https://resultados2019.blob.core.windows.net/201901/192534.jpg,OK,0,1,CHIQUIMULA,CHIQUIMULA,19253,CORPORACIÓN MUNICIPAL,12,2,2,0,1,4,276,276,262,262,0,16,3,14,77,35,0,10,3,9,39,26,17,13
1,1,0,400,396,20,https://resultados2019.blob.core.windows.net/201901/191954.jpg,OK,2,1,CHIQUIMULA,CHIQUIMULA,19195,CORPORACIÓN MUNICIPAL,5,2,2,0,1,4,267,267,261,261,5,9,2,12,88,37,4,5,3,14,39,22,6,15
1,2,0,600,596,20,https://resultados2019.blob.core.windows.net/201901/193354.jpg,OK,0,1,CHIQUIMULA,CHIQUIMULA,19335,CORPORACIÓN MUNICIPAL,9,2,2,0,1,4,173,173,162,162,7,7,0,7,58,24,3,2,6,7,10,10,12,9
1,10,0,380,380,20,https://resultados2019.blob.core.windows.net/201901/192884.jpg,OK,0,1,CHIQUIMULA,CHIQUIMULA,19288,CORPORACIÓN MUNICIPAL,29,2,2,0,1,4,153,153,114,114,1,15,1,1,7,5,3,1,0,2,4,32,12,30
1,7,0,380,376,20,https://resultados2019.blob.core.windows.net/201901/192934.jpg,OK,0,1,CHIQUIMULA,CHIQUIMULA,19293,CORPORACIÓN MUNICIPAL,16,2,2,0,1,4,233,233,210,210,0,5,0,4,80,20,4,4,0,20,19,15,31,8
1,18,0,380,383,20,https://resultados2019.blob.core.windows.net/201901/193054.jpg,OK,0,1,CHIQUIMULA,CHIQUIMULA,19305,CORPORACIÓN MUNICIPAL,38,2,2,0,1,4,243,243,187,187,1,14,3,6,9,8,2,3,0,8,11,55,46,21
1,4,0,400,396,20,https://resultados2019.blob.core.windows.net/201901/192094.jpg,OK,0,1,CHIQUIMULA,CHIQUIMULA,19209,CORPORACIÓN MUNICIPAL,23,2,2,0,1,4,239,239,212,212,2,7,2,7,53,27,2,8,2,11,17,35,16,23
1,2,0,600,596,20,https://resultados2019.blob.core.windows.net/201901/193324.jpg,OK,0,1,CHIQUIMULA,CHIQUIMULA,19332,CORPORACIÓN MUNICIPAL,9,2,2,0,1,4,142,142,131,131,2,12,1,3,33,14,4,6,2,10,12,15,8,9
1,6,0,380,380,20,https://resultados2019.blob.core.windows.net/201901/192734.jpg,OK,0,1,CHIQUIMULA,CHIQUIMULA,19273,CORPORACIÓN MUNICIPAL,8,2,2,0,1,4,201,201,187,187,0,51,1,9,11,13,2,5,0,18,16,18,33,10
1,4,0,372,372,20,https://resultados2019.blob.core.windows.net/201901/192424.jpg,OK,0,1,CHIQUIMULA,CHIQUIMULA,19242,CORPORACIÓN MUNICIPAL,8,2,2,0,1,4,207,207,195,195,4,9,0,6,55,40,2,5,1,9,21,25,13,5
1,3,0,400,400,20,https://resultados2019.blob.core.windows.net/201901/192474.jpg,OK,0,1,CHIQUIMULA,CHIQUIMULA,19247,CORPORACIÓN MUNICIPAL,9,2,2,0,1,4,253,253,241,241,5,15,1,8,68,39,2,8,2,17,29,21,17,9
1,9,0,400,400,20,https://resultados2019.blob.core.windows.net/201901/192314.jpg,OK,0,1,CHIQUIMULA,CHIQUIMULA,19231,CORPORACIÓN MUNICIPAL,5,2,2,0,1,4,208,208,194,194,3,12,5,5,59,20,1,5,1,11,19,15,27,11
1,7,0,231,231,20,https://resultados2019.blob.core.windows.net/201901/192924.jpg,OK,0,1,CHIQUIMULA,CHIQUIMULA,19292,CORPORACIÓN MUNICIPAL,20,2,2,0,1,4,95,95,68,68,0,7,0,0,4,2,2,1,1,2,4,22,11,12
1,6,0,380,380,20,https://resultados2019.blob.core.windows.net/201901/192784.jpg,OK,0,1,CHIQUIMULA,CHIQUIMULA,19278,CORPORACIÓN MUNICIPAL,27,2,2,0,1,4,150,150,117,117,0,7,0,2,3,1,3,0,0,21,8,57,8,7
1,1,0,600,596,20,https://resultados2019.blob.core.windows.net/201901/193404.jpg,OK,0,1,CHIQUIMULA,CHIQUIMULA,19340,CORPORACIÓN MUNICIPAL,2,2,2,0,1,4,111,111,108,108,5,7,2,0,27,13,2,5,1,6,12,9,11,8
0,1,0,400,396,20,https://resultados2019.blob.core.windows.net/201901/192024.jpg,OK,0,1,CHIQUIMULA,CHIQUIMULA,19202,CORPORACIÓN MUNICIPAL,5,2,2,0,1,4,312,300,294,306,1,23,3,17,94,44,2,0,4,17,40,19,16,14
1,6,0,213,213,20,https://resultados2019.blob.core.windows.net/201901/192824.jpg,OK,0,1,CHIQUIMULA,CHIQUIMULA,19282,CORPORACIÓN MUNICIPAL,17,2,2,0,1,4,80,80,57,57,0,8,1,1,5,1,0,0,0,7,5,19,8,2
1,3,0,380,380,20,https://resultados2019.blob.core.windows.net/201901/193284.jpg,OK,0,1,CHIQUIMULA,CHIQUIMULA,19328,CORPORACIÓN MUNICIPAL,14,2,2,0,1,4,184,184,167,167,3,20,2,6,25,15,4,6,1,13,13,24,24,11
1,2,0,400,397,20,https://resultados2019.blob.core.windows.net/201901/192164.jpg,OK,0,1,CHIQUIMULA,CHIQUIMULA,19216,CORPORACIÓN MUNICIPAL,4,2,2,0,1,4,259,259,253,253,3,13,3,16,74,36,4,14,1,10,27,15,18,19
1,2,0,400,396,20,https://resultados2019.blob.core.windows.net/201901/192034.jpg,OK,0,1,CHIQUIMULA,CHIQUIMULA,19203,CORPORACIÓN MUNICIPAL,3,2,2,0,1,4,296,296,291,291,2,18,2,26,86,47,1,7,3,8,43,17,17,14
1,8,0,380,380,20,https://resultados2019.blob.core.windows.net/201901/192854.jpg,OK,0,1,CHIQUIMULA,CHIQUIMULA,19285,CORPORACIÓN MUNICIPAL,30,2,2,0,1,4,170,170,132,132,2,18,0,2,6,4,9,1,2,3,4,44,13,24
0,3,0,400,400,20,https://resultados2019.blob.core.windows.net/201901/192274.jpg,OK,0,1,CHIQUIMULA,CHIQUIMULA,19227,CORPORACIÓN MUNICIPAL,15,2,2,0,1,4,222,220,202,204,1,9,0,6,70,27,0,0,1,16,14,11,30,17
1,7,0,400,400,20,https://resultados2019.blob.core.windows.net/201901/192454.jpg,OK,0,1,CHIQUIMULA,CHIQUIMULA,19245,CORPORACIÓN MUNICIPAL,10,2,2,0,1,4,225,225,208,208,2,11,3,5,49,40,1,11,2,10,27,21,13,13
1,3,0,371,368,20,https://resultados2019.blob.core.windows.net/201901/192434.jpg,OK,0,1,CHIQUIMULA,CHIQUIMULA,19243,CORPORACIÓN MUNICIPAL,6,2,2,0,1,4,198,198,189,189,0,19,3,8,47,21,0,9,2,8,23,30,15,4
1,14,0,380,380,20,https://resultados2019.blob.core.windows.net/201901/193074.jpg,OK,1,1,CHIQUIMULA,CHIQUIMULA,19307,CORPORACIÓN MUNICIPAL,34,2,2,0,1,4,260,260,212,212,0,14,3,1,16,4,4,3,0,11,9,63,45,39
1,0,0,357,357,20,https://resultados2019.blob.core.windows.net/201901/192244.jpg,OK,0,1,CHIQUIMULA,CHIQUIMULA,19224,CORPORACIÓN MUNICIPAL,7,2,2,0,1,4,214,214,207,207,0,11,4,11,65,29,2,13,1,9,26,15,11,10
1,5,0,400,396,20,https://resultados2019.blob.core.windows.net/201901/192234.jpg,OK,0,1,CHIQUIMULA,CHIQUIMULA,19223,CORPORACIÓN MUNICIPAL,13,2,2,0,1,4,217,217,199,199,3,10,2,9,65,26,2,14,1,10,22,19,11,5
1,8,0,241,241,20,https://resultados2019.blob.core.windows.net/201901/193204.jpg,OK,0,1,CHIQUIMULA,CHIQUIMULA,19320,CORPORACIÓN MUNICIPAL,32,2,2,0,1,4,163,163,123,123,2,8,1,0,28,2,11,1,0,12,8,42,2,6
1,1,0,263,260,20,https://resultados2019.blob.core.windows.net/201901/192074.jpg,OK,0,1,CHIQUIMULA,CHIQUIMULA,19207,CORPORACIÓN MUNICIPAL,4,2,2,0,1,4,152,152,147,147,4,6,1,3,49,25,1,7,0,3,18,15,10,5
1,5,0,400,396,20,https://resultados2019.blob.core.windows.net/201901/192104.jpg,OK,0,1,CHIQUIMULA,CHIQUIMULA,19210,CORPORACIÓN MUNICIPAL,7,2,2,0,1,4,241,241,229,229,2,15,2,9,68,27,6,4,1,12,17,28,16,22
1,3,0,380,379,20,https://resultados2019.blob.core.windows.net/201901/193154.jpg,OK,0,1,CHIQUIMULA,CHIQUIMULA,19315,CORPORACIÓN MUNICIPAL,21,2,2,0,1,4,168,168,144,144,0,14,5,11,27,9,3,2,2,8,11,25,22,5
1,4,0,400,400,20,https://resultados2019.blob.core.windows.net/201901/192144.jpg,OK,156,1,CHIQUIMULA,CHIQUIMULA,19214,CORPORACIÓN MUNICIPAL,16,2,2,0,1,4,244,244,224,224,5,7,2,12,54,35,4,6,4,12,30,25,14,14
1,6,0,326,326,20,https://resultados2019.blob.core.windows.net/201901/192754.jpg,OK,0,1,CHIQUIMULA,CHIQUIMULA,19275,CORPORACIÓN MUNICIPAL,13,2,2,0,1,4,114,114,95,95,1,27,1,3,8,5,1,4,0,11,9,12,10,3
1,0,0,400,396,20,https://resultados2019.blob.core.windows.net/201901/192494.jpg,OK,0,1,CHIQUIMULA,CHIQUIMULA,19249,CORPORACIÓN MUNICIPAL,6,2,2,0,1,4,210,210,204,204,1,15,5,14,50,28,1,14,2,15,28,9,16,6
1,2,0,218,218,20,https://resultados2019.blob.core.windows.net/201901/192584.jpg,OK,0,1,CHIQUIMULA,CHIQUIMULA,19258,CORPORACIÓN MUNICIPAL,2,2,2,0,1,4,127,127,123,123,3,6,2,9,29,25,1,8,1,7,14,6,6,6
1,1,0,400,400,20,https://resultados2019.blob.core.windows.net/201901/192544.jpg,OK,2,1,CHIQUIMULA,CHIQUIMULA,19254,CORPORACIÓN MUNICIPAL,8,2,2,0,1,4,250,250,241,241,4,9,2,7,74,36,0,15,2,14,34,21,12,11
1,14,0,380,380,20,https://resultados2019.blob.core.windows.net/201901/192864.jpg,OK,0,1,CHIQUIMULA,CHIQUIMULA,19286,CORPORACIÓN MUNICIPAL,47,2,2,0,1,4,196,196,135,135,1,25,2,1,6,3,7,1,0,2,4,46,15,22
1,0,0,400,396,20,https://resultados2019.blob.core.windows.net/201901/192614.jpg,OK,0,1,CHIQUIMULA,CHIQUIMULA,19261,CORPORACIÓN MUNICIPAL,5,2,2,0,1,4,232,232,227,227,2,9,4,8,55,32,3,11,5,11,32,14,28,13
1,1,0,400,396,20,https://resultados2019.blob.core.windows.net/201901/192514.jpg,OK,0,1,CHIQUIMULA,CHIQUIMULA,19251,CORPORACIÓN MUNICIPAL,7,2,2,0,1,4,247,247,239,239,2,10,3,10,74,36,6,9,5,13,30,14,14,13
1,1,0,400,396,20,https://resultados2019.blob.core.windows.net/201901/191984.jpg,OK,0,1,CHIQUIMULA,CHIQUIMULA,19198,CORPORACIÓN MUNICIPAL,2,2,2,0,1,4,250,250,247,247,1,11,6,7,61,27,2,13,1,9,56,24,19,10
1,3,0,600,596,20,https://resultados2019.blob.core.windows.net/201901/193334.jpg,OK,0,1,CHIQUIMULA,CHIQUIMULA,19333,CORPORACIÓN MUNICIPAL,9,2,2,0,1,4,146,146,134,134,2,7,0,5,46,12,1,3,0,11,13,11,13,10
1,1,0,221,221,20,https://resultados2019.blob.core.windows.net/201901/193304.jpg,OK,0,1,CHIQUIMULA,CHIQUIMULA,19330,CORPORACIÓN MUNICIPAL,16,2,2,0,1,4,77,77,60,60,0,7,2,1,6,0,1,3,1,2,5,13,11,8
1,12,0,334,334,20,https://resultados2019.blob.core.windows.net/201901/192664.jpg,OK,0,1,CHIQUIMULA,CHIQUIMULA,19266,CORPORACIÓN MUNICIPAL,19,2,2,0,1,4,111,111,80,80,1,8,2,2,4,5,2,0,0,4,4,11,30,7
1,11,0,380,380,20,https://resultados2019.blob.core.windows.net/201901/193084.jpg,OK,0,1,CHIQUIMULA,CHIQUIMULA,19308,CORPORACIÓN MUNICIPAL,30,2,2,0,1,4,210,210,169,169,3,6,1,2,24,9,2,0,0,11,6,34,47,24
0,2,0,400,0,20,https://resultados2019.blob.core.windows.net/201901/191944.jpg,OK,0,1,CHIQUIMULA,CHIQUIMULA,19194,CORPORACIÓN MUNICIPAL,10,2,2,0,1,4,271,271,259,159,3,12,1,8,84,54,1,14,2,9,33,14,13,11
1,1,0,400,400,20,https://resultados2019.blob.core.windows.net/201901/192054.jpg,OK,0,1,CHIQUIMULA,CHIQUIMULA,19205,CORPORACIÓN MUNICIPAL,7,2,2,0,1,4,244,244,236,236,1,9,0,15,74,33,2,11,4,7,49,14,8,9
1,6,0,380,380,20,https://resultados2019.blob.core.windows.net/201901/192684.jpg,OK,0,1,CHIQUIMULA,CHIQUIMULA,19268,CORPORACIÓN MUNICIPAL,23,2,2,0,1,4,245,245,216,216,2,49,2,5,10,16,1,2,2,37,13,30,39,8
1,6,0,600,605,20,https://resultados2019.blob.core.windows.net/201901/193344.jpg,OK,0,1,CHIQUIMULA,CHIQUIMULA,19334,CORPORACIÓN MUNICIPAL,15,2,2,0,1,4,158,158,137,137,0,3,1,4,44,21,4,3,1,4,16,14,7,15
1,3,0,331,330,20,https://resultados2019.blob.core.windows.net/201901/193004.jpg,OK,0,1,CHIQUIMULA,CHIQUIMULA,19300,CORPORACIÓN MUNICIPAL,5,2,2,0,1,4,150,150,142,142,0,4,1,6,45,12,1,7,1,9,15,14,22,5
1,7,0,380,380,20,https://resultados2019.blob.core.windows.net/201901/193274.jpg,OK,0,1,CHIQUIMULA,CHIQUIMULA,19327,CORPORACIÓN MUNICIPAL,17,2,2,0,1,4,209,209,185,185,2,17,4,5,16,21,2,1,0,12,18,32,35,20
1,5,0,400,396,20,https://resultados2019.blob.core.windows.net/201901/192114.jpg,OK,0,1,CHIQUIMULA,CHIQUIMULA,19211,CORPORACIÓN MUNICIPAL,14,2,2,0,1,4,281,281,262,262,8,11,3,12,82,33,0,10,2,10,28,23,15,25
1,8,0,400,394,20,https://resultados2019.blob.core.windows.net/201901/192484.jpg,OK,0,1,CHIQUIMULA,CHIQUIMULA,19248,CORPORACIÓN MUNICIPAL,10,2,2,0,1,4,271,271,253,253,2,16,4,21,62,42,4,13,1,14,34,16,15,9
1,4,0,231,231,20,https://resultados2019.blob.core.windows.net/201901/192914.jpg,OK,0,1,CHIQUIMULA,CHIQUIMULA,19291,CORPORACIÓN MUNICIPAL,28,2,2,0,1,4,87,87,55,55,1,3,0,0,10,2,3,1,0,2,1,17,5,10
1,8,0,380,380,20,https://resultados2019.blob.core.windows.net/201901/193184.jpg,OK,0,1,CHIQUIMULA,CHIQUIMULA,19318,CORPORACIÓN MUNICIPAL,34,2,2,0,1,4,228,228,186,186,2,16,0,3,53,2,10,0,1,12,14,56,0,17
1,0,0,400,396,20,https://resultados2019.blob.core.windows.net/201901/191934.jpg,OK,0,1,CHIQUIMULA,CHIQUIMULA,19193,CORPORACIÓN MUNICIPAL,3,2,2,0,1,4,284,284,281,281,2,18,4,13,86,52,2,14,1,11,33,22,12,11
1,1,0,263,263,20,https://resultados2019.blob.core.windows.net/201901/193174.jpg,OK,0,1,CHIQUIMULA,CHIQUIMULA,19317,CORPORACIÓN MUNICIPAL,17,2,2,0,1,4,77,77,59,59,1,6,1,4,7,3,0,2,1,2,8,11,9,4
1,4,0,380,380,20,https://resultados2019.blob.core.windows.net/201901/193014.jpg,OK,0,1,CHIQUIMULA,CHIQUIMULA,19301,CORPORACIÓN MUNICIPAL,11,2,2,0,1,4,236,236,221,221,2,5,1,5,44,13,2,3,13,16,52,7,48,10
