ACTACUADRA,BLANCOS,CNTIMPUGNA,CNTINSCRITOS,CNTPAPELETAS,DEP,IMGSRC,IMGSTATUS,INVALIDOS,MUN,NDEP,NMUN,NROMESA,NTE,NULOS,STACTA,STESCAN,STFISIC,STTRANS,TIPOELECCION,TOTALACTA,TOTALVOTOS,VOTOSVALIDOS,VOTOSVALIDOSACTA,voto_EG,voto_MILPA
1,5,0,600,600,20,https://resultados2019.blob.core.windows.net/201901/197854.jpg,OK,0,11,CHIQUIMULA,IPALA,19785,CORPORACIÓN MUNICIPAL,9,2,2,0,1,4,105,105,91,91,21,70
1,0,0,247,249,20,https://resultados2019.blob.core.windows.net/201901/197784.jpg,OK,0,11,CHIQUIMULA,IPALA,19778,CORPORACIÓN MUNICIPAL,4,2,2,0,1,4,168,168,164,164,50,114
1,9,0,400,400,20,https://resultados2019.blob.core.windows.net/201901/197514.jpg,OK,0,11,CHIQUIMULA,IPALA,19751,CORPORACIÓN MUNICIPAL,7,2,2,0,1,4,218,218,202,202,44,158
1,6,0,400,398,20,https://resultados2019.blob.core.windows.net/201901/197634.jpg,OK,0,11,CHIQUIMULA,IPALA,19763,CORPORACIÓN MUNICIPAL,9,2,2,0,1,4,254,254,239,239,66,173
1,9,0,400,400,20,https://resultados2019.blob.core.windows.net/201901/197504.jpg,OK,0,11,CHIQUIMULA,IPALA,19750,CORPORACIÓN MUNICIPAL,14,2,2,0,1,4,227,227,204,204,58,146
1,2,0,400,400,20,https://resultados2019.blob.core.windows.net/201901/197774.jpg,OK,0,11,CHIQUIMULA,IPALA,19777,CORPORACIÓN MUNICIPAL,3,2,2,0,1,4,260,260,255,255,79,176
1,6,0,400,400,20,https://resultados2019.blob.core.windows.net/201901/197704.jpg,OK,0,11,CHIQUIMULA,IPALA,19770,CORPORACIÓN MUNICIPAL,3,2,2,0,1,4,215,215,206,206,61,145
1,6,0,400,400,20,https://resultados2019.blob.core.windows.net/201901/197724.jpg,OK,0,11,CHIQUIMULA,IPALA,19772,CORPORACIÓN MUNICIPAL,3,2,2,0,1,4,224,224,215,215,70,145
1,6,0,380,380,20,https://resultados2019.blob.core.windows.net/201901/197824.jpg,OK,0,11,CHIQUIMULA,IPALA,19782,CORPORACIÓN MUNICIPAL,8,2,2,0,1,4,268,268,254,254,18,236
1,6,0,412,412,20,https://resultados2019.blob.core.windows.net/201901/197874.jpg,OK,0,11,CHIQUIMULA,IPALA,19787,CORPORACIÓN MUNICIPAL,4,2,2,0,1,4,35,35,25,25,5,20
1,9,0,400,400,20,https://resultados2019.blob.core.windows.net/201901/197554.jpg,OK,0,11,CHIQUIMULA,IPALA,19755,CORPORACIÓN MUNICIPAL,10,2,2,0,1,4,204,204,185,185,56,129
1,13,0,400,401,20,https://resultados2019.blob.core.windows.net/201901/197654.jpg,OK,0,11,CHIQUIMULA,IPALA,19765,CORPORACIÓN MUNICIPAL,14,2,2,0,1,4,279,279,252,252,75,177
1,3,0,400,400,20,https://resultados2019.blob.core.windows.net/201901/197744.jpg,OK,0,11,CHIQUIMULA,IPALA,19774,CORPORACIÓN MUNICIPAL,7,2,2,0,1,4,212,212,202,202,91,111
1,12,0,400,400,20,https://resultados2019.blob.core.windows.net/201901/197674.jpg,OK,0,11,CHIQUIMULA,IPALA,19767,CORPORACIÓN MUNICIPAL,10,2,2,0,1,4,282,282,260,260,95,165
1,5,0,400,400,20,https://resultados2019.blob.core.windows.net/201901/197714.jpg,OK,0,11,CHIQUIMULA,IPALA,19771,CORPORACIÓN MUNICIPAL,3,2,2,0,1,4,232,232,224,224,54,170
1,8,0,400,400,20,https://resultados2019.blob.core.windows.net/201901/197624.jpg,OK,0,11,CHIQUIMULA,IPALA,19762,CORPORACIÓN MUNICIPAL,14,2,2,0,1,4,266,266,244,244,74,170
1,11,0,400,400,20,https://resultados2019.blob.core.windows.net/201901/197564.jpg,OK,0,11,CHIQUIMULA,IPALA,19756,CORPORACIÓN MUNICIPAL,12,2,2,0,1,4,225,225,202,202,48,154
1,3,0,400,401,20,https://resultados2019.blob.core.windows.net/201901/197694.jpg,OK,0,11,CHIQUIMULA,IPALA,19769,CORPORACIÓN MUNICIPAL,3,2,2,0,1,4,171,171,165,165,52,113
1,8,0,400,400,20,https://resultados2019.blob.core.windows.net/201901/197574.jpg,OK,0,11,CHIQUIMULA,IPALA,19757,CORPORACIÓN MUNICIPAL,18,2,2,0,1,4,260,260,234,234,44,190
1,3,0,400,400,20,https://resultados2019.blob.core.windows.net/201901/197764.jpg,OK,0,11,CHIQUIMULA,IPALA,19776,CORPORACIÓN MUNICIPAL,10,2,2,0,1,4,232,232,219,219,55,164
1,5,0,292,296,20,https://resultados2019.blob.core.windows.net/201901/197834.jpg,OK,0,11,CHIQUIMULA,IPALA,19783,CORPORACIÓN MUNICIPAL,4,2,2,0,1,4,143,143,134,134,15,119
1,7,0,380,380,20,https://resultados2019.blob.core.windows.net/201901/197804.jpg,OK,0,11,CHIQUIMULA,IPALA,19780,CORPORACIÓN MUNICIPAL,11,2,2,0,1,4,232,232,214,214,30,184
1,5,0,380,380,20,https://resultados2019.blob.core.windows.net/201901/197814.jpg,OK,0,11,CHIQUIMULA,IPALA,19781,CORPORACIÓN MUNICIPAL,4,2,2,0,1,4,197,197,188,188,14,174
1,1,0,292,292,20,https://resultados2019.blob.core.windows.net/201901/197844.jpg,OK,0,11,CHIQUIMULA,IPALA,19784,CORPORACIÓN MUNICIPAL,3,2,2,0,1,4,151,151,147,147,23,124
1,14,0,400,400,20,https://resultados2019.blob.core.windows.net/201901/197534.jpg,OK,0,11,CHIQUIMULA,IPALA,19753,CORPORACIÓN MUNICIPAL,6,2,2,0,1,4,221,221,201,201,44,157
1,8,0,400,400,20,https://resultados2019.blob.core.windows.net/201901/197644.jpg,OK,0,11,CHIQUIMULA,IPALA,19764,CORPORACIÓN MUNICIPAL,10,2,2,0,1,4,241,241,223,223,66,157
1,9,0,400,400,20,https://resultados2019.blob.core.windows.net/201901/197524.jpg,OK,0,11,CHIQUIMULA,IPALA,19752,CORPORACIÓN MUNICIPAL,11,2,2,0,1,4,229,229,209,209,45,164
1,4,0,400,400,20,https://resultados2019.blob.core.windows.net/201901/197664.jpg,OK,0,11,CHIQUIMULA,IPALA,19766,CORPORACIÓN MUNICIPAL,13,2,2,0,1,4,297,297,280,280,90,190
1,14,0,400,400,20,https://resultados2019.blob.core.windows.net/201901/197594.jpg,OK,0,11,CHIQUIMULA,IPALA,19759,CORPORACIÓN MUNICIPAL,10,2,2,0,1,4,209,209,185,185,50,135
1,9,0,400,400,20,https://resultados2019.blob.core.windows.net/201901/197604.jpg,OK,0,11,CHIQUIMULA,IPALA,19760,CORPORACIÓN MUNICIPAL,7,2,2,0,1,4,217,217,201,201,71,130
1,2,0,412,412,20,https://resultados2019.blob.core.windows.net/201901/197864.jpg,OK,0,11,CHIQUIMULA,IPALA,19786,CORPORACIÓN MUNICIPAL,3,2,2,0,1,4,59,59,54,54,18,36
1,10,0,400,401,20,https://resultados2019.blob.core.windows.net/201901/197584.jpg,OK,0,11,CHIQUIMULA,IPALA,19758,CORPORACIÓN MUNICIPAL,9,2,2,0,1,4,237,237,218,218,62,156
1,4,0,400,400,20,https://resultados2019.blob.core.windows.net/201901/197684.jpg,OK,0,11,CHIQUIMULA,IPALA,19768,CORPORACIÓN MUNICIPAL,4,2,2,0,1,4,181,181,173,173,49,124
1,2,0,400,443,20,https://resultados2019.blob.core.windows.net/201901/197544.jpg,OK,0,11,CHIQUIMULA,IPALA,19754,CORPORACIÓN MUNICIPAL,9,2,2,0,1,4,228,228,217,217,43,174
1,6,0,246,246,20,https://resultados2019.blob.core.windows.net/201901/197794.jpg,OK,3,11,CHIQUIMULA,IPALA,19779,CORPORACIÓN MUNICIPAL,0,2,2,0,1,4,109,109,103,103,25,78
1,9,0,400,402,20,https://resultados2019.blob.core.windows.net/201901/197614.jpg,OK,0,11,CHIQUIMULA,IPALA,19761,CORPORACIÓN MUNICIPAL,14,2,2,0,1,4,254,254,231,231,50,181
1,2,0,400,400,20,https://resultados2019.blob.core.windows.net/201901/197734.jpg,OK,0,11,CHIQUIMULA,IPALA,19773,CORPORACIÓN MUNICIPAL,13,2,2,0,1,4,217,217,202,202,67,135
1,2,0,400,400,20,https://resultados2019.blob.core.windows.net/201901/197754.jpg,OK,0,11,CHIQUIMULA,IPALA,19775,CORPORACIÓN MUNICIPAL,6,2,2,0,1,4,196,196,188,188,66,122
