ACTACUADRA,BLANCOS,CNTIMPUGNA,CNTINSCRITOS,CNTPAPELETAS,DEP,IMGSRC,IMGSTATUS,INVALIDOS,MUN,NDEP,NMUN,NROMESA,NTE,NULOS,STACTA,STESCAN,STFISIC,STTRANS,TIPOELECCION,TOTALACTA,TOTALVOTOS,VOTOSVALIDOS,VOTOSVALIDOSACTA,voto_AVANZA,voto_EG,voto_FCN-NACION,voto_TODOS,voto_UCN,voto_UNE,voto_VAMOS,voto_VIVA
1,1,0,250,250,20,https://resultados2019.blob.core.windows.net/201901/197494.jpg,OK,0,10,CHIQUIMULA,SAN JACINTO,19749,CORPORACIÓN MUNICIPAL,3,2,2,0,1,4,46,46,42,42,0,4,1,1,4,22,7,3
1,4,0,400,400,20,https://resultados2019.blob.core.windows.net/201901/197454.jpg,OK,0,10,CHIQUIMULA,SAN JACINTO,19745,CORPORACIÓN MUNICIPAL,3,2,2,0,1,4,251,251,244,244,0,27,2,4,24,154,31,2
1,4,0,400,400,20,https://resultados2019.blob.core.windows.net/201901/197414.jpg,OK,0,10,CHIQUIMULA,SAN JACINTO,19741,CORPORACIÓN MUNICIPAL,7,2,2,0,1,4,284,284,273,273,0,19,5,12,33,148,51,5
1,1,0,400,396,20,https://resultados2019.blob.core.windows.net/201901/197424.jpg,OK,0,10,CHIQUIMULA,SAN JACINTO,19742,CORPORACIÓN MUNICIPAL,3,2,2,0,1,4,260,260,256,256,0,26,8,4,33,146,30,9
1,9,0,400,400,20,https://resultados2019.blob.core.windows.net/201901/197304.jpg,OK,0,10,CHIQUIMULA,SAN JACINTO,19730,CORPORACIÓN MUNICIPAL,16,2,2,0,1,4,302,302,277,277,0,18,9,8,33,176,29,4
1,12,0,400,400,20,https://resultados2019.blob.core.windows.net/201901/197324.jpg,OK,0,10,CHIQUIMULA,SAN JACINTO,19732,CORPORACIÓN MUNICIPAL,14,2,2,0,1,4,300,300,274,274,0,20,3,5,49,174,17,6
1,7,0,400,400,20,https://resultados2019.blob.core.windows.net/201901/197364.jpg,OK,0,10,CHIQUIMULA,SAN JACINTO,19736,CORPORACIÓN MUNICIPAL,16,2,2,0,1,4,317,317,294,294,0,33,4,10,30,173,41,3
1,8,0,400,396,20,https://resultados2019.blob.core.windows.net/201901/197314.jpg,OK,0,10,CHIQUIMULA,SAN JACINTO,19731,CORPORACIÓN MUNICIPAL,16,2,2,0,1,4,305,305,281,281,0,26,8,6,41,161,31,8
1,8,2,400,400,20,https://resultados2019.blob.core.windows.net/201901/197374.jpg,OK,0,10,CHIQUIMULA,SAN JACINTO,19737,CORPORACIÓN MUNICIPAL,14,2,2,0,1,4,319,319,297,297,0,18,8,7,28,196,31,9
1,5,0,400,400,20,https://resultados2019.blob.core.windows.net/201901/197334.jpg,OK,0,10,CHIQUIMULA,SAN JACINTO,19733,CORPORACIÓN MUNICIPAL,18,2,2,0,1,4,308,308,285,285,0,21,3,6,45,184,20,6
1,2,0,400,396,20,https://resultados2019.blob.core.windows.net/201901/197404.jpg,OK,1,10,CHIQUIMULA,SAN JACINTO,19740,CORPORACIÓN MUNICIPAL,6,2,2,0,1,4,297,297,289,289,0,41,6,7,35,124,62,14
1,9,0,400,400,20,https://resultados2019.blob.core.windows.net/201901/197434.jpg,OK,0,10,CHIQUIMULA,SAN JACINTO,19743,CORPORACIÓN MUNICIPAL,5,2,2,0,1,4,269,269,255,255,0,18,9,12,35,144,33,4
1,4,0,394,394,20,https://resultados2019.blob.core.windows.net/201901/197484.jpg,OK,0,10,CHIQUIMULA,SAN JACINTO,19748,CORPORACIÓN MUNICIPAL,2,2,2,0,1,4,292,292,286,286,0,29,6,7,36,173,32,3
1,4,0,400,392,20,https://resultados2019.blob.core.windows.net/201901/197444.jpg,OK,0,10,CHIQUIMULA,SAN JACINTO,19744,CORPORACIÓN MUNICIPAL,5,2,2,0,1,4,246,246,237,237,0,17,1,6,22,152,28,11
1,4,0,400,396,20,https://resultados2019.blob.core.windows.net/201901/197294.jpg,OK,0,10,CHIQUIMULA,SAN JACINTO,19729,CORPORACIÓN MUNICIPAL,8,2,2,0,1,4,256,256,244,244,0,24,1,8,46,136,23,6
1,3,0,400,396,20,https://resultados2019.blob.core.windows.net/201901/197344.jpg,OK,0,10,CHIQUIMULA,SAN JACINTO,19734,CORPORACIÓN MUNICIPAL,17,2,2,0,1,4,321,321,301,301,2,28,10,11,35,182,30,3
1,3,0,400,396,20,https://resultados2019.blob.core.windows.net/201901/197464.jpg,OK,0,10,CHIQUIMULA,SAN JACINTO,19746,CORPORACIÓN MUNICIPAL,7,2,2,0,1,4,256,256,246,246,0,30,4,3,31,151,25,2
1,3,0,400,400,20,https://resultados2019.blob.core.windows.net/201901/197394.jpg,OK,0,10,CHIQUIMULA,SAN JACINTO,19739,CORPORACIÓN MUNICIPAL,9,2,2,0,1,4,320,320,308,308,1,48,9,3,36,164,38,9
1,4,0,400,400,20,https://resultados2019.blob.core.windows.net/201901/197354.jpg,OK,0,10,CHIQUIMULA,SAN JACINTO,19735,CORPORACIÓN MUNICIPAL,19,2,2,0,1,4,334,334,311,311,1,21,1,21,40,197,28,2
1,1,0,395,396,20,https://resultados2019.blob.core.windows.net/201901/197474.jpg,OK,0,10,CHIQUIMULA,SAN JACINTO,19747,CORPORACIÓN MUNICIPAL,4,2,2,0,1,4,289,289,284,284,0,31,6,13,36,169,24,5
1,7,0,400,396,20,https://resultados2019.blob.core.windows.net/201901/197384.jpg,OK,0,10,CHIQUIMULA,SAN JACINTO,19738,CORPORACIÓN MUNICIPAL,7,2,2,0,1,4,304,304,290,290,0,24,6,13,41,168,26,12
