ACTACUADRA,BLANCOS,CNTIMPUGNA,CNTINSCRITOS,CNTPAPELETAS,DEP,IMGSRC,IMGSTATUS,INVALIDOS,MUN,NDEP,NMUN,NROMESA,NTE,NULOS,STACTA,STESCAN,STFISIC,STTRANS,TIPOELECCION,TOTALACTA,TOTALVOTOS,VOTOSVALIDOS,VOTOSVALIDOSACTA,voto_FCN-NACION,voto_PAN,voto_PC,voto_UNE,voto_VAMOS
1,3,0,468,470,20,https://resultados2019.blob.core.windows.net/201901/193604.jpg,OK,0,2,CHIQUIMULA,SAN JOSÉ LA ARADA,19360,CORPORACIÓN MUNICIPAL,2,2,2,0,1,4,66,66,61,61,6,0,27,6,22
1,15,0,400,394,20,https://resultados2019.blob.core.windows.net/201901/193534.jpg,OK,1,2,CHIQUIMULA,SAN JOSÉ LA ARADA,19353,CORPORACIÓN MUNICIPAL,14,2,2,0,1,4,294,294,265,265,13,1,93,71,87
1,5,0,400,402,20,https://resultados2019.blob.core.windows.net/201901/193464.jpg,OK,0,2,CHIQUIMULA,SAN JOSÉ LA ARADA,19346,CORPORACIÓN MUNICIPAL,13,2,2,0,1,4,314,314,296,296,15,2,102,47,130
1,1,0,400,392,20,https://resultados2019.blob.core.windows.net/201901/193574.jpg,OK,0,2,CHIQUIMULA,SAN JOSÉ LA ARADA,19357,CORPORACIÓN MUNICIPAL,14,2,2,0,1,4,235,235,220,220,2,0,76,47,95
1,14,0,400,394,20,https://resultados2019.blob.core.windows.net/201901/193554.jpg,OK,0,2,CHIQUIMULA,SAN JOSÉ LA ARADA,19355,CORPORACIÓN MUNICIPAL,12,2,2,0,1,4,292,292,266,266,9,2,94,38,123
1,2,0,314,314,20,https://resultados2019.blob.core.windows.net/201901/193494.jpg,OK,0,2,CHIQUIMULA,SAN JOSÉ LA ARADA,19349,CORPORACIÓN MUNICIPAL,2,2,2,0,1,4,214,214,210,210,17,0,50,33,110
1,11,0,400,400,20,https://resultados2019.blob.core.windows.net/201901/193514.jpg,OK,0,2,CHIQUIMULA,SAN JOSÉ LA ARADA,19351,CORPORACIÓN MUNICIPAL,12,2,2,0,1,4,269,269,246,246,7,0,91,44,104
1,1,0,400,394,20,https://resultados2019.blob.core.windows.net/201901/193474.jpg,OK,0,2,CHIQUIMULA,SAN JOSÉ LA ARADA,19347,CORPORACIÓN MUNICIPAL,5,2,2,0,1,4,274,274,268,268,27,0,92,47,102
1,1,0,313,315,20,https://resultados2019.blob.core.windows.net/201901/193504.jpg,OK,0,2,CHIQUIMULA,SAN JOSÉ LA ARADA,19350,CORPORACIÓN MUNICIPAL,4,2,2,0,1,4,243,243,238,238,20,0,75,35,108
1,9,0,400,394,20,https://resultados2019.blob.core.windows.net/201901/193444.jpg,OK,0,2,CHIQUIMULA,SAN JOSÉ LA ARADA,19344,CORPORACIÓN MUNICIPAL,11,2,2,0,1,4,272,272,252,252,17,1,91,43,100
1,9,0,400,396,20,https://resultados2019.blob.core.windows.net/201901/193544.jpg,OK,0,2,CHIQUIMULA,SAN JOSÉ LA ARADA,19354,CORPORACIÓN MUNICIPAL,16,2,2,0,1,4,303,303,278,278,6,1,95,63,113
1,11,1,400,400,20,https://resultados2019.blob.core.windows.net/201901/193454.jpg,OK,0,2,CHIQUIMULA,SAN JOSÉ LA ARADA,19345,CORPORACIÓN MUNICIPAL,14,2,2,0,1,4,279,279,254,254,9,2,68,68,107
1,7,0,400,396,20,https://resultados2019.blob.core.windows.net/201901/193524.jpg,OK,0,2,CHIQUIMULA,SAN JOSÉ LA ARADA,19352,CORPORACIÓN MUNICIPAL,11,2,2,0,1,4,291,291,273,273,12,3,106,46,106
1,5,0,385,386,20,https://resultados2019.blob.core.windows.net/201901/193594.jpg,OK,0,2,CHIQUIMULA,SAN JOSÉ LA ARADA,19359,CORPORACIÓN MUNICIPAL,3,2,2,0,1,4,289,289,281,281,10,0,98,49,124
1,3,0,400,395,20,https://resultados2019.blob.core.windows.net/201901/193484.jpg,OK,0,2,CHIQUIMULA,SAN JOSÉ LA ARADA,19348,CORPORACIÓN MUNICIPAL,7,2,2,0,1,4,270,270,260,260,27,2,68,51,112
1,7,0,400,396,20,https://resultados2019.blob.core.windows.net/201901/193564.jpg,OK,4,2,CHIQUIMULA,SAN JOSÉ LA ARADA,19356,CORPORACIÓN MUNICIPAL,0,2,2,0,1,4,250,250,243,243,10,0,63,49,121
1,4,0,386,386,20,https://resultados2019.blob.core.windows.net/201901/193584.jpg,OK,0,2,CHIQUIMULA,SAN JOSÉ LA ARADA,19358,CORPORACIÓN MUNICIPAL,9,2,2,0,1,4,247,247,234,234,8,1,85,48,92
