ACTACUADRA,BLANCOS,CNTIMPUGNA,CNTINSCRITOS,CNTPAPELETAS,DEP,IMGSRC,IMGSTATUS,INVALIDOS,MUN,NDEP,NMUN,NROMESA,NTE,NULOS,STACTA,STESCAN,STFISIC,STTRANS,TIPOELECCION,TOTALACTA,TOTALVOTOS,VOTOSVALIDOS,VOTOSVALIDOSACTA,voto_PC,voto_TODOS,voto_UCN,voto_UNE,voto_VAMOS
1,3,0,281,281,20,https://resultados2019.blob.core.windows.net/201901/193854.jpg,OK,0,3,CHIQUIMULA,SAN JUAN ERMITA,19385,CORPORACIÓN MUNICIPAL,3,2,2,0,1,4,235,235,229,229,1,1,14,143,70
1,7,0,380,375,20,https://resultados2019.blob.core.windows.net/201901/193794.jpg,OK,0,3,CHIQUIMULA,SAN JUAN ERMITA,19379,CORPORACIÓN MUNICIPAL,8,2,2,0,1,4,301,301,286,286,0,1,21,176,88
1,6,0,380,380,20,https://resultados2019.blob.core.windows.net/201901/193814.jpg,OK,0,3,CHIQUIMULA,SAN JUAN ERMITA,19381,CORPORACIÓN MUNICIPAL,15,2,2,0,1,4,300,300,279,279,1,2,9,144,123
1,4,0,400,396,20,https://resultados2019.blob.core.windows.net/201901/193654.jpg,OK,0,3,CHIQUIMULA,SAN JUAN ERMITA,19365,CORPORACIÓN MUNICIPAL,12,2,2,0,1,4,320,320,304,304,2,0,15,162,125
1,3,0,400,396,20,https://resultados2019.blob.core.windows.net/201901/193714.jpg,OK,0,3,CHIQUIMULA,SAN JUAN ERMITA,19371,CORPORACIÓN MUNICIPAL,4,2,2,0,1,4,272,272,265,265,3,3,11,157,91
1,11,0,400,396,20,https://resultados2019.blob.core.windows.net/201901/193614.jpg,OK,0,3,CHIQUIMULA,SAN JUAN ERMITA,19361,CORPORACIÓN MUNICIPAL,9,2,2,0,1,4,274,274,254,254,4,0,13,141,96
1,1,0,380,380,20,https://resultados2019.blob.core.windows.net/201901/193834.jpg,OK,0,3,CHIQUIMULA,SAN JUAN ERMITA,19383,CORPORACIÓN MUNICIPAL,7,2,2,0,1,4,268,268,260,260,3,1,9,144,103
1,5,0,400,397,20,https://resultados2019.blob.core.windows.net/201901/193644.jpg,OK,0,3,CHIQUIMULA,SAN JUAN ERMITA,19364,CORPORACIÓN MUNICIPAL,13,2,2,0,1,4,293,293,275,275,6,0,18,154,97
1,1,0,400,400,20,https://resultados2019.blob.core.windows.net/201901/193704.jpg,OK,0,3,CHIQUIMULA,SAN JUAN ERMITA,19370,CORPORACIÓN MUNICIPAL,3,2,2,0,1,4,287,287,283,283,3,0,17,149,114
1,2,0,400,400,20,https://resultados2019.blob.core.windows.net/201901/193664.jpg,OK,0,3,CHIQUIMULA,SAN JUAN ERMITA,19366,CORPORACIÓN MUNICIPAL,6,2,2,0,1,4,328,328,320,320,3,2,6,206,103
1,1,0,274,274,20,https://resultados2019.blob.core.windows.net/201901/193874.jpg,OK,0,3,CHIQUIMULA,SAN JUAN ERMITA,19387,CORPORACIÓN MUNICIPAL,1,2,2,0,1,4,38,38,36,36,0,1,1,14,20
1,1,0,280,280,20,https://resultados2019.blob.core.windows.net/201901/193864.jpg,OK,0,3,CHIQUIMULA,SAN JUAN ERMITA,19386,CORPORACIÓN MUNICIPAL,2,2,2,0,1,4,228,228,225,225,3,1,13,124,84
1,5,0,380,376,20,https://resultados2019.blob.core.windows.net/201901/193824.jpg,OK,0,3,CHIQUIMULA,SAN JUAN ERMITA,19382,CORPORACIÓN MUNICIPAL,12,2,2,0,1,4,290,290,273,273,3,0,9,176,85
1,1,0,280,280,20,https://resultados2019.blob.core.windows.net/201901/193754.jpg,OK,0,3,CHIQUIMULA,SAN JUAN ERMITA,19375,CORPORACIÓN MUNICIPAL,3,2,2,0,1,4,242,242,238,238,4,0,5,150,79
1,3,0,400,396,20,https://resultados2019.blob.core.windows.net/201901/193694.jpg,OK,0,3,CHIQUIMULA,SAN JUAN ERMITA,19369,CORPORACIÓN MUNICIPAL,3,2,2,0,1,4,320,320,314,314,0,1,26,161,126
1,2,0,280,280,20,https://resultados2019.blob.core.windows.net/201901/193764.jpg,OK,0,3,CHIQUIMULA,SAN JUAN ERMITA,19376,CORPORACIÓN MUNICIPAL,4,2,2,0,1,4,211,211,205,205,2,2,11,116,74
1,8,0,380,376,20,https://resultados2019.blob.core.windows.net/201901/193784.jpg,OK,0,3,CHIQUIMULA,SAN JUAN ERMITA,19378,CORPORACIÓN MUNICIPAL,16,2,2,0,1,4,296,296,272,272,5,4,14,130,119
1,10,0,380,377,20,https://resultados2019.blob.core.windows.net/201901/193804.jpg,OK,0,3,CHIQUIMULA,SAN JUAN ERMITA,19380,CORPORACIÓN MUNICIPAL,3,2,2,0,1,4,304,304,291,291,3,1,11,164,112
1,7,0,400,396,20,https://resultados2019.blob.core.windows.net/201901/193634.jpg,OK,0,3,CHIQUIMULA,SAN JUAN ERMITA,19363,CORPORACIÓN MUNICIPAL,13,2,2,0,1,4,286,286,266,266,7,1,10,163,85
1,1,1,400,396,20,https://resultados2019.blob.core.windows.net/201901/193674.jpg,OK,0,3,CHIQUIMULA,SAN JUAN ERMITA,19367,CORPORACIÓN MUNICIPAL,7,2,2,0,1,4,334,334,326,326,1,2,3,197,123
1,4,0,400,400,20,https://resultados2019.blob.core.windows.net/201901/193724.jpg,OK,0,3,CHIQUIMULA,SAN JUAN ERMITA,19372,CORPORACIÓN MUNICIPAL,8,2,2,0,1,4,261,261,249,249,2,2,16,133,96
1,7,0,380,376,20,https://resultados2019.blob.core.windows.net/201901/193774.jpg,OK,0,3,CHIQUIMULA,SAN JUAN ERMITA,19377,CORPORACIÓN MUNICIPAL,15,2,2,0,1,4,273,273,251,251,1,0,18,152,80
1,5,0,400,400,20,https://resultados2019.blob.core.windows.net/201901/193734.jpg,OK,0,3,CHIQUIMULA,SAN JUAN ERMITA,19373,CORPORACIÓN MUNICIPAL,6,2,2,0,1,4,273,273,262,262,1,0,15,141,105
1,2,0,380,375,20,https://resultados2019.blob.core.windows.net/201901/193844.jpg,OK,0,3,CHIQUIMULA,SAN JUAN ERMITA,19384,CORPORACIÓN MUNICIPAL,12,2,2,0,1,4,269,269,255,255,2,4,12,136,101
1,1,0,400,396,20,https://resultados2019.blob.core.windows.net/201901/193744.jpg,OK,0,3,CHIQUIMULA,SAN JUAN ERMITA,19374,CORPORACIÓN MUNICIPAL,5,2,2,0,1,4,305,305,299,299,6,2,8,161,122
1,5,0,400,396,20,https://resultados2019.blob.core.windows.net/201901/193624.jpg,OK,0,3,CHIQUIMULA,SAN JUAN ERMITA,19362,CORPORACIÓN MUNICIPAL,13,2,2,0,1,4,300,300,282,282,4,1,11,171,95
1,5,0,400,396,20,https://resultados2019.blob.core.windows.net/201901/193684.jpg,OK,0,3,CHIQUIMULA,SAN JUAN ERMITA,19368,CORPORACIÓN MUNICIPAL,12,2,2,0,1,4,322,322,305,305,1,1,20,197,86
