ACTACUADRA,BLANCOS,CNTIMPUGNA,CNTINSCRITOS,CNTPAPELETAS,DEP,IMGSRC,IMGSTATUS,INVALIDOS,MUN,NDEP,NMUN,NROMESA,NTE,NULOS,STACTA,STESCAN,STFISIC,STTRANS,TIPOELECCION,TOTALACTA,TOTALVOTOS,VOTOSVALIDOS,VOTOSVALIDOSACTA,voto_BIEN,voto_CONVERGENCIA,voto_EG,voto_EL_MAGUEY,voto_LIBRE,voto_PC,voto_SEMILLA,voto_UCN,voto_UNE,voto_UNIDOS,voto_VAMOS
1,5,0,223,223,20,https://resultados2019.blob.core.windows.net/201901/194634.jpg,OK,0,4,CHIQUIMULA,JOCOTÁN,19463,CORPORACIÓN MUNICIPAL,11,2,2,0,1,4,172,172,156,156,9,0,0,33,2,53,10,3,34,0,12
1,2,0,400,400,20,https://resultados2019.blob.core.windows.net/201901/194554.jpg,OK,0,4,CHIQUIMULA,JOCOTÁN,19455,CORPORACIÓN MUNICIPAL,16,2,2,0,1,4,243,243,225,225,8,0,0,22,1,65,0,65,53,1,10
1,4,0,400,400,20,https://resultados2019.blob.core.windows.net/201901/194444.jpg,OK,0,4,CHIQUIMULA,JOCOTÁN,19444,CORPORACIÓN MUNICIPAL,19,2,2,0,1,4,249,249,226,226,9,3,1,40,1,33,4,52,59,1,23
1,0,0,400,400,20,https://resultados2019.blob.core.windows.net/201901/194034.jpg,OK,0,4,CHIQUIMULA,JOCOTÁN,19403,CORPORACIÓN MUNICIPAL,18,2,2,0,1,4,251,251,233,233,18,2,2,65,3,29,9,28,58,0,19
1,9,0,380,380,20,https://resultados2019.blob.core.windows.net/201901/194364.jpg,OK,0,4,CHIQUIMULA,JOCOTÁN,19436,CORPORACIÓN MUNICIPAL,23,2,2,0,1,4,239,239,207,207,26,4,1,29,6,41,11,34,47,1,7
1,7,0,400,400,20,https://resultados2019.blob.core.windows.net/201901/194184.jpg,OK,0,4,CHIQUIMULA,JOCOTÁN,19418,CORPORACIÓN MUNICIPAL,26,2,2,0,1,4,275,275,242,242,40,1,2,54,10,45,4,15,55,1,15
1,6,0,380,376,20,https://resultados2019.blob.core.windows.net/201901/194314.jpg,OK,0,4,CHIQUIMULA,JOCOTÁN,19431,CORPORACIÓN MUNICIPAL,10,2,2,0,1,4,241,241,225,225,18,11,4,39,5,35,5,44,54,3,7
1,3,0,231,231,20,https://resultados2019.blob.core.windows.net/201901/194214.jpg,OK,0,4,CHIQUIMULA,JOCOTÁN,19421,CORPORACIÓN MUNICIPAL,4,2,2,0,1,4,167,167,160,160,19,0,0,27,9,30,2,19,47,0,7
1,17,0,400,400,20,https://resultados2019.blob.core.windows.net/201901/194164.jpg,OK,0,4,CHIQUIMULA,JOCOTÁN,19416,CORPORACIÓN MUNICIPAL,12,2,2,0,1,4,287,287,258,258,63,1,0,42,16,41,3,14,66,2,10
1,5,0,380,379,20,https://resultados2019.blob.core.windows.net/201901/194684.jpg,OK,0,4,CHIQUIMULA,JOCOTÁN,19468,CORPORACIÓN MUNICIPAL,32,2,2,0,1,4,245,245,208,208,32,4,6,55,3,44,3,13,19,3,26
1,4,0,380,380,20,https://resultados2019.blob.core.windows.net/201901/194284.jpg,OK,0,4,CHIQUIMULA,JOCOTÁN,19428,CORPORACIÓN MUNICIPAL,27,2,2,0,1,4,246,246,215,215,5,3,0,36,2,28,0,50,90,0,1
1,6,0,397,397,20,https://resultados2019.blob.core.windows.net/201901/194084.jpg,OK,0,4,CHIQUIMULA,JOCOTÁN,19408,CORPORACIÓN MUNICIPAL,13,2,2,0,1,4,236,236,217,217,17,0,1,57,1,34,5,22,56,1,23
1,12,0,380,375,20,https://resultados2019.blob.core.windows.net/201901/194344.jpg,OK,0,4,CHIQUIMULA,JOCOTÁN,19434,CORPORACIÓN MUNICIPAL,21,2,2,0,1,4,261,261,228,228,38,3,2,44,3,33,13,41,33,2,16
1,3,0,400,400,20,https://resultados2019.blob.core.windows.net/201901/194024.jpg,OK,0,4,CHIQUIMULA,JOCOTÁN,19402,CORPORACIÓN MUNICIPAL,15,2,2,0,1,4,260,260,242,242,16,2,1,60,2,37,5,31,57,0,31
1,2,0,231,231,20,https://resultados2019.blob.core.windows.net/201901/194224.jpg,OK,0,4,CHIQUIMULA,JOCOTÁN,19422,CORPORACIÓN MUNICIPAL,21,2,2,0,1,4,153,153,130,130,16,1,0,25,2,17,3,14,48,0,4
1,5,0,400,400,20,https://resultados2019.blob.core.windows.net/201901/194144.jpg,OK,0,4,CHIQUIMULA,JOCOTÁN,19414,CORPORACIÓN MUNICIPAL,20,2,2,0,1,4,263,263,238,238,15,2,0,53,4,36,3,43,74,1,7
1,7,0,400,396,20,https://resultados2019.blob.core.windows.net/201901/194194.jpg,OK,0,4,CHIQUIMULA,JOCOTÁN,19419,CORPORACIÓN MUNICIPAL,9,2,2,0,1,4,249,249,233,233,33,2,1,46,4,44,4,32,55,1,11
1,5,0,380,376,20,https://resultados2019.blob.core.windows.net/201901/194254.jpg,OK,0,4,CHIQUIMULA,JOCOTÁN,19425,CORPORACIÓN MUNICIPAL,17,2,2,0,1,4,290,290,268,268,20,7,0,38,0,66,3,37,95,0,2
1,8,0,380,376,20,https://resultados2019.blob.core.windows.net/201901/194674.jpg,OK,0,4,CHIQUIMULA,JOCOTÁN,19467,CORPORACIÓN MUNICIPAL,29,2,2,0,1,4,260,260,223,223,19,0,1,93,3,49,5,12,25,0,16
1,1,0,400,396,20,https://resultados2019.blob.core.windows.net/201901/193884.jpg,OK,0,4,CHIQUIMULA,JOCOTÁN,19388,CORPORACIÓN MUNICIPAL,20,2,2,0,1,4,281,281,260,260,23,1,1,77,2,30,1,25,68,0,32
1,9,0,380,253,20,https://resultados2019.blob.core.windows.net/201901/194234.jpg,OK,0,4,CHIQUIMULA,JOCOTÁN,19423,CORPORACIÓN MUNICIPAL,30,2,2,0,1,4,253,253,214,214,4,0,1,37,0,24,1,50,93,2,2
1,4,0,400,400,20,https://resultados2019.blob.core.windows.net/201901/194014.jpg,OK,0,4,CHIQUIMULA,JOCOTÁN,19401,CORPORACIÓN MUNICIPAL,7,2,2,0,1,4,252,252,241,241,20,0,1,67,1,36,4,23,67,1,21
0,8,0,400,400,20,https://resultados2019.blob.core.windows.net/201901/193914.jpg,OK,0,4,CHIQUIMULA,JOCOTÁN,19391,CORPORACIÓN MUNICIPAL,30,2,2,0,1,4,299,300,262,261,30,3,2,32,4,58,4,49,51,0,29
1,11,0,400,400,20,https://resultados2019.blob.core.windows.net/201901/194424.jpg,OK,0,4,CHIQUIMULA,JOCOTÁN,19442,CORPORACIÓN MUNICIPAL,23,2,2,0,1,4,276,276,242,242,6,0,0,47,0,26,4,49,89,1,20
1,6,0,400,400,20,https://resultados2019.blob.core.windows.net/201901/193964.jpg,OK,0,4,CHIQUIMULA,JOCOTÁN,19396,CORPORACIÓN MUNICIPAL,11,2,2,0,1,4,267,267,250,250,17,1,0,70,1,36,2,24,74,0,25
1,8,0,380,376,20,https://resultados2019.blob.core.windows.net/201901/194334.jpg,OK,0,4,CHIQUIMULA,JOCOTÁN,19433,CORPORACIÓN MUNICIPAL,19,2,2,0,1,4,272,272,245,245,10,5,0,42,15,63,4,34,66,0,6
1,5,0,400,400,20,https://resultados2019.blob.core.windows.net/201901/194054.jpg,OK,0,4,CHIQUIMULA,JOCOTÁN,19405,CORPORACIÓN MUNICIPAL,10,2,2,0,1,4,262,262,247,247,11,0,0,65,0,50,8,28,51,0,34
1,6,0,392,393,20,https://resultados2019.blob.core.windows.net/201901/194574.jpg,OK,0,4,CHIQUIMULA,JOCOTÁN,19457,CORPORACIÓN MUNICIPAL,11,2,2,0,1,4,269,269,252,252,8,0,0,27,4,78,0,64,64,0,7
0,5,0,400,396,20,https://resultados2019.blob.core.windows.net/201901/194524.jpg,OK,12,4,CHIQUIMULA,JOCOTÁN,19452,CORPORACIÓN MUNICIPAL,0,2,2,0,1,4,307,295,290,290,7,2,0,51,1,93,0,49,72,0,15
1,2,0,386,386,20,https://resultados2019.blob.core.windows.net/201901/194714.jpg,OK,0,4,CHIQUIMULA,JOCOTÁN,19471,CORPORACIÓN MUNICIPAL,4,2,2,0,1,4,43,43,37,37,3,0,0,11,0,6,1,4,7,0,5
1,2,0,400,396,20,https://resultados2019.blob.core.windows.net/201901/194104.jpg,OK,0,4,CHIQUIMULA,JOCOTÁN,19410,CORPORACIÓN MUNICIPAL,30,2,2,0,1,4,268,268,236,236,6,5,0,33,1,29,0,48,109,2,3
0,15,0,400,396,20,https://resultados2019.blob.core.windows.net/201901/194594.jpg,OK,8,4,CHIQUIMULA,JOCOTÁN,19459,CORPORACIÓN MUNICIPAL,36,2,2,0,1,4,329,321,270,270,19,4,0,81,2,67,2,15,42,1,37
1,3,0,380,380,20,https://resultados2019.blob.core.windows.net/201901/194654.jpg,OK,0,4,CHIQUIMULA,JOCOTÁN,19465,CORPORACIÓN MUNICIPAL,56,2,2,0,1,4,300,300,241,241,57,0,2,86,1,41,1,6,34,0,13
1,5,0,398,276,20,https://resultados2019.blob.core.windows.net/201901/194074.jpg,OK,0,4,CHIQUIMULA,JOCOTÁN,19407,CORPORACIÓN MUNICIPAL,8,2,2,0,1,4,276,276,263,263,13,0,0,65,0,45,1,35,74,0,30
1,12,0,400,400,20,https://resultados2019.blob.core.windows.net/201901/193904.jpg,OK,0,4,CHIQUIMULA,JOCOTÁN,19390,CORPORACIÓN MUNICIPAL,34,2,2,0,1,4,300,300,254,254,23,3,2,80,1,52,4,11,47,0,31
1,5,0,333,333,20,https://resultados2019.blob.core.windows.net/201901/194704.jpg,OK,0,4,CHIQUIMULA,JOCOTÁN,19470,CORPORACIÓN MUNICIPAL,15,2,2,0,1,4,235,235,215,215,47,1,3,64,0,55,2,12,18,1,12
0,11,0,400,267,20,https://resultados2019.blob.core.windows.net/201901/194504.jpg,OK,0,4,CHIQUIMULA,JOCOTÁN,19450,CORPORACIÓN MUNICIPAL,27,2,2,0,1,4,267,270,232,229,12,1,1,34,0,17,1,85,73,2,6
1,5,0,400,396,20,https://resultados2019.blob.core.windows.net/201901/193934.jpg,OK,0,4,CHIQUIMULA,JOCOTÁN,19393,CORPORACIÓN MUNICIPAL,10,2,2,0,1,4,293,293,278,278,29,0,2,55,4,33,3,27,80,0,45
1,5,0,380,376,20,https://resultados2019.blob.core.windows.net/201901/194324.jpg,OK,0,4,CHIQUIMULA,JOCOTÁN,19432,CORPORACIÓN MUNICIPAL,25,2,2,0,1,4,278,278,248,248,7,8,1,32,0,52,4,68,72,0,4
1,8,0,400,396,20,https://resultados2019.blob.core.windows.net/201901/194044.jpg,OK,0,4,CHIQUIMULA,JOCOTÁN,19404,CORPORACIÓN MUNICIPAL,12,2,2,0,1,4,234,234,214,214,15,1,1,55,2,42,3,22,48,0,25
1,8,0,400,395,20,https://resultados2019.blob.core.windows.net/201901/194584.jpg,OK,0,4,CHIQUIMULA,JOCOTÁN,19458,CORPORACIÓN MUNICIPAL,35,2,2,0,1,4,324,324,281,281,16,2,2,57,3,92,9,5,76,1,18
1,5,0,400,396,20,https://resultados2019.blob.core.windows.net/201901/193984.jpg,OK,0,4,CHIQUIMULA,JOCOTÁN,19398,CORPORACIÓN MUNICIPAL,12,2,2,0,1,4,257,257,240,240,29,0,1,62,8,46,3,23,45,0,23
1,4,0,400,396,20,https://resultados2019.blob.core.windows.net/201901/194004.jpg,OK,0,4,CHIQUIMULA,JOCOTÁN,19400,CORPORACIÓN MUNICIPAL,14,2,2,0,1,4,282,282,264,264,28,0,0,67,4,46,3,27,62,1,26
1,8,0,400,400,20,https://resultados2019.blob.core.windows.net/201901/194544.jpg,OK,0,4,CHIQUIMULA,JOCOTÁN,19454,CORPORACIÓN MUNICIPAL,23,2,2,0,1,4,269,269,238,238,9,1,0,23,0,99,0,52,53,0,1
1,4,0,223,223,20,https://resultados2019.blob.core.windows.net/201901/194624.jpg,OK,0,4,CHIQUIMULA,JOCOTÁN,19462,CORPORACIÓN MUNICIPAL,15,2,2,0,1,4,157,157,138,138,6,1,0,23,1,46,4,6,40,0,11
1,3,0,400,274,20,https://resultados2019.blob.core.windows.net/201901/194064.jpg,OK,0,4,CHIQUIMULA,JOCOTÁN,19406,CORPORACIÓN MUNICIPAL,5,2,2,0,1,4,274,274,266,266,11,0,1,69,0,40,3,53,65,0,24
1,8,0,400,396,20,https://resultados2019.blob.core.windows.net/201901/194174.jpg,OK,0,4,CHIQUIMULA,JOCOTÁN,19417,CORPORACIÓN MUNICIPAL,22,2,2,0,1,4,296,296,266,266,48,1,2,49,8,50,5,18,69,0,16
1,5,0,393,265,20,https://resultados2019.blob.core.windows.net/201901/194564.jpg,OK,0,4,CHIQUIMULA,JOCOTÁN,19456,CORPORACIÓN MUNICIPAL,15,2,2,0,1,4,265,265,245,245,12,0,0,21,0,63,0,72,68,0,9
1,12,0,400,400,20,https://resultados2019.blob.core.windows.net/201901/194454.jpg,OK,0,4,CHIQUIMULA,JOCOTÁN,19445,CORPORACIÓN MUNICIPAL,28,2,2,0,1,4,256,256,216,216,8,3,1,43,1,37,4,50,57,0,12
1,16,0,400,391,20,https://resultados2019.blob.core.windows.net/201901/194484.jpg,OK,0,4,CHIQUIMULA,JOCOTÁN,19448,CORPORACIÓN MUNICIPAL,26,2,2,0,1,4,238,238,196,196,6,2,0,18,0,57,1,45,57,0,10
1,9,0,400,396,20,https://resultados2019.blob.core.windows.net/201901/194494.jpg,OK,0,4,CHIQUIMULA,JOCOTÁN,19449,CORPORACIÓN MUNICIPAL,31,2,2,0,1,4,236,236,196,196,7,1,2,17,0,46,0,40,73,0,10
1,8,0,400,400,20,https://resultados2019.blob.core.windows.net/201901/194134.jpg,OK,0,4,CHIQUIMULA,JOCOTÁN,19413,CORPORACIÓN MUNICIPAL,14,2,2,0,1,4,299,299,277,277,29,2,1,41,4,67,4,39,73,0,17
1,5,0,400,396,20,https://resultados2019.blob.core.windows.net/201901/193894.jpg,OK,0,4,CHIQUIMULA,JOCOTÁN,19389,CORPORACIÓN MUNICIPAL,27,2,2,0,1,4,305,305,273,273,9,2,0,94,0,68,11,17,56,0,16
1,10,0,400,400,20,https://resultados2019.blob.core.windows.net/201901/194534.jpg,OK,0,4,CHIQUIMULA,JOCOTÁN,19453,CORPORACIÓN MUNICIPAL,15,2,2,0,1,4,283,283,258,258,7,0,1,39,2,72,0,59,68,0,10
1,7,0,380,376,20,https://resultados2019.blob.core.windows.net/201901/194264.jpg,OK,0,4,CHIQUIMULA,JOCOTÁN,19426,CORPORACIÓN MUNICIPAL,14,2,2,0,1,4,293,293,272,272,12,0,0,93,0,24,1,44,89,3,6
1,2,0,400,396,20,https://resultados2019.blob.core.windows.net/201901/193954.jpg,OK,0,4,CHIQUIMULA,JOCOTÁN,19395,CORPORACIÓN MUNICIPAL,16,2,2,0,1,4,247,247,229,229,18,0,1,63,2,41,4,20,62,0,18
1,8,0,400,400,20,https://resultados2019.blob.core.windows.net/201901/193924.jpg,OK,0,4,CHIQUIMULA,JOCOTÁN,19392,CORPORACIÓN MUNICIPAL,26,2,2,0,1,4,279,279,245,245,17,1,1,42,3,64,2,38,59,0,18
1,10,0,333,333,20,https://resultados2019.blob.core.windows.net/201901/194694.jpg,OK,0,4,CHIQUIMULA,JOCOTÁN,19469,CORPORACIÓN MUNICIPAL,21,2,2,0,1,4,226,226,195,195,26,2,5,64,1,45,1,8,26,0,17
1,15,0,400,400,20,https://resultados2019.blob.core.windows.net/201901/194604.jpg,OK,0,4,CHIQUIMULA,JOCOTÁN,19460,CORPORACIÓN MUNICIPAL,31,2,2,0,1,4,324,324,278,278,17,2,4,83,2,75,2,6,65,0,22
1,3,0,400,414,20,https://resultados2019.blob.core.windows.net/201901/194414.jpg,OK,0,4,CHIQUIMULA,JOCOTÁN,19441,CORPORACIÓN MUNICIPAL,14,2,2,0,1,4,255,255,238,238,10,0,2,62,2,38,2,43,67,0,12
1,7,0,231,231,20,https://resultados2019.blob.core.windows.net/201901/194474.jpg,OK,0,4,CHIQUIMULA,JOCOTÁN,19447,CORPORACIÓN MUNICIPAL,11,2,2,0,1,4,153,153,135,135,2,1,0,27,0,22,9,27,36,0,11
1,2,0,400,394,20,https://resultados2019.blob.core.windows.net/201901/194204.jpg,OK,0,4,CHIQUIMULA,JOCOTÁN,19420,CORPORACIÓN MUNICIPAL,6,2,2,0,1,4,268,268,260,260,26,1,0,53,3,52,2,33,86,0,4
1,10,0,240,240,20,https://resultados2019.blob.core.windows.net/201901/194304.jpg,OK,0,4,CHIQUIMULA,JOCOTÁN,19430,CORPORACIÓN MUNICIPAL,8,2,2,0,1,4,163,163,145,145,5,0,0,16,0,21,2,25,71,1,4
1,7,0,400,396,20,https://resultados2019.blob.core.windows.net/201901/194394.jpg,OK,0,4,CHIQUIMULA,JOCOTÁN,19439,CORPORACIÓN MUNICIPAL,29,2,2,0,1,4,327,327,291,291,4,1,2,89,0,32,3,45,102,0,13
1,2,0,380,380,20,https://resultados2019.blob.core.windows.net/201901/194644.jpg,OK,0,4,CHIQUIMULA,JOCOTÁN,19464,CORPORACIÓN MUNICIPAL,34,2,2,0,1,4,234,234,198,198,14,4,1,67,3,59,0,25,18,0,7
1,5,0,231,231,20,https://resultados2019.blob.core.windows.net/201901/194464.jpg,OK,0,4,CHIQUIMULA,JOCOTÁN,19446,CORPORACIÓN MUNICIPAL,10,2,2,0,1,4,168,168,153,153,3,0,0,55,2,17,9,29,33,0,5
1,2,0,400,396,20,https://resultados2019.blob.core.windows.net/201901/194154.jpg,OK,0,4,CHIQUIMULA,JOCOTÁN,19415,CORPORACIÓN MUNICIPAL,20,2,2,0,1,4,296,296,274,274,62,2,1,33,17,43,5,19,80,0,12
1,5,0,400,400,20,https://resultados2019.blob.core.windows.net/201901/194094.jpg,OK,0,4,CHIQUIMULA,JOCOTÁN,19409,CORPORACIÓN MUNICIPAL,23,2,2,0,1,4,287,287,259,259,21,1,2,52,9,54,0,38,73,0,9
1,7,0,400,396,20,https://resultados2019.blob.core.windows.net/201901/193994.jpg,OK,0,4,CHIQUIMULA,JOCOTÁN,19399,CORPORACIÓN MUNICIPAL,14,2,2,0,1,4,281,281,260,260,23,1,0,60,4,41,8,33,56,1,33
1,1,0,241,241,20,https://resultados2019.blob.core.windows.net/201901/194294.jpg,OK,0,4,CHIQUIMULA,JOCOTÁN,19429,CORPORACIÓN MUNICIPAL,7,2,0,0,1,4,170,170,162,162,5,0,0,27,0,30,1,28,69,0,2
1,10,0,400,396,20,https://resultados2019.blob.core.windows.net/201901/194404.jpg,OK,0,4,CHIQUIMULA,JOCOTÁN,19440,CORPORACIÓN MUNICIPAL,36,2,2,0,1,4,262,262,216,216,7,3,0,31,0,36,1,76,42,4,16
1,4,0,380,376,20,https://resultados2019.blob.core.windows.net/201901/194244.jpg,OK,0,4,CHIQUIMULA,JOCOTÁN,19424,CORPORACIÓN MUNICIPAL,39,2,2,0,1,4,281,281,238,238,4,2,0,35,1,68,0,27,94,0,7
1,0,0,211,211,20,https://resultados2019.blob.core.windows.net/201901/194384.jpg,OK,0,4,CHIQUIMULA,JOCOTÁN,19438,CORPORACIÓN MUNICIPAL,12,2,2,0,1,4,146,146,134,134,6,0,1,26,5,15,3,30,39,0,9
1,5,0,380,188,20,https://resultados2019.blob.core.windows.net/201901/194274.jpg,OK,0,4,CHIQUIMULA,JOCOTÁN,19427,CORPORACIÓN MUNICIPAL,13,2,2,0,1,4,250,250,232,232,12,2,0,56,0,32,1,42,83,0,4
1,3,0,400,400,20,https://resultados2019.blob.core.windows.net/201901/193974.jpg,OK,0,4,CHIQUIMULA,JOCOTÁN,19397,CORPORACIÓN MUNICIPAL,16,2,2,0,1,4,289,289,270,270,11,3,0,53,2,56,7,26,90,0,22
1,7,0,400,400,20,https://resultados2019.blob.core.windows.net/201901/193944.jpg,OK,0,4,CHIQUIMULA,JOCOTÁN,19394,CORPORACIÓN MUNICIPAL,14,2,2,0,1,4,287,287,266,266,27,2,1,54,1,38,4,28,64,0,47
1,5,0,211,211,20,https://resultados2019.blob.core.windows.net/201901/194374.jpg,OK,0,4,CHIQUIMULA,JOCOTÁN,19437,CORPORACIÓN MUNICIPAL,3,2,2,0,1,4,139,139,131,131,13,6,1,22,3,27,0,21,32,0,6
1,8,0,400,400,20,https://resultados2019.blob.core.windows.net/201901/194114.jpg,OK,0,4,CHIQUIMULA,JOCOTÁN,19411,CORPORACIÓN MUNICIPAL,19,2,2,0,1,4,304,304,277,277,11,2,1,58,3,69,2,47,74,2,8
0,3,0,400,396,20,https://resultados2019.blob.core.windows.net/201901/194434.jpg,OK,0,4,CHIQUIMULA,JOCOTÁN,19443,CORPORACIÓN MUNICIPAL,29,2,2,0,1,4,286,281,249,254,13,1,2,73,4,54,7,36,33,1,25
1,16,0,400,396,20,https://resultados2019.blob.core.windows.net/201901/194614.jpg,OK,0,4,CHIQUIMULA,JOCOTÁN,19461,CORPORACIÓN MUNICIPAL,22,2,2,0,1,4,300,300,262,262,29,1,1,64,0,75,8,10,54,0,20
1,6,0,380,380,20,https://resultados2019.blob.core.windows.net/201901/194664.jpg,OK,0,4,CHIQUIMULA,JOCOTÁN,19466,CORPORACIÓN MUNICIPAL,21,2,2,0,1,4,316,316,289,289,16,5,9,96,3,83,4,11,50,0,12
1,7,0,400,396,20,https://resultados2019.blob.core.windows.net/201901/194514.jpg,OK,0,4,CHIQUIMULA,JOCOTÁN,19451,CORPORACIÓN MUNICIPAL,12,2,2,0,1,4,323,323,304,304,2,3,1,27,0,103,1,64,96,0,7
1,11,0,400,396,20,https://resultados2019.blob.core.windows.net/201901/194124.jpg,OK,0,4,CHIQUIMULA,JOCOTÁN,19412,CORPORACIÓN MUNICIPAL,18,2,2,0,1,4,316,316,287,287,62,3,1,23,2,47,1,45,73,0,30
0,8,0,380,376,20,https://resultados2019.blob.core.windows.net/201901/194354.jpg,OK,2,4,CHIQUIMULA,JOCOTÁN,19435,CORPORACIÓN MUNICIPAL,25,2,2,0,1,4,231,232,199,198,35,4,1,30,2,36,5,29,50,1,6
