ACTACUADRA,BLANCOS,CNTIMPUGNA,CNTINSCRITOS,CNTPAPELETAS,DEP,IMGSRC,IMGSTATUS,INVALIDOS,MUN,NDEP,NMUN,NROMESA,NTE,NULOS,STACTA,STESCAN,STFISIC,STTRANS,TIPOELECCION,TOTALACTA,TOTALVOTOS,VOTOSVALIDOS,VOTOSVALIDOSACTA,voto_EG,voto_FCN-NACION,voto_TODOS,voto_UCN,voto_UNE,voto_VIVA
1,6,0,400,398,20,https://resultados2019.blob.core.windows.net/201901/195534.jpg,OK,0,6,CHIQUIMULA,OLOPA,19553,CORPORACIÓN MUNICIPAL,17,2,2,0,1,4,291,291,268,268,24,3,77,61,51,52
1,2,0,400,400,20,https://resultados2019.blob.core.windows.net/201901/195514.jpg,OK,0,6,CHIQUIMULA,OLOPA,19551,CORPORACIÓN MUNICIPAL,14,2,2,0,1,4,306,306,290,290,14,2,80,80,48,66
1,5,0,380,380,20,https://resultados2019.blob.core.windows.net/201901/195774.jpg,OK,0,6,CHIQUIMULA,OLOPA,19577,CORPORACIÓN MUNICIPAL,20,2,2,0,1,4,312,312,287,287,17,3,49,75,47,96
1,0,0,222,222,20,https://resultados2019.blob.core.windows.net/201901/195764.jpg,OK,0,6,CHIQUIMULA,OLOPA,19576,CORPORACIÓN MUNICIPAL,5,2,2,0,1,4,147,147,142,142,10,1,45,29,30,27
1,2,0,400,400,20,https://resultados2019.blob.core.windows.net/201901/195604.jpg,OK,0,6,CHIQUIMULA,OLOPA,19560,CORPORACIÓN MUNICIPAL,8,2,2,0,1,4,285,285,275,275,9,0,78,60,57,71
1,2,0,380,378,20,https://resultados2019.blob.core.windows.net/201901/195724.jpg,OK,0,6,CHIQUIMULA,OLOPA,19572,CORPORACIÓN MUNICIPAL,22,2,2,0,1,4,293,293,269,269,58,1,57,44,42,67
1,11,0,400,400,20,https://resultados2019.blob.core.windows.net/201901/195574.jpg,OK,0,6,CHIQUIMULA,OLOPA,19557,CORPORACIÓN MUNICIPAL,18,2,2,0,1,4,333,333,304,304,8,1,67,101,54,73
1,4,0,335,335,20,https://resultados2019.blob.core.windows.net/201901/195814.jpg,OK,0,6,CHIQUIMULA,OLOPA,19581,CORPORACIÓN MUNICIPAL,5,2,2,0,1,4,246,246,237,237,12,0,48,53,37,87
1,1,0,223,223,20,https://resultados2019.blob.core.windows.net/201901/195754.jpg,OK,0,6,CHIQUIMULA,OLOPA,19575,CORPORACIÓN MUNICIPAL,4,2,2,0,1,4,138,138,133,133,18,2,37,38,12,26
1,6,0,380,376,20,https://resultados2019.blob.core.windows.net/201901/195804.jpg,OK,0,6,CHIQUIMULA,OLOPA,19580,CORPORACIÓN MUNICIPAL,6,2,2,0,1,4,273,273,261,261,24,0,54,84,18,81
1,5,1,400,400,20,https://resultados2019.blob.core.windows.net/201901/195494.jpg,OK,0,6,CHIQUIMULA,OLOPA,19549,CORPORACIÓN MUNICIPAL,27,2,2,0,1,4,298,298,266,266,16,2,70,55,74,49
1,2,0,246,246,20,https://resultados2019.blob.core.windows.net/201901/195664.jpg,OK,0,6,CHIQUIMULA,OLOPA,19566,CORPORACIÓN MUNICIPAL,5,2,2,0,1,4,197,197,190,190,7,1,44,48,29,61
1,5,0,380,380,20,https://resultados2019.blob.core.windows.net/201901/195744.jpg,OK,0,6,CHIQUIMULA,OLOPA,19574,CORPORACIÓN MUNICIPAL,11,2,2,0,1,4,242,242,226,226,22,2,58,50,46,48
1,4,0,400,400,20,https://resultados2019.blob.core.windows.net/201901/195484.jpg,OK,26,6,CHIQUIMULA,OLOPA,19548,CORPORACIÓN MUNICIPAL,0,2,2,0,1,4,264,264,260,260,12,2,71,49,62,64
1,4,0,400,400,20,https://resultados2019.blob.core.windows.net/201901/195544.jpg,OK,0,6,CHIQUIMULA,OLOPA,19554,CORPORACIÓN MUNICIPAL,13,2,2,0,1,4,298,298,281,281,10,3,82,92,46,48
1,2,0,400,400,20,https://resultados2019.blob.core.windows.net/201901/195644.jpg,OK,0,6,CHIQUIMULA,OLOPA,19564,CORPORACIÓN MUNICIPAL,3,2,2,0,1,4,295,295,290,290,14,3,72,69,49,83
1,3,0,380,380,20,https://resultados2019.blob.core.windows.net/201901/195734.jpg,OK,0,6,CHIQUIMULA,OLOPA,19573,CORPORACIÓN MUNICIPAL,17,2,2,0,1,4,228,228,208,208,30,2,51,49,28,48
1,10,0,400,400,20,https://resultados2019.blob.core.windows.net/201901/195524.jpg,OK,0,6,CHIQUIMULA,OLOPA,19552,CORPORACIÓN MUNICIPAL,21,2,2,0,1,4,309,309,278,278,12,3,67,77,53,66
1,7,0,400,400,20,https://resultados2019.blob.core.windows.net/201901/195564.jpg,OK,0,6,CHIQUIMULA,OLOPA,19556,CORPORACIÓN MUNICIPAL,22,2,2,0,1,4,334,334,305,305,12,3,65,101,69,55
1,4,0,380,380,20,https://resultados2019.blob.core.windows.net/201901/195784.jpg,OK,0,6,CHIQUIMULA,OLOPA,19578,CORPORACIÓN MUNICIPAL,14,2,2,0,1,4,309,309,291,291,24,1,46,63,74,83
1,3,2,400,400,20,https://resultados2019.blob.core.windows.net/201901/195554.jpg,OK,0,6,CHIQUIMULA,OLOPA,19555,CORPORACIÓN MUNICIPAL,11,2,2,0,1,4,317,317,303,303,25,10,75,89,73,31
1,1,0,400,400,20,https://resultados2019.blob.core.windows.net/201901/195634.jpg,OK,1,6,CHIQUIMULA,OLOPA,19563,CORPORACIÓN MUNICIPAL,6,2,2,0,1,4,269,269,262,262,11,0,70,63,50,68
1,1,0,400,400,20,https://resultados2019.blob.core.windows.net/201901/195594.jpg,OK,0,6,CHIQUIMULA,OLOPA,19559,CORPORACIÓN MUNICIPAL,13,2,2,0,1,4,309,309,295,295,13,1,80,96,50,55
1,3,0,245,245,20,https://resultados2019.blob.core.windows.net/201901/195674.jpg,OK,0,6,CHIQUIMULA,OLOPA,19567,CORPORACIÓN MUNICIPAL,4,2,2,0,1,4,163,163,156,156,8,1,41,38,29,39
1,1,0,400,398,20,https://resultados2019.blob.core.windows.net/201901/195614.jpg,OK,0,6,CHIQUIMULA,OLOPA,19561,CORPORACIÓN MUNICIPAL,6,2,2,0,1,4,254,254,247,247,13,2,67,51,55,59
1,7,0,380,378,20,https://resultados2019.blob.core.windows.net/201901/195694.jpg,OK,0,6,CHIQUIMULA,OLOPA,19569,CORPORACIÓN MUNICIPAL,21,2,2,0,1,4,236,236,208,208,8,8,56,44,25,67
1,3,0,400,400,20,https://resultados2019.blob.core.windows.net/201901/195474.jpg,OK,0,6,CHIQUIMULA,OLOPA,19547,CORPORACIÓN MUNICIPAL,11,2,2,0,1,4,247,247,233,233,10,0,59,63,38,63
1,3,0,400,400,20,https://resultados2019.blob.core.windows.net/201901/195584.jpg,OK,0,6,CHIQUIMULA,OLOPA,19558,CORPORACIÓN MUNICIPAL,3,2,2,0,1,4,317,317,311,311,4,3,99,66,73,66
1,5,0,335,335,20,https://resultados2019.blob.core.windows.net/201901/195824.jpg,OK,0,6,CHIQUIMULA,OLOPA,19582,CORPORACIÓN MUNICIPAL,6,2,2,0,1,4,284,284,273,273,3,1,63,76,41,89
1,3,0,400,398,20,https://resultados2019.blob.core.windows.net/201901/195624.jpg,OK,0,6,CHIQUIMULA,OLOPA,19562,CORPORACIÓN MUNICIPAL,5,2,2,0,1,4,258,258,250,250,10,2,61,62,48,67
1,8,0,380,376,20,https://resultados2019.blob.core.windows.net/201901/195794.jpg,OK,0,6,CHIQUIMULA,OLOPA,19579,CORPORACIÓN MUNICIPAL,10,2,2,0,1,4,298,298,280,280,25,1,51,73,30,100
1,7,1,380,380,20,https://resultados2019.blob.core.windows.net/201901/195714.jpg,OK,1,6,CHIQUIMULA,OLOPA,19571,CORPORACIÓN MUNICIPAL,13,2,2,0,1,4,271,271,251,251,44,2,73,49,47,36
1,3,0,400,400,20,https://resultados2019.blob.core.windows.net/201901/195654.jpg,OK,0,6,CHIQUIMULA,OLOPA,19565,CORPORACIÓN MUNICIPAL,2,2,2,0,1,4,318,318,313,313,13,3,75,93,60,69
1,8,0,400,400,20,https://resultados2019.blob.core.windows.net/201901/195504.jpg,OK,0,6,CHIQUIMULA,OLOPA,19550,CORPORACIÓN MUNICIPAL,31,2,2,0,1,4,306,306,267,267,27,2,50,69,74,45
1,3,0,380,379,20,https://resultados2019.blob.core.windows.net/201901/195704.jpg,OK,0,6,CHIQUIMULA,OLOPA,19570,CORPORACIÓN MUNICIPAL,19,2,2,0,1,4,248,248,226,226,15,6,56,42,42,65
1,1,0,380,380,20,https://resultados2019.blob.core.windows.net/201901/195684.jpg,OK,0,6,CHIQUIMULA,OLOPA,19568,CORPORACIÓN MUNICIPAL,18,2,2,0,1,4,286,286,267,267,14,7,48,38,131,29
