ACTACUADRA,BLANCOS,CNTIMPUGNA,CNTINSCRITOS,CNTPAPELETAS,DEP,IMGSRC,IMGSTATUS,INVALIDOS,MUN,NDEP,NMUN,NROMESA,NTE,NULOS,STACTA,STESCAN,STFISIC,STTRANS,TIPOELECCION,TOTALACTA,TOTALVOTOS,VOTOSVALIDOS,VOTOSVALIDOSACTA,voto_BIEN,voto_DESARROLLO,voto_EG,voto_SEMILLA,voto_TODOS,voto_UCN,voto_UNE,voto_VIVA
1,8,0,324,324,20,https://resultados2019.blob.core.windows.net/201901/196374.jpg,OK,0,7,CHIQUIMULA,ESQUIPULAS,19637,CORPORACIÓN MUNICIPAL,14,2,2,0,1,4,178,178,156,156,24,27,1,4,3,51,46,0
1,2,0,364,364,20,https://resultados2019.blob.core.windows.net/201901/196414.jpg,OK,0,7,CHIQUIMULA,ESQUIPULAS,19641,CORPORACIÓN MUNICIPAL,12,2,2,0,1,4,205,205,191,191,30,54,3,1,9,66,23,5
1,9,0,400,400,20,https://resultados2019.blob.core.windows.net/201901/196104.jpg,OK,0,7,CHIQUIMULA,ESQUIPULAS,19610,CORPORACIÓN MUNICIPAL,9,2,2,0,1,4,254,254,236,236,13,71,12,2,19,82,29,8
1,4,0,324,324,20,https://resultados2019.blob.core.windows.net/201901/196364.jpg,OK,0,7,CHIQUIMULA,ESQUIPULAS,19636,CORPORACIÓN MUNICIPAL,16,2,2,0,1,4,213,213,193,193,35,35,0,2,5,47,66,3
1,11,0,380,380,20,https://resultados2019.blob.core.windows.net/201901/196204.jpg,OK,0,7,CHIQUIMULA,ESQUIPULAS,19620,CORPORACIÓN MUNICIPAL,11,2,2,0,1,4,210,210,188,188,14,97,1,1,5,51,12,7
1,3,0,380,380,20,https://resultados2019.blob.core.windows.net/201901/196214.jpg,OK,0,7,CHIQUIMULA,ESQUIPULAS,19621,CORPORACIÓN MUNICIPAL,12,2,2,0,1,4,208,208,193,193,23,103,2,0,0,49,14,2
1,2,0,400,400,20,https://resultados2019.blob.core.windows.net/201901/195884.jpg,OK,0,7,CHIQUIMULA,ESQUIPULAS,19588,CORPORACIÓN MUNICIPAL,7,2,2,0,1,4,296,296,287,287,41,120,7,2,24,50,34,9
1,6,0,380,380,20,https://resultados2019.blob.core.windows.net/201901/196294.jpg,OK,0,7,CHIQUIMULA,ESQUIPULAS,19629,CORPORACIÓN MUNICIPAL,9,2,2,0,1,4,228,228,213,213,28,115,2,0,6,33,27,2
1,4,0,400,399,20,https://resultados2019.blob.core.windows.net/201901/196024.jpg,OK,0,7,CHIQUIMULA,ESQUIPULAS,19602,CORPORACIÓN MUNICIPAL,3,2,2,0,1,4,267,267,260,260,29,84,5,4,25,59,47,7
1,2,0,400,400,20,https://resultados2019.blob.core.windows.net/201901/195994.jpg,OK,0,7,CHIQUIMULA,ESQUIPULAS,19599,CORPORACIÓN MUNICIPAL,7,2,2,0,1,4,290,290,281,281,26,102,5,5,17,64,51,11
1,1,0,400,400,20,https://resultados2019.blob.core.windows.net/201901/195954.jpg,OK,0,7,CHIQUIMULA,ESQUIPULAS,19595,CORPORACIÓN MUNICIPAL,4,2,2,0,1,4,278,278,273,273,28,96,9,7,23,56,41,13
1,0,0,400,400,20,https://resultados2019.blob.core.windows.net/201901/195894.jpg,OK,0,7,CHIQUIMULA,ESQUIPULAS,19589,CORPORACIÓN MUNICIPAL,10,2,2,0,1,4,296,296,286,286,29,102,10,5,23,61,49,7
1,3,0,247,247,20,https://resultados2019.blob.core.windows.net/201901/196304.jpg,OK,0,7,CHIQUIMULA,ESQUIPULAS,19630,CORPORACIÓN MUNICIPAL,7,2,2,0,1,4,146,146,136,136,13,78,1,2,3,28,9,2
1,2,0,400,399,20,https://resultados2019.blob.core.windows.net/201901/196094.jpg,OK,0,7,CHIQUIMULA,ESQUIPULAS,19609,CORPORACIÓN MUNICIPAL,7,2,2,0,1,4,260,260,251,251,11,69,13,4,17,97,31,9
1,3,0,400,400,20,https://resultados2019.blob.core.windows.net/201901/195974.jpg,OK,0,7,CHIQUIMULA,ESQUIPULAS,19597,CORPORACIÓN MUNICIPAL,4,2,2,0,1,4,289,289,282,282,35,118,5,10,19,52,38,5
1,3,0,365,332,20,https://resultados2019.blob.core.windows.net/201901/196404.jpg,OK,0,7,CHIQUIMULA,ESQUIPULAS,19640,CORPORACIÓN MUNICIPAL,13,2,2,0,1,4,197,197,181,181,16,59,3,1,5,70,16,11
1,5,0,400,400,20,https://resultados2019.blob.core.windows.net/201901/195864.jpg,OK,0,7,CHIQUIMULA,ESQUIPULAS,19586,CORPORACIÓN MUNICIPAL,18,2,2,0,1,4,297,297,274,274,30,112,7,2,23,62,26,12
1,7,0,380,380,20,https://resultados2019.blob.core.windows.net/201901/196334.jpg,OK,0,7,CHIQUIMULA,ESQUIPULAS,19633,CORPORACIÓN MUNICIPAL,13,2,2,0,1,4,210,210,190,190,25,43,2,2,5,68,42,3
1,1,0,400,399,20,https://resultados2019.blob.core.windows.net/201901/196034.jpg,OK,1,7,CHIQUIMULA,ESQUIPULAS,19603,CORPORACIÓN MUNICIPAL,1,2,2,0,1,4,297,297,295,295,43,99,8,8,21,67,43,6
1,10,0,398,398,20,https://resultados2019.blob.core.windows.net/201901/196434.jpg,OK,0,7,CHIQUIMULA,ESQUIPULAS,19643,CORPORACIÓN MUNICIPAL,5,2,2,0,1,4,252,252,237,237,14,68,10,3,14,71,44,13
1,2,0,400,400,20,https://resultados2019.blob.core.windows.net/201901/195914.jpg,OK,0,7,CHIQUIMULA,ESQUIPULAS,19591,CORPORACIÓN MUNICIPAL,5,2,2,0,1,4,307,307,300,300,36,145,4,2,28,48,28,9
1,7,0,380,380,20,https://resultados2019.blob.core.windows.net/201901/196264.jpg,OK,0,7,CHIQUIMULA,ESQUIPULAS,19626,CORPORACIÓN MUNICIPAL,14,2,2,0,1,4,233,233,212,212,31,119,1,0,4,27,27,3
1,0,0,400,400,20,https://resultados2019.blob.core.windows.net/201901/195984.jpg,OK,0,7,CHIQUIMULA,ESQUIPULAS,19598,CORPORACIÓN MUNICIPAL,5,2,2,0,1,4,293,293,288,288,42,92,5,3,25,66,45,10
1,2,0,400,400,20,https://resultados2019.blob.core.windows.net/201901/196144.jpg,OK,0,7,CHIQUIMULA,ESQUIPULAS,19614,CORPORACIÓN MUNICIPAL,12,2,2,0,1,4,256,256,242,242,19,73,14,1,13,86,28,8
1,5,0,247,248,20,https://resultados2019.blob.core.windows.net/201901/196314.jpg,OK,0,7,CHIQUIMULA,ESQUIPULAS,19631,CORPORACIÓN MUNICIPAL,2,2,2,0,1,4,140,140,133,133,16,65,0,1,4,36,8,3
1,8,0,380,379,20,https://resultados2019.blob.core.windows.net/201901/196384.jpg,OK,0,7,CHIQUIMULA,ESQUIPULAS,19638,CORPORACIÓN MUNICIPAL,13,2,2,0,1,4,230,230,209,209,19,68,3,1,9,76,27,6
1,1,0,400,400,20,https://resultados2019.blob.core.windows.net/201901/196154.jpg,OK,0,7,CHIQUIMULA,ESQUIPULAS,19615,CORPORACIÓN MUNICIPAL,8,2,0,0,1,4,261,261,252,252,20,83,13,2,18,78,31,7
1,8,0,380,380,20,https://resultados2019.blob.core.windows.net/201901/196244.jpg,OK,0,7,CHIQUIMULA,ESQUIPULAS,19624,CORPORACIÓN MUNICIPAL,8,2,2,0,1,4,217,217,201,201,22,100,1,0,5,37,31,5
1,4,0,400,400,20,https://resultados2019.blob.core.windows.net/201901/196114.jpg,OK,0,7,CHIQUIMULA,ESQUIPULAS,19611,CORPORACIÓN MUNICIPAL,11,2,2,0,1,4,256,256,241,241,20,77,11,3,11,76,30,13
1,2,0,400,405,20,https://resultados2019.blob.core.windows.net/201901/195874.jpg,OK,0,7,CHIQUIMULA,ESQUIPULAS,19587,CORPORACIÓN MUNICIPAL,5,2,2,0,1,4,281,281,274,274,24,111,8,4,16,66,33,12
1,2,0,400,400,20,https://resultados2019.blob.core.windows.net/201901/195904.jpg,OK,0,7,CHIQUIMULA,ESQUIPULAS,19590,CORPORACIÓN MUNICIPAL,9,2,2,0,1,4,294,294,283,283,36,126,9,3,21,50,31,7
1,5,0,400,400,20,https://resultados2019.blob.core.windows.net/201901/196174.jpg,OK,0,7,CHIQUIMULA,ESQUIPULAS,19617,CORPORACIÓN MUNICIPAL,3,2,2,0,1,4,241,241,233,233,16,81,4,1,19,83,21,8
1,2,0,221,221,20,https://resultados2019.blob.core.windows.net/201901/196194.jpg,OK,0,7,CHIQUIMULA,ESQUIPULAS,19619,CORPORACIÓN MUNICIPAL,2,2,2,0,1,4,160,160,156,156,13,49,5,1,4,52,25,7
1,3,0,380,384,20,https://resultados2019.blob.core.windows.net/201901/196354.jpg,OK,0,7,CHIQUIMULA,ESQUIPULAS,19635,CORPORACIÓN MUNICIPAL,21,2,2,0,1,4,223,223,199,199,40,37,4,1,4,61,52,0
1,0,0,400,400,20,https://resultados2019.blob.core.windows.net/201901/196044.jpg,OK,3,7,CHIQUIMULA,ESQUIPULAS,19604,CORPORACIÓN MUNICIPAL,3,2,2,0,1,4,328,328,325,325,44,111,9,1,14,85,51,10
1,4,0,380,380,20,https://resultados2019.blob.core.windows.net/201901/196254.jpg,OK,0,7,CHIQUIMULA,ESQUIPULAS,19625,CORPORACIÓN MUNICIPAL,17,2,2,0,1,4,244,244,223,223,37,126,0,0,6,19,33,2
1,3,0,400,399,20,https://resultados2019.blob.core.windows.net/201901/195844.jpg,OK,0,7,CHIQUIMULA,ESQUIPULAS,19584,CORPORACIÓN MUNICIPAL,8,2,2,0,1,4,283,283,272,272,28,101,6,4,15,60,44,14
1,2,0,259,259,20,https://resultados2019.blob.core.windows.net/201901/196064.jpg,OK,0,7,CHIQUIMULA,ESQUIPULAS,19606,CORPORACIÓN MUNICIPAL,2,2,2,0,1,4,165,165,161,161,16,44,4,5,9,52,24,7
1,4,0,400,400,20,https://resultados2019.blob.core.windows.net/201901/195834.jpg,OK,0,7,CHIQUIMULA,ESQUIPULAS,19583,CORPORACIÓN MUNICIPAL,8,2,2,0,1,4,283,283,271,271,24,95,2,1,18,66,54,11
1,2,0,400,400,20,https://resultados2019.blob.core.windows.net/201901/195964.jpg,OK,0,7,CHIQUIMULA,ESQUIPULAS,19596,CORPORACIÓN MUNICIPAL,3,2,2,0,1,4,273,273,268,268,39,86,8,6,17,56,46,10
1,4,0,380,380,20,https://resultados2019.blob.core.windows.net/201901/196234.jpg,OK,0,7,CHIQUIMULA,ESQUIPULAS,19623,CORPORACIÓN MUNICIPAL,11,2,2,0,1,4,221,221,206,206,25,103,1,1,4,40,27,5
1,0,0,259,259,20,https://resultados2019.blob.core.windows.net/201901/196054.jpg,OK,0,7,CHIQUIMULA,ESQUIPULAS,19605,CORPORACIÓN MUNICIPAL,0,2,2,0,1,4,224,224,224,224,30,74,2,3,23,56,28,8
1,1,0,400,400,20,https://resultados2019.blob.core.windows.net/201901/196014.jpg,OK,0,7,CHIQUIMULA,ESQUIPULAS,19601,CORPORACIÓN MUNICIPAL,10,2,2,0,1,4,282,282,271,271,35,89,7,6,13,68,48,5
1,4,0,400,400,20,https://resultados2019.blob.core.windows.net/201901/195854.jpg,OK,0,7,CHIQUIMULA,ESQUIPULAS,19585,CORPORACIÓN MUNICIPAL,11,2,2,0,1,4,289,289,274,274,24,121,9,0,15,60,41,4
1,4,0,400,400,20,https://resultados2019.blob.core.windows.net/201901/196084.jpg,OK,0,7,CHIQUIMULA,ESQUIPULAS,19608,CORPORACIÓN MUNICIPAL,12,2,2,0,1,4,262,262,246,246,14,84,5,2,25,71,34,11
1,4,0,380,382,20,https://resultados2019.blob.core.windows.net/201901/196274.jpg,OK,0,7,CHIQUIMULA,ESQUIPULAS,19627,CORPORACIÓN MUNICIPAL,11,2,2,0,1,4,194,194,179,179,17,103,2,1,2,30,18,6
1,4,0,400,401,20,https://resultados2019.blob.core.windows.net/201901/196074.jpg,OK,1,7,CHIQUIMULA,ESQUIPULAS,19607,CORPORACIÓN MUNICIPAL,7,2,2,0,1,4,258,258,247,247,10,85,9,2,18,73,42,8
1,1,0,400,400,20,https://resultados2019.blob.core.windows.net/201901/195924.jpg,OK,0,7,CHIQUIMULA,ESQUIPULAS,19592,CORPORACIÓN MUNICIPAL,7,2,2,0,1,4,282,282,274,274,35,97,4,4,17,58,50,9
1,2,0,397,397,20,https://resultados2019.blob.core.windows.net/201901/196444.jpg,OK,0,7,CHIQUIMULA,ESQUIPULAS,19644,CORPORACIÓN MUNICIPAL,9,2,2,0,1,4,255,255,244,244,15,62,11,3,10,72,52,19
1,1,0,400,400,20,https://resultados2019.blob.core.windows.net/201901/196124.jpg,OK,0,7,CHIQUIMULA,ESQUIPULAS,19612,CORPORACIÓN MUNICIPAL,13,2,2,0,1,4,272,272,258,258,29,98,7,3,12,60,29,20
1,3,0,600,600,20,https://resultados2019.blob.core.windows.net/201901/196454.jpg,OK,0,7,CHIQUIMULA,ESQUIPULAS,19645,CORPORACIÓN MUNICIPAL,10,2,2,0,1,4,226,226,213,213,24,80,7,4,12,53,27,6
1,3,0,400,400,20,https://resultados2019.blob.core.windows.net/201901/196004.jpg,OK,0,7,CHIQUIMULA,ESQUIPULAS,19600,CORPORACIÓN MUNICIPAL,12,2,2,0,1,4,279,279,264,264,19,107,7,2,11,63,50,5
1,6,0,524,524,20,https://resultados2019.blob.core.windows.net/201901/196474.jpg,OK,0,7,CHIQUIMULA,ESQUIPULAS,19647,CORPORACIÓN MUNICIPAL,13,2,2,0,1,4,219,219,200,200,23,75,6,2,17,41,29,7
1,11,0,380,381,20,https://resultados2019.blob.core.windows.net/201901/196394.jpg,OK,0,7,CHIQUIMULA,ESQUIPULAS,19639,CORPORACIÓN MUNICIPAL,16,2,2,0,1,4,244,244,217,217,23,69,4,0,13,69,23,16
1,3,0,600,600,20,https://resultados2019.blob.core.windows.net/201901/196464.jpg,OK,0,7,CHIQUIMULA,ESQUIPULAS,19646,CORPORACIÓN MUNICIPAL,10,2,2,0,1,4,194,194,181,181,19,80,5,4,11,42,14,6
1,1,0,222,222,20,https://resultados2019.blob.core.windows.net/201901/196184.jpg,OK,0,7,CHIQUIMULA,ESQUIPULAS,19618,CORPORACIÓN MUNICIPAL,3,2,2,0,1,4,153,153,149,149,18,43,2,0,10,48,17,11
1,11,0,380,380,20,https://resultados2019.blob.core.windows.net/201901/196224.jpg,OK,0,7,CHIQUIMULA,ESQUIPULAS,19622,CORPORACIÓN MUNICIPAL,15,2,2,0,1,4,221,221,195,195,26,106,1,0,5,34,19,4
1,1,0,524,524,20,https://resultados2019.blob.core.windows.net/201901/196484.jpg,OK,0,7,CHIQUIMULA,ESQUIPULAS,19648,CORPORACIÓN MUNICIPAL,8,2,2,0,1,4,70,70,61,61,7,21,1,2,4,17,6,3
1,5,0,400,400,20,https://resultados2019.blob.core.windows.net/201901/196424.jpg,OK,0,7,CHIQUIMULA,ESQUIPULAS,19642,CORPORACIÓN MUNICIPAL,16,2,2,0,1,4,249,249,228,228,15,63,3,2,12,76,45,12
1,0,0,400,400,20,https://resultados2019.blob.core.windows.net/201901/195934.jpg,OK,0,7,CHIQUIMULA,ESQUIPULAS,19593,CORPORACIÓN MUNICIPAL,2,2,2,0,1,4,255,255,253,253,34,77,4,9,22,56,47,4
1,8,0,380,380,20,https://resultados2019.blob.core.windows.net/201901/196324.jpg,OK,0,7,CHIQUIMULA,ESQUIPULAS,19632,CORPORACIÓN MUNICIPAL,23,2,2,0,1,4,223,223,192,192,24,37,4,3,2,42,77,3
1,5,0,380,380,20,https://resultados2019.blob.core.windows.net/201901/196344.jpg,OK,0,7,CHIQUIMULA,ESQUIPULAS,19634,CORPORACIÓN MUNICIPAL,14,2,2,0,1,4,207,207,188,188,18,54,3,1,1,44,65,2
0,7,0,400,398,20,https://resultados2019.blob.core.windows.net/201901/196164.jpg,OK,0,7,CHIQUIMULA,ESQUIPULAS,19616,CORPORACIÓN MUNICIPAL,5,2,2,0,1,4,275,235,223,263,19,87,7,2,15,43,43,7
1,3,0,400,404,20,https://resultados2019.blob.core.windows.net/201901/195944.jpg,OK,0,7,CHIQUIMULA,ESQUIPULAS,19594,CORPORACIÓN MUNICIPAL,8,2,2,0,1,4,279,279,268,268,30,87,6,2,14,72,46,11
1,3,0,400,400,20,https://resultados2019.blob.core.windows.net/201901/196134.jpg,OK,0,7,CHIQUIMULA,ESQUIPULAS,19613,CORPORACIÓN MUNICIPAL,4,2,2,0,1,4,231,231,224,224,16,65,4,2,10,83,35,9
1,5,0,380,380,20,https://resultados2019.blob.core.windows.net/201901/196284.jpg,OK,0,7,CHIQUIMULA,ESQUIPULAS,19628,CORPORACIÓN MUNICIPAL,7,2,2,0,1,4,211,211,199,199,22,101,1,0,2,39,25,9
