ACTACUADRA,BLANCOS,CNTIMPUGNA,CNTINSCRITOS,CNTPAPELETAS,DEP,IMGSRC,IMGSTATUS,INVALIDOS,MUN,NDEP,NMUN,NROMESA,NTE,NULOS,STACTA,STESCAN,STFISIC,STTRANS,TIPOELECCION,TOTALACTA,TOTALVOTOS,VOTOSVALIDOS,VOTOSVALIDOSACTA,voto_BIEN,voto_FCN-NACION,voto_UCN,voto_UNE,voto_VALOR,voto_VAMOS
1,3,0,400,401,21,https://resultados2019.blob.core.windows.net/201901/200934.jpg,OK,0,4,JALAPA,SAN MANUEL CHAPARRÓN,20093,CORPORACIÓN MUNICIPAL,8,2,2,0,1,4,322,322,311,311,63,55,79,113,0,1
1,2,0,400,400,21,https://resultados2019.blob.core.windows.net/201901/200954.jpg,OK,0,4,JALAPA,SAN MANUEL CHAPARRÓN,20095,CORPORACIÓN MUNICIPAL,3,2,2,0,1,4,298,298,293,293,79,64,82,68,0,0
1,1,0,485,485,21,https://resultados2019.blob.core.windows.net/201901/201024.jpg,OK,0,4,JALAPA,SAN MANUEL CHAPARRÓN,20102,CORPORACIÓN MUNICIPAL,6,2,2,0,1,4,139,139,132,132,22,32,34,39,3,2
1,2,0,400,400,21,https://resultados2019.blob.core.windows.net/201901/200994.jpg,OK,0,4,JALAPA,SAN MANUEL CHAPARRÓN,20099,CORPORACIÓN MUNICIPAL,4,2,2,0,1,4,310,310,304,304,61,51,81,110,0,1
1,3,0,400,0,21,https://resultados2019.blob.core.windows.net/201901/200884.jpg,OK,0,4,JALAPA,SAN MANUEL CHAPARRÓN,20088,CORPORACIÓN MUNICIPAL,13,2,2,0,1,4,313,313,297,297,67,73,78,76,1,2
1,2,0,400,396,21,https://resultados2019.blob.core.windows.net/201901/200904.jpg,OK,0,4,JALAPA,SAN MANUEL CHAPARRÓN,20090,CORPORACIÓN MUNICIPAL,11,2,2,0,1,4,322,322,309,309,65,51,87,103,1,2
1,0,0,360,360,21,https://resultados2019.blob.core.windows.net/201901/201004.jpg,OK,0,4,JALAPA,SAN MANUEL CHAPARRÓN,20100,CORPORACIÓN MUNICIPAL,4,2,2,0,1,4,298,298,294,294,67,59,87,80,0,1
1,1,0,400,0,21,https://resultados2019.blob.core.windows.net/201901/200974.jpg,OK,0,4,JALAPA,SAN MANUEL CHAPARRÓN,20097,CORPORACIÓN MUNICIPAL,4,2,2,0,1,4,286,286,281,281,61,52,89,77,1,1
1,3,0,400,406,21,https://resultados2019.blob.core.windows.net/201901/200894.jpg,OK,0,4,JALAPA,SAN MANUEL CHAPARRÓN,20089,CORPORACIÓN MUNICIPAL,11,2,2,0,1,4,319,319,305,305,84,65,75,78,0,3
1,2,0,400,396,21,https://resultados2019.blob.core.windows.net/201901/200964.jpg,OK,0,4,JALAPA,SAN MANUEL CHAPARRÓN,20096,CORPORACIÓN MUNICIPAL,2,2,2,0,1,4,280,280,276,276,65,47,67,88,3,6
1,8,0,400,400,21,https://resultados2019.blob.core.windows.net/201901/200874.jpg,OK,0,4,JALAPA,SAN MANUEL CHAPARRÓN,20087,CORPORACIÓN MUNICIPAL,12,2,2,0,1,4,304,304,284,284,50,80,63,86,3,2
1,1,1,400,393,21,https://resultados2019.blob.core.windows.net/201901/200914.jpg,OK,0,4,JALAPA,SAN MANUEL CHAPARRÓN,20091,CORPORACIÓN MUNICIPAL,10,2,2,0,1,4,333,333,322,322,52,48,121,97,3,1
1,4,0,360,360,21,https://resultados2019.blob.core.windows.net/201901/201014.jpg,OK,0,4,JALAPA,SAN MANUEL CHAPARRÓN,20101,CORPORACIÓN MUNICIPAL,2,2,2,0,1,4,260,260,254,254,65,42,66,79,1,1
1,7,0,400,0,21,https://resultados2019.blob.core.windows.net/201901/200924.jpg,OK,0,4,JALAPA,SAN MANUEL CHAPARRÓN,20092,CORPORACIÓN MUNICIPAL,10,2,2,0,1,4,332,332,315,315,66,72,74,100,1,2
1,5,0,400,400,21,https://resultados2019.blob.core.windows.net/201901/200944.jpg,OK,0,4,JALAPA,SAN MANUEL CHAPARRÓN,20094,CORPORACIÓN MUNICIPAL,5,2,2,0,1,4,305,305,295,295,73,65,79,74,3,1
1,5,0,400,400,21,https://resultados2019.blob.core.windows.net/201901/200984.jpg,OK,0,4,JALAPA,SAN MANUEL CHAPARRÓN,20098,CORPORACIÓN MUNICIPAL,2,2,2,0,1,4,298,298,291,291,84,69,51,84,2,1
