ACTACUADRA,BLANCOS,CNTIMPUGNA,CNTINSCRITOS,CNTPAPELETAS,DEP,IMGSRC,IMGSTATUS,INVALIDOS,MUN,NDEP,NMUN,NROMESA,NTE,NULOS,STACTA,STESCAN,STFISIC,STTRANS,TIPOELECCION,TOTALACTA,TOTALVOTOS,VOTOSVALIDOS,VOTOSVALIDOSACTA,voto_BIEN,voto_FCN-NACION,voto_MLP,voto_PHG,voto_UCN,voto_UNE,voto_VALOR,voto_VAMOS,voto_VICTORIA,voto_VIVA
1,6,0,400,400,21,https://resultados2019.blob.core.windows.net/201901/201934.jpg,OK,0,7,JALAPA,MATAQUESCUINTLA,20193,CORPORACIÓN MUNICIPAL,20,2,2,0,1,4,276,276,250,250,72,5,7,0,3,108,31,8,4,12
1,2,0,288,0,21,https://resultados2019.blob.core.windows.net/201901/202244.jpg,OK,0,7,JALAPA,MATAQUESCUINTLA,20224,CORPORACIÓN MUNICIPAL,5,2,2,0,1,4,153,153,146,146,31,5,9,0,0,60,27,10,3,1
1,13,0,400,0,21,https://resultados2019.blob.core.windows.net/201901/201814.jpg,OK,0,7,JALAPA,MATAQUESCUINTLA,20181,CORPORACIÓN MUNICIPAL,10,2,2,0,1,4,292,292,269,269,52,13,9,4,1,124,52,2,9,3
1,1,0,400,398,21,https://resultados2019.blob.core.windows.net/201901/201924.jpg,OK,0,7,JALAPA,MATAQUESCUINTLA,20192,CORPORACIÓN MUNICIPAL,17,2,2,0,1,4,280,280,262,262,60,14,9,3,2,125,39,3,0,7
1,1,0,407,407,21,https://resultados2019.blob.core.windows.net/201901/202314.jpg,OK,0,7,JALAPA,MATAQUESCUINTLA,20231,CORPORACIÓN MUNICIPAL,4,2,2,0,1,4,107,107,102,102,32,5,1,1,2,32,19,2,4,4
1,3,0,380,376,21,https://resultados2019.blob.core.windows.net/201901/202084.jpg,OK,0,7,JALAPA,MATAQUESCUINTLA,20208,CORPORACIÓN MUNICIPAL,12,2,2,0,1,4,231,231,216,216,37,20,10,2,7,105,22,6,2,5
1,5,0,380,0,21,https://resultados2019.blob.core.windows.net/201901/202144.jpg,OK,2,7,JALAPA,MATAQUESCUINTLA,20214,CORPORACIÓN MUNICIPAL,9,2,2,0,1,4,218,218,204,204,39,11,32,0,0,59,30,20,2,11
1,1,0,256,256,21,https://resultados2019.blob.core.windows.net/201901/202284.jpg,OK,0,7,JALAPA,MATAQUESCUINTLA,20228,CORPORACIÓN MUNICIPAL,8,2,2,0,1,4,120,120,111,111,6,3,18,0,7,28,34,9,1,5
1,0,0,304,304,21,https://resultados2019.blob.core.windows.net/201901/201884.jpg,OK,0,7,JALAPA,MATAQUESCUINTLA,20188,CORPORACIÓN MUNICIPAL,1,2,2,0,1,4,218,218,217,217,67,17,2,3,2,64,46,3,6,7
1,6,0,380,374,21,https://resultados2019.blob.core.windows.net/201901/202224.jpg,OK,0,7,JALAPA,MATAQUESCUINTLA,20222,CORPORACIÓN MUNICIPAL,9,2,2,0,1,4,203,203,188,188,37,13,11,1,2,67,35,12,6,4
0,0,0,400,400,21,https://resultados2019.blob.core.windows.net/201901/201844.jpg,OK,0,7,JALAPA,MATAQUESCUINTLA,20184,CORPORACIÓN MUNICIPAL,7,2,2,0,1,4,251,311,304,244,56,17,9,0,1,171,36,5,4,5
0,3,0,600,600,21,https://resultados2019.blob.core.windows.net/201901/202294.jpg,OK,0,7,JALAPA,MATAQUESCUINTLA,20229,CORPORACIÓN MUNICIPAL,12,2,2,0,1,4,196,186,171,171,45,4,9,2,4,64,33,7,1,2
1,13,0,380,376,21,https://resultados2019.blob.core.windows.net/201901/202054.jpg,OK,0,7,JALAPA,MATAQUESCUINTLA,20205,CORPORACIÓN MUNICIPAL,13,2,2,0,1,4,234,234,208,208,41,4,9,0,6,112,23,7,3,3
1,8,0,288,288,21,https://resultados2019.blob.core.windows.net/201901/202234.jpg,OK,0,7,JALAPA,MATAQUESCUINTLA,20223,CORPORACIÓN MUNICIPAL,12,2,2,0,1,4,155,155,135,135,29,2,5,0,0,53,31,13,0,2
1,4,0,400,400,21,https://resultados2019.blob.core.windows.net/201901/201764.jpg,OK,0,7,JALAPA,MATAQUESCUINTLA,20176,CORPORACIÓN MUNICIPAL,6,2,2,0,1,4,247,247,237,237,57,15,8,1,4,90,45,2,7,8
1,8,0,380,379,21,https://resultados2019.blob.core.windows.net/201901/202064.jpg,OK,0,7,JALAPA,MATAQUESCUINTLA,20206,CORPORACIÓN MUNICIPAL,4,2,2,0,1,4,243,243,231,231,27,4,25,0,5,137,16,10,4,3
1,3,0,400,400,21,https://resultados2019.blob.core.windows.net/201901/201894.jpg,OK,0,7,JALAPA,MATAQUESCUINTLA,20189,CORPORACIÓN MUNICIPAL,10,2,2,0,1,4,286,286,273,273,70,7,3,3,2,127,41,8,7,5
1,7,0,380,376,21,https://resultados2019.blob.core.windows.net/201901/202204.jpg,OK,0,7,JALAPA,MATAQUESCUINTLA,20220,CORPORACIÓN MUNICIPAL,16,2,2,0,1,4,261,261,238,238,37,13,5,0,1,111,54,9,3,5
1,3,0,400,401,21,https://resultados2019.blob.core.windows.net/201901/202004.jpg,OK,0,7,JALAPA,MATAQUESCUINTLA,20200,CORPORACIÓN MUNICIPAL,6,2,2,0,1,4,265,265,256,256,85,11,2,0,4,107,37,3,1,6
1,5,0,400,400,21,https://resultados2019.blob.core.windows.net/201901/201804.jpg,OK,0,7,JALAPA,MATAQUESCUINTLA,20180,CORPORACIÓN MUNICIPAL,9,2,2,0,1,4,255,255,241,241,61,11,9,1,4,108,39,3,1,4
1,1,0,400,399,21,https://resultados2019.blob.core.windows.net/201901/201974.jpg,OK,0,7,JALAPA,MATAQUESCUINTLA,20197,CORPORACIÓN MUNICIPAL,3,2,2,0,1,4,239,239,235,235,68,9,7,0,0,101,36,0,5,9
1,4,0,400,400,21,https://resultados2019.blob.core.windows.net/201901/201784.jpg,OK,0,7,JALAPA,MATAQUESCUINTLA,20178,CORPORACIÓN MUNICIPAL,16,2,2,0,1,4,252,252,232,232,46,17,10,0,1,94,47,5,6,6
1,5,0,380,375,21,https://resultados2019.blob.core.windows.net/201901/202254.jpg,OK,0,7,JALAPA,MATAQUESCUINTLA,20225,CORPORACIÓN MUNICIPAL,38,2,2,0,1,4,201,201,158,158,3,4,28,1,9,55,39,13,4,2
1,1,0,380,378,21,https://resultados2019.blob.core.windows.net/201901/202124.jpg,OK,0,7,JALAPA,MATAQUESCUINTLA,20212,CORPORACIÓN MUNICIPAL,20,2,2,0,1,4,200,200,179,179,33,18,22,0,2,60,29,5,1,9
1,3,0,400,400,21,https://resultados2019.blob.core.windows.net/201901/201854.jpg,OK,0,7,JALAPA,MATAQUESCUINTLA,20185,CORPORACIÓN MUNICIPAL,3,2,2,0,1,4,271,271,265,265,83,12,7,1,1,99,46,5,5,6
1,0,0,387,387,21,https://resultados2019.blob.core.windows.net/201901/202034.jpg,OK,0,7,JALAPA,MATAQUESCUINTLA,20203,CORPORACIÓN MUNICIPAL,3,2,2,0,1,4,247,247,244,244,101,6,1,3,0,87,32,3,2,9
1,4,0,400,399,21,https://resultados2019.blob.core.windows.net/201901/201774.jpg,OK,0,7,JALAPA,MATAQUESCUINTLA,20177,CORPORACIÓN MUNICIPAL,6,2,2,0,1,4,255,255,245,245,59,11,9,0,4,102,40,8,4,8
0,3,0,229,229,21,https://resultados2019.blob.core.windows.net/201901/202174.jpg,OK,0,7,JALAPA,MATAQUESCUINTLA,20217,CORPORACIÓN MUNICIPAL,7,2,2,0,1,4,99,98,88,88,19,4,15,0,1,27,14,1,0,7
1,4,0,400,396,21,https://resultados2019.blob.core.windows.net/201901/201864.jpg,OK,0,7,JALAPA,MATAQUESCUINTLA,20186,CORPORACIÓN MUNICIPAL,6,2,2,0,1,4,249,249,239,239,75,4,1,0,2,100,40,4,6,7
1,7,0,380,374,21,https://resultados2019.blob.core.windows.net/201901/202264.jpg,OK,0,7,JALAPA,MATAQUESCUINTLA,20226,CORPORACIÓN MUNICIPAL,15,2,2,0,1,4,189,189,167,167,11,4,9,0,14,59,52,11,2,5
1,6,0,380,378,21,https://resultados2019.blob.core.windows.net/201901/202154.jpg,OK,0,7,JALAPA,MATAQUESCUINTLA,20215,CORPORACIÓN MUNICIPAL,11,2,2,0,1,4,214,214,197,197,41,9,28,1,2,45,43,7,3,18
1,5,0,256,256,21,https://resultados2019.blob.core.windows.net/201901/202274.jpg,OK,0,7,JALAPA,MATAQUESCUINTLA,20227,CORPORACIÓN MUNICIPAL,13,2,2,0,1,4,128,128,110,110,5,3,4,0,8,35,48,7,0,0
1,0,0,380,376,21,https://resultados2019.blob.core.windows.net/201901/202094.jpg,OK,0,7,JALAPA,MATAQUESCUINTLA,20209,CORPORACIÓN MUNICIPAL,2,2,2,0,1,4,174,174,172,172,29,7,7,1,2,98,17,8,0,3
1,2,0,304,304,21,https://resultados2019.blob.core.windows.net/201901/201874.jpg,OK,0,7,JALAPA,MATAQUESCUINTLA,20187,CORPORACIÓN MUNICIPAL,2,2,2,0,1,4,194,194,190,190,54,9,6,0,0,70,31,1,5,14
1,5,0,233,233,21,https://resultados2019.blob.core.windows.net/201901/202104.jpg,OK,8,7,JALAPA,MATAQUESCUINTLA,20210,CORPORACIÓN MUNICIPAL,0,2,2,0,1,4,91,91,86,86,13,1,0,0,0,52,13,3,1,3
1,9,0,380,380,21,https://resultados2019.blob.core.windows.net/201901/202134.jpg,OK,0,7,JALAPA,MATAQUESCUINTLA,20213,CORPORACIÓN MUNICIPAL,13,2,2,0,1,4,228,228,206,206,44,17,20,0,2,62,47,10,3,1
0,2,0,400,400,21,https://resultados2019.blob.core.windows.net/201901/201964.jpg,OK,0,7,JALAPA,MATAQUESCUINTLA,20196,CORPORACIÓN MUNICIPAL,6,2,2,0,1,4,275,276,268,267,76,9,4,5,3,100,52,4,8,7
1,0,0,400,400,21,https://resultados2019.blob.core.windows.net/201901/202014.jpg,OK,0,7,JALAPA,MATAQUESCUINTLA,20201,CORPORACIÓN MUNICIPAL,6,2,2,0,1,4,256,256,250,250,65,6,3,3,5,118,36,4,6,4
1,2,0,408,408,21,https://resultados2019.blob.core.windows.net/201901/202304.jpg,OK,0,7,JALAPA,MATAQUESCUINTLA,20230,CORPORACIÓN MUNICIPAL,8,2,2,0,1,4,153,153,143,143,44,3,9,0,3,45,24,5,2,8
1,3,0,380,376,21,https://resultados2019.blob.core.windows.net/201901/202164.jpg,OK,0,7,JALAPA,MATAQUESCUINTLA,20216,CORPORACIÓN MUNICIPAL,8,2,2,0,1,4,182,182,171,171,36,12,11,0,4,51,38,7,2,10
1,12,0,400,400,21,https://resultados2019.blob.core.windows.net/201901/201954.jpg,OK,0,7,JALAPA,MATAQUESCUINTLA,20195,CORPORACIÓN MUNICIPAL,6,2,2,0,1,4,284,284,266,266,73,9,5,1,3,124,41,2,5,3
1,4,0,400,400,21,https://resultados2019.blob.core.windows.net/201901/201794.jpg,OK,0,7,JALAPA,MATAQUESCUINTLA,20179,CORPORACIÓN MUNICIPAL,17,2,2,0,1,4,245,245,224,224,55,15,16,1,3,73,52,2,6,1
1,1,0,400,400,21,https://resultados2019.blob.core.windows.net/201901/201994.jpg,OK,0,7,JALAPA,MATAQUESCUINTLA,20199,CORPORACIÓN MUNICIPAL,4,2,2,0,1,4,257,257,252,252,72,6,5,3,2,105,38,3,3,15
1,4,0,380,374,21,https://resultados2019.blob.core.windows.net/201901/202214.jpg,OK,0,7,JALAPA,MATAQUESCUINTLA,20221,CORPORACIÓN MUNICIPAL,9,2,2,0,1,4,234,234,221,221,29,14,12,0,0,126,26,11,3,0
1,8,0,380,0,21,https://resultados2019.blob.core.windows.net/201901/202194.jpg,OK,0,7,JALAPA,MATAQUESCUINTLA,20219,CORPORACIÓN MUNICIPAL,13,2,2,0,1,4,233,233,212,212,33,10,10,0,2,105,38,9,2,3
1,4,0,400,400,21,https://resultados2019.blob.core.windows.net/201901/201824.jpg,OK,0,7,JALAPA,MATAQUESCUINTLA,20182,CORPORACIÓN MUNICIPAL,12,2,2,0,1,4,270,270,254,254,52,16,34,0,2,94,40,2,4,10
1,1,2,400,396,21,https://resultados2019.blob.core.windows.net/201901/201904.jpg,OK,0,7,JALAPA,MATAQUESCUINTLA,20190,CORPORACIÓN MUNICIPAL,8,2,2,0,1,4,272,272,263,263,86,9,5,2,2,111,36,0,6,6
1,8,0,380,378,21,https://resultados2019.blob.core.windows.net/201901/202074.jpg,OK,0,7,JALAPA,MATAQUESCUINTLA,20207,CORPORACIÓN MUNICIPAL,9,2,2,0,1,4,224,224,207,207,24,21,11,3,2,101,25,7,2,11
1,0,0,400,400,21,https://resultados2019.blob.core.windows.net/201901/201834.jpg,OK,0,7,JALAPA,MATAQUESCUINTLA,20183,CORPORACIÓN MUNICIPAL,8,2,2,0,1,4,221,221,213,213,41,10,15,0,1,91,49,2,2,2
1,2,0,388,388,21,https://resultados2019.blob.core.windows.net/201901/202024.jpg,OK,0,7,JALAPA,MATAQUESCUINTLA,20202,CORPORACIÓN MUNICIPAL,4,2,2,0,1,4,253,253,247,247,73,9,5,1,1,97,46,4,4,7
1,9,0,400,401,21,https://resultados2019.blob.core.windows.net/201901/201914.jpg,OK,0,7,JALAPA,MATAQUESCUINTLA,20191,CORPORACIÓN MUNICIPAL,10,2,2,0,1,4,279,279,260,260,61,13,6,1,3,117,39,2,9,9
1,0,0,232,232,21,https://resultados2019.blob.core.windows.net/201901/202114.jpg,OK,0,7,JALAPA,MATAQUESCUINTLA,20211,CORPORACIÓN MUNICIPAL,1,2,2,0,1,4,100,100,99,99,16,7,6,0,1,48,10,6,1,4
1,0,0,400,400,21,https://resultados2019.blob.core.windows.net/201901/201984.jpg,OK,0,7,JALAPA,MATAQUESCUINTLA,20198,CORPORACIÓN MUNICIPAL,12,2,2,0,1,4,259,259,247,247,73,7,5,2,3,96,40,4,9,8
1,7,0,400,398,21,https://resultados2019.blob.core.windows.net/201901/201944.jpg,OK,0,7,JALAPA,MATAQUESCUINTLA,20194,CORPORACIÓN MUNICIPAL,14,2,2,0,1,4,262,262,241,241,71,6,9,0,6,107,28,6,2,6
1,9,0,380,376,21,https://resultados2019.blob.core.windows.net/201901/202044.jpg,OK,0,7,JALAPA,MATAQUESCUINTLA,20204,CORPORACIÓN MUNICIPAL,12,2,2,0,1,4,218,218,197,197,28,10,5,0,4,106,22,15,2,5
1,2,0,229,229,21,https://resultados2019.blob.core.windows.net/201901/202184.jpg,OK,0,7,JALAPA,MATAQUESCUINTLA,20218,CORPORACIÓN MUNICIPAL,1,2,2,0,1,4,105,105,102,102,35,10,8,0,0,19,22,1,0,7
