ACTACUADRA,BLANCOS,CNTIMPUGNA,CNTINSCRITOS,CNTPAPELETAS,DEP,IMGSRC,IMGSTATUS,INVALIDOS,MUN,NDEP,NMUN,NROMESA,NTE,NULOS,STACTA,STESCAN,STFISIC,STTRANS,TIPOELECCION,TOTALACTA,TOTALVOTOS,VOTOSVALIDOS,VOTOSVALIDOSACTA,voto_FCN-NACION,voto_PC,voto_UCN,voto_UNE,voto_VAMOS
1,4,0,380,380,22,https://resultados2019.blob.core.windows.net/201901/208874.jpg,OK,2,14,JUTIAPA,MOYUTA,20887,CORPORACIÓN MUNICIPAL,41,2,2,0,1,4,279,279,234,234,111,45,49,23,6
1,9,0,380,377,22,https://resultados2019.blob.core.windows.net/201901/208914.jpg,OK,0,14,JUTIAPA,MOYUTA,20891,CORPORACIÓN MUNICIPAL,25,2,2,0,1,4,262,262,228,228,96,49,57,22,4
1,6,0,380,380,22,https://resultados2019.blob.core.windows.net/201901/208864.jpg,OK,1,14,JUTIAPA,MOYUTA,20886,CORPORACIÓN MUNICIPAL,26,2,2,0,1,4,271,271,239,239,110,49,62,15,3
1,5,0,380,380,22,https://resultados2019.blob.core.windows.net/201901/208894.jpg,OK,0,14,JUTIAPA,MOYUTA,20889,CORPORACIÓN MUNICIPAL,30,2,2,0,1,4,267,267,232,232,128,35,48,18,3
1,2,0,400,400,22,https://resultados2019.blob.core.windows.net/201901/208554.jpg,OK,0,14,JUTIAPA,MOYUTA,20855,CORPORACIÓN MUNICIPAL,17,2,2,0,1,4,244,244,225,225,81,69,47,19,9
1,5,0,380,377,22,https://resultados2019.blob.core.windows.net/201901/209024.jpg,OK,0,14,JUTIAPA,MOYUTA,20902,CORPORACIÓN MUNICIPAL,30,2,2,0,1,4,240,240,205,205,98,40,52,10,5
1,4,0,380,380,22,https://resultados2019.blob.core.windows.net/201901/208764.jpg,OK,0,14,JUTIAPA,MOYUTA,20876,CORPORACIÓN MUNICIPAL,11,2,2,0,1,4,270,270,255,255,198,23,21,7,6
1,4,0,518,518,22,https://resultados2019.blob.core.windows.net/201901/209074.jpg,OK,0,14,JUTIAPA,MOYUTA,20907,CORPORACIÓN MUNICIPAL,4,2,2,0,1,4,85,85,77,77,27,22,20,4,4
1,3,0,380,380,22,https://resultados2019.blob.core.windows.net/201901/208884.jpg,OK,0,14,JUTIAPA,MOYUTA,20888,CORPORACIÓN MUNICIPAL,17,2,2,0,1,4,258,258,238,238,106,43,66,20,3
1,10,0,400,400,22,https://resultados2019.blob.core.windows.net/201901/208534.jpg,OK,0,14,JUTIAPA,MOYUTA,20853,CORPORACIÓN MUNICIPAL,25,2,2,0,1,4,303,303,268,268,92,89,55,18,14
1,0,0,380,380,22,https://resultados2019.blob.core.windows.net/201901/208984.jpg,OK,0,14,JUTIAPA,MOYUTA,20898,CORPORACIÓN MUNICIPAL,17,2,2,0,1,4,253,253,236,236,103,51,61,19,2
1,6,1,380,380,22,https://resultados2019.blob.core.windows.net/201901/208774.jpg,OK,0,14,JUTIAPA,MOYUTA,20877,CORPORACIÓN MUNICIPAL,8,2,2,0,1,4,236,236,222,222,155,25,37,4,1
1,3,1,373,373,22,https://resultados2019.blob.core.windows.net/201901/208704.jpg,OK,0,14,JUTIAPA,MOYUTA,20870,CORPORACIÓN MUNICIPAL,19,2,2,0,1,4,241,241,219,219,103,49,58,5,4
1,5,1,349,349,22,https://resultados2019.blob.core.windows.net/201901/209034.jpg,OK,0,14,JUTIAPA,MOYUTA,20903,CORPORACIÓN MUNICIPAL,12,2,2,0,1,4,217,217,200,200,96,45,46,11,2
1,8,0,380,380,22,https://resultados2019.blob.core.windows.net/201901/208734.jpg,OK,0,14,JUTIAPA,MOYUTA,20873,CORPORACIÓN MUNICIPAL,24,2,2,0,1,4,265,265,233,233,138,24,56,9,6
1,6,0,380,380,22,https://resultados2019.blob.core.windows.net/201901/208934.jpg,OK,0,14,JUTIAPA,MOYUTA,20893,CORPORACIÓN MUNICIPAL,18,2,2,0,1,4,248,248,224,224,103,42,58,16,5
1,4,0,400,400,22,https://resultados2019.blob.core.windows.net/201901/208684.jpg,OK,0,14,JUTIAPA,MOYUTA,20868,CORPORACIÓN MUNICIPAL,24,2,2,0,1,4,244,244,216,216,101,45,56,8,6
1,1,0,380,380,22,https://resultados2019.blob.core.windows.net/201901/208944.jpg,OK,2,14,JUTIAPA,MOYUTA,20894,CORPORACIÓN MUNICIPAL,8,2,2,0,1,4,195,195,186,186,78,45,53,8,2
1,3,1,600,624,22,https://resultados2019.blob.core.windows.net/201901/209054.jpg,OK,0,14,JUTIAPA,MOYUTA,20905,CORPORACIÓN MUNICIPAL,14,2,2,0,1,4,155,155,138,138,48,36,38,7,9
1,6,0,400,398,22,https://resultados2019.blob.core.windows.net/201901/208664.jpg,OK,0,14,JUTIAPA,MOYUTA,20866,CORPORACIÓN MUNICIPAL,41,2,2,0,1,4,282,282,235,235,116,61,35,20,3
1,5,0,400,400,22,https://resultados2019.blob.core.windows.net/201901/208694.jpg,OK,0,14,JUTIAPA,MOYUTA,20869,CORPORACIÓN MUNICIPAL,23,2,2,0,1,4,254,254,226,226,96,40,68,14,8
1,2,0,372,372,22,https://resultados2019.blob.core.windows.net/201901/208714.jpg,OK,0,14,JUTIAPA,MOYUTA,20871,CORPORACIÓN MUNICIPAL,16,2,2,0,1,4,261,261,243,243,124,53,58,4,4
1,4,0,400,400,22,https://resultados2019.blob.core.windows.net/201901/208574.jpg,OK,0,14,JUTIAPA,MOYUTA,20857,CORPORACIÓN MUNICIPAL,13,2,2,0,1,4,270,270,253,253,89,98,48,10,8
1,1,2,518,505,22,https://resultados2019.blob.core.windows.net/201901/209084.jpg,OK,1,14,JUTIAPA,MOYUTA,20908,CORPORACIÓN MUNICIPAL,9,2,2,0,1,4,54,54,44,44,12,16,12,2,2
1,2,0,400,400,22,https://resultados2019.blob.core.windows.net/201901/208594.jpg,OK,0,14,JUTIAPA,MOYUTA,20859,CORPORACIÓN MUNICIPAL,9,2,2,0,1,4,266,266,255,255,89,92,58,7,9
1,2,0,380,380,22,https://resultados2019.blob.core.windows.net/201901/208804.jpg,OK,0,14,JUTIAPA,MOYUTA,20880,CORPORACIÓN MUNICIPAL,13,2,2,0,1,4,268,268,253,253,140,35,69,6,3
1,13,1,380,380,22,https://resultados2019.blob.core.windows.net/201901/208854.jpg,OK,0,14,JUTIAPA,MOYUTA,20885,CORPORACIÓN MUNICIPAL,7,2,2,0,1,4,246,246,226,226,103,47,63,9,4
1,5,0,400,400,22,https://resultados2019.blob.core.windows.net/201901/208674.jpg,OK,0,14,JUTIAPA,MOYUTA,20867,CORPORACIÓN MUNICIPAL,27,2,2,0,1,4,251,251,219,219,114,42,50,10,3
1,4,0,380,380,22,https://resultados2019.blob.core.windows.net/201901/208834.jpg,OK,0,14,JUTIAPA,MOYUTA,20883,CORPORACIÓN MUNICIPAL,25,2,2,0,1,4,247,247,218,218,109,41,58,8,2
1,4,0,600,603,22,https://resultados2019.blob.core.windows.net/201901/209064.jpg,OK,4,14,JUTIAPA,MOYUTA,20906,CORPORACIÓN MUNICIPAL,11,2,2,0,1,4,122,122,107,107,36,35,24,4,8
1,4,0,400,400,22,https://resultados2019.blob.core.windows.net/201901/208584.jpg,OK,0,14,JUTIAPA,MOYUTA,20858,CORPORACIÓN MUNICIPAL,16,2,2,0,1,4,231,231,211,211,79,56,52,16,8
1,6,1,400,400,22,https://resultados2019.blob.core.windows.net/201901/208524.jpg,OK,0,14,JUTIAPA,MOYUTA,20852,CORPORACIÓN MUNICIPAL,38,2,2,0,1,4,305,305,261,261,104,57,69,23,8
1,2,0,380,380,22,https://resultados2019.blob.core.windows.net/201901/208994.jpg,OK,6,14,JUTIAPA,MOYUTA,20899,CORPORACIÓN MUNICIPAL,6,2,2,0,1,4,278,278,270,270,131,67,59,10,3
1,2,0,380,380,22,https://resultados2019.blob.core.windows.net/201901/208904.jpg,OK,7,14,JUTIAPA,MOYUTA,20890,CORPORACIÓN MUNICIPAL,25,2,2,0,1,4,269,269,242,242,108,41,73,15,5
1,1,0,221,214,22,https://resultados2019.blob.core.windows.net/201901/208614.jpg,OK,0,14,JUTIAPA,MOYUTA,20861,CORPORACIÓN MUNICIPAL,8,2,2,0,1,4,144,144,135,135,47,38,38,4,8
1,7,0,400,400,22,https://resultados2019.blob.core.windows.net/201901/208484.jpg,OK,123,14,JUTIAPA,MOYUTA,20848,CORPORACIÓN MUNICIPAL,20,2,2,0,1,4,277,277,250,250,76,79,69,5,21
1,5,0,400,400,22,https://resultados2019.blob.core.windows.net/201901/208624.jpg,OK,0,14,JUTIAPA,MOYUTA,20862,CORPORACIÓN MUNICIPAL,31,2,2,0,1,4,268,268,232,232,96,51,65,11,9
1,6,0,400,400,22,https://resultados2019.blob.core.windows.net/201901/208504.jpg,OK,0,14,JUTIAPA,MOYUTA,20850,CORPORACIÓN MUNICIPAL,30,2,2,0,1,4,305,305,269,269,91,68,76,15,19
1,6,0,400,400,22,https://resultados2019.blob.core.windows.net/201901/208474.jpg,OK,131,14,JUTIAPA,MOYUTA,20847,CORPORACIÓN MUNICIPAL,18,2,2,0,1,4,269,269,245,245,84,85,49,16,11
1,0,0,222,222,22,https://resultados2019.blob.core.windows.net/201901/208604.jpg,OK,0,14,JUTIAPA,MOYUTA,20860,CORPORACIÓN MUNICIPAL,5,2,2,0,1,4,168,168,163,163,46,48,52,8,9
1,9,0,400,400,22,https://resultados2019.blob.core.windows.net/201901/208654.jpg,OK,0,14,JUTIAPA,MOYUTA,20865,CORPORACIÓN MUNICIPAL,47,2,2,0,1,4,325,325,269,269,118,53,71,21,6
1,5,0,380,380,22,https://resultados2019.blob.core.windows.net/201901/208724.jpg,OK,0,14,JUTIAPA,MOYUTA,20872,CORPORACIÓN MUNICIPAL,13,2,2,0,1,4,242,242,224,224,135,29,53,6,1
1,3,1,380,380,22,https://resultados2019.blob.core.windows.net/201901/208974.jpg,OK,0,14,JUTIAPA,MOYUTA,20897,CORPORACIÓN MUNICIPAL,11,2,2,0,1,4,251,251,237,237,112,50,54,18,3
1,1,0,380,380,22,https://resultados2019.blob.core.windows.net/201901/208924.jpg,OK,0,14,JUTIAPA,MOYUTA,20892,CORPORACIÓN MUNICIPAL,31,2,2,0,1,4,265,265,233,233,110,39,63,16,5
1,1,1,380,380,22,https://resultados2019.blob.core.windows.net/201901/209004.jpg,OK,0,14,JUTIAPA,MOYUTA,20900,CORPORACIÓN MUNICIPAL,17,2,2,0,1,4,270,270,252,252,118,50,63,17,4
1,2,0,380,380,22,https://resultados2019.blob.core.windows.net/201901/208744.jpg,OK,0,14,JUTIAPA,MOYUTA,20874,CORPORACIÓN MUNICIPAL,22,2,2,0,1,4,266,266,242,242,152,26,54,5,5
1,9,0,380,380,22,https://resultados2019.blob.core.windows.net/201901/209014.jpg,OK,0,14,JUTIAPA,MOYUTA,20901,CORPORACIÓN MUNICIPAL,20,2,2,0,1,4,224,224,195,195,94,42,50,6,3
1,5,0,380,380,22,https://resultados2019.blob.core.windows.net/201901/208794.jpg,OK,0,14,JUTIAPA,MOYUTA,20879,CORPORACIÓN MUNICIPAL,11,2,2,0,1,4,263,263,247,247,136,31,68,7,5
1,3,0,365,365,22,https://resultados2019.blob.core.windows.net/201901/208824.jpg,OK,0,14,JUTIAPA,MOYUTA,20882,CORPORACIÓN MUNICIPAL,9,2,2,0,1,4,243,243,231,231,154,19,47,8,3
1,10,0,380,377,22,https://resultados2019.blob.core.windows.net/201901/208844.jpg,OK,0,14,JUTIAPA,MOYUTA,20884,CORPORACIÓN MUNICIPAL,20,2,2,0,1,4,251,251,221,221,103,36,64,16,2
1,4,0,400,400,22,https://resultados2019.blob.core.windows.net/201901/208544.jpg,OK,0,14,JUTIAPA,MOYUTA,20854,CORPORACIÓN MUNICIPAL,12,2,2,0,1,4,248,248,232,232,89,76,51,7,9
1,4,0,380,380,22,https://resultados2019.blob.core.windows.net/201901/208954.jpg,OK,0,14,JUTIAPA,MOYUTA,20895,CORPORACIÓN MUNICIPAL,16,2,2,0,1,4,225,225,205,205,98,36,57,10,4
1,2,0,349,346,22,https://resultados2019.blob.core.windows.net/201901/209044.jpg,OK,0,14,JUTIAPA,MOYUTA,20904,CORPORACIÓN MUNICIPAL,5,2,2,0,1,4,217,217,210,210,84,53,58,10,5
1,6,0,380,380,22,https://resultados2019.blob.core.windows.net/201901/208784.jpg,OK,0,14,JUTIAPA,MOYUTA,20878,CORPORACIÓN MUNICIPAL,10,2,2,0,1,4,224,224,208,208,123,19,61,1,4
1,6,0,400,400,22,https://resultados2019.blob.core.windows.net/201901/208634.jpg,OK,0,14,JUTIAPA,MOYUTA,20863,CORPORACIÓN MUNICIPAL,43,2,2,0,1,4,290,290,241,241,112,42,60,17,10
1,8,0,380,397,22,https://resultados2019.blob.core.windows.net/201901/208754.jpg,OK,0,14,JUTIAPA,MOYUTA,20875,CORPORACIÓN MUNICIPAL,20,2,2,0,1,4,278,278,250,250,159,42,43,5,1
1,5,0,366,366,22,https://resultados2019.blob.core.windows.net/201901/208814.jpg,OK,0,14,JUTIAPA,MOYUTA,20881,CORPORACIÓN MUNICIPAL,22,2,2,0,1,4,235,235,208,208,113,23,63,7,2
1,4,0,400,400,22,https://resultados2019.blob.core.windows.net/201901/208564.jpg,OK,0,14,JUTIAPA,MOYUTA,20856,CORPORACIÓN MUNICIPAL,14,2,2,0,1,4,274,274,256,256,86,100,48,13,9
1,6,0,400,400,22,https://resultados2019.blob.core.windows.net/201901/208514.jpg,OK,0,14,JUTIAPA,MOYUTA,20851,CORPORACIÓN MUNICIPAL,32,2,2,0,1,4,298,298,260,260,91,51,74,19,25
1,0,0,380,380,22,https://resultados2019.blob.core.windows.net/201901/208964.jpg,OK,6,14,JUTIAPA,MOYUTA,20896,CORPORACIÓN MUNICIPAL,22,2,2,0,1,4,228,228,206,206,96,43,56,8,3
1,12,0,400,400,22,https://resultados2019.blob.core.windows.net/201901/208494.jpg,OK,0,14,JUTIAPA,MOYUTA,20849,CORPORACIÓN MUNICIPAL,25,2,2,0,1,4,299,299,262,262,94,63,62,22,21
1,5,1,400,400,22,https://resultados2019.blob.core.windows.net/201901/208644.jpg,OK,0,14,JUTIAPA,MOYUTA,20864,CORPORACIÓN MUNICIPAL,43,2,2,0,1,4,294,294,246,246,128,35,54,23,6
