ACTACUADRA,BLANCOS,CNTIMPUGNA,CNTINSCRITOS,CNTPAPELETAS,DEP,IMGSRC,IMGSTATUS,INVALIDOS,MUN,NDEP,NMUN,NROMESA,NTE,NULOS,STACTA,STESCAN,STFISIC,STTRANS,TIPOELECCION,TOTALACTA,TOTALVOTOS,VOTOSVALIDOS,VOTOSVALIDOSACTA,voto_BIEN,voto_FCN-NACION,voto_PC,voto_PHG,voto_UCN,voto_UNE,voto_URNG_MAIZ,voto_VAMOS
1,5,0,326,326,22,https://resultados2019.blob.core.windows.net/201901/209614.jpg,OK,0,17,JUTIAPA,QUESADA,20961,CORPORACIÓN MUNICIPAL,1,2,2,0,1,4,254,254,248,248,1,60,32,2,93,27,12,21
1,5,0,400,400,22,https://resultados2019.blob.core.windows.net/201901/209624.jpg,OK,0,17,JUTIAPA,QUESADA,20962,CORPORACIÓN MUNICIPAL,15,2,2,0,1,4,275,275,255,255,2,45,24,9,107,36,12,20
1,2,0,334,334,22,https://resultados2019.blob.core.windows.net/201901/209804.jpg,OK,3,17,JUTIAPA,QUESADA,20980,CORPORACIÓN MUNICIPAL,1,2,2,0,1,4,256,256,253,253,1,142,2,3,33,45,12,15
1,5,0,400,400,22,https://resultados2019.blob.core.windows.net/201901/209554.jpg,OK,0,17,JUTIAPA,QUESADA,20955,CORPORACIÓN MUNICIPAL,8,2,2,0,1,4,302,302,289,289,6,49,21,8,116,51,21,17
1,6,0,400,400,22,https://resultados2019.blob.core.windows.net/201901/209644.jpg,OK,0,17,JUTIAPA,QUESADA,20964,CORPORACIÓN MUNICIPAL,17,2,2,0,1,4,292,292,269,269,2,42,32,6,101,37,20,29
1,7,1,380,380,22,https://resultados2019.blob.core.windows.net/201901/209764.jpg,OK,1,17,JUTIAPA,QUESADA,20976,CORPORACIÓN MUNICIPAL,19,2,2,0,1,4,297,297,271,271,3,156,6,1,38,50,6,11
1,3,0,304,305,22,https://resultados2019.blob.core.windows.net/201901/209874.jpg,OK,0,17,JUTIAPA,QUESADA,20987,CORPORACIÓN MUNICIPAL,5,2,2,0,1,4,203,203,195,195,1,49,13,6,69,44,10,3
1,9,0,380,379,22,https://resultados2019.blob.core.windows.net/201901/209714.jpg,OK,0,17,JUTIAPA,QUESADA,20971,CORPORACIÓN MUNICIPAL,13,2,2,0,1,4,292,292,270,270,0,148,5,2,46,56,4,9
1,4,0,400,400,22,https://resultados2019.blob.core.windows.net/201901/209534.jpg,OK,0,17,JUTIAPA,QUESADA,20953,CORPORACIÓN MUNICIPAL,13,2,2,0,1,4,326,326,309,309,6,66,26,6,122,37,27,19
1,5,0,380,380,22,https://resultados2019.blob.core.windows.net/201901/209754.jpg,OK,0,17,JUTIAPA,QUESADA,20975,CORPORACIÓN MUNICIPAL,12,2,2,0,1,4,306,306,289,289,6,160,5,4,41,49,14,10
1,7,0,380,380,22,https://resultados2019.blob.core.windows.net/201901/209864.jpg,OK,5,17,JUTIAPA,QUESADA,20986,CORPORACIÓN MUNICIPAL,2,2,2,0,1,4,248,248,239,239,3,51,21,3,93,42,18,8
1,6,0,400,400,22,https://resultados2019.blob.core.windows.net/201901/209684.jpg,OK,0,17,JUTIAPA,QUESADA,20968,CORPORACIÓN MUNICIPAL,6,2,2,0,1,4,264,264,252,252,1,57,49,6,69,34,17,19
1,14,0,380,380,22,https://resultados2019.blob.core.windows.net/201901/209834.jpg,OK,0,17,JUTIAPA,QUESADA,20983,CORPORACIÓN MUNICIPAL,26,2,2,0,1,4,277,277,237,237,2,49,13,9,84,47,23,10
1,5,0,573,573,22,https://resultados2019.blob.core.windows.net/201901/209904.jpg,OK,0,17,JUTIAPA,QUESADA,20990,CORPORACIÓN MUNICIPAL,5,2,2,0,1,4,143,143,133,133,1,23,20,1,38,21,19,10
1,4,3,400,400,22,https://resultados2019.blob.core.windows.net/201901/209594.jpg,OK,0,17,JUTIAPA,QUESADA,20959,CORPORACIÓN MUNICIPAL,4,2,2,0,1,4,284,284,276,276,5,57,38,3,102,34,14,23
1,3,0,400,400,22,https://resultados2019.blob.core.windows.net/201901/209584.jpg,OK,0,17,JUTIAPA,QUESADA,20958,CORPORACIÓN MUNICIPAL,4,2,2,0,1,4,285,285,278,278,5,53,28,2,103,33,31,23
1,0,0,326,326,22,https://resultados2019.blob.core.windows.net/201901/209604.jpg,OK,0,17,JUTIAPA,QUESADA,20960,CORPORACIÓN MUNICIPAL,2,2,2,0,1,4,247,247,245,245,4,61,31,7,83,24,10,25
1,2,0,400,400,22,https://resultados2019.blob.core.windows.net/201901/209564.jpg,OK,0,17,JUTIAPA,QUESADA,20956,CORPORACIÓN MUNICIPAL,14,2,2,0,1,4,317,317,301,301,8,43,54,4,91,34,16,51
1,2,0,400,401,22,https://resultados2019.blob.core.windows.net/201901/209514.jpg,OK,0,17,JUTIAPA,QUESADA,20951,CORPORACIÓN MUNICIPAL,12,2,2,0,1,4,281,281,267,267,8,73,27,7,76,41,16,19
1,6,0,380,380,22,https://resultados2019.blob.core.windows.net/201901/209854.jpg,OK,0,17,JUTIAPA,QUESADA,20985,CORPORACIÓN MUNICIPAL,28,2,2,0,1,4,304,304,270,270,5,73,12,8,81,79,11,1
1,2,0,400,400,22,https://resultados2019.blob.core.windows.net/201901/209574.jpg,OK,0,17,JUTIAPA,QUESADA,20957,CORPORACIÓN MUNICIPAL,7,2,2,0,1,4,283,283,274,274,1,56,31,3,105,32,21,25
1,3,0,325,325,22,https://resultados2019.blob.core.windows.net/201901/209694.jpg,OK,0,17,JUTIAPA,QUESADA,20969,CORPORACIÓN MUNICIPAL,8,2,2,0,1,4,220,220,209,209,4,37,38,8,65,35,10,12
1,6,0,400,400,22,https://resultados2019.blob.core.windows.net/201901/209664.jpg,OK,0,17,JUTIAPA,QUESADA,20966,CORPORACIÓN MUNICIPAL,20,2,2,0,1,4,292,292,266,266,5,90,27,7,62,46,9,20
1,3,0,334,334,22,https://resultados2019.blob.core.windows.net/201901/209794.jpg,OK,6,17,JUTIAPA,QUESADA,20979,CORPORACIÓN MUNICIPAL,0,2,2,0,1,4,237,237,234,234,1,145,4,1,22,40,9,12
1,3,0,380,380,22,https://resultados2019.blob.core.windows.net/201901/209784.jpg,OK,0,17,JUTIAPA,QUESADA,20978,CORPORACIÓN MUNICIPAL,7,2,2,0,1,4,270,270,260,260,4,154,8,2,32,39,6,15
1,7,0,400,400,22,https://resultados2019.blob.core.windows.net/201901/209634.jpg,OK,1,17,JUTIAPA,QUESADA,20963,CORPORACIÓN MUNICIPAL,7,2,2,0,1,4,291,291,277,277,0,42,34,2,106,41,19,33
1,15,0,380,380,22,https://resultados2019.blob.core.windows.net/201901/209724.jpg,OK,0,17,JUTIAPA,QUESADA,20972,CORPORACIÓN MUNICIPAL,23,2,2,0,1,4,289,289,251,251,4,138,6,3,38,45,9,8
1,1,0,303,303,22,https://resultados2019.blob.core.windows.net/201901/209884.jpg,OK,0,17,JUTIAPA,QUESADA,20988,CORPORACIÓN MUNICIPAL,8,2,2,0,1,4,249,249,240,240,4,62,23,1,92,37,17,4
1,3,0,380,380,22,https://resultados2019.blob.core.windows.net/201901/209734.jpg,OK,0,17,JUTIAPA,QUESADA,20973,CORPORACIÓN MUNICIPAL,12,2,2,0,1,4,308,308,293,293,3,146,1,3,60,55,10,15
1,6,0,380,380,22,https://resultados2019.blob.core.windows.net/201901/209824.jpg,OK,0,17,JUTIAPA,QUESADA,20982,CORPORACIÓN MUNICIPAL,29,2,2,0,1,4,277,277,242,242,2,62,7,5,86,45,29,6
1,4,0,400,400,22,https://resultados2019.blob.core.windows.net/201901/209674.jpg,OK,0,17,JUTIAPA,QUESADA,20967,CORPORACIÓN MUNICIPAL,11,2,2,0,1,4,279,279,264,264,5,57,40,2,80,44,16,20
1,5,1,400,400,22,https://resultados2019.blob.core.windows.net/201901/209544.jpg,OK,0,17,JUTIAPA,QUESADA,20954,CORPORACIÓN MUNICIPAL,11,2,2,0,1,4,315,315,299,299,5,65,28,5,121,35,26,14
1,3,0,380,380,22,https://resultados2019.blob.core.windows.net/201901/209844.jpg,OK,0,17,JUTIAPA,QUESADA,20984,CORPORACIÓN MUNICIPAL,20,2,2,0,1,4,300,300,277,277,1,56,30,0,112,57,18,3
1,1,0,325,325,22,https://resultados2019.blob.core.windows.net/201901/209704.jpg,OK,0,17,JUTIAPA,QUESADA,20970,CORPORACIÓN MUNICIPAL,3,2,2,0,1,4,248,248,244,244,3,56,34,2,74,25,13,37
1,5,0,573,571,22,https://resultados2019.blob.core.windows.net/201901/209894.jpg,OK,0,17,JUTIAPA,QUESADA,20989,CORPORACIÓN MUNICIPAL,18,2,2,0,1,4,218,218,195,195,4,54,16,3,59,34,11,14
1,3,0,380,380,22,https://resultados2019.blob.core.windows.net/201901/209774.jpg,OK,0,17,JUTIAPA,QUESADA,20977,CORPORACIÓN MUNICIPAL,10,2,2,0,1,4,243,243,230,230,4,114,7,1,43,40,6,15
1,6,0,400,400,22,https://resultados2019.blob.core.windows.net/201901/209654.jpg,OK,0,17,JUTIAPA,QUESADA,20965,CORPORACIÓN MUNICIPAL,17,2,2,0,1,4,293,293,270,270,2,56,62,5,93,29,12,11
1,6,0,380,380,22,https://resultados2019.blob.core.windows.net/201901/209744.jpg,OK,0,17,JUTIAPA,QUESADA,20974,CORPORACIÓN MUNICIPAL,13,2,2,0,1,4,307,307,288,288,0,179,4,4,35,51,7,8
1,9,0,380,380,22,https://resultados2019.blob.core.windows.net/201901/209814.jpg,OK,0,17,JUTIAPA,QUESADA,20981,CORPORACIÓN MUNICIPAL,23,2,2,0,1,4,258,258,226,226,5,57,8,4,89,38,18,7
1,3,0,400,400,22,https://resultados2019.blob.core.windows.net/201901/209524.jpg,OK,1,17,JUTIAPA,QUESADA,20952,CORPORACIÓN MUNICIPAL,11,2,2,0,1,4,300,300,286,286,3,62,27,8,123,30,17,16
