ACTACUADRA,BLANCOS,CNTIMPUGNA,CNTINSCRITOS,CNTPAPELETAS,DEP,IMGSRC,IMGSTATUS,INVALIDOS,MUN,NDEP,NMUN,NROMESA,NTE,NULOS,STACTA,STESCAN,STFISIC,STTRANS,TIPOELECCION,TOTALACTA,TOTALVOTOS,VOTOSVALIDOS,VOTOSVALIDOSACTA,voto_FCN-NACION,voto_MLP,voto_UCN,voto_UNE,voto_VALOR,voto_WINAQ
1,2,0,400,400,22,https://resultados2019.blob.core.windows.net/201901/206984.jpg,OK,0,10,JUTIAPA,ZAPOTITLÁN,20698,CORPORACIÓN MUNICIPAL,2,2,2,0,1,4,229,229,225,225,5,0,64,150,1,5
1,6,0,380,380,22,https://resultados2019.blob.core.windows.net/201901/207034.jpg,OK,0,10,JUTIAPA,ZAPOTITLÁN,20703,CORPORACIÓN MUNICIPAL,10,2,2,0,1,4,324,324,308,308,7,1,211,81,0,8
1,0,0,224,224,22,https://resultados2019.blob.core.windows.net/201901/207074.jpg,OK,0,10,JUTIAPA,ZAPOTITLÁN,20707,CORPORACIÓN MUNICIPAL,1,2,2,0,1,4,182,182,181,181,3,0,125,48,1,4
1,5,0,380,377,22,https://resultados2019.blob.core.windows.net/201901/207104.jpg,OK,0,10,JUTIAPA,ZAPOTITLÁN,20710,CORPORACIÓN MUNICIPAL,8,2,2,0,1,4,326,326,313,313,36,1,97,178,0,1
1,7,0,380,380,22,https://resultados2019.blob.core.windows.net/201901/207094.jpg,OK,0,10,JUTIAPA,ZAPOTITLÁN,20709,CORPORACIÓN MUNICIPAL,12,2,2,0,1,4,309,309,290,290,32,0,90,165,1,2
1,4,0,380,380,22,https://resultados2019.blob.core.windows.net/201901/207014.jpg,OK,0,10,JUTIAPA,ZAPOTITLÁN,20701,CORPORACIÓN MUNICIPAL,14,2,2,0,1,4,281,281,263,263,2,0,174,85,1,1
1,5,0,380,380,22,https://resultados2019.blob.core.windows.net/201901/207064.jpg,OK,0,10,JUTIAPA,ZAPOTITLÁN,20706,CORPORACIÓN MUNICIPAL,7,2,2,0,1,4,267,267,255,255,2,0,172,73,1,7
1,2,1,400,400,22,https://resultados2019.blob.core.windows.net/201901/206944.jpg,OK,0,10,JUTIAPA,ZAPOTITLÁN,20694,CORPORACIÓN MUNICIPAL,4,2,2,0,1,4,250,250,244,244,10,0,70,160,2,2
1,2,0,193,193,22,https://resultados2019.blob.core.windows.net/201901/207124.jpg,OK,0,10,JUTIAPA,ZAPOTITLÁN,20712,CORPORACIÓN MUNICIPAL,1,2,2,0,1,4,163,163,160,160,15,0,66,77,0,2
1,0,0,330,330,22,https://resultados2019.blob.core.windows.net/201901/207004.jpg,OK,0,10,JUTIAPA,ZAPOTITLÁN,20700,CORPORACIÓN MUNICIPAL,3,2,2,0,1,4,223,223,220,220,5,0,51,149,5,10
1,0,0,194,194,22,https://resultados2019.blob.core.windows.net/201901/207114.jpg,OK,0,10,JUTIAPA,ZAPOTITLÁN,20711,CORPORACIÓN MUNICIPAL,2,2,2,0,1,4,141,141,139,139,14,0,49,74,1,1
1,3,0,380,380,22,https://resultados2019.blob.core.windows.net/201901/207054.jpg,OK,0,10,JUTIAPA,ZAPOTITLÁN,20705,CORPORACIÓN MUNICIPAL,6,2,2,0,1,4,250,250,241,241,6,1,147,77,2,8
1,2,0,223,223,22,https://resultados2019.blob.core.windows.net/201901/207084.jpg,OK,0,10,JUTIAPA,ZAPOTITLÁN,20708,CORPORACIÓN MUNICIPAL,2,2,2,0,1,4,176,176,172,172,2,0,113,53,1,3
1,5,0,400,400,22,https://resultados2019.blob.core.windows.net/201901/206954.jpg,OK,0,10,JUTIAPA,ZAPOTITLÁN,20695,CORPORACIÓN MUNICIPAL,4,2,2,0,1,4,308,308,299,299,5,0,74,212,4,4
1,5,0,380,380,22,https://resultados2019.blob.core.windows.net/201901/207024.jpg,OK,0,10,JUTIAPA,ZAPOTITLÁN,20702,CORPORACIÓN MUNICIPAL,11,2,2,0,1,4,322,322,306,306,4,0,196,104,0,2
1,7,0,400,400,22,https://resultados2019.blob.core.windows.net/201901/206974.jpg,OK,0,10,JUTIAPA,ZAPOTITLÁN,20697,CORPORACIÓN MUNICIPAL,13,2,2,0,1,4,302,302,282,282,8,1,94,171,1,7
1,10,0,400,400,22,https://resultados2019.blob.core.windows.net/201901/206964.jpg,OK,0,10,JUTIAPA,ZAPOTITLÁN,20696,CORPORACIÓN MUNICIPAL,4,2,2,0,1,4,331,331,317,317,6,0,64,231,9,7
1,1,0,330,330,22,https://resultados2019.blob.core.windows.net/201901/206994.jpg,OK,0,10,JUTIAPA,ZAPOTITLÁN,20699,CORPORACIÓN MUNICIPAL,3,2,2,0,1,4,187,187,183,183,4,0,47,122,3,7
1,8,0,380,380,22,https://resultados2019.blob.core.windows.net/201901/207044.jpg,OK,0,10,JUTIAPA,ZAPOTITLÁN,20704,CORPORACIÓN MUNICIPAL,14,2,2,0,1,4,291,291,269,269,1,0,185,79,1,3
