ACTACUADRA,BLANCOS,CNTIMPUGNA,CNTINSCRITOS,CNTPAPELETAS,DEP,IMGSRC,IMGSTATUS,INVALIDOS,MUN,NDEP,NMUN,NROMESA,NTE,NULOS,STACTA,STESCAN,STFISIC,STTRANS,TIPOELECCION,TOTALACTA,TOTALVOTOS,VOTOSVALIDOS,VOTOSVALIDOSACTA,voto_BIEN,voto_FCN-NACION,voto_MLP,voto_PAN,voto_PC,voto_PHG,voto_SEMILLA,voto_TODOS,voto_UCN,voto_UNE,voto_UNIONISTA,voto_VALOR,voto_VAMOS,voto_VIVA
0,6,1,380,382,22,https://resultados2019.blob.core.windows.net/201901/203254.jpg,OK,0,1,JUTIAPA,JUTIAPA,20325,CORPORACIÓN MUNICIPAL,36,2,2,0,1,4,240,239,197,197,20,46,2,1,20,5,1,7,5,35,10,32,13,0
0,6,0,400,400,22,https://resultados2019.blob.core.windows.net/201901/202384.jpg,OK,0,1,JUTIAPA,JUTIAPA,20238,CORPORACIÓN MUNICIPAL,19,2,2,0,1,4,247,246,221,221,10,21,12,2,17,7,3,5,12,18,23,67,16,8
1,1,0,400,377,22,https://resultados2019.blob.core.windows.net/201901/203004.jpg,OK,0,1,JUTIAPA,JUTIAPA,20300,CORPORACIÓN MUNICIPAL,2,2,2,0,1,4,234,234,231,231,7,28,2,0,13,13,3,2,11,17,34,89,10,2
1,2,0,235,235,22,https://resultados2019.blob.core.windows.net/201901/203234.jpg,OK,0,1,JUTIAPA,JUTIAPA,20323,CORPORACIÓN MUNICIPAL,5,2,2,0,1,4,103,103,96,96,1,13,1,2,4,10,0,1,7,12,13,31,1,0
1,10,0,400,400,22,https://resultados2019.blob.core.windows.net/201901/202754.jpg,OK,0,1,JUTIAPA,JUTIAPA,20275,CORPORACIÓN MUNICIPAL,14,2,2,0,1,4,234,234,210,210,6,34,4,1,9,7,1,3,4,18,15,92,15,1
1,7,0,380,400,22,https://resultados2019.blob.core.windows.net/201901/204044.jpg,OK,0,1,JUTIAPA,JUTIAPA,20404,CORPORACIÓN MUNICIPAL,12,2,2,0,1,4,156,156,137,137,1,13,48,0,2,3,2,0,0,46,3,13,6,0
1,7,0,380,380,22,https://resultados2019.blob.core.windows.net/201901/203674.jpg,OK,15,1,JUTIAPA,JUTIAPA,20367,CORPORACIÓN MUNICIPAL,0,2,2,0,1,4,204,204,197,197,3,21,4,4,27,4,2,6,11,50,14,38,9,4
1,6,0,400,401,22,https://resultados2019.blob.core.windows.net/201901/202724.jpg,OK,0,1,JUTIAPA,JUTIAPA,20272,CORPORACIÓN MUNICIPAL,5,2,2,0,1,4,254,254,243,243,9,33,4,0,14,6,2,0,12,16,27,105,11,4
1,3,0,400,376,22,https://resultados2019.blob.core.windows.net/201901/202974.jpg,OK,0,1,JUTIAPA,JUTIAPA,20297,CORPORACIÓN MUNICIPAL,5,2,2,0,1,4,181,181,173,173,4,23,0,2,9,5,0,1,6,19,17,75,9,3
1,8,0,380,376,22,https://resultados2019.blob.core.windows.net/201901/203884.jpg,OK,0,1,JUTIAPA,JUTIAPA,20388,CORPORACIÓN MUNICIPAL,16,2,2,0,1,4,213,213,189,189,17,59,3,0,31,1,1,0,6,41,7,12,10,1
1,10,0,380,378,22,https://resultados2019.blob.core.windows.net/201901/203614.jpg,OK,0,1,JUTIAPA,JUTIAPA,20361,CORPORACIÓN MUNICIPAL,17,2,2,0,1,4,192,192,165,165,0,26,8,1,30,3,0,1,8,36,11,38,2,1
0,3,0,400,400,22,https://resultados2019.blob.core.windows.net/201901/202854.jpg,OK,4,1,JUTIAPA,JUTIAPA,20285,CORPORACIÓN MUNICIPAL,13,2,2,0,1,4,185,181,165,165,1,18,8,1,6,7,3,3,5,25,17,58,13,0
1,1,0,400,396,22,https://resultados2019.blob.core.windows.net/201901/202804.jpg,OK,0,1,JUTIAPA,JUTIAPA,20280,CORPORACIÓN MUNICIPAL,8,2,2,0,1,4,277,277,268,268,4,24,6,4,14,4,6,2,11,22,34,120,14,3
0,8,0,380,378,22,https://resultados2019.blob.core.windows.net/201901/203294.jpg,OK,0,1,JUTIAPA,JUTIAPA,20329,CORPORACIÓN MUNICIPAL,35,2,2,0,1,4,242,232,189,199,19,32,2,1,19,5,0,4,0,54,21,24,7,1
1,8,0,380,376,22,https://resultados2019.blob.core.windows.net/201901/203894.jpg,OK,0,1,JUTIAPA,JUTIAPA,20389,CORPORACIÓN MUNICIPAL,28,2,2,0,1,4,215,215,179,179,9,43,5,0,35,0,0,2,6,48,5,12,11,3
1,1,0,380,394,22,https://resultados2019.blob.core.windows.net/201901/204074.jpg,OK,0,1,JUTIAPA,JUTIAPA,20407,CORPORACIÓN MUNICIPAL,16,2,2,0,1,4,138,138,121,121,3,6,43,1,2,10,3,2,3,32,5,7,3,1
1,7,0,380,376,22,https://resultados2019.blob.core.windows.net/201901/203404.jpg,OK,0,1,JUTIAPA,JUTIAPA,20340,CORPORACIÓN MUNICIPAL,13,2,2,0,1,4,179,179,159,159,11,35,1,1,25,2,0,3,4,39,14,16,6,2
1,4,0,380,376,22,https://resultados2019.blob.core.windows.net/201901/203904.jpg,OK,0,1,JUTIAPA,JUTIAPA,20390,CORPORACIÓN MUNICIPAL,9,2,2,0,1,4,191,191,178,178,6,45,4,0,41,0,0,2,7,53,4,8,6,2
1,6,0,400,403,22,https://resultados2019.blob.core.windows.net/201901/202944.jpg,OK,0,1,JUTIAPA,JUTIAPA,20294,CORPORACIÓN MUNICIPAL,3,2,2,0,1,4,171,171,162,162,4,22,3,0,9,8,1,3,3,25,17,58,6,3
1,7,0,400,401,22,https://resultados2019.blob.core.windows.net/201901/202434.jpg,OK,0,1,JUTIAPA,JUTIAPA,20243,CORPORACIÓN MUNICIPAL,30,2,2,0,1,4,198,198,161,161,3,23,1,2,6,6,2,2,3,21,23,58,9,2
1,5,0,380,380,22,https://resultados2019.blob.core.windows.net/201901/203474.jpg,OK,0,1,JUTIAPA,JUTIAPA,20347,CORPORACIÓN MUNICIPAL,15,2,2,0,1,4,137,137,117,117,3,21,2,0,4,5,1,1,39,17,4,16,4,0
1,179,0,400,400,22,https://resultados2019.blob.core.windows.net/201901/202734.jpg,OK,0,1,JUTIAPA,JUTIAPA,20273,CORPORACIÓN MUNICIPAL,14,2,2,0,1,4,400,400,207,207,1,15,3,2,11,10,2,3,7,28,21,83,20,1
1,7,0,380,380,22,https://resultados2019.blob.core.windows.net/201901/203464.jpg,OK,0,1,JUTIAPA,JUTIAPA,20346,CORPORACIÓN MUNICIPAL,25,2,2,0,1,4,174,174,142,142,3,16,2,2,1,5,4,5,49,39,1,13,2,0
1,3,0,400,380,22,https://resultados2019.blob.core.windows.net/201901/203014.jpg,OK,0,1,JUTIAPA,JUTIAPA,20301,CORPORACIÓN MUNICIPAL,2,2,2,0,1,4,257,257,252,252,2,33,4,1,19,11,1,0,14,22,29,108,8,0
1,6,0,400,400,22,https://resultados2019.blob.core.windows.net/201901/202554.jpg,OK,0,1,JUTIAPA,JUTIAPA,20255,CORPORACIÓN MUNICIPAL,16,2,2,0,1,4,248,248,226,226,7,26,8,0,7,7,6,2,15,37,24,70,15,2
1,13,0,380,374,22,https://resultados2019.blob.core.windows.net/201901/203624.jpg,OK,0,1,JUTIAPA,JUTIAPA,20362,CORPORACIÓN MUNICIPAL,18,2,2,0,1,4,215,215,184,184,2,35,10,1,34,2,1,2,15,42,10,24,4,2
1,7,0,380,380,22,https://resultados2019.blob.core.windows.net/201901/203444.jpg,OK,0,1,JUTIAPA,JUTIAPA,20344,CORPORACIÓN MUNICIPAL,14,2,2,0,1,4,141,141,120,120,7,15,2,3,3,6,2,3,34,29,3,8,5,0
1,6,0,380,376,22,https://resultados2019.blob.core.windows.net/201901/203604.jpg,OK,0,1,JUTIAPA,JUTIAPA,20360,CORPORACIÓN MUNICIPAL,22,2,2,0,1,4,183,183,155,155,3,32,9,2,23,9,0,2,11,31,9,17,6,1
0,3,0,380,381,22,https://resultados2019.blob.core.windows.net/201901/203154.jpg,OK,14,1,JUTIAPA,JUTIAPA,20315,CORPORACIÓN MUNICIPAL,0,2,1,0,1,4,211,197,194,194,3,32,1,3,9,35,0,1,14,24,29,33,9,1
1,4,0,400,396,22,https://resultados2019.blob.core.windows.net/201901/202594.jpg,OK,0,1,JUTIAPA,JUTIAPA,20259,CORPORACIÓN MUNICIPAL,4,2,2,0,1,4,249,249,241,241,5,32,3,0,9,5,1,4,11,42,32,76,19,2
1,3,0,400,400,22,https://resultados2019.blob.core.windows.net/201901/202654.jpg,OK,0,1,JUTIAPA,JUTIAPA,20265,CORPORACIÓN MUNICIPAL,11,2,2,0,1,4,244,244,230,230,2,28,6,2,19,6,0,2,9,14,30,97,10,5
1,1,0,215,215,22,https://resultados2019.blob.core.windows.net/201901/203074.jpg,OK,0,1,JUTIAPA,JUTIAPA,20307,CORPORACIÓN MUNICIPAL,2,2,2,0,1,4,56,56,53,53,0,7,2,0,2,1,0,0,5,7,5,19,4,1
1,3,0,400,397,22,https://resultados2019.blob.core.windows.net/201901/202794.jpg,OK,14,1,JUTIAPA,JUTIAPA,20279,CORPORACIÓN MUNICIPAL,11,2,2,0,1,4,247,247,233,233,5,14,5,1,13,6,1,1,11,24,34,91,19,8
1,4,0,380,377,22,https://resultados2019.blob.core.windows.net/201901/203824.jpg,OK,0,1,JUTIAPA,JUTIAPA,20382,CORPORACIÓN MUNICIPAL,27,2,2,0,1,4,230,230,199,199,11,52,2,0,43,2,0,1,9,51,2,18,7,1
1,4,0,400,400,22,https://resultados2019.blob.core.windows.net/201901/202354.jpg,OK,0,1,JUTIAPA,JUTIAPA,20235,CORPORACIÓN MUNICIPAL,19,2,2,0,1,4,245,245,222,222,6,26,7,0,6,7,2,3,12,32,27,72,18,4
1,4,1,256,256,22,https://resultados2019.blob.core.windows.net/201901/204084.jpg,OK,0,1,JUTIAPA,JUTIAPA,20408,CORPORACIÓN MUNICIPAL,4,2,2,0,1,4,74,74,66,66,1,6,24,0,2,5,1,0,1,19,2,3,2,0
1,3,1,400,396,22,https://resultados2019.blob.core.windows.net/201901/202884.jpg,OK,1,1,JUTIAPA,JUTIAPA,20288,CORPORACIÓN MUNICIPAL,8,2,2,0,1,4,201,201,190,190,1,20,4,3,13,6,0,2,5,32,26,70,7,1
1,4,0,380,376,22,https://resultados2019.blob.core.windows.net/201901/203354.jpg,OK,11,1,JUTIAPA,JUTIAPA,20335,CORPORACIÓN MUNICIPAL,7,2,2,0,1,4,169,169,158,158,17,29,1,0,21,4,0,6,6,24,18,26,6,0
1,2,0,351,351,22,https://resultados2019.blob.core.windows.net/201901/203594.jpg,OK,1,1,JUTIAPA,JUTIAPA,20359,CORPORACIÓN MUNICIPAL,4,2,2,0,1,4,120,120,114,114,1,16,22,0,5,2,1,1,0,36,7,18,2,3
1,2,0,400,396,22,https://resultados2019.blob.core.windows.net/201901/202764.jpg,OK,0,1,JUTIAPA,JUTIAPA,20276,CORPORACIÓN MUNICIPAL,16,2,2,0,1,4,221,221,203,203,2,32,6,4,9,5,4,2,9,21,19,75,14,1
1,9,0,380,376,22,https://resultados2019.blob.core.windows.net/201901/203844.jpg,OK,0,1,JUTIAPA,JUTIAPA,20384,CORPORACIÓN MUNICIPAL,23,2,2,0,1,4,246,246,214,214,12,51,5,2,56,2,1,0,5,52,6,15,7,0
1,8,0,400,380,22,https://resultados2019.blob.core.windows.net/201901/202934.jpg,OK,0,1,JUTIAPA,JUTIAPA,20293,CORPORACIÓN MUNICIPAL,13,2,2,0,1,4,180,180,159,159,3,16,7,3,10,6,0,1,6,18,17,63,7,2
1,2,0,400,387,22,https://resultados2019.blob.core.windows.net/201901/202964.jpg,OK,0,1,JUTIAPA,JUTIAPA,20296,CORPORACIÓN MUNICIPAL,6,2,2,0,1,4,193,193,185,185,5,27,8,2,7,4,1,3,5,19,15,71,17,1
1,6,0,380,376,22,https://resultados2019.blob.core.windows.net/201901/203094.jpg,OK,0,1,JUTIAPA,JUTIAPA,20309,CORPORACIÓN MUNICIPAL,17,2,2,0,1,4,240,240,217,217,2,33,5,4,14,43,1,2,22,20,25,40,6,0
1,1,0,236,236,22,https://resultados2019.blob.core.windows.net/201901/203224.jpg,OK,0,1,JUTIAPA,JUTIAPA,20322,CORPORACIÓN MUNICIPAL,2,2,2,0,1,4,133,133,130,130,1,27,1,1,2,24,2,0,17,10,14,21,9,1
1,4,1,238,238,22,https://resultados2019.blob.core.windows.net/201901/203984.jpg,OK,0,1,JUTIAPA,JUTIAPA,20398,CORPORACIÓN MUNICIPAL,1,2,2,0,1,4,123,123,118,118,2,10,1,1,0,4,0,3,72,14,7,3,0,1
1,3,0,400,394,22,https://resultados2019.blob.core.windows.net/201901/202784.jpg,OK,0,1,JUTIAPA,JUTIAPA,20278,CORPORACIÓN MUNICIPAL,10,2,2,0,1,4,229,229,216,216,6,19,6,0,10,6,2,3,7,24,25,86,14,8
1,10,0,380,376,22,https://resultados2019.blob.core.windows.net/201901/203714.jpg,OK,0,1,JUTIAPA,JUTIAPA,20371,CORPORACIÓN MUNICIPAL,19,2,2,0,1,4,188,188,159,159,4,36,8,3,22,10,0,1,8,23,11,27,4,2
1,8,0,380,373,22,https://resultados2019.blob.core.windows.net/201901/203144.jpg,OK,0,1,JUTIAPA,JUTIAPA,20314,CORPORACIÓN MUNICIPAL,28,2,2,0,1,4,235,235,199,199,2,45,3,2,4,23,1,11,10,34,29,22,8,5
1,9,0,380,393,22,https://resultados2019.blob.core.windows.net/201901/203954.jpg,OK,0,1,JUTIAPA,JUTIAPA,20395,CORPORACIÓN MUNICIPAL,24,2,2,0,1,4,240,240,207,207,2,20,0,2,5,1,0,9,112,33,3,12,4,4
1,10,0,380,380,22,https://resultados2019.blob.core.windows.net/201901/203564.jpg,OK,0,1,JUTIAPA,JUTIAPA,20356,CORPORACIÓN MUNICIPAL,14,2,2,0,1,4,170,170,146,146,4,20,28,4,3,5,4,0,2,26,10,32,5,3
1,4,0,400,393,22,https://resultados2019.blob.core.windows.net/201901/202334.jpg,OK,0,1,JUTIAPA,JUTIAPA,20233,CORPORACIÓN MUNICIPAL,19,2,2,0,1,4,225,225,202,202,3,21,4,1,16,7,3,6,11,23,23,63,16,5
1,3,0,380,376,22,https://resultados2019.blob.core.windows.net/201901/203324.jpg,OK,0,1,JUTIAPA,JUTIAPA,20332,CORPORACIÓN MUNICIPAL,43,2,2,0,1,4,258,258,212,212,23,45,2,1,15,9,1,6,6,57,9,32,6,0
1,5,0,380,378,22,https://resultados2019.blob.core.windows.net/201901/203184.jpg,OK,0,1,JUTIAPA,JUTIAPA,20318,CORPORACIÓN MUNICIPAL,23,2,2,0,1,4,211,211,183,183,0,32,4,1,9,29,0,1,24,21,31,25,6,0
1,6,0,253,253,22,https://resultados2019.blob.core.windows.net/201901/203434.jpg,OK,0,1,JUTIAPA,JUTIAPA,20343,CORPORACIÓN MUNICIPAL,7,2,2,0,1,4,140,140,127,127,9,28,1,2,15,3,0,3,3,31,7,17,8,0
1,7,0,380,377,22,https://resultados2019.blob.core.windows.net/201901/203944.jpg,OK,0,1,JUTIAPA,JUTIAPA,20394,CORPORACIÓN MUNICIPAL,30,2,2,0,1,4,226,226,189,189,0,17,1,3,4,3,0,4,125,23,2,6,1,0
1,8,0,239,239,22,https://resultados2019.blob.core.windows.net/201901/203974.jpg,OK,0,1,JUTIAPA,JUTIAPA,20397,CORPORACIÓN MUNICIPAL,7,2,2,0,1,4,117,117,102,102,1,9,0,1,4,2,0,1,61,10,5,8,0,0
1,4,0,400,400,22,https://resultados2019.blob.core.windows.net/201901/202844.jpg,OK,0,1,JUTIAPA,JUTIAPA,20284,CORPORACIÓN MUNICIPAL,11,2,2,0,1,4,226,226,211,211,6,24,6,2,17,11,2,3,7,26,22,75,7,3
1,4,0,380,374,22,https://resultados2019.blob.core.windows.net/201901/203774.jpg,OK,0,1,JUTIAPA,JUTIAPA,20377,CORPORACIÓN MUNICIPAL,15,2,2,0,1,4,194,194,175,175,3,44,0,5,15,7,0,4,4,26,12,24,27,4
1,9,0,380,376,22,https://resultados2019.blob.core.windows.net/201901/203784.jpg,OK,0,1,JUTIAPA,JUTIAPA,20378,CORPORACIÓN MUNICIPAL,10,2,2,0,1,4,209,209,190,190,5,47,1,6,18,8,0,2,7,33,18,17,23,5
1,1,0,400,380,22,https://resultados2019.blob.core.windows.net/201901/203034.jpg,OK,0,1,JUTIAPA,JUTIAPA,20303,CORPORACIÓN MUNICIPAL,1,2,2,0,1,4,246,246,244,244,3,27,5,1,14,5,3,1,9,17,29,113,15,2
1,12,0,380,381,22,https://resultados2019.blob.core.windows.net/201901/203814.jpg,OK,0,1,JUTIAPA,JUTIAPA,20381,CORPORACIÓN MUNICIPAL,27,2,2,0,1,4,217,217,178,178,3,48,3,1,30,3,0,1,5,61,3,8,11,1
1,4,0,352,352,22,https://resultados2019.blob.core.windows.net/201901/203584.jpg,OK,0,1,JUTIAPA,JUTIAPA,20358,CORPORACIÓN MUNICIPAL,8,2,2,0,1,4,109,109,97,97,1,11,19,1,2,3,3,0,0,21,9,22,3,2
1,3,0,400,403,22,https://resultados2019.blob.core.windows.net/201901/202914.jpg,OK,0,1,JUTIAPA,JUTIAPA,20291,CORPORACIÓN MUNICIPAL,21,2,2,0,1,4,197,197,173,173,1,12,4,2,9,11,3,0,7,26,19,67,6,6
1,2,0,400,396,22,https://resultados2019.blob.core.windows.net/201901/202634.jpg,OK,0,1,JUTIAPA,JUTIAPA,20263,CORPORACIÓN MUNICIPAL,7,2,2,0,1,4,239,239,230,230,2,31,6,1,11,6,0,1,8,22,37,94,8,3
1,3,0,400,396,22,https://resultados2019.blob.core.windows.net/201901/202624.jpg,OK,0,1,JUTIAPA,JUTIAPA,20262,CORPORACIÓN MUNICIPAL,23,2,2,0,1,4,221,221,195,195,4,32,6,0,0,0,5,4,6,22,27,74,13,2
1,9,0,400,400,22,https://resultados2019.blob.core.windows.net/201901/202544.jpg,OK,0,1,JUTIAPA,JUTIAPA,20254,CORPORACIÓN MUNICIPAL,24,2,2,0,1,4,238,238,205,205,8,30,7,1,19,5,2,2,9,26,18,68,9,1
1,2,0,380,379,22,https://resultados2019.blob.core.windows.net/201901/203694.jpg,OK,0,1,JUTIAPA,JUTIAPA,20369,CORPORACIÓN MUNICIPAL,10,2,2,0,1,4,175,175,163,163,1,31,11,0,20,6,2,1,7,36,12,28,3,5
0,5,0,380,376,22,https://resultados2019.blob.core.windows.net/201901/203514.jpg,OK,17,1,JUTIAPA,JUTIAPA,20351,CORPORACIÓN MUNICIPAL,17,2,2,0,1,4,162,178,156,162,4,21,29,2,0,13,1,2,0,36,11,26,2,9
1,8,0,380,377,22,https://resultados2019.blob.core.windows.net/201901/203534.jpg,OK,0,1,JUTIAPA,JUTIAPA,20353,CORPORACIÓN MUNICIPAL,19,2,2,0,1,4,175,175,148,148,4,17,31,1,2,4,2,1,2,46,15,11,3,9
1,9,0,400,400,22,https://resultados2019.blob.core.windows.net/201901/202534.jpg,OK,0,1,JUTIAPA,JUTIAPA,20253,CORPORACIÓN MUNICIPAL,32,2,2,0,1,4,243,243,202,202,6,36,3,4,8,4,8,3,5,27,22,67,5,4
1,5,0,400,400,22,https://resultados2019.blob.core.windows.net/201901/202564.jpg,OK,134,1,JUTIAPA,JUTIAPA,20256,CORPORACIÓN MUNICIPAL,22,2,2,0,1,4,266,266,239,239,6,33,9,2,19,11,6,1,12,16,24,82,15,3
1,10,0,380,377,22,https://resultados2019.blob.core.windows.net/201901/203994.jpg,OK,0,1,JUTIAPA,JUTIAPA,20399,CORPORACIÓN MUNICIPAL,15,2,2,0,1,4,180,180,155,155,4,18,60,1,2,5,2,1,2,39,6,10,2,3
1,7,0,380,375,22,https://resultados2019.blob.core.windows.net/201901/203394.jpg,OK,0,1,JUTIAPA,JUTIAPA,20339,CORPORACIÓN MUNICIPAL,22,2,2,0,1,4,188,188,159,159,13,29,1,2,17,2,0,3,8,33,9,32,10,0
1,4,0,380,380,22,https://resultados2019.blob.core.windows.net/201901/203114.jpg,OK,0,1,JUTIAPA,JUTIAPA,20311,CORPORACIÓN MUNICIPAL,33,2,2,0,1,4,223,223,186,186,2,32,8,6,5,21,2,2,22,42,19,17,7,1
1,6,0,400,400,22,https://resultados2019.blob.core.windows.net/201901/202404.jpg,OK,0,1,JUTIAPA,JUTIAPA,20240,CORPORACIÓN MUNICIPAL,16,2,2,0,1,4,238,238,216,216,14,28,3,0,19,6,3,6,5,23,19,71,15,4
1,6,0,380,376,22,https://resultados2019.blob.core.windows.net/201901/203704.jpg,OK,0,1,JUTIAPA,JUTIAPA,20370,CORPORACIÓN MUNICIPAL,9,2,2,0,1,4,202,202,187,187,1,19,5,3,34,2,2,3,8,51,21,32,5,1
1,190,0,400,396,22,https://resultados2019.blob.core.windows.net/201901/202744.jpg,OK,0,1,JUTIAPA,JUTIAPA,20274,CORPORACIÓN MUNICIPAL,15,2,2,0,1,4,396,396,191,191,2,18,4,2,13,6,2,3,10,17,21,77,14,2
1,10,0,380,396,22,https://resultados2019.blob.core.windows.net/201901/204014.jpg,OK,0,1,JUTIAPA,JUTIAPA,20401,CORPORACIÓN MUNICIPAL,19,2,2,0,1,4,163,163,134,134,2,10,61,2,1,5,2,0,0,38,6,6,0,1
1,4,0,380,379,22,https://resultados2019.blob.core.windows.net/201901/203364.jpg,OK,0,1,JUTIAPA,JUTIAPA,20336,CORPORACIÓN MUNICIPAL,20,2,2,0,1,4,195,195,171,171,16,36,0,5,26,2,0,2,4,27,9,35,8,1
1,0,0,380,378,22,https://resultados2019.blob.core.windows.net/201901/203214.jpg,OK,0,1,JUTIAPA,JUTIAPA,20321,CORPORACIÓN MUNICIPAL,9,2,2,0,1,4,188,188,179,179,0,33,2,0,10,34,2,5,14,28,19,25,7,0
0,6,0,400,400,22,https://resultados2019.blob.core.windows.net/201901/202394.jpg,OK,15,1,JUTIAPA,JUTIAPA,20239,CORPORACIÓN MUNICIPAL,9,2,2,0,1,4,239,241,226,239,10,36,6,1,17,8,6,2,12,18,20,79,9,2
1,2,0,400,400,22,https://resultados2019.blob.core.windows.net/201901/202684.jpg,OK,0,1,JUTIAPA,JUTIAPA,20268,CORPORACIÓN MUNICIPAL,12,2,2,0,1,4,217,217,203,203,5,21,8,2,8,5,0,0,12,29,22,77,13,1
1,8,0,380,376,22,https://resultados2019.blob.core.windows.net/201901/203174.jpg,OK,2,1,JUTIAPA,JUTIAPA,20317,CORPORACIÓN MUNICIPAL,10,2,2,0,1,4,197,197,179,179,1,26,6,3,7,20,1,3,15,15,40,30,11,1
1,4,0,400,398,22,https://resultados2019.blob.core.windows.net/201901/202474.jpg,OK,0,1,JUTIAPA,JUTIAPA,20247,CORPORACIÓN MUNICIPAL,16,2,2,0,1,4,244,244,224,224,3,29,14,2,8,14,2,2,8,24,18,83,9,8
1,8,0,380,376,22,https://resultados2019.blob.core.windows.net/201901/203504.jpg,OK,0,1,JUTIAPA,JUTIAPA,20350,CORPORACIÓN MUNICIPAL,19,2,2,0,1,4,172,172,145,145,8,13,40,0,2,6,2,2,4,37,7,20,3,1
1,0,0,400,396,22,https://resultados2019.blob.core.windows.net/201901/202814.jpg,OK,0,1,JUTIAPA,JUTIAPA,20281,CORPORACIÓN MUNICIPAL,8,2,2,0,1,4,249,249,241,241,1,29,7,2,11,9,3,2,13,20,26,96,20,2
1,3,0,380,380,22,https://resultados2019.blob.core.windows.net/201901/203244.jpg,OK,181,1,JUTIAPA,JUTIAPA,20324,CORPORACIÓN MUNICIPAL,28,2,2,0,1,4,199,199,168,168,21,24,2,2,22,3,0,4,5,40,9,26,10,0
0,2,1,400,400,22,https://resultados2019.blob.core.windows.net/201901/202864.jpg,OK,0,1,JUTIAPA,JUTIAPA,20286,CORPORACIÓN MUNICIPAL,12,2,2,0,1,4,197,196,182,182,7,18,9,2,7,8,1,2,9,19,19,70,11,0
1,1,0,400,396,22,https://resultados2019.blob.core.windows.net/201901/202674.jpg,OK,0,1,JUTIAPA,JUTIAPA,20267,CORPORACIÓN MUNICIPAL,15,2,2,0,1,4,226,226,210,210,6,27,7,3,21,9,3,0,10,25,17,72,7,3
1,4,0,261,258,22,https://resultados2019.blob.core.windows.net/201901/203484.jpg,OK,0,1,JUTIAPA,JUTIAPA,20348,CORPORACIÓN MUNICIPAL,12,2,2,0,1,4,111,111,95,95,1,15,1,0,3,4,2,1,34,13,4,10,7,0
1,8,0,380,379,22,https://resultados2019.blob.core.windows.net/201901/203524.jpg,OK,0,1,JUTIAPA,JUTIAPA,20352,CORPORACIÓN MUNICIPAL,19,2,2,0,1,4,171,171,144,144,4,9,34,2,3,8,1,1,3,43,8,21,4,3
1,0,0,215,215,22,https://resultados2019.blob.core.windows.net/201901/203064.jpg,OK,0,1,JUTIAPA,JUTIAPA,20306,CORPORACIÓN MUNICIPAL,1,2,2,0,1,4,75,75,74,74,1,6,5,0,1,4,0,1,6,13,7,24,4,2
1,0,0,400,376,22,https://resultados2019.blob.core.windows.net/201901/203024.jpg,OK,0,1,JUTIAPA,JUTIAPA,20302,CORPORACIÓN MUNICIPAL,4,2,2,0,1,4,223,223,219,219,2,42,1,1,17,7,2,0,4,24,27,82,9,1
1,7,0,400,400,22,https://resultados2019.blob.core.windows.net/201901/202364.jpg,OK,0,1,JUTIAPA,JUTIAPA,20236,CORPORACIÓN MUNICIPAL,15,2,2,0,1,4,217,217,195,195,6,25,10,4,9,6,0,6,9,21,26,63,7,3
1,2,0,380,385,22,https://resultados2019.blob.core.windows.net/201901/203084.jpg,OK,0,1,JUTIAPA,JUTIAPA,20308,CORPORACIÓN MUNICIPAL,22,2,2,0,1,4,216,216,192,192,4,22,4,0,7,21,1,2,34,27,29,30,10,1
1,3,0,400,400,22,https://resultados2019.blob.core.windows.net/201901/202874.jpg,OK,0,1,JUTIAPA,JUTIAPA,20287,CORPORACIÓN MUNICIPAL,16,2,2,0,1,4,202,202,183,183,3,23,4,0,11,1,1,1,2,26,25,74,7,5
1,7,0,400,396,22,https://resultados2019.blob.core.windows.net/201901/202414.jpg,OK,0,1,JUTIAPA,JUTIAPA,20241,CORPORACIÓN MUNICIPAL,13,2,2,0,1,4,239,239,219,219,5,34,10,1,20,8,0,5,8,29,14,67,12,6
1,7,0,400,399,22,https://resultados2019.blob.core.windows.net/201901/202324.jpg,OK,0,1,JUTIAPA,JUTIAPA,20232,CORPORACIÓN MUNICIPAL,18,2,2,0,1,4,233,233,208,208,6,23,5,0,17,10,2,6,17,13,16,81,10,2
1,10,0,380,377,22,https://resultados2019.blob.core.windows.net/201901/203734.jpg,OK,0,1,JUTIAPA,JUTIAPA,20373,CORPORACIÓN MUNICIPAL,15,2,2,0,1,4,174,174,149,149,2,22,10,0,19,3,1,3,7,35,7,37,2,1
1,16,0,380,376,22,https://resultados2019.blob.core.windows.net/201901/203304.jpg,OK,0,1,JUTIAPA,JUTIAPA,20330,CORPORACIÓN MUNICIPAL,41,2,2,0,1,4,249,249,192,192,15,40,0,2,20,6,0,7,7,54,10,24,7,0
1,6,2,380,380,22,https://resultados2019.blob.core.windows.net/201901/203104.jpg,OK,0,1,JUTIAPA,JUTIAPA,20310,CORPORACIÓN MUNICIPAL,36,2,2,0,1,4,232,232,190,190,1,34,2,3,2,26,0,0,27,39,26,24,6,0
1,6,0,400,400,22,https://resultados2019.blob.core.windows.net/201901/202604.jpg,OK,0,1,JUTIAPA,JUTIAPA,20260,CORPORACIÓN MUNICIPAL,11,2,2,0,1,4,261,261,244,244,5,28,5,2,10,10,5,2,13,25,30,90,16,3
1,10,0,380,373,22,https://resultados2019.blob.core.windows.net/201901/203864.jpg,OK,0,1,JUTIAPA,JUTIAPA,20386,CORPORACIÓN MUNICIPAL,22,2,2,0,1,4,223,223,191,191,8,44,5,2,31,2,0,1,12,50,9,12,15,0
1,4,0,400,392,22,https://resultados2019.blob.core.windows.net/201901/202424.jpg,OK,0,1,JUTIAPA,JUTIAPA,20242,CORPORACIÓN MUNICIPAL,16,2,2,0,1,4,224,224,204,204,7,19,5,4,10,7,1,2,6,24,30,72,13,4
1,6,0,400,400,22,https://resultados2019.blob.core.windows.net/201901/202344.jpg,OK,0,1,JUTIAPA,JUTIAPA,20234,CORPORACIÓN MUNICIPAL,7,2,2,0,1,4,218,218,205,205,5,28,9,0,11,6,2,4,19,28,14,61,15,3
1,3,0,380,396,22,https://resultados2019.blob.core.windows.net/201901/204004.jpg,OK,0,1,JUTIAPA,JUTIAPA,20400,CORPORACIÓN MUNICIPAL,22,2,2,0,1,4,184,184,159,159,1,16,56,1,2,7,2,1,1,44,5,13,8,2
1,6,0,380,375,22,https://resultados2019.blob.core.windows.net/201901/203194.jpg,OK,0,1,JUTIAPA,JUTIAPA,20319,CORPORACIÓN MUNICIPAL,12,2,2,0,1,4,185,185,167,167,4,33,5,2,5,21,0,0,14,22,29,25,7,0
1,9,1,380,376,22,https://resultados2019.blob.core.windows.net/201901/203544.jpg,OK,0,1,JUTIAPA,JUTIAPA,20354,CORPORACIÓN MUNICIPAL,13,2,2,0,1,4,171,171,149,149,4,13,34,0,2,11,1,1,0,37,14,22,6,4
1,8,0,400,396,22,https://resultados2019.blob.core.windows.net/201901/202664.jpg,OK,0,1,JUTIAPA,JUTIAPA,20266,CORPORACIÓN MUNICIPAL,13,2,2,0,1,4,224,224,203,203,5,23,14,2,10,3,1,5,12,18,24,72,9,5
1,3,0,240,238,22,https://resultados2019.blob.core.windows.net/201901/203924.jpg,OK,0,1,JUTIAPA,JUTIAPA,20392,CORPORACIÓN MUNICIPAL,7,2,2,0,1,4,111,111,101,101,1,23,1,1,19,0,0,1,0,33,5,10,7,0
1,9,0,380,380,22,https://resultados2019.blob.core.windows.net/201901/203644.jpg,OK,1,1,JUTIAPA,JUTIAPA,20364,CORPORACIÓN MUNICIPAL,21,2,2,0,1,4,194,194,164,164,1,46,8,4,14,4,1,2,5,48,8,20,1,2
1,2,0,344,341,22,https://resultados2019.blob.core.windows.net/201901/203754.jpg,OK,6,1,JUTIAPA,JUTIAPA,20375,CORPORACIÓN MUNICIPAL,4,2,2,0,1,4,170,170,164,164,2,12,4,1,43,3,2,0,7,26,11,48,4,1
0,4,0,400,400,22,https://resultados2019.blob.core.windows.net/201901/202894.jpg,OK,8,1,JUTIAPA,JUTIAPA,20289,CORPORACIÓN MUNICIPAL,2,2,2,0,1,4,209,201,195,195,2,30,6,5,13,2,0,3,5,24,17,80,5,3
1,9,0,380,380,22,https://resultados2019.blob.core.windows.net/201901/203664.jpg,OK,0,1,JUTIAPA,JUTIAPA,20366,CORPORACIÓN MUNICIPAL,21,2,2,0,1,4,225,225,195,195,2,37,7,5,34,5,0,4,9,43,13,27,4,5
1,9,0,380,373,22,https://resultados2019.blob.core.windows.net/201901/203854.jpg,OK,0,1,JUTIAPA,JUTIAPA,20385,CORPORACIÓN MUNICIPAL,32,2,2,0,1,4,257,257,216,216,12,43,3,1,51,1,1,1,7,65,7,12,11,1
1,7,0,380,378,22,https://resultados2019.blob.core.windows.net/201901/203454.jpg,OK,0,1,JUTIAPA,JUTIAPA,20345,CORPORACIÓN MUNICIPAL,23,2,2,0,1,4,147,147,117,117,4,13,2,1,4,1,3,5,36,26,3,10,8,1
1,10,0,380,377,22,https://resultados2019.blob.core.windows.net/201901/203634.jpg,OK,0,1,JUTIAPA,JUTIAPA,20363,CORPORACIÓN MUNICIPAL,17,2,2,0,1,4,217,217,190,190,2,45,10,2,16,10,2,1,11,46,10,29,4,2
1,5,0,400,400,22,https://resultados2019.blob.core.windows.net/201901/202504.jpg,OK,0,1,JUTIAPA,JUTIAPA,20250,CORPORACIÓN MUNICIPAL,18,2,2,0,1,4,220,220,197,197,7,24,5,3,7,6,6,1,17,18,22,68,10,3
1,6,0,380,376,22,https://resultados2019.blob.core.windows.net/201901/203204.jpg,OK,0,1,JUTIAPA,JUTIAPA,20320,CORPORACIÓN MUNICIPAL,20,2,2,0,1,4,185,185,159,159,3,19,5,1,9,29,1,0,11,17,27,31,5,1
1,7,0,400,397,22,https://resultados2019.blob.core.windows.net/201901/202444.jpg,OK,0,1,JUTIAPA,JUTIAPA,20244,CORPORACIÓN MUNICIPAL,14,2,2,0,1,4,242,242,221,221,6,31,8,4,13,6,4,6,11,22,29,63,17,1
1,4,0,380,380,22,https://resultados2019.blob.core.windows.net/201901/203164.jpg,OK,1,1,JUTIAPA,JUTIAPA,20316,CORPORACIÓN MUNICIPAL,14,2,2,0,1,4,189,189,171,171,3,31,8,1,3,28,0,0,23,26,21,22,5,0
1,6,0,400,400,22,https://resultados2019.blob.core.windows.net/201901/202374.jpg,OK,0,1,JUTIAPA,JUTIAPA,20237,CORPORACIÓN MUNICIPAL,14,2,2,0,1,4,235,235,215,215,3,17,11,2,19,13,2,4,6,18,31,74,12,3
1,12,0,380,395,22,https://resultados2019.blob.core.windows.net/201901/204064.jpg,OK,0,1,JUTIAPA,JUTIAPA,20406,CORPORACIÓN MUNICIPAL,19,2,2,0,1,4,185,185,154,154,1,14,57,1,1,4,1,0,1,49,9,7,5,4
1,2,0,400,376,22,https://resultados2019.blob.core.windows.net/201901/202984.jpg,OK,0,1,JUTIAPA,JUTIAPA,20298,CORPORACIÓN MUNICIPAL,3,2,2,0,1,4,202,202,197,197,6,20,2,1,14,12,3,1,5,14,21,90,7,1
1,10,0,400,396,22,https://resultados2019.blob.core.windows.net/201901/202524.jpg,OK,0,1,JUTIAPA,JUTIAPA,20252,CORPORACIÓN MUNICIPAL,24,2,2,0,1,4,223,223,189,189,6,30,11,2,8,13,1,2,10,18,12,63,8,5
1,0,0,380,397,22,https://resultados2019.blob.core.windows.net/201901/203964.jpg,OK,4,1,JUTIAPA,JUTIAPA,20396,CORPORACIÓN MUNICIPAL,17,2,2,0,1,4,179,179,162,162,0,13,0,2,2,1,0,4,104,20,9,6,1,0
1,0,0,241,241,22,https://resultados2019.blob.core.windows.net/201901/203914.jpg,OK,0,1,JUTIAPA,JUTIAPA,20391,CORPORACIÓN MUNICIPAL,2,2,2,0,1,4,122,122,120,120,7,25,1,0,25,1,0,0,5,40,3,7,6,0
1,6,0,380,375,22,https://resultados2019.blob.core.windows.net/201901/203724.jpg,OK,1,1,JUTIAPA,JUTIAPA,20372,CORPORACIÓN MUNICIPAL,14,2,2,0,1,4,189,189,169,169,3,22,5,2,28,5,0,2,11,32,13,35,5,6
1,2,0,344,336,22,https://resultados2019.blob.core.windows.net/201901/203764.jpg,OK,7,1,JUTIAPA,JUTIAPA,20376,CORPORACIÓN MUNICIPAL,5,2,2,0,1,4,173,173,166,166,2,33,5,1,27,2,0,0,10,47,9,26,1,3
1,4,0,400,393,22,https://resultados2019.blob.core.windows.net/201901/202574.jpg,OK,0,1,JUTIAPA,JUTIAPA,20257,CORPORACIÓN MUNICIPAL,16,2,2,0,1,4,245,245,225,225,4,24,5,1,10,10,2,3,10,33,29,81,12,1
1,7,0,400,396,22,https://resultados2019.blob.core.windows.net/201901/202454.jpg,OK,0,1,JUTIAPA,JUTIAPA,20245,CORPORACIÓN MUNICIPAL,15,2,2,0,1,4,236,236,214,214,5,28,8,1,10,5,7,3,11,25,27,68,12,4
1,8,0,400,400,22,https://resultados2019.blob.core.windows.net/201901/202514.jpg,OK,0,1,JUTIAPA,JUTIAPA,20251,CORPORACIÓN MUNICIPAL,17,2,2,0,1,4,239,239,214,214,5,26,5,1,16,13,3,3,11,25,27,69,8,2
1,8,0,400,395,22,https://resultados2019.blob.core.windows.net/201901/202924.jpg,OK,0,1,JUTIAPA,JUTIAPA,20292,CORPORACIÓN MUNICIPAL,13,2,2,0,1,4,204,204,183,183,2,22,8,1,8,8,3,3,9,29,19,62,8,1
1,5,0,369,368,22,https://resultados2019.blob.core.windows.net/201901/203794.jpg,OK,0,1,JUTIAPA,JUTIAPA,20379,CORPORACIÓN MUNICIPAL,18,2,2,0,1,4,202,202,179,179,2,41,1,1,14,3,1,2,4,29,21,22,34,4
1,11,0,380,392,22,https://resultados2019.blob.core.windows.net/201901/204024.jpg,OK,0,1,JUTIAPA,JUTIAPA,20402,CORPORACIÓN MUNICIPAL,24,2,2,0,1,4,202,202,167,167,2,14,74,1,3,5,1,0,4,45,6,4,7,1
0,10,0,380,373,22,https://resultados2019.blob.core.windows.net/201901/203124.jpg,OK,1,1,JUTIAPA,JUTIAPA,20312,CORPORACIÓN MUNICIPAL,28,2,2,0,1,4,250,249,211,211,5,33,4,2,9,42,3,1,40,29,12,21,10,0
1,11,0,380,380,22,https://resultados2019.blob.core.windows.net/201901/203264.jpg,OK,0,1,JUTIAPA,JUTIAPA,20326,CORPORACIÓN MUNICIPAL,23,2,2,0,1,4,224,224,190,190,19,41,1,2,20,6,0,4,5,30,10,33,14,5
1,9,0,380,374,22,https://resultados2019.blob.core.windows.net/201901/203654.jpg,OK,0,1,JUTIAPA,JUTIAPA,20365,CORPORACIÓN MUNICIPAL,19,2,2,0,1,4,205,205,177,177,2,42,11,0,22,6,3,2,12,40,9,24,0,4
1,1,0,400,396,22,https://resultados2019.blob.core.windows.net/201901/202714.jpg,OK,1,1,JUTIAPA,JUTIAPA,20271,CORPORACIÓN MUNICIPAL,3,2,2,0,1,4,221,221,217,217,3,17,4,0,15,13,5,2,12,19,25,90,8,4
1,6,0,368,368,22,https://resultados2019.blob.core.windows.net/201901/203804.jpg,OK,0,1,JUTIAPA,JUTIAPA,20380,CORPORACIÓN MUNICIPAL,6,2,2,0,1,4,190,190,178,178,2,33,1,2,19,11,0,0,7,29,18,26,25,5
1,5,0,380,379,22,https://resultados2019.blob.core.windows.net/201901/203374.jpg,OK,0,1,JUTIAPA,JUTIAPA,20337,CORPORACIÓN MUNICIPAL,18,2,2,0,1,4,207,207,184,184,12,44,0,1,18,4,1,4,4,43,13,28,12,0
1,9,0,400,400,22,https://resultados2019.blob.core.windows.net/201901/202494.jpg,OK,0,1,JUTIAPA,JUTIAPA,20249,CORPORACIÓN MUNICIPAL,18,2,2,0,1,4,248,248,221,221,7,37,7,1,9,12,1,4,8,37,21,61,16,0
1,3,0,380,379,22,https://resultados2019.blob.core.windows.net/201901/203554.jpg,OK,0,1,JUTIAPA,JUTIAPA,20355,CORPORACIÓN MUNICIPAL,12,2,2,0,1,4,148,148,133,133,6,12,30,0,3,9,0,1,0,33,13,16,4,6
0,5,0,380,373,22,https://resultados2019.blob.core.windows.net/201901/203344.jpg,OK,34,1,JUTIAPA,JUTIAPA,20334,CORPORACIÓN MUNICIPAL,34,2,2,0,1,4,220,220,181,220,28,31,1,1,14,2,1,7,4,43,13,26,7,3
1,10,0,380,380,22,https://resultados2019.blob.core.windows.net/201901/203314.jpg,OK,0,1,JUTIAPA,JUTIAPA,20331,CORPORACIÓN MUNICIPAL,32,2,2,0,1,4,242,242,200,200,24,53,2,2,16,6,0,3,3,35,13,27,14,2
1,14,0,380,380,22,https://resultados2019.blob.core.windows.net/201901/203134.jpg,OK,0,1,JUTIAPA,JUTIAPA,20313,CORPORACIÓN MUNICIPAL,26,2,2,0,1,4,243,243,203,203,3,28,14,4,5,36,1,1,24,30,17,22,15,3
1,1,0,261,258,22,https://resultados2019.blob.core.windows.net/201901/203494.jpg,OK,0,1,JUTIAPA,JUTIAPA,20349,CORPORACIÓN MUNICIPAL,7,2,2,0,1,4,92,92,84,84,0,9,1,2,5,2,2,2,30,14,1,11,5,0
1,6,0,400,400,22,https://resultados2019.blob.core.windows.net/201901/202584.jpg,OK,0,1,JUTIAPA,JUTIAPA,20258,CORPORACIÓN MUNICIPAL,12,2,2,0,1,4,267,267,249,249,2,32,4,1,9,4,4,7,13,27,25,104,14,3
1,6,0,400,400,22,https://resultados2019.blob.core.windows.net/201901/202954.jpg,OK,0,1,JUTIAPA,JUTIAPA,20295,CORPORACIÓN MUNICIPAL,6,2,2,0,1,4,159,159,147,147,1,25,7,0,4,9,2,3,5,21,13,50,5,2
1,3,0,400,400,22,https://resultados2019.blob.core.windows.net/201901/202904.jpg,OK,0,1,JUTIAPA,JUTIAPA,20290,CORPORACIÓN MUNICIPAL,16,2,2,0,1,4,200,200,181,181,3,20,7,1,12,11,3,0,6,24,17,61,14,2
0,8,0,380,380,22,https://resultados2019.blob.core.windows.net/201901/203334.jpg,OK,0,1,JUTIAPA,JUTIAPA,20333,CORPORACIÓN MUNICIPAL,28,2,2,0,1,4,256,257,221,220,29,49,1,2,19,2,1,5,6,46,22,30,9,0
1,16,0,380,398,22,https://resultados2019.blob.core.windows.net/201901/204034.jpg,OK,0,1,JUTIAPA,JUTIAPA,20403,CORPORACIÓN MUNICIPAL,13,2,2,0,1,4,206,206,177,177,3,17,85,0,2,4,0,0,1,48,3,3,9,2
1,6,0,380,380,22,https://resultados2019.blob.core.windows.net/201901/203684.jpg,OK,0,1,JUTIAPA,JUTIAPA,20368,CORPORACIÓN MUNICIPAL,12,2,2,0,1,4,162,162,144,144,3,24,4,1,25,1,0,0,8,27,17,26,4,4
1,3,0,400,400,22,https://resultados2019.blob.core.windows.net/201901/202704.jpg,OK,0,1,JUTIAPA,JUTIAPA,20270,CORPORACIÓN MUNICIPAL,3,2,2,0,1,4,212,212,206,206,3,22,5,1,11,8,4,4,10,18,29,77,10,4
1,4,0,400,392,22,https://resultados2019.blob.core.windows.net/201901/202484.jpg,OK,0,1,JUTIAPA,JUTIAPA,20248,CORPORACIÓN MUNICIPAL,17,2,2,0,1,4,250,250,229,229,9,18,10,2,14,14,5,3,18,31,26,59,16,4
1,2,0,380,396,22,https://resultados2019.blob.core.windows.net/201901/203934.jpg,OK,0,1,JUTIAPA,JUTIAPA,20393,CORPORACIÓN MUNICIPAL,35,2,2,0,1,4,230,230,193,193,3,24,1,2,2,1,0,5,123,16,4,11,1,0
1,13,0,380,380,22,https://resultados2019.blob.core.windows.net/201901/203384.jpg,OK,0,1,JUTIAPA,JUTIAPA,20338,CORPORACIÓN MUNICIPAL,32,2,2,0,1,4,223,223,178,178,12,34,3,4,10,5,1,3,5,43,14,33,9,2
1,0,0,253,253,22,https://resultados2019.blob.core.windows.net/201901/203424.jpg,OK,0,1,JUTIAPA,JUTIAPA,20342,CORPORACIÓN MUNICIPAL,5,2,2,0,1,4,134,134,129,129,15,26,1,1,26,4,0,6,4,20,3,18,5,0
1,0,1,400,400,22,https://resultados2019.blob.core.windows.net/201901/202644.jpg,OK,0,1,JUTIAPA,JUTIAPA,20264,CORPORACIÓN MUNICIPAL,10,2,2,0,1,4,237,237,227,227,6,28,5,1,13,6,3,5,12,13,29,95,10,1
1,8,0,380,400,22,https://resultados2019.blob.core.windows.net/201901/204054.jpg,OK,0,1,JUTIAPA,JUTIAPA,20405,CORPORACIÓN MUNICIPAL,13,2,2,0,1,4,165,165,144,144,5,9,67,2,2,6,1,0,0,35,3,8,4,2
1,2,0,256,256,22,https://resultados2019.blob.core.windows.net/201901/204094.jpg,OK,0,1,JUTIAPA,JUTIAPA,20409,CORPORACIÓN MUNICIPAL,8,2,2,0,1,4,107,107,97,97,2,9,41,0,0,4,2,0,1,27,4,5,2,0
0,11,0,380,374,22,https://resultados2019.blob.core.windows.net/201901/203284.jpg,OK,0,1,JUTIAPA,JUTIAPA,20328,CORPORACIÓN MUNICIPAL,35,2,2,0,1,4,228,226,180,182,17,37,2,0,25,0,0,5,2,46,16,23,7,0
1,0,0,400,373,22,https://resultados2019.blob.core.windows.net/201901/203054.jpg,OK,0,1,JUTIAPA,JUTIAPA,20305,CORPORACIÓN MUNICIPAL,10,2,2,0,1,4,125,125,115,115,2,14,0,1,16,5,2,5,7,12,10,37,4,0
1,1,0,400,376,22,https://resultados2019.blob.core.windows.net/201901/203044.jpg,OK,0,1,JUTIAPA,JUTIAPA,20304,CORPORACIÓN MUNICIPAL,7,2,2,0,1,4,212,212,204,204,4,23,5,0,13,7,1,3,7,16,28,87,9,1
1,1,0,380,373,22,https://resultados2019.blob.core.windows.net/201901/203874.jpg,OK,0,1,JUTIAPA,JUTIAPA,20387,CORPORACIÓN MUNICIPAL,8,2,2,0,1,4,200,200,191,191,9,71,3,1,36,1,0,1,8,39,5,12,4,1
1,4,0,400,400,22,https://resultados2019.blob.core.windows.net/201901/202614.jpg,OK,4,1,JUTIAPA,JUTIAPA,20261,CORPORACIÓN MUNICIPAL,13,2,2,0,1,4,235,235,218,218,2,26,4,2,13,7,1,1,8,31,29,84,7,3
1,9,0,380,376,22,https://resultados2019.blob.core.windows.net/201901/203574.jpg,OK,0,1,JUTIAPA,JUTIAPA,20357,CORPORACIÓN MUNICIPAL,14,2,2,0,1,4,169,169,146,146,6,20,33,1,5,5,2,2,2,37,4,24,1,4
1,4,0,400,396,22,https://resultados2019.blob.core.windows.net/201901/202694.jpg,OK,0,1,JUTIAPA,JUTIAPA,20269,CORPORACIÓN MUNICIPAL,8,2,2,0,1,4,207,207,195,195,2,16,3,2,13,7,0,1,11,31,28,66,10,5
1,5,0,400,392,22,https://resultados2019.blob.core.windows.net/201901/202834.jpg,OK,0,1,JUTIAPA,JUTIAPA,20283,CORPORACIÓN MUNICIPAL,7,2,2,0,1,4,210,210,198,198,7,28,7,5,10,7,1,1,10,17,18,78,8,1
1,10,0,380,376,22,https://resultados2019.blob.core.windows.net/201901/203834.jpg,OK,0,1,JUTIAPA,JUTIAPA,20383,CORPORACIÓN MUNICIPAL,34,2,2,0,1,4,256,256,212,212,13,51,3,3,47,2,2,0,13,52,7,11,7,1
1,2,0,380,374,22,https://resultados2019.blob.core.windows.net/201901/203744.jpg,OK,0,1,JUTIAPA,JUTIAPA,20374,CORPORACIÓN MUNICIPAL,12,2,2,0,1,4,157,157,143,143,2,20,7,1,33,3,0,0,3,28,8,33,4,1
1,5,0,380,378,22,https://resultados2019.blob.core.windows.net/201901/203274.jpg,OK,0,1,JUTIAPA,JUTIAPA,20327,CORPORACIÓN MUNICIPAL,34,2,2,0,1,4,237,237,198,198,28,46,2,0,17,3,2,5,3,35,11,40,6,0
0,2,0,400,400,22,https://resultados2019.blob.core.windows.net/201901/202994.jpg,OK,0,1,JUTIAPA,JUTIAPA,20299,CORPORACIÓN MUNICIPAL,7,2,2,0,1,4,179,167,158,170,2,19,5,1,0,8,1,2,1,14,26,73,3,3
1,2,0,400,400,22,https://resultados2019.blob.core.windows.net/201901/202774.jpg,OK,0,1,JUTIAPA,JUTIAPA,20277,CORPORACIÓN MUNICIPAL,16,2,2,0,1,4,232,232,214,214,3,24,7,4,11,13,3,1,6,21,31,74,12,4
1,1,0,380,376,22,https://resultados2019.blob.core.windows.net/201901/203414.jpg,OK,0,1,JUTIAPA,JUTIAPA,20341,CORPORACIÓN MUNICIPAL,8,2,2,0,1,4,194,194,185,185,16,37,2,0,31,1,0,10,5,22,19,30,8,4
1,5,0,400,396,22,https://resultados2019.blob.core.windows.net/201901/202824.jpg,OK,0,1,JUTIAPA,JUTIAPA,20282,CORPORACIÓN MUNICIPAL,13,2,2,0,1,4,220,220,202,202,2,31,3,0,11,7,5,3,9,27,22,68,12,2
1,7,0,400,400,22,https://resultados2019.blob.core.windows.net/201901/202464.jpg,OK,0,1,JUTIAPA,JUTIAPA,20246,CORPORACIÓN MUNICIPAL,15,2,2,0,1,4,252,252,230,230,7,29,4,2,14,8,0,4,11,27,19,85,13,7
