ACTACUADRA,BLANCOS,CNTIMPUGNA,CNTINSCRITOS,CNTPAPELETAS,DEP,IMGSRC,IMGSTATUS,INVALIDOS,MUN,NDEP,NMUN,NROMESA,NTE,NULOS,STACTA,STESCAN,STFISIC,STTRANS,TIPOELECCION,TOTALACTA,TOTALVOTOS,VOTOSVALIDOS,VOTOSVALIDOSACTA,voto_BIEN,voto_EG,voto_FCN-NACION,voto_MLP,voto_PAN,voto_UCN,voto_UNE,voto_VALOR,voto_VAMOS
1,6,0,400,396,22,https://resultados2019.blob.core.windows.net/201901/204814.jpg,OK,0,3,JUTIAPA,SANTA CATARINA MITA,20481,CORPORACIÓN MUNICIPAL,16,2,2,0,1,4,245,245,223,223,4,2,97,0,3,46,22,47,2
1,6,0,400,397,22,https://resultados2019.blob.core.windows.net/201901/204744.jpg,OK,0,3,JUTIAPA,SANTA CATARINA MITA,20474,CORPORACIÓN MUNICIPAL,17,2,2,0,1,4,240,240,217,217,3,4,109,1,1,70,1,26,2
1,7,0,400,400,22,https://resultados2019.blob.core.windows.net/201901/204844.jpg,OK,0,3,JUTIAPA,SANTA CATARINA MITA,20484,CORPORACIÓN MUNICIPAL,29,2,2,0,1,4,264,264,228,228,9,0,97,9,0,82,6,18,7
1,0,0,282,282,22,https://resultados2019.blob.core.windows.net/201901/204634.jpg,OK,0,3,JUTIAPA,SANTA CATARINA MITA,20463,CORPORACIÓN MUNICIPAL,0,2,2,0,1,4,249,249,249,249,2,13,53,0,0,73,2,105,1
1,2,1,400,396,22,https://resultados2019.blob.core.windows.net/201901/204504.jpg,OK,0,3,JUTIAPA,SANTA CATARINA MITA,20450,CORPORACIÓN MUNICIPAL,12,2,2,0,1,4,305,305,291,291,2,15,78,0,1,89,6,96,4
1,3,0,400,396,22,https://resultados2019.blob.core.windows.net/201901/204714.jpg,OK,0,3,JUTIAPA,SANTA CATARINA MITA,20471,CORPORACIÓN MUNICIPAL,11,2,2,0,1,4,256,256,242,242,2,13,93,1,2,80,5,44,2
1,3,0,400,396,22,https://resultados2019.blob.core.windows.net/201901/204704.jpg,OK,0,3,JUTIAPA,SANTA CATARINA MITA,20470,CORPORACIÓN MUNICIPAL,21,2,2,0,1,4,287,287,263,263,1,4,106,1,1,94,2,48,6
1,6,0,400,400,22,https://resultados2019.blob.core.windows.net/201901/204684.jpg,OK,0,3,JUTIAPA,SANTA CATARINA MITA,20468,CORPORACIÓN MUNICIPAL,28,2,2,0,1,4,291,291,257,257,3,12,90,1,0,101,5,42,3
1,4,0,400,397,22,https://resultados2019.blob.core.windows.net/201901/204534.jpg,OK,0,3,JUTIAPA,SANTA CATARINA MITA,20453,CORPORACIÓN MUNICIPAL,17,2,2,0,1,4,314,314,293,293,3,13,73,0,1,101,2,96,4
1,6,0,400,400,22,https://resultados2019.blob.core.windows.net/201901/204674.jpg,OK,0,3,JUTIAPA,SANTA CATARINA MITA,20467,CORPORACIÓN MUNICIPAL,18,2,2,0,1,4,295,295,271,271,1,12,115,1,1,97,4,38,2
1,4,0,400,396,22,https://resultados2019.blob.core.windows.net/201901/204724.jpg,OK,0,3,JUTIAPA,SANTA CATARINA MITA,20472,CORPORACIÓN MUNICIPAL,16,2,2,0,1,4,262,262,242,242,1,10,98,0,0,88,5,39,1
1,2,0,400,396,22,https://resultados2019.blob.core.windows.net/201901/204524.jpg,OK,0,3,JUTIAPA,SANTA CATARINA MITA,20452,CORPORACIÓN MUNICIPAL,8,2,2,0,1,4,324,324,314,314,1,14,86,1,0,91,3,113,5
1,3,0,235,235,22,https://resultados2019.blob.core.windows.net/201901/204944.jpg,OK,0,3,JUTIAPA,SANTA CATARINA MITA,20494,CORPORACIÓN MUNICIPAL,4,2,2,0,1,4,139,139,132,132,6,2,65,13,0,37,0,7,2
1,2,0,308,308,22,https://resultados2019.blob.core.windows.net/201901/204964.jpg,OK,0,3,JUTIAPA,SANTA CATARINA MITA,20496,CORPORACIÓN MUNICIPAL,3,2,2,0,1,4,52,52,47,47,0,1,10,2,0,18,1,14,1
1,3,0,400,400,22,https://resultados2019.blob.core.windows.net/201901/204544.jpg,OK,0,3,JUTIAPA,SANTA CATARINA MITA,20454,CORPORACIÓN MUNICIPAL,16,2,2,0,1,4,338,338,319,319,2,19,98,1,4,80,0,112,3
1,5,0,400,400,22,https://resultados2019.blob.core.windows.net/201901/204564.jpg,OK,0,3,JUTIAPA,SANTA CATARINA MITA,20456,CORPORACIÓN MUNICIPAL,8,2,2,0,1,4,283,283,270,270,3,10,74,0,0,54,4,123,2
1,0,0,400,400,22,https://resultados2019.blob.core.windows.net/201901/204584.jpg,OK,0,3,JUTIAPA,SANTA CATARINA MITA,20458,CORPORACIÓN MUNICIPAL,7,2,2,0,1,4,313,313,306,306,2,18,85,2,0,74,2,120,3
1,3,0,235,235,22,https://resultados2019.blob.core.windows.net/201901/204934.jpg,OK,0,3,JUTIAPA,SANTA CATARINA MITA,20493,CORPORACIÓN MUNICIPAL,3,2,2,0,1,4,172,172,166,166,5,1,64,6,1,75,5,9,0
1,0,0,308,308,22,https://resultados2019.blob.core.windows.net/201901/204974.jpg,OK,0,3,JUTIAPA,SANTA CATARINA MITA,20497,CORPORACIÓN MUNICIPAL,2,2,2,0,1,4,24,24,22,22,0,0,7,0,0,11,0,4,0
1,6,0,400,400,22,https://resultados2019.blob.core.windows.net/201901/204594.jpg,OK,0,3,JUTIAPA,SANTA CATARINA MITA,20459,CORPORACIÓN MUNICIPAL,8,2,2,0,1,4,301,301,287,287,2,12,73,1,0,94,2,98,5
1,7,0,400,396,22,https://resultados2019.blob.core.windows.net/201901/204794.jpg,OK,0,3,JUTIAPA,SANTA CATARINA MITA,20479,CORPORACIÓN MUNICIPAL,20,2,2,0,1,4,258,258,231,231,1,2,96,0,4,45,39,44,0
1,10,0,400,396,22,https://resultados2019.blob.core.windows.net/201901/204774.jpg,OK,0,3,JUTIAPA,SANTA CATARINA MITA,20477,CORPORACIÓN MUNICIPAL,14,2,2,0,1,4,236,236,212,212,4,4,97,4,1,51,23,26,2
1,2,0,600,599,22,https://resultados2019.blob.core.windows.net/201901/204954.jpg,OK,0,3,JUTIAPA,SANTA CATARINA MITA,20495,CORPORACIÓN MUNICIPAL,11,2,2,0,1,4,163,163,150,150,4,8,44,6,0,57,2,25,4
1,8,0,400,400,22,https://resultados2019.blob.core.windows.net/201901/204854.jpg,OK,0,3,JUTIAPA,SANTA CATARINA MITA,20485,CORPORACIÓN MUNICIPAL,24,2,2,0,1,4,277,277,245,245,4,2,103,13,5,94,6,15,3
1,6,0,400,400,22,https://resultados2019.blob.core.windows.net/201901/204894.jpg,OK,1,3,JUTIAPA,SANTA CATARINA MITA,20489,CORPORACIÓN MUNICIPAL,10,2,2,0,1,4,241,241,225,225,4,1,104,12,1,84,5,11,3
1,5,0,318,318,22,https://resultados2019.blob.core.windows.net/201901/204824.jpg,OK,0,3,JUTIAPA,SANTA CATARINA MITA,20482,CORPORACIÓN MUNICIPAL,17,2,2,0,1,4,173,173,151,151,4,3,74,0,1,26,19,21,3
1,4,0,400,396,22,https://resultados2019.blob.core.windows.net/201901/204804.jpg,OK,0,3,JUTIAPA,SANTA CATARINA MITA,20480,CORPORACIÓN MUNICIPAL,13,2,2,0,1,4,222,222,205,205,5,2,74,0,3,42,35,43,1
1,4,0,400,400,22,https://resultados2019.blob.core.windows.net/201901/204924.jpg,OK,0,3,JUTIAPA,SANTA CATARINA MITA,20492,CORPORACIÓN MUNICIPAL,14,2,2,0,1,4,237,237,219,219,3,2,99,11,1,89,3,11,0
1,4,1,400,396,22,https://resultados2019.blob.core.windows.net/201901/204574.jpg,OK,0,3,JUTIAPA,SANTA CATARINA MITA,20457,CORPORACIÓN MUNICIPAL,8,2,2,0,1,4,307,307,295,295,1,21,66,1,0,94,2,104,6
1,5,0,318,318,22,https://resultados2019.blob.core.windows.net/201901/204834.jpg,OK,0,3,JUTIAPA,SANTA CATARINA MITA,20483,CORPORACIÓN MUNICIPAL,4,2,2,0,1,4,173,173,164,164,1,2,84,1,1,36,14,23,2
1,2,0,282,282,22,https://resultados2019.blob.core.windows.net/201901/204644.jpg,OK,0,3,JUTIAPA,SANTA CATARINA MITA,20464,CORPORACIÓN MUNICIPAL,2,2,2,0,1,4,205,205,201,201,0,8,45,0,0,67,1,78,2
1,4,0,352,327,22,https://resultados2019.blob.core.windows.net/201901/204764.jpg,OK,0,3,JUTIAPA,SANTA CATARINA MITA,20476,CORPORACIÓN MUNICIPAL,3,2,2,0,1,4,247,247,240,240,0,11,94,1,2,85,3,43,1
1,0,0,400,396,22,https://resultados2019.blob.core.windows.net/201901/204514.jpg,OK,0,3,JUTIAPA,SANTA CATARINA MITA,20451,CORPORACIÓN MUNICIPAL,11,2,2,0,1,4,339,339,328,328,0,12,99,0,0,107,1,108,1
1,1,0,400,396,22,https://resultados2019.blob.core.windows.net/201901/204494.jpg,OK,0,3,JUTIAPA,SANTA CATARINA MITA,20449,CORPORACIÓN MUNICIPAL,15,2,2,0,1,4,328,328,312,312,1,15,89,0,1,89,2,110,5
1,7,0,400,396,22,https://resultados2019.blob.core.windows.net/201901/204734.jpg,OK,0,3,JUTIAPA,SANTA CATARINA MITA,20473,CORPORACIÓN MUNICIPAL,10,2,2,0,1,4,276,276,259,259,0,11,105,1,0,92,7,40,3
1,7,3,400,396,22,https://resultados2019.blob.core.windows.net/201901/204654.jpg,OK,0,3,JUTIAPA,SANTA CATARINA MITA,20465,CORPORACIÓN MUNICIPAL,25,2,2,0,1,4,284,284,252,252,2,12,124,2,2,77,3,27,3
1,9,0,400,394,22,https://resultados2019.blob.core.windows.net/201901/204874.jpg,OK,0,3,JUTIAPA,SANTA CATARINA MITA,20487,CORPORACIÓN MUNICIPAL,25,2,2,0,1,4,281,281,247,247,9,3,97,26,2,87,4,16,3
1,3,0,400,396,22,https://resultados2019.blob.core.windows.net/201901/204884.jpg,OK,0,3,JUTIAPA,SANTA CATARINA MITA,20488,CORPORACIÓN MUNICIPAL,19,2,2,0,1,4,277,277,255,255,6,3,123,10,0,91,6,15,1
1,0,0,400,400,22,https://resultados2019.blob.core.windows.net/201901/204624.jpg,OK,1,3,JUTIAPA,SANTA CATARINA MITA,20462,CORPORACIÓN MUNICIPAL,1,2,2,0,1,4,309,309,308,308,1,10,72,0,0,99,3,119,4
1,4,0,400,400,22,https://resultados2019.blob.core.windows.net/201901/204664.jpg,OK,0,3,JUTIAPA,SANTA CATARINA MITA,20466,CORPORACIÓN MUNICIPAL,19,2,2,0,1,4,285,285,262,262,0,15,101,2,0,101,2,36,5
1,2,0,400,395,22,https://resultados2019.blob.core.windows.net/201901/204614.jpg,OK,0,3,JUTIAPA,SANTA CATARINA MITA,20461,CORPORACIÓN MUNICIPAL,18,2,2,0,1,4,297,297,277,277,1,5,80,1,1,86,1,102,0
1,2,0,400,400,22,https://resultados2019.blob.core.windows.net/201901/204604.jpg,OK,0,3,JUTIAPA,SANTA CATARINA MITA,20460,CORPORACIÓN MUNICIPAL,6,2,2,0,1,4,305,305,297,297,3,9,85,0,2,95,1,98,4
1,1,0,352,328,22,https://resultados2019.blob.core.windows.net/201901/204754.jpg,OK,0,3,JUTIAPA,SANTA CATARINA MITA,20475,CORPORACIÓN MUNICIPAL,8,2,2,0,1,4,241,241,232,232,0,10,95,0,1,82,4,39,1
1,4,0,400,396,22,https://resultados2019.blob.core.windows.net/201901/204864.jpg,OK,0,3,JUTIAPA,SANTA CATARINA MITA,20486,CORPORACIÓN MUNICIPAL,22,2,2,0,1,4,265,265,239,239,8,2,105,24,0,79,5,15,1
1,1,0,400,400,22,https://resultados2019.blob.core.windows.net/201901/204554.jpg,OK,0,3,JUTIAPA,SANTA CATARINA MITA,20455,CORPORACIÓN MUNICIPAL,3,2,2,0,1,4,280,280,276,276,3,12,63,0,0,90,3,101,4
1,4,0,400,396,22,https://resultados2019.blob.core.windows.net/201901/204784.jpg,OK,0,3,JUTIAPA,SANTA CATARINA MITA,20478,CORPORACIÓN MUNICIPAL,13,2,2,0,1,4,254,254,237,237,7,1,109,0,2,41,42,31,4
1,5,0,400,400,22,https://resultados2019.blob.core.windows.net/201901/204914.jpg,OK,0,3,JUTIAPA,SANTA CATARINA MITA,20491,CORPORACIÓN MUNICIPAL,21,2,2,0,1,4,257,257,231,231,7,2,107,8,1,94,1,11,0
1,5,0,400,400,22,https://resultados2019.blob.core.windows.net/201901/204694.jpg,OK,0,3,JUTIAPA,SANTA CATARINA MITA,20469,CORPORACIÓN MUNICIPAL,12,2,2,0,1,4,276,276,259,259,6,10,103,4,1,94,6,32,3
1,10,0,400,396,22,https://resultados2019.blob.core.windows.net/201901/204904.jpg,OK,0,3,JUTIAPA,SANTA CATARINA MITA,20490,CORPORACIÓN MUNICIPAL,19,2,2,0,1,4,266,266,237,237,8,1,110,11,2,88,4,10,3
