ACTACUADRA,BLANCOS,CNTIMPUGNA,CNTINSCRITOS,CNTPAPELETAS,DEP,IMGSRC,IMGSTATUS,INVALIDOS,MUN,NDEP,NMUN,NROMESA,NTE,NULOS,STACTA,STESCAN,STFISIC,STTRANS,TIPOELECCION,TOTALACTA,TOTALVOTOS,VOTOSVALIDOS,VOTOSVALIDOSACTA,voto_FCN-NACION,voto_MLP,voto_SEMILLA,voto_UNE,voto_VAMOS
1,5,0,400,396,22,https://resultados2019.blob.core.windows.net/201901/204984.jpg,OK,0,4,JUTIAPA,AGUA BLANCA,20498,CORPORACIÓN MUNICIPAL,3,2,2,0,1,4,303,303,295,295,132,1,0,148,14
1,1,0,374,373,22,https://resultados2019.blob.core.windows.net/201901/205114.jpg,OK,0,4,JUTIAPA,AGUA BLANCA,20511,CORPORACIÓN MUNICIPAL,10,2,2,0,1,4,275,275,264,264,159,0,2,99,4
1,0,0,246,246,22,https://resultados2019.blob.core.windows.net/201901/205274.jpg,OK,0,4,JUTIAPA,AGUA BLANCA,20527,CORPORACIÓN MUNICIPAL,0,2,2,0,1,4,193,193,193,193,76,0,1,114,2
1,5,1,242,242,22,https://resultados2019.blob.core.windows.net/201901/205174.jpg,OK,0,4,JUTIAPA,AGUA BLANCA,20517,CORPORACIÓN MUNICIPAL,3,2,2,0,1,4,182,182,174,174,97,1,0,68,8
1,1,0,365,363,22,https://resultados2019.blob.core.windows.net/201901/205314.jpg,OK,0,4,JUTIAPA,AGUA BLANCA,20531,CORPORACIÓN MUNICIPAL,0,2,2,0,1,4,27,27,26,26,14,0,0,8,4
1,5,0,242,242,22,https://resultados2019.blob.core.windows.net/201901/205164.jpg,OK,0,4,JUTIAPA,AGUA BLANCA,20516,CORPORACIÓN MUNICIPAL,5,2,2,0,1,4,171,171,161,161,96,1,0,60,4
1,3,0,600,600,22,https://resultados2019.blob.core.windows.net/201901/205294.jpg,OK,0,4,JUTIAPA,AGUA BLANCA,20529,CORPORACIÓN MUNICIPAL,8,2,2,0,1,4,121,121,110,110,51,1,0,55,3
1,4,5,380,252,22,https://resultados2019.blob.core.windows.net/201901/205154.jpg,OK,0,4,JUTIAPA,AGUA BLANCA,20515,CORPORACIÓN MUNICIPAL,8,2,2,0,1,4,247,247,235,235,151,0,4,76,4
1,3,1,400,396,22,https://resultados2019.blob.core.windows.net/201901/205034.jpg,OK,0,4,JUTIAPA,AGUA BLANCA,20503,CORPORACIÓN MUNICIPAL,4,2,2,0,1,4,274,274,267,267,132,0,2,119,14
1,0,0,400,397,22,https://resultados2019.blob.core.windows.net/201901/205254.jpg,OK,0,4,JUTIAPA,AGUA BLANCA,20525,CORPORACIÓN MUNICIPAL,7,2,2,0,1,4,277,277,270,270,111,4,0,153,2
1,3,0,400,396,22,https://resultados2019.blob.core.windows.net/201901/204994.jpg,OK,0,4,JUTIAPA,AGUA BLANCA,20499,CORPORACIÓN MUNICIPAL,7,2,2,0,1,4,301,301,291,291,126,2,1,153,9
1,1,0,366,366,22,https://resultados2019.blob.core.windows.net/201901/205304.jpg,OK,0,4,JUTIAPA,AGUA BLANCA,20530,CORPORACIÓN MUNICIPAL,1,2,2,0,1,4,58,58,56,56,25,0,0,30,1
1,1,0,246,246,22,https://resultados2019.blob.core.windows.net/201901/205284.jpg,OK,0,4,JUTIAPA,AGUA BLANCA,20528,CORPORACIÓN MUNICIPAL,3,2,2,0,1,4,171,171,167,167,85,0,1,80,1
1,2,0,310,310,22,https://resultados2019.blob.core.windows.net/201901/205074.jpg,OK,0,4,JUTIAPA,AGUA BLANCA,20507,CORPORACIÓN MUNICIPAL,2,2,2,0,1,4,217,217,213,213,111,0,0,95,7
1,0,0,400,400,22,https://resultados2019.blob.core.windows.net/201901/205044.jpg,OK,0,4,JUTIAPA,AGUA BLANCA,20504,CORPORACIÓN MUNICIPAL,7,2,2,0,1,4,275,275,268,268,117,1,0,141,9
1,4,0,380,376,22,https://resultados2019.blob.core.windows.net/201901/205134.jpg,OK,0,4,JUTIAPA,AGUA BLANCA,20513,CORPORACIÓN MUNICIPAL,14,2,2,0,1,4,281,281,263,263,148,2,3,100,10
1,2,0,400,396,22,https://resultados2019.blob.core.windows.net/201901/205004.jpg,OK,0,4,JUTIAPA,AGUA BLANCA,20500,CORPORACIÓN MUNICIPAL,10,2,2,0,1,4,317,317,305,305,140,0,0,155,10
1,4,0,400,400,22,https://resultados2019.blob.core.windows.net/201901/205194.jpg,OK,0,4,JUTIAPA,AGUA BLANCA,20519,CORPORACIÓN MUNICIPAL,17,2,2,0,1,4,306,306,285,285,135,5,1,141,3
1,4,0,400,400,22,https://resultados2019.blob.core.windows.net/201901/205084.jpg,OK,0,4,JUTIAPA,AGUA BLANCA,20508,CORPORACIÓN MUNICIPAL,18,2,2,0,1,4,315,315,293,293,163,2,1,124,3
1,5,0,400,400,22,https://resultados2019.blob.core.windows.net/201901/205224.jpg,OK,0,4,JUTIAPA,AGUA BLANCA,20522,CORPORACIÓN MUNICIPAL,11,2,2,0,1,4,319,319,303,303,140,1,0,159,3
1,8,2,400,400,22,https://resultados2019.blob.core.windows.net/201901/205204.jpg,OK,0,4,JUTIAPA,AGUA BLANCA,20520,CORPORACIÓN MUNICIPAL,14,2,2,0,1,4,280,280,258,258,107,8,0,142,1
1,3,0,400,396,22,https://resultados2019.blob.core.windows.net/201901/205234.jpg,OK,0,4,JUTIAPA,AGUA BLANCA,20523,CORPORACIÓN MUNICIPAL,11,2,2,0,1,4,319,319,305,305,143,1,0,158,3
1,4,0,400,400,22,https://resultados2019.blob.core.windows.net/201901/205264.jpg,OK,0,4,JUTIAPA,AGUA BLANCA,20526,CORPORACIÓN MUNICIPAL,3,2,2,0,1,4,268,268,261,261,133,0,0,125,3
1,3,0,400,396,22,https://resultados2019.blob.core.windows.net/201901/205054.jpg,OK,0,4,JUTIAPA,AGUA BLANCA,20505,CORPORACIÓN MUNICIPAL,7,2,2,0,1,4,276,276,266,266,117,1,3,134,11
1,5,0,400,400,22,https://resultados2019.blob.core.windows.net/201901/205184.jpg,OK,1,4,JUTIAPA,AGUA BLANCA,20518,CORPORACIÓN MUNICIPAL,7,2,2,0,1,4,278,278,266,266,125,2,0,139,0
1,3,0,400,396,22,https://resultados2019.blob.core.windows.net/201901/205014.jpg,OK,0,4,JUTIAPA,AGUA BLANCA,20501,CORPORACIÓN MUNICIPAL,5,2,2,0,1,4,321,321,313,313,160,1,1,138,13
1,3,0,400,396,22,https://resultados2019.blob.core.windows.net/201901/205094.jpg,OK,0,4,JUTIAPA,AGUA BLANCA,20509,CORPORACIÓN MUNICIPAL,8,2,2,0,1,4,316,316,305,305,201,0,0,97,7
1,4,1,400,396,22,https://resultados2019.blob.core.windows.net/201901/205244.jpg,OK,0,4,JUTIAPA,AGUA BLANCA,20524,CORPORACIÓN MUNICIPAL,5,2,2,0,1,4,259,259,250,250,124,4,0,115,7
1,1,0,373,373,22,https://resultados2019.blob.core.windows.net/201901/205124.jpg,OK,0,4,JUTIAPA,AGUA BLANCA,20512,CORPORACIÓN MUNICIPAL,1,2,2,0,1,4,286,286,284,284,185,1,0,93,5
1,1,0,400,396,22,https://resultados2019.blob.core.windows.net/201901/205214.jpg,OK,0,4,JUTIAPA,AGUA BLANCA,20521,CORPORACIÓN MUNICIPAL,15,2,2,0,1,4,306,306,290,290,139,5,3,139,4
1,2,0,400,400,22,https://resultados2019.blob.core.windows.net/201901/205104.jpg,OK,0,4,JUTIAPA,AGUA BLANCA,20510,CORPORACIÓN MUNICIPAL,5,2,2,0,1,4,302,302,295,295,170,1,1,112,11
1,9,0,380,376,22,https://resultados2019.blob.core.windows.net/201901/205144.jpg,OK,0,4,JUTIAPA,AGUA BLANCA,20514,CORPORACIÓN MUNICIPAL,15,2,2,0,1,4,295,295,271,271,150,2,0,101,18
1,2,0,400,396,22,https://resultados2019.blob.core.windows.net/201901/205024.jpg,OK,0,4,JUTIAPA,AGUA BLANCA,20502,CORPORACIÓN MUNICIPAL,4,2,2,0,1,4,292,292,286,286,135,0,0,131,20
0,1,0,311,311,22,https://resultados2019.blob.core.windows.net/201901/205064.jpg,OK,1,4,JUTIAPA,AGUA BLANCA,20506,CORPORACIÓN MUNICIPAL,0,2,2,0,1,4,223,222,221,221,105,0,1,99,16
