ACTACUADRA,BLANCOS,CNTIMPUGNA,CNTINSCRITOS,CNTPAPELETAS,DEP,IMGSRC,IMGSTATUS,INVALIDOS,MUN,NDEP,NMUN,NROMESA,NTE,NULOS,STACTA,STESCAN,STFISIC,STTRANS,TIPOELECCION,TOTALACTA,TOTALVOTOS,VOTOSVALIDOS,VOTOSVALIDOSACTA,voto_COCIMI,voto_FCN-NACION,voto_PAN,voto_PHG,voto_SEMILLA,voto_UNE,voto_VALOR,voto_VAMOS
1,1,0,578,578,22,https://resultados2019.blob.core.windows.net/201901/206034.jpg,OK,0,5,JUTIAPA,ASUNCIÓN MITA,20603,CORPORACIÓN MUNICIPAL,6,2,2,0,1,4,82,82,75,75,36,0,3,4,2,26,0,4
1,3,1,400,400,22,https://resultados2019.blob.core.windows.net/201901/205724.jpg,OK,0,5,JUTIAPA,ASUNCIÓN MITA,20572,CORPORACIÓN MUNICIPAL,9,2,2,0,1,4,232,232,220,220,68,1,3,17,8,113,0,10
1,4,0,400,400,22,https://resultados2019.blob.core.windows.net/201901/205744.jpg,OK,0,5,JUTIAPA,ASUNCIÓN MITA,20574,CORPORACIÓN MUNICIPAL,13,2,2,0,1,4,228,228,211,211,86,0,4,6,6,101,1,7
1,6,0,600,599,22,https://resultados2019.blob.core.windows.net/201901/205984.jpg,OK,0,5,JUTIAPA,ASUNCIÓN MITA,20598,CORPORACIÓN MUNICIPAL,8,2,2,0,1,4,227,227,213,213,108,3,2,16,9,65,1,9
1,4,0,400,400,22,https://resultados2019.blob.core.windows.net/201901/205444.jpg,OK,0,5,JUTIAPA,ASUNCIÓN MITA,20544,CORPORACIÓN MUNICIPAL,8,2,2,0,1,4,276,276,264,264,160,0,0,13,9,72,3,7
1,5,0,400,400,22,https://resultados2019.blob.core.windows.net/201901/205614.jpg,OK,0,5,JUTIAPA,ASUNCIÓN MITA,20561,CORPORACIÓN MUNICIPAL,19,2,2,0,1,4,263,263,239,239,121,1,2,16,38,46,2,13
1,4,0,400,400,22,https://resultados2019.blob.core.windows.net/201901/205584.jpg,OK,0,5,JUTIAPA,ASUNCIÓN MITA,20558,CORPORACIÓN MUNICIPAL,18,2,2,0,1,4,227,227,205,205,101,2,3,14,22,57,2,4
1,2,0,400,400,22,https://resultados2019.blob.core.windows.net/201901/205404.jpg,OK,0,5,JUTIAPA,ASUNCIÓN MITA,20540,CORPORACIÓN MUNICIPAL,8,2,2,0,1,4,306,306,296,296,166,1,4,17,16,86,0,6
1,1,0,400,400,22,https://resultados2019.blob.core.windows.net/201901/205384.jpg,OK,2,5,JUTIAPA,ASUNCIÓN MITA,20538,CORPORACIÓN MUNICIPAL,11,2,2,0,1,4,302,302,290,290,176,0,2,16,8,79,4,5
1,3,0,600,600,22,https://resultados2019.blob.core.windows.net/201901/206004.jpg,OK,0,5,JUTIAPA,ASUNCIÓN MITA,20600,CORPORACIÓN MUNICIPAL,24,2,2,0,1,4,257,257,230,230,112,1,5,17,14,71,4,6
1,3,0,400,400,22,https://resultados2019.blob.core.windows.net/201901/205524.jpg,OK,0,5,JUTIAPA,ASUNCIÓN MITA,20552,CORPORACIÓN MUNICIPAL,8,2,2,0,1,4,276,276,265,265,147,2,2,15,9,86,1,3
1,6,0,600,599,22,https://resultados2019.blob.core.windows.net/201901/206024.jpg,OK,0,5,JUTIAPA,ASUNCIÓN MITA,20602,CORPORACIÓN MUNICIPAL,13,2,2,0,1,4,158,158,139,139,72,2,1,10,6,45,0,3
1,1,0,380,380,22,https://resultados2019.blob.core.windows.net/201901/205884.jpg,OK,0,5,JUTIAPA,ASUNCIÓN MITA,20588,CORPORACIÓN MUNICIPAL,14,2,2,0,1,4,240,240,225,225,110,4,4,10,12,82,0,3
1,3,0,217,113,22,https://resultados2019.blob.core.windows.net/201901/205764.jpg,OK,0,5,JUTIAPA,ASUNCIÓN MITA,20576,CORPORACIÓN MUNICIPAL,4,2,2,0,1,4,113,113,106,106,46,0,0,6,6,42,0,6
1,0,0,380,380,22,https://resultados2019.blob.core.windows.net/201901/205854.jpg,OK,0,5,JUTIAPA,ASUNCIÓN MITA,20585,CORPORACIÓN MUNICIPAL,6,2,2,0,1,4,226,226,220,220,97,2,3,7,9,98,1,3
1,1,0,217,110,22,https://resultados2019.blob.core.windows.net/201901/205754.jpg,OK,0,5,JUTIAPA,ASUNCIÓN MITA,20575,CORPORACIÓN MUNICIPAL,10,2,2,0,1,4,110,110,99,99,38,1,1,6,3,49,0,1
1,0,0,400,400,22,https://resultados2019.blob.core.windows.net/201901/205484.jpg,OK,0,5,JUTIAPA,ASUNCIÓN MITA,20548,CORPORACIÓN MUNICIPAL,9,2,2,0,1,4,296,296,287,287,150,1,0,21,10,97,2,6
1,0,0,308,308,22,https://resultados2019.blob.core.windows.net/201901/205694.jpg,OK,0,5,JUTIAPA,ASUNCIÓN MITA,20569,CORPORACIÓN MUNICIPAL,2,2,2,0,1,4,196,196,194,194,93,0,0,13,50,37,0,1
1,2,0,400,400,22,https://resultados2019.blob.core.windows.net/201901/205494.jpg,OK,0,5,JUTIAPA,ASUNCIÓN MITA,20549,CORPORACIÓN MUNICIPAL,9,2,2,0,1,4,278,278,267,267,141,3,3,15,9,88,1,7
1,4,0,400,400,22,https://resultados2019.blob.core.windows.net/201901/205654.jpg,OK,0,5,JUTIAPA,ASUNCIÓN MITA,20565,CORPORACIÓN MUNICIPAL,16,2,2,0,1,4,227,227,207,207,103,0,2,9,29,57,2,5
1,2,0,400,400,22,https://resultados2019.blob.core.windows.net/201901/205424.jpg,OK,0,5,JUTIAPA,ASUNCIÓN MITA,20542,CORPORACIÓN MUNICIPAL,3,2,2,0,1,4,241,241,236,236,143,1,2,15,7,68,0,0
1,0,0,400,401,22,https://resultados2019.blob.core.windows.net/201901/205454.jpg,OK,0,5,JUTIAPA,ASUNCIÓN MITA,20545,CORPORACIÓN MUNICIPAL,5,2,2,0,1,4,272,272,267,267,155,3,1,23,9,73,3,0
1,3,0,380,380,22,https://resultados2019.blob.core.windows.net/201901/205774.jpg,OK,0,5,JUTIAPA,ASUNCIÓN MITA,20577,CORPORACIÓN MUNICIPAL,17,2,2,0,1,4,260,260,240,240,112,1,2,14,22,85,1,3
1,5,0,400,400,22,https://resultados2019.blob.core.windows.net/201901/205624.jpg,OK,0,5,JUTIAPA,ASUNCIÓN MITA,20562,CORPORACIÓN MUNICIPAL,18,2,2,0,1,4,254,254,231,231,113,1,2,14,24,64,4,9
1,9,0,600,603,22,https://resultados2019.blob.core.windows.net/201901/206014.jpg,OK,0,5,JUTIAPA,ASUNCIÓN MITA,20601,CORPORACIÓN MUNICIPAL,7,2,2,0,1,4,223,223,207,207,98,3,2,17,12,70,1,4
1,5,0,400,400,22,https://resultados2019.blob.core.windows.net/201901/205534.jpg,OK,0,5,JUTIAPA,ASUNCIÓN MITA,20553,CORPORACIÓN MUNICIPAL,6,2,2,0,1,4,257,257,246,246,141,0,1,12,12,69,3,8
1,4,0,380,384,22,https://resultados2019.blob.core.windows.net/201901/205874.jpg,OK,0,5,JUTIAPA,ASUNCIÓN MITA,20587,CORPORACIÓN MUNICIPAL,16,2,2,0,1,4,250,250,230,230,110,0,1,18,13,87,0,1
1,1,0,400,400,22,https://resultados2019.blob.core.windows.net/201901/205634.jpg,OK,0,5,JUTIAPA,ASUNCIÓN MITA,20563,CORPORACIÓN MUNICIPAL,3,2,2,0,1,4,237,237,233,233,125,1,1,13,36,56,0,1
1,6,0,380,382,22,https://resultados2019.blob.core.windows.net/201901/205894.jpg,OK,0,5,JUTIAPA,ASUNCIÓN MITA,20589,CORPORACIÓN MUNICIPAL,10,2,2,0,1,4,261,261,245,245,103,0,4,11,14,107,1,5
1,3,0,400,400,22,https://resultados2019.blob.core.windows.net/201901/205324.jpg,OK,0,5,JUTIAPA,ASUNCIÓN MITA,20532,CORPORACIÓN MUNICIPAL,12,2,2,0,1,4,284,284,269,269,158,1,2,16,9,73,0,10
1,4,0,380,380,22,https://resultados2019.blob.core.windows.net/201901/205924.jpg,OK,0,5,JUTIAPA,ASUNCIÓN MITA,20592,CORPORACIÓN MUNICIPAL,15,2,2,0,1,4,251,251,232,232,112,0,3,9,13,92,0,3
1,4,0,400,399,22,https://resultados2019.blob.core.windows.net/201901/205464.jpg,OK,0,5,JUTIAPA,ASUNCIÓN MITA,20546,CORPORACIÓN MUNICIPAL,10,2,2,0,1,4,303,303,289,289,166,0,1,14,11,93,1,3
1,6,0,380,380,22,https://resultados2019.blob.core.windows.net/201901/205834.jpg,OK,0,5,JUTIAPA,ASUNCIÓN MITA,20583,CORPORACIÓN MUNICIPAL,7,2,2,0,1,4,277,277,264,264,114,1,6,15,8,107,6,7
1,5,0,380,377,22,https://resultados2019.blob.core.windows.net/201901/205914.jpg,OK,0,5,JUTIAPA,ASUNCIÓN MITA,20591,CORPORACIÓN MUNICIPAL,16,2,2,0,1,4,266,266,245,245,119,2,2,9,12,99,0,2
1,6,0,400,400,22,https://resultados2019.blob.core.windows.net/201901/205714.jpg,OK,0,5,JUTIAPA,ASUNCIÓN MITA,20571,CORPORACIÓN MUNICIPAL,18,2,2,0,1,4,233,233,209,209,83,2,2,10,4,99,0,9
1,1,0,400,400,22,https://resultados2019.blob.core.windows.net/201901/205374.jpg,OK,0,5,JUTIAPA,ASUNCIÓN MITA,20537,CORPORACIÓN MUNICIPAL,10,2,2,0,1,4,283,283,272,272,137,2,3,16,7,100,0,7
1,2,0,400,400,22,https://resultados2019.blob.core.windows.net/201901/205364.jpg,OK,0,5,JUTIAPA,ASUNCIÓN MITA,20536,CORPORACIÓN MUNICIPAL,6,2,2,0,1,4,297,297,289,289,153,3,2,19,7,97,1,7
1,5,0,400,400,22,https://resultados2019.blob.core.windows.net/201901/205664.jpg,OK,0,5,JUTIAPA,ASUNCIÓN MITA,20566,CORPORACIÓN MUNICIPAL,15,2,2,0,1,4,247,247,227,227,107,1,3,11,23,75,1,6
0,1,0,281,281,22,https://resultados2019.blob.core.windows.net/201901/205574.jpg,OK,1,5,JUTIAPA,ASUNCIÓN MITA,20557,CORPORACIÓN MUNICIPAL,7,2,2,0,1,4,143,151,143,143,83,1,2,11,3,38,2,3
1,3,0,380,380,22,https://resultados2019.blob.core.windows.net/201901/205814.jpg,OK,0,5,JUTIAPA,ASUNCIÓN MITA,20581,CORPORACIÓN MUNICIPAL,7,2,2,0,1,4,258,258,248,248,117,1,3,9,11,101,1,5
0,4,1,380,396,22,https://resultados2019.blob.core.windows.net/201901/205784.jpg,OK,19,5,JUTIAPA,ASUNCIÓN MITA,20578,CORPORACIÓN MUNICIPAL,16,2,2,0,1,4,258,238,218,218,94,0,0,9,8,103,1,3
1,0,0,400,400,22,https://resultados2019.blob.core.windows.net/201901/205434.jpg,OK,2,5,JUTIAPA,ASUNCIÓN MITA,20543,CORPORACIÓN MUNICIPAL,10,2,2,0,1,4,281,281,271,271,173,3,1,11,10,68,1,4
1,5,0,400,400,22,https://resultados2019.blob.core.windows.net/201901/205604.jpg,OK,0,5,JUTIAPA,ASUNCIÓN MITA,20560,CORPORACIÓN MUNICIPAL,25,2,2,0,1,4,268,268,238,238,118,5,4,12,33,62,0,4
1,4,0,400,400,22,https://resultados2019.blob.core.windows.net/201901/205334.jpg,OK,0,5,JUTIAPA,ASUNCIÓN MITA,20533,CORPORACIÓN MUNICIPAL,6,2,2,0,1,4,286,286,276,276,179,0,1,5,10,76,1,4
1,6,0,400,400,22,https://resultados2019.blob.core.windows.net/201901/205594.jpg,OK,0,5,JUTIAPA,ASUNCIÓN MITA,20559,CORPORACIÓN MUNICIPAL,18,2,2,0,1,4,246,246,222,222,107,4,1,16,23,64,3,4
1,3,0,400,400,22,https://resultados2019.blob.core.windows.net/201901/205504.jpg,OK,0,5,JUTIAPA,ASUNCIÓN MITA,20550,CORPORACIÓN MUNICIPAL,14,2,2,0,1,4,300,300,283,283,154,1,1,16,11,94,0,6
1,8,0,400,400,22,https://resultados2019.blob.core.windows.net/201901/205704.jpg,OK,0,5,JUTIAPA,ASUNCIÓN MITA,20570,CORPORACIÓN MUNICIPAL,21,2,2,0,1,4,253,253,224,224,83,1,2,21,7,97,0,13
1,4,0,400,400,22,https://resultados2019.blob.core.windows.net/201901/205354.jpg,OK,0,5,JUTIAPA,ASUNCIÓN MITA,20535,CORPORACIÓN MUNICIPAL,8,2,2,0,1,4,300,300,288,288,161,0,3,17,8,96,1,2
1,11,0,600,598,22,https://resultados2019.blob.core.windows.net/201901/205974.jpg,OK,0,5,JUTIAPA,ASUNCIÓN MITA,20597,CORPORACIÓN MUNICIPAL,14,2,2,0,1,4,207,207,182,182,88,2,2,11,11,61,1,6
1,2,0,380,380,22,https://resultados2019.blob.core.windows.net/201901/205944.jpg,OK,0,5,JUTIAPA,ASUNCIÓN MITA,20594,CORPORACIÓN MUNICIPAL,3,2,2,0,1,4,270,270,265,265,156,0,4,11,11,78,2,3
1,2,0,400,400,22,https://resultados2019.blob.core.windows.net/201901/205544.jpg,OK,0,5,JUTIAPA,ASUNCIÓN MITA,20554,CORPORACIÓN MUNICIPAL,4,2,2,0,1,4,270,270,264,264,155,1,0,17,10,77,2,2
1,1,0,400,400,22,https://resultados2019.blob.core.windows.net/201901/205474.jpg,OK,0,5,JUTIAPA,ASUNCIÓN MITA,20547,CORPORACIÓN MUNICIPAL,8,2,2,0,1,4,281,281,272,272,164,2,3,13,8,75,3,4
1,5,0,380,380,22,https://resultados2019.blob.core.windows.net/201901/205804.jpg,OK,0,5,JUTIAPA,ASUNCIÓN MITA,20580,CORPORACIÓN MUNICIPAL,13,2,2,0,1,4,279,279,261,261,133,2,1,16,14,90,0,5
1,7,0,380,380,22,https://resultados2019.blob.core.windows.net/201901/205844.jpg,OK,0,5,JUTIAPA,ASUNCIÓN MITA,20584,CORPORACIÓN MUNICIPAL,7,2,2,0,1,4,269,269,255,255,112,2,2,16,9,108,1,5
1,3,0,400,400,22,https://resultados2019.blob.core.windows.net/201901/205554.jpg,OK,0,5,JUTIAPA,ASUNCIÓN MITA,20555,CORPORACIÓN MUNICIPAL,3,2,2,0,1,4,289,289,283,283,153,0,1,19,16,90,0,4
1,6,0,400,400,22,https://resultados2019.blob.core.windows.net/201901/205734.jpg,OK,0,5,JUTIAPA,ASUNCIÓN MITA,20573,CORPORACIÓN MUNICIPAL,11,2,2,0,1,4,233,233,216,216,81,2,1,10,6,112,0,4
1,3,0,309,309,22,https://resultados2019.blob.core.windows.net/201901/205684.jpg,OK,0,5,JUTIAPA,ASUNCIÓN MITA,20568,CORPORACIÓN MUNICIPAL,3,2,2,0,1,4,186,186,180,180,81,1,1,17,34,42,2,2
1,9,0,380,380,22,https://resultados2019.blob.core.windows.net/201901/205904.jpg,OK,0,5,JUTIAPA,ASUNCIÓN MITA,20590,CORPORACIÓN MUNICIPAL,12,2,2,0,1,4,242,242,221,221,107,0,0,11,9,83,6,5
1,7,0,400,400,22,https://resultados2019.blob.core.windows.net/201901/205674.jpg,OK,0,5,JUTIAPA,ASUNCIÓN MITA,20567,CORPORACIÓN MUNICIPAL,22,2,2,0,1,4,214,214,185,185,73,1,2,15,25,61,1,7
1,3,0,380,380,22,https://resultados2019.blob.core.windows.net/201901/205934.jpg,OK,0,5,JUTIAPA,ASUNCIÓN MITA,20593,CORPORACIÓN MUNICIPAL,13,2,2,0,1,4,245,245,229,229,111,2,2,11,11,87,1,4
1,3,0,380,380,22,https://resultados2019.blob.core.windows.net/201901/205824.jpg,OK,0,5,JUTIAPA,ASUNCIÓN MITA,20582,CORPORACIÓN MUNICIPAL,15,2,2,0,1,4,254,254,236,236,109,1,5,12,13,91,0,5
1,0,0,281,281,22,https://resultados2019.blob.core.windows.net/201901/205564.jpg,OK,0,5,JUTIAPA,ASUNCIÓN MITA,20556,CORPORACIÓN MUNICIPAL,2,2,2,0,1,4,225,225,223,223,144,0,0,11,12,54,1,1
1,1,0,216,216,22,https://resultados2019.blob.core.windows.net/201901/205954.jpg,OK,0,5,JUTIAPA,ASUNCIÓN MITA,20595,CORPORACIÓN MUNICIPAL,2,2,2,0,1,4,166,166,163,163,94,0,0,3,10,55,0,1
1,4,0,216,216,22,https://resultados2019.blob.core.windows.net/201901/205964.jpg,OK,0,5,JUTIAPA,ASUNCIÓN MITA,20596,CORPORACIÓN MUNICIPAL,6,2,2,0,1,4,117,117,107,107,59,0,0,5,4,37,0,2
1,5,0,400,400,22,https://resultados2019.blob.core.windows.net/201901/205394.jpg,OK,1,5,JUTIAPA,ASUNCIÓN MITA,20539,CORPORACIÓN MUNICIPAL,9,2,2,0,1,4,303,303,289,289,178,3,3,25,10,63,1,6
1,2,0,400,400,22,https://resultados2019.blob.core.windows.net/201901/205644.jpg,OK,0,5,JUTIAPA,ASUNCIÓN MITA,20564,CORPORACIÓN MUNICIPAL,9,2,2,0,1,4,227,227,216,216,109,0,4,10,28,63,1,1
1,2,0,400,405,22,https://resultados2019.blob.core.windows.net/201901/205344.jpg,OK,0,5,JUTIAPA,ASUNCIÓN MITA,20534,CORPORACIÓN MUNICIPAL,9,2,2,0,1,4,303,303,292,292,169,3,2,12,12,89,0,5
1,4,0,400,400,22,https://resultados2019.blob.core.windows.net/201901/205514.jpg,OK,0,5,JUTIAPA,ASUNCIÓN MITA,20551,CORPORACIÓN MUNICIPAL,15,2,2,0,1,4,261,261,242,242,138,1,1,8,12,72,2,8
1,0,0,578,578,22,https://resultados2019.blob.core.windows.net/201901/206044.jpg,OK,0,5,JUTIAPA,ASUNCIÓN MITA,20604,CORPORACIÓN MUNICIPAL,3,2,2,0,1,4,35,35,32,32,15,0,1,5,1,9,0,1
1,4,0,600,600,22,https://resultados2019.blob.core.windows.net/201901/205994.jpg,OK,0,5,JUTIAPA,ASUNCIÓN MITA,20599,CORPORACIÓN MUNICIPAL,8,2,2,0,1,4,220,220,208,208,97,1,2,22,11,70,0,5
1,1,0,400,407,22,https://resultados2019.blob.core.windows.net/201901/205414.jpg,OK,0,5,JUTIAPA,ASUNCIÓN MITA,20541,CORPORACIÓN MUNICIPAL,8,2,2,0,1,4,288,288,279,279,162,1,2,19,9,81,1,4
1,1,0,380,380,22,https://resultados2019.blob.core.windows.net/201901/205864.jpg,OK,0,5,JUTIAPA,ASUNCIÓN MITA,20586,CORPORACIÓN MUNICIPAL,7,2,2,0,1,4,247,247,239,239,104,2,3,10,14,100,1,5
1,4,0,380,382,22,https://resultados2019.blob.core.windows.net/201901/205794.jpg,OK,0,5,JUTIAPA,ASUNCIÓN MITA,20579,CORPORACIÓN MUNICIPAL,15,2,2,0,1,4,240,240,221,221,102,2,3,10,14,81,2,7
