ACTACUADRA,BLANCOS,CNTIMPUGNA,CNTINSCRITOS,CNTPAPELETAS,DEP,IMGSRC,IMGSTATUS,INVALIDOS,MUN,NDEP,NMUN,NROMESA,NTE,NULOS,STACTA,STESCAN,STFISIC,STTRANS,TIPOELECCION,TOTALACTA,TOTALVOTOS,VOTOSVALIDOS,VOTOSVALIDOSACTA,voto_PC,voto_UCN,voto_UNE,voto_VALOR,voto_VAMOS
1,2,0,375,375,22,https://resultados2019.blob.core.windows.net/201901/206284.jpg,OK,0,6,JUTIAPA,YUPILTEPEQUE,20628,CORPORACIÓN MUNICIPAL,5,2,2,0,1,4,303,303,296,296,7,40,76,2,171
1,6,0,400,395,22,https://resultados2019.blob.core.windows.net/201901/206054.jpg,OK,0,6,JUTIAPA,YUPILTEPEQUE,20605,CORPORACIÓN MUNICIPAL,12,2,2,0,1,4,276,276,258,258,56,56,120,1,25
1,7,0,380,366,22,https://resultados2019.blob.core.windows.net/201901/206234.jpg,OK,0,6,JUTIAPA,YUPILTEPEQUE,20623,CORPORACIÓN MUNICIPAL,15,2,2,0,1,4,309,309,287,287,8,34,127,0,118
1,2,0,400,398,22,https://resultados2019.blob.core.windows.net/201901/206144.jpg,OK,0,6,JUTIAPA,YUPILTEPEQUE,20614,CORPORACIÓN MUNICIPAL,7,2,2,0,1,4,261,261,252,252,61,49,106,3,33
1,2,0,380,373,22,https://resultados2019.blob.core.windows.net/201901/206204.jpg,OK,0,6,JUTIAPA,YUPILTEPEQUE,20620,CORPORACIÓN MUNICIPAL,18,2,2,0,1,4,282,282,262,262,6,33,98,0,125
1,6,0,380,376,22,https://resultados2019.blob.core.windows.net/201901/206214.jpg,OK,0,6,JUTIAPA,YUPILTEPEQUE,20621,CORPORACIÓN MUNICIPAL,12,2,2,0,1,4,293,293,275,275,7,35,112,0,121
1,3,0,380,378,22,https://resultados2019.blob.core.windows.net/201901/206254.jpg,OK,0,6,JUTIAPA,YUPILTEPEQUE,20625,CORPORACIÓN MUNICIPAL,5,2,2,0,1,4,257,257,249,249,2,32,99,0,116
1,2,0,400,400,22,https://resultados2019.blob.core.windows.net/201901/206134.jpg,OK,0,6,JUTIAPA,YUPILTEPEQUE,20613,CORPORACIÓN MUNICIPAL,7,2,2,0,1,4,261,261,252,252,61,49,109,0,33
1,0,0,375,375,22,https://resultados2019.blob.core.windows.net/201901/206274.jpg,OK,0,6,JUTIAPA,YUPILTEPEQUE,20627,CORPORACIÓN MUNICIPAL,5,2,2,0,1,4,256,256,251,251,13,35,94,0,109
1,4,0,380,380,22,https://resultados2019.blob.core.windows.net/201901/206224.jpg,OK,0,6,JUTIAPA,YUPILTEPEQUE,20622,CORPORACIÓN MUNICIPAL,17,2,2,0,1,4,300,300,279,279,6,33,102,2,136
1,3,0,366,367,22,https://resultados2019.blob.core.windows.net/201901/206194.jpg,OK,0,6,JUTIAPA,YUPILTEPEQUE,20619,CORPORACIÓN MUNICIPAL,2,2,2,0,1,4,285,285,280,280,64,51,118,3,44
1,4,0,380,378,22,https://resultados2019.blob.core.windows.net/201901/206264.jpg,OK,0,6,JUTIAPA,YUPILTEPEQUE,20626,CORPORACIÓN MUNICIPAL,4,2,2,0,1,4,272,272,264,264,8,29,107,0,120
1,10,0,400,400,22,https://resultados2019.blob.core.windows.net/201901/206114.jpg,OK,0,6,JUTIAPA,YUPILTEPEQUE,20611,CORPORACIÓN MUNICIPAL,26,2,2,0,1,4,298,298,262,262,65,27,147,2,21
1,3,0,542,540,22,https://resultados2019.blob.core.windows.net/201901/206294.jpg,OK,0,6,JUTIAPA,YUPILTEPEQUE,20629,CORPORACIÓN MUNICIPAL,11,2,2,0,1,4,121,121,107,107,19,24,34,4,26
1,5,0,367,364,22,https://resultados2019.blob.core.windows.net/201901/206184.jpg,OK,0,6,JUTIAPA,YUPILTEPEQUE,20618,CORPORACIÓN MUNICIPAL,1,2,2,0,1,4,274,274,268,268,75,49,114,0,30
1,6,0,400,396,22,https://resultados2019.blob.core.windows.net/201901/206064.jpg,OK,0,6,JUTIAPA,YUPILTEPEQUE,20606,CORPORACIÓN MUNICIPAL,15,2,2,0,1,4,288,288,267,267,64,46,128,1,28
1,8,0,400,397,22,https://resultados2019.blob.core.windows.net/201901/206164.jpg,OK,0,6,JUTIAPA,YUPILTEPEQUE,20616,CORPORACIÓN MUNICIPAL,15,2,2,0,1,4,270,270,247,247,64,33,116,1,33
1,6,0,400,394,22,https://resultados2019.blob.core.windows.net/201901/206104.jpg,OK,0,6,JUTIAPA,YUPILTEPEQUE,20610,CORPORACIÓN MUNICIPAL,21,2,2,0,1,4,310,310,283,283,74,41,130,1,37
1,3,0,400,395,22,https://resultados2019.blob.core.windows.net/201901/206124.jpg,OK,0,6,JUTIAPA,YUPILTEPEQUE,20612,CORPORACIÓN MUNICIPAL,8,2,2,0,1,4,298,298,287,287,60,51,133,1,42
1,6,0,400,395,22,https://resultados2019.blob.core.windows.net/201901/206074.jpg,OK,0,6,JUTIAPA,YUPILTEPEQUE,20607,CORPORACIÓN MUNICIPAL,19,2,2,0,1,4,317,317,292,292,67,51,138,3,33
1,6,0,400,396,22,https://resultados2019.blob.core.windows.net/201901/206094.jpg,OK,0,6,JUTIAPA,YUPILTEPEQUE,20609,CORPORACIÓN MUNICIPAL,15,2,2,0,1,4,320,320,299,299,59,51,153,1,35
1,5,0,400,394,22,https://resultados2019.blob.core.windows.net/201901/206154.jpg,OK,0,6,JUTIAPA,YUPILTEPEQUE,20615,CORPORACIÓN MUNICIPAL,12,2,2,0,1,4,280,280,263,263,69,58,111,2,23
1,7,0,400,400,22,https://resultados2019.blob.core.windows.net/201901/206084.jpg,OK,0,6,JUTIAPA,YUPILTEPEQUE,20608,CORPORACIÓN MUNICIPAL,11,2,2,0,1,4,311,311,293,293,77,46,138,1,31
1,6,1,380,376,22,https://resultados2019.blob.core.windows.net/201901/206244.jpg,OK,0,6,JUTIAPA,YUPILTEPEQUE,20624,CORPORACIÓN MUNICIPAL,10,2,2,0,1,4,288,288,272,272,15,47,107,0,103
1,3,0,400,395,22,https://resultados2019.blob.core.windows.net/201901/206174.jpg,OK,0,6,JUTIAPA,YUPILTEPEQUE,20617,CORPORACIÓN MUNICIPAL,1,2,2,0,1,4,301,301,297,297,85,57,115,0,40
