ACTACUADRA,BLANCOS,CNTIMPUGNA,CNTINSCRITOS,CNTPAPELETAS,DEP,IMGSRC,IMGSTATUS,INVALIDOS,MUN,NDEP,NMUN,NROMESA,NTE,NULOS,STACTA,STESCAN,STFISIC,STTRANS,TIPOELECCION,TOTALACTA,TOTALVOTOS,VOTOSVALIDOS,VOTOSVALIDOSACTA,voto_FCN-NACION,voto_UCN,voto_UNE,voto_VALOR,voto_VAMOS
1,5,0,400,400,22,https://resultados2019.blob.core.windows.net/201901/206724.jpg,OK,0,8,JUTIAPA,JEREZ,20672,CORPORACIÓN MUNICIPAL,5,2,2,0,1,4,299,299,289,289,16,59,101,105,8
1,6,0,400,400,22,https://resultados2019.blob.core.windows.net/201901/206744.jpg,OK,0,8,JUTIAPA,JEREZ,20674,CORPORACIÓN MUNICIPAL,2,2,2,0,1,4,298,298,290,290,9,66,98,113,4
1,4,2,400,400,22,https://resultados2019.blob.core.windows.net/201901/206754.jpg,OK,1,8,JUTIAPA,JEREZ,20675,CORPORACIÓN MUNICIPAL,3,2,2,0,1,4,323,323,316,316,11,47,117,127,14
1,11,0,400,399,22,https://resultados2019.blob.core.windows.net/201901/206664.jpg,OK,0,8,JUTIAPA,JEREZ,20666,CORPORACIÓN MUNICIPAL,6,2,2,0,1,4,325,325,308,308,17,73,107,106,5
1,6,0,400,400,22,https://resultados2019.blob.core.windows.net/201901/206694.jpg,OK,1,8,JUTIAPA,JEREZ,20669,CORPORACIÓN MUNICIPAL,14,2,2,0,1,4,336,336,316,316,10,83,126,91,6
1,1,0,400,400,22,https://resultados2019.blob.core.windows.net/201901/206734.jpg,OK,0,8,JUTIAPA,JEREZ,20673,CORPORACIÓN MUNICIPAL,5,2,2,0,1,4,281,281,275,275,18,50,90,111,6
1,0,1,212,212,22,https://resultados2019.blob.core.windows.net/201901/206764.jpg,OK,0,8,JUTIAPA,JEREZ,20676,CORPORACIÓN MUNICIPAL,1,2,2,0,1,4,167,167,166,166,8,35,55,62,6
1,6,0,400,400,22,https://resultados2019.blob.core.windows.net/201901/206684.jpg,OK,0,8,JUTIAPA,JEREZ,20668,CORPORACIÓN MUNICIPAL,7,2,2,0,1,4,330,330,317,317,6,67,153,87,4
1,3,0,328,328,22,https://resultados2019.blob.core.windows.net/201901/206784.jpg,OK,0,8,JUTIAPA,JEREZ,20678,CORPORACIÓN MUNICIPAL,1,2,2,0,1,4,75,75,71,71,3,22,19,22,5
1,4,0,400,400,22,https://resultados2019.blob.core.windows.net/201901/206674.jpg,OK,0,8,JUTIAPA,JEREZ,20667,CORPORACIÓN MUNICIPAL,8,2,2,0,1,4,337,337,325,325,14,74,102,126,9
1,4,0,400,398,22,https://resultados2019.blob.core.windows.net/201901/206654.jpg,OK,0,8,JUTIAPA,JEREZ,20665,CORPORACIÓN MUNICIPAL,6,2,2,0,1,4,286,286,276,276,12,70,94,95,5
1,3,0,400,396,22,https://resultados2019.blob.core.windows.net/201901/206714.jpg,OK,0,8,JUTIAPA,JEREZ,20671,CORPORACIÓN MUNICIPAL,4,2,2,0,1,4,290,290,283,283,14,53,101,104,11
1,0,0,211,211,22,https://resultados2019.blob.core.windows.net/201901/206774.jpg,OK,0,8,JUTIAPA,JEREZ,20677,CORPORACIÓN MUNICIPAL,2,2,2,0,1,4,141,141,139,139,6,13,63,52,5
1,9,0,400,397,22,https://resultados2019.blob.core.windows.net/201901/206704.jpg,OK,0,8,JUTIAPA,JEREZ,20670,CORPORACIÓN MUNICIPAL,4,2,2,0,1,4,329,329,316,316,16,63,124,104,9
