ACTACUADRA,BLANCOS,CNTIMPUGNA,CNTINSCRITOS,CNTPAPELETAS,DEP,IMGSRC,IMGSTATUS,INVALIDOS,MUN,NDEP,NMUN,NROMESA,NTE,NULOS,STACTA,STESCAN,STFISIC,STTRANS,TIPOELECCION,TOTALACTA,TOTALVOTOS,VOTOSVALIDOS,VOTOSVALIDOSACTA,voto_FCN-NACION,voto_MLP,voto_PC,voto_UCN,voto_UNE
1,6,0,400,400,22,https://resultados2019.blob.core.windows.net/201901/206914.jpg,OK,0,9,JUTIAPA,EL ADELANTO,20691,CORPORACIÓN MUNICIPAL,2,2,2,0,1,4,313,313,305,305,2,2,118,64,119
1,6,0,400,400,22,https://resultados2019.blob.core.windows.net/201901/206854.jpg,OK,0,9,JUTIAPA,EL ADELANTO,20685,CORPORACIÓN MUNICIPAL,10,2,2,0,1,4,348,348,332,332,3,0,133,66,130
1,5,0,400,400,22,https://resultados2019.blob.core.windows.net/201901/206874.jpg,OK,0,9,JUTIAPA,EL ADELANTO,20687,CORPORACIÓN MUNICIPAL,7,2,2,0,1,4,254,254,242,242,2,0,112,33,95
1,8,0,400,400,22,https://resultados2019.blob.core.windows.net/201901/206844.jpg,OK,0,9,JUTIAPA,EL ADELANTO,20684,CORPORACIÓN MUNICIPAL,9,2,2,0,1,4,307,307,290,290,1,0,102,56,131
1,5,0,400,400,22,https://resultados2019.blob.core.windows.net/201901/206904.jpg,OK,0,9,JUTIAPA,EL ADELANTO,20690,CORPORACIÓN MUNICIPAL,13,2,2,0,1,4,265,265,247,247,3,0,97,37,110
1,9,0,400,400,22,https://resultados2019.blob.core.windows.net/201901/206814.jpg,OK,0,9,JUTIAPA,EL ADELANTO,20681,CORPORACIÓN MUNICIPAL,9,2,2,0,1,4,299,299,281,281,4,1,115,36,125
1,5,0,400,400,22,https://resultados2019.blob.core.windows.net/201901/206804.jpg,OK,0,9,JUTIAPA,EL ADELANTO,20680,CORPORACIÓN MUNICIPAL,9,2,2,0,1,4,253,253,239,239,1,2,97,41,98
1,8,0,400,400,22,https://resultados2019.blob.core.windows.net/201901/206834.jpg,OK,0,9,JUTIAPA,EL ADELANTO,20683,CORPORACIÓN MUNICIPAL,13,2,2,0,1,4,321,321,300,300,5,1,102,59,133
1,4,1,400,400,22,https://resultados2019.blob.core.windows.net/201901/206884.jpg,OK,0,9,JUTIAPA,EL ADELANTO,20688,CORPORACIÓN MUNICIPAL,8,2,2,0,1,4,230,230,218,218,1,2,83,31,101
1,1,0,372,373,22,https://resultados2019.blob.core.windows.net/201901/206924.jpg,OK,0,9,JUTIAPA,EL ADELANTO,20692,CORPORACIÓN MUNICIPAL,4,2,2,0,1,4,261,261,256,256,0,0,94,33,129
1,6,1,400,400,22,https://resultados2019.blob.core.windows.net/201901/206894.jpg,OK,0,9,JUTIAPA,EL ADELANTO,20689,CORPORACIÓN MUNICIPAL,5,2,2,0,1,4,230,230,219,219,0,1,81,39,98
1,4,1,372,372,22,https://resultados2019.blob.core.windows.net/201901/206934.jpg,OK,1,9,JUTIAPA,EL ADELANTO,20693,CORPORACIÓN MUNICIPAL,0,2,2,0,1,4,270,270,266,266,2,1,115,40,108
1,10,0,400,400,22,https://resultados2019.blob.core.windows.net/201901/206864.jpg,OK,0,9,JUTIAPA,EL ADELANTO,20686,CORPORACIÓN MUNICIPAL,5,2,2,0,1,4,314,314,299,299,0,1,115,68,115
1,7,0,400,400,22,https://resultados2019.blob.core.windows.net/201901/206794.jpg,OK,0,9,JUTIAPA,EL ADELANTO,20679,CORPORACIÓN MUNICIPAL,11,2,2,0,1,4,241,241,223,223,2,2,93,32,94
1,5,0,400,400,22,https://resultados2019.blob.core.windows.net/201901/206824.jpg,OK,0,9,JUTIAPA,EL ADELANTO,20682,CORPORACIÓN MUNICIPAL,13,2,2,0,1,4,303,303,285,285,3,3,111,39,129
