ACTACUADRA,BLANCOS,CNTIMPUGNA,CNTINSCRITOS,CNTPAPELETAS,DEP,IMGSRC,IMGSTATUS,INVALIDOS,MUN,NDEP,NMUN,NROMESA,NTE,NULOS,STACTA,STESCAN,STFISIC,STTRANS,TIPOELECCION,TOTALACTA,TOTALVOTOS,VOTOSVALIDOS,VOTOSVALIDOSACTA,voto_BIEN,voto_CREO,voto_FCN-NACION,voto_FUERZA,voto_PC,voto_PODEMOS,voto_SEMILLA,voto_TODOS,voto_UNE
1,1,0,372,374,3,https://resultados2019.blob.core.windows.net/201901/057344.jpg,OK,0,10,CHIMALTENANGO,SANTA CRUZ BALANYÁ,5734,CORPORACIÓN MUNICIPAL,0,2,2,0,1,4,306,306,305,305,3,20,12,16,126,4,41,1,82
1,1,0,380,377,3,https://resultados2019.blob.core.windows.net/201901/057364.jpg,OK,0,10,CHIMALTENANGO,SANTA CRUZ BALANYÁ,5736,CORPORACIÓN MUNICIPAL,5,2,2,0,1,4,286,286,280,280,0,39,15,65,77,6,37,2,39
1,1,0,244,344,3,https://resultados2019.blob.core.windows.net/201901/057374.jpg,OK,0,10,CHIMALTENANGO,SANTA CRUZ BALANYÁ,5737,CORPORACIÓN MUNICIPAL,1,2,2,0,1,4,185,185,183,183,0,11,16,55,55,0,17,1,28
1,2,0,400,400,3,https://resultados2019.blob.core.windows.net/201901/057324.jpg,OK,0,10,CHIMALTENANGO,SANTA CRUZ BALANYÁ,5732,CORPORACIÓN MUNICIPAL,3,2,2,0,1,4,320,320,315,315,4,10,12,8,143,8,48,2,80
1,1,0,372,372,3,https://resultados2019.blob.core.windows.net/201901/057334.jpg,OK,0,10,CHIMALTENANGO,SANTA CRUZ BALANYÁ,5733,CORPORACIÓN MUNICIPAL,0,2,2,0,1,4,323,323,322,322,12,23,8,20,131,3,42,1,82
1,3,0,400,400,3,https://resultados2019.blob.core.windows.net/201901/057304.jpg,OK,0,10,CHIMALTENANGO,SANTA CRUZ BALANYÁ,5730,CORPORACIÓN MUNICIPAL,8,2,2,0,1,4,319,319,308,308,2,14,11,14,121,2,53,1,90
1,5,0,400,400,3,https://resultados2019.blob.core.windows.net/201901/057284.jpg,OK,0,10,CHIMALTENANGO,SANTA CRUZ BALANYÁ,5728,CORPORACIÓN MUNICIPAL,3,2,2,0,1,4,343,343,335,335,10,8,11,12,129,6,58,6,95
1,5,0,400,400,3,https://resultados2019.blob.core.windows.net/201901/057254.jpg,OK,0,10,CHIMALTENANGO,SANTA CRUZ BALANYÁ,5725,CORPORACIÓN MUNICIPAL,7,2,2,0,1,4,323,323,311,311,3,10,11,16,133,4,53,3,78
1,1,0,252,243,3,https://resultados2019.blob.core.windows.net/201901/057394.jpg,OK,0,10,CHIMALTENANGO,SANTA CRUZ BALANYÁ,5739,CORPORACIÓN MUNICIPAL,2,2,2,0,1,4,113,113,110,110,4,9,4,11,47,2,16,1,16
1,9,0,380,380,3,https://resultados2019.blob.core.windows.net/201901/057354.jpg,OK,0,10,CHIMALTENANGO,SANTA CRUZ BALANYÁ,5735,CORPORACIÓN MUNICIPAL,5,2,2,0,1,4,284,284,270,270,4,26,24,60,77,1,41,1,36
1,5,0,400,400,3,https://resultados2019.blob.core.windows.net/201901/057274.jpg,OK,0,10,CHIMALTENANGO,SANTA CRUZ BALANYÁ,5727,CORPORACIÓN MUNICIPAL,7,2,2,0,1,4,343,343,331,331,7,9,21,26,132,3,44,6,83
1,2,0,400,400,3,https://resultados2019.blob.core.windows.net/201901/057264.jpg,OK,0,10,CHIMALTENANGO,SANTA CRUZ BALANYÁ,5726,CORPORACIÓN MUNICIPAL,4,2,2,0,1,4,333,333,327,327,3,15,16,16,132,7,48,3,87
1,1,0,400,400,3,https://resultados2019.blob.core.windows.net/201901/057314.jpg,OK,1,10,CHIMALTENANGO,SANTA CRUZ BALANYÁ,5731,CORPORACIÓN MUNICIPAL,6,2,2,0,1,4,329,329,322,322,5,19,11,14,144,5,56,1,67
1,1,0,243,244,3,https://resultados2019.blob.core.windows.net/201901/057384.jpg,OK,0,10,CHIMALTENANGO,SANTA CRUZ BALANYÁ,5738,CORPORACIÓN MUNICIPAL,4,2,2,0,1,4,197,197,192,192,0,16,20,55,54,1,18,0,28
1,5,0,400,400,3,https://resultados2019.blob.core.windows.net/201901/057294.jpg,OK,0,10,CHIMALTENANGO,SANTA CRUZ BALANYÁ,5729,CORPORACIÓN MUNICIPAL,6,2,2,0,1,4,340,340,329,329,12,15,6,13,133,8,69,4,69
