ACTACUADRA,BLANCOS,CNTIMPUGNA,CNTINSCRITOS,CNTPAPELETAS,DEP,IMGSRC,IMGSTATUS,INVALIDOS,MUN,NDEP,NMUN,NROMESA,NTE,NULOS,STACTA,STESCAN,STFISIC,STTRANS,TIPOELECCION,TOTALACTA,TOTALVOTOS,VOTOSVALIDOS,VOTOSVALIDOSACTA,voto_FCN-NACION,voto_FUERZA,voto_PODEMOS,voto_TODOS,voto_UCN,voto_UNE,voto_VALOR,voto_VAMOS,voto_VIVA
1,7,0,400,400,3,https://resultados2019.blob.core.windows.net/201901/057404.jpg,OK,0,11,CHIMALTENANGO,ACATENANGO,5740,CORPORACIÓN MUNICIPAL,16,2,2,0,1,4,311,311,288,288,30,3,77,4,11,77,13,67,6
1,5,0,400,396,3,https://resultados2019.blob.core.windows.net/201901/057544.jpg,OK,0,11,CHIMALTENANGO,ACATENANGO,5754,CORPORACIÓN MUNICIPAL,3,2,2,0,1,4,291,291,283,283,25,2,59,4,24,70,19,77,3
1,9,0,400,396,3,https://resultados2019.blob.core.windows.net/201901/057444.jpg,OK,0,11,CHIMALTENANGO,ACATENANGO,5744,CORPORACIÓN MUNICIPAL,16,2,2,0,1,4,308,308,283,283,15,0,67,9,60,73,24,34,1
1,10,0,400,400,3,https://resultados2019.blob.core.windows.net/201901/057414.jpg,OK,0,11,CHIMALTENANGO,ACATENANGO,5741,CORPORACIÓN MUNICIPAL,9,2,2,0,1,4,297,297,278,278,27,7,61,9,13,79,22,58,2
1,2,0,400,400,3,https://resultados2019.blob.core.windows.net/201901/057574.jpg,OK,0,11,CHIMALTENANGO,ACATENANGO,5757,CORPORACIÓN MUNICIPAL,1,2,2,0,1,4,334,334,331,331,36,6,76,9,23,89,12,77,3
1,5,0,400,400,3,https://resultados2019.blob.core.windows.net/201901/057454.jpg,OK,0,11,CHIMALTENANGO,ACATENANGO,5745,CORPORACIÓN MUNICIPAL,11,2,2,0,1,4,322,322,306,306,9,0,79,22,101,51,14,30,0
1,5,0,386,385,3,https://resultados2019.blob.core.windows.net/201901/057734.jpg,OK,0,11,CHIMALTENANGO,ACATENANGO,5773,CORPORACIÓN MUNICIPAL,4,2,2,0,1,4,92,92,83,83,6,0,19,1,6,20,2,25,4
1,9,0,400,400,3,https://resultados2019.blob.core.windows.net/201901/057494.jpg,OK,0,11,CHIMALTENANGO,ACATENANGO,5749,CORPORACIÓN MUNICIPAL,10,2,2,0,1,4,331,331,312,312,39,4,85,1,5,73,10,93,2
1,7,0,400,400,3,https://resultados2019.blob.core.windows.net/201901/057434.jpg,OK,0,11,CHIMALTENANGO,ACATENANGO,5743,CORPORACIÓN MUNICIPAL,16,2,2,0,1,4,319,319,296,296,17,2,68,8,21,106,17,55,2
1,8,0,400,396,3,https://resultados2019.blob.core.windows.net/201901/057534.jpg,OK,0,11,CHIMALTENANGO,ACATENANGO,5753,CORPORACIÓN MUNICIPAL,9,2,2,0,1,4,304,304,287,287,35,4,88,6,22,65,16,44,7
1,7,0,387,385,3,https://resultados2019.blob.core.windows.net/201901/057724.jpg,OK,0,11,CHIMALTENANGO,ACATENANGO,5772,CORPORACIÓN MUNICIPAL,7,2,2,0,1,4,153,153,139,139,10,2,42,7,22,28,10,17,1
1,11,0,400,400,3,https://resultados2019.blob.core.windows.net/201901/057424.jpg,OK,0,11,CHIMALTENANGO,ACATENANGO,5742,CORPORACIÓN MUNICIPAL,21,2,2,0,1,4,323,323,291,291,23,1,76,5,37,69,32,44,4
1,5,0,380,380,3,https://resultados2019.blob.core.windows.net/201901/057654.jpg,OK,0,11,CHIMALTENANGO,ACATENANGO,5765,CORPORACIÓN MUNICIPAL,15,2,2,0,1,4,299,299,279,279,66,0,104,7,1,58,27,16,0
1,5,0,400,396,3,https://resultados2019.blob.core.windows.net/201901/057484.jpg,OK,0,11,CHIMALTENANGO,ACATENANGO,5748,CORPORACIÓN MUNICIPAL,6,2,2,0,1,4,305,305,294,294,39,3,61,6,4,98,10,70,3
1,15,0,380,380,3,https://resultados2019.blob.core.windows.net/201901/057684.jpg,OK,0,11,CHIMALTENANGO,ACATENANGO,5768,CORPORACIÓN MUNICIPAL,8,2,2,0,1,4,268,268,245,245,47,0,41,2,10,88,29,21,7
1,11,0,400,396,3,https://resultados2019.blob.core.windows.net/201901/057514.jpg,OK,0,11,CHIMALTENANGO,ACATENANGO,5751,CORPORACIÓN MUNICIPAL,11,2,2,0,1,4,332,332,310,310,35,6,105,5,8,47,18,82,4
1,13,0,380,376,3,https://resultados2019.blob.core.windows.net/201901/057674.jpg,OK,0,11,CHIMALTENANGO,ACATENANGO,5767,CORPORACIÓN MUNICIPAL,7,2,2,0,1,4,293,293,273,273,50,0,44,5,10,94,35,27,8
1,2,0,349,349,3,https://resultados2019.blob.core.windows.net/201901/057594.jpg,OK,0,11,CHIMALTENANGO,ACATENANGO,5759,CORPORACIÓN MUNICIPAL,2,2,2,0,1,4,265,265,261,261,23,0,63,5,27,69,21,52,1
1,11,0,380,380,3,https://resultados2019.blob.core.windows.net/201901/057604.jpg,OK,0,11,CHIMALTENANGO,ACATENANGO,5760,CORPORACIÓN MUNICIPAL,23,2,2,0,1,4,311,311,277,277,29,0,99,1,1,93,4,46,4
1,1,0,299,302,3,https://resultados2019.blob.core.windows.net/201901/057624.jpg,OK,0,11,CHIMALTENANGO,ACATENANGO,5762,CORPORACIÓN MUNICIPAL,16,2,2,0,1,4,233,233,216,216,22,0,96,0,4,56,5,32,1
1,7,0,400,396,3,https://resultados2019.blob.core.windows.net/201901/057474.jpg,OK,0,11,CHIMALTENANGO,ACATENANGO,5747,CORPORACIÓN MUNICIPAL,10,2,2,0,1,4,326,326,309,309,18,2,28,1,18,176,9,55,2
1,4,0,400,399,3,https://resultados2019.blob.core.windows.net/201901/057464.jpg,OK,0,11,CHIMALTENANGO,ACATENANGO,5746,CORPORACIÓN MUNICIPAL,6,2,2,0,1,4,312,312,302,302,14,4,44,9,56,128,8,37,2
1,5,0,400,400,3,https://resultados2019.blob.core.windows.net/201901/057554.jpg,OK,0,11,CHIMALTENANGO,ACATENANGO,5755,CORPORACIÓN MUNICIPAL,3,2,2,0,1,4,283,283,275,275,23,5,70,3,21,63,16,69,5
1,8,0,380,376,3,https://resultados2019.blob.core.windows.net/201901/057614.jpg,OK,0,11,CHIMALTENANGO,ACATENANGO,5761,CORPORACIÓN MUNICIPAL,7,2,2,0,1,4,341,341,326,326,44,1,132,6,4,91,5,42,1
1,10,0,380,380,3,https://resultados2019.blob.core.windows.net/201901/057644.jpg,OK,0,11,CHIMALTENANGO,ACATENANGO,5764,CORPORACIÓN MUNICIPAL,16,2,2,0,1,4,287,287,261,261,56,0,72,4,4,60,40,25,0
1,4,0,400,396,3,https://resultados2019.blob.core.windows.net/201901/057564.jpg,OK,0,11,CHIMALTENANGO,ACATENANGO,5756,CORPORACIÓN MUNICIPAL,13,2,2,0,1,4,264,264,247,247,30,8,48,14,22,62,13,47,3
1,5,0,380,380,3,https://resultados2019.blob.core.windows.net/201901/057664.jpg,OK,0,11,CHIMALTENANGO,ACATENANGO,5766,CORPORACIÓN MUNICIPAL,20,2,2,0,1,4,295,295,270,270,58,1,44,3,5,68,68,22,1
1,7,0,380,380,3,https://resultados2019.blob.core.windows.net/201901/057694.jpg,OK,0,11,CHIMALTENANGO,ACATENANGO,5769,CORPORACIÓN MUNICIPAL,11,2,2,0,1,4,256,256,238,238,43,0,43,3,4,83,29,30,3
1,2,0,325,325,3,https://resultados2019.blob.core.windows.net/201901/057714.jpg,OK,0,11,CHIMALTENANGO,ACATENANGO,5771,CORPORACIÓN MUNICIPAL,5,2,2,0,1,4,253,253,246,246,36,2,67,4,13,63,43,16,2
1,8,0,325,325,3,https://resultados2019.blob.core.windows.net/201901/057704.jpg,OK,0,11,CHIMALTENANGO,ACATENANGO,5770,CORPORACIÓN MUNICIPAL,8,2,2,0,1,4,219,219,203,203,27,0,53,4,10,58,33,17,1
1,8,0,400,400,3,https://resultados2019.blob.core.windows.net/201901/057504.jpg,OK,0,11,CHIMALTENANGO,ACATENANGO,5750,CORPORACIÓN MUNICIPAL,12,2,2,0,1,4,319,319,299,299,41,7,98,4,6,53,12,74,4
1,1,0,350,350,3,https://resultados2019.blob.core.windows.net/201901/057584.jpg,OK,0,11,CHIMALTENANGO,ACATENANGO,5758,CORPORACIÓN MUNICIPAL,0,2,2,0,1,4,294,294,293,293,27,3,94,2,21,70,9,65,2
1,3,0,400,399,3,https://resultados2019.blob.core.windows.net/201901/057524.jpg,OK,0,11,CHIMALTENANGO,ACATENANGO,5752,CORPORACIÓN MUNICIPAL,4,2,2,0,1,4,285,285,278,278,26,3,65,5,24,76,10,67,2
1,4,0,299,299,3,https://resultados2019.blob.core.windows.net/201901/057634.jpg,OK,1,11,CHIMALTENANGO,ACATENANGO,5763,CORPORACIÓN MUNICIPAL,6,2,2,0,1,4,223,223,213,213,22,0,99,3,3,55,2,29,0
