ACTACUADRA,BLANCOS,CNTIMPUGNA,CNTINSCRITOS,CNTPAPELETAS,DEP,IMGSRC,IMGSTATUS,INVALIDOS,MUN,NDEP,NMUN,NROMESA,NTE,NULOS,STACTA,STESCAN,STFISIC,STTRANS,TIPOELECCION,TOTALACTA,TOTALVOTOS,VOTOSVALIDOS,VOTOSVALIDOSACTA,voto_MLP,voto_UCN,voto_UNE,voto_VALOR
1,3,0,285,285,3,https://resultados2019.blob.core.windows.net/201901/058034.jpg,OK,0,12,CHIMALTENANGO,YEPOCAPA,5803,CORPORACIÓN MUNICIPAL,1,2,2,0,1,4,212,212,208,208,3,76,128,1
1,6,0,400,400,3,https://resultados2019.blob.core.windows.net/201901/057984.jpg,OK,0,12,CHIMALTENANGO,YEPOCAPA,5798,CORPORACIÓN MUNICIPAL,6,2,2,0,1,4,288,288,276,276,3,113,159,1
1,10,0,400,396,3,https://resultados2019.blob.core.windows.net/201901/057764.jpg,OK,0,12,CHIMALTENANGO,YEPOCAPA,5776,CORPORACIÓN MUNICIPAL,11,2,2,0,1,4,321,321,300,300,9,101,182,8
1,4,0,400,400,3,https://resultados2019.blob.core.windows.net/201901/057844.jpg,OK,0,12,CHIMALTENANGO,YEPOCAPA,5784,CORPORACIÓN MUNICIPAL,7,2,2,0,1,4,343,343,332,332,7,119,198,8
1,12,0,380,376,3,https://resultados2019.blob.core.windows.net/201901/058064.jpg,OK,0,12,CHIMALTENANGO,YEPOCAPA,5806,CORPORACIÓN MUNICIPAL,11,2,2,0,1,4,300,300,277,277,3,90,182,2
1,11,0,400,396,3,https://resultados2019.blob.core.windows.net/201901/057894.jpg,OK,0,12,CHIMALTENANGO,YEPOCAPA,5789,CORPORACIÓN MUNICIPAL,6,2,2,0,1,4,332,332,315,315,4,107,202,2
1,0,0,400,396,3,https://resultados2019.blob.core.windows.net/201901/058004.jpg,OK,0,12,CHIMALTENANGO,YEPOCAPA,5800,CORPORACIÓN MUNICIPAL,2,2,2,0,1,4,301,301,299,299,2,117,173,7
1,5,0,400,400,3,https://resultados2019.blob.core.windows.net/201901/057774.jpg,OK,0,12,CHIMALTENANGO,YEPOCAPA,5777,CORPORACIÓN MUNICIPAL,11,2,2,0,1,4,321,321,305,305,17,109,173,6
1,5,0,400,396,3,https://resultados2019.blob.core.windows.net/201901/057794.jpg,OK,0,12,CHIMALTENANGO,YEPOCAPA,5779,CORPORACIÓN MUNICIPAL,16,2,2,0,1,4,324,324,303,303,18,111,167,7
1,6,0,400,398,3,https://resultados2019.blob.core.windows.net/201901/057924.jpg,OK,0,12,CHIMALTENANGO,YEPOCAPA,5792,CORPORACIÓN MUNICIPAL,12,2,2,0,1,4,294,294,276,276,7,108,159,2
1,2,0,400,400,3,https://resultados2019.blob.core.windows.net/201901/057874.jpg,OK,0,12,CHIMALTENANGO,YEPOCAPA,5787,CORPORACIÓN MUNICIPAL,11,2,2,0,1,4,325,325,312,312,7,123,175,7
1,7,0,400,396,3,https://resultados2019.blob.core.windows.net/201901/057784.jpg,OK,0,12,CHIMALTENANGO,YEPOCAPA,5778,CORPORACIÓN MUNICIPAL,9,2,2,0,1,4,335,335,319,319,16,102,195,6
1,3,0,400,400,3,https://resultados2019.blob.core.windows.net/201901/057824.jpg,OK,0,12,CHIMALTENANGO,YEPOCAPA,5782,CORPORACIÓN MUNICIPAL,12,2,2,0,1,4,344,344,329,329,11,105,209,4
1,5,0,400,393,3,https://resultados2019.blob.core.windows.net/201901/057854.jpg,OK,0,12,CHIMALTENANGO,YEPOCAPA,5785,CORPORACIÓN MUNICIPAL,2,2,2,0,1,4,348,348,341,341,3,151,182,5
1,6,0,400,398,3,https://resultados2019.blob.core.windows.net/201901/057974.jpg,OK,0,12,CHIMALTENANGO,YEPOCAPA,5797,CORPORACIÓN MUNICIPAL,14,2,2,0,1,4,306,306,286,286,6,102,170,8
1,0,0,235,235,3,https://resultados2019.blob.core.windows.net/201901/058114.jpg,OK,0,12,CHIMALTENANGO,YEPOCAPA,5811,CORPORACIÓN MUNICIPAL,3,2,2,0,1,4,152,152,149,149,0,52,97,0
1,7,0,400,400,3,https://resultados2019.blob.core.windows.net/201901/057814.jpg,OK,0,12,CHIMALTENANGO,YEPOCAPA,5781,CORPORACIÓN MUNICIPAL,11,2,1,0,1,4,343,343,325,325,13,122,189,1
1,6,0,380,380,3,https://resultados2019.blob.core.windows.net/201901/058094.jpg,OK,0,12,CHIMALTENANGO,YEPOCAPA,5809,CORPORACIÓN MUNICIPAL,9,2,2,0,1,4,271,271,256,256,5,85,165,1
1,2,0,285,281,3,https://resultados2019.blob.core.windows.net/201901/058044.jpg,OK,0,12,CHIMALTENANGO,YEPOCAPA,5804,CORPORACIÓN MUNICIPAL,4,2,2,0,1,4,193,193,187,187,14,78,93,2
1,0,0,400,400,3,https://resultados2019.blob.core.windows.net/201901/057914.jpg,OK,0,12,CHIMALTENANGO,YEPOCAPA,5791,CORPORACIÓN MUNICIPAL,4,2,2,0,1,4,297,297,293,293,5,125,161,2
1,5,0,400,398,3,https://resultados2019.blob.core.windows.net/201901/057944.jpg,OK,0,12,CHIMALTENANGO,YEPOCAPA,5794,CORPORACIÓN MUNICIPAL,10,2,2,0,1,4,304,304,289,289,10,97,178,4
1,2,0,469,469,3,https://resultados2019.blob.core.windows.net/201901/058164.jpg,OK,0,12,CHIMALTENANGO,YEPOCAPA,5816,CORPORACIÓN MUNICIPAL,14,2,1,0,1,4,193,193,177,177,3,75,92,7
1,4,0,380,380,3,https://resultados2019.blob.core.windows.net/201901/058074.jpg,OK,0,12,CHIMALTENANGO,YEPOCAPA,5807,CORPORACIÓN MUNICIPAL,7,2,2,0,1,4,290,290,279,279,10,92,176,1
1,1,0,400,396,3,https://resultados2019.blob.core.windows.net/201901/058014.jpg,OK,0,12,CHIMALTENANGO,YEPOCAPA,5801,CORPORACIÓN MUNICIPAL,4,2,2,0,1,4,295,295,290,290,5,117,166,2
1,5,0,469,469,3,https://resultados2019.blob.core.windows.net/201901/058174.jpg,OK,0,12,CHIMALTENANGO,YEPOCAPA,5817,CORPORACIÓN MUNICIPAL,10,2,1,0,1,4,139,139,124,124,6,52,61,5
1,2,0,400,398,3,https://resultados2019.blob.core.windows.net/201901/057994.jpg,OK,0,12,CHIMALTENANGO,YEPOCAPA,5799,CORPORACIÓN MUNICIPAL,5,2,2,0,1,4,299,299,292,292,6,109,170,7
1,7,0,400,396,3,https://resultados2019.blob.core.windows.net/201901/057744.jpg,OK,0,12,CHIMALTENANGO,YEPOCAPA,5774,CORPORACIÓN MUNICIPAL,12,2,2,0,1,4,331,331,312,312,8,111,190,3
1,2,0,400,396,3,https://resultados2019.blob.core.windows.net/201901/057754.jpg,OK,0,12,CHIMALTENANGO,YEPOCAPA,5775,CORPORACIÓN MUNICIPAL,11,2,2,0,1,4,328,328,315,315,11,100,201,3
1,1,0,400,401,3,https://resultados2019.blob.core.windows.net/201901/057954.jpg,OK,0,12,CHIMALTENANGO,YEPOCAPA,5795,CORPORACIÓN MUNICIPAL,10,2,2,0,1,4,321,321,310,310,11,122,170,7
1,8,0,400,396,3,https://resultados2019.blob.core.windows.net/201901/057964.jpg,OK,0,12,CHIMALTENANGO,YEPOCAPA,5796,CORPORACIÓN MUNICIPAL,8,2,2,0,1,4,316,316,300,300,5,105,184,6
1,17,0,380,380,3,https://resultados2019.blob.core.windows.net/201901/058124.jpg,OK,0,12,CHIMALTENANGO,YEPOCAPA,5812,CORPORACIÓN MUNICIPAL,25,2,1,0,1,4,276,276,234,234,22,83,124,5
1,11,0,380,376,3,https://resultados2019.blob.core.windows.net/201901/058134.jpg,OK,0,12,CHIMALTENANGO,YEPOCAPA,5813,CORPORACIÓN MUNICIPAL,29,2,1,0,1,4,260,260,220,220,24,92,102,2
1,3,0,400,396,3,https://resultados2019.blob.core.windows.net/201901/057934.jpg,OK,0,12,CHIMALTENANGO,YEPOCAPA,5793,CORPORACIÓN MUNICIPAL,12,2,2,0,1,4,292,292,277,277,7,111,153,6
1,11,0,380,380,3,https://resultados2019.blob.core.windows.net/201901/058084.jpg,OK,0,12,CHIMALTENANGO,YEPOCAPA,5808,CORPORACIÓN MUNICIPAL,7,2,2,0,1,4,274,274,256,256,3,109,142,2
1,3,0,400,396,3,https://resultados2019.blob.core.windows.net/201901/058024.jpg,OK,1,12,CHIMALTENANGO,YEPOCAPA,5802,CORPORACIÓN MUNICIPAL,2,2,2,0,1,4,283,283,278,278,4,118,153,3
1,10,0,400,400,3,https://resultados2019.blob.core.windows.net/201901/057864.jpg,OK,0,12,CHIMALTENANGO,YEPOCAPA,5786,CORPORACIÓN MUNICIPAL,9,2,1,0,1,4,347,347,328,328,4,119,197,8
1,2,0,380,380,3,https://resultados2019.blob.core.windows.net/201901/058054.jpg,OK,0,12,CHIMALTENANGO,YEPOCAPA,5805,CORPORACIÓN MUNICIPAL,13,2,2,0,1,4,300,300,285,285,6,90,186,3
1,1,0,400,396,3,https://resultados2019.blob.core.windows.net/201901/057904.jpg,OK,0,12,CHIMALTENANGO,YEPOCAPA,5790,CORPORACIÓN MUNICIPAL,0,2,2,0,1,4,278,278,277,277,5,105,159,8
1,6,0,268,268,3,https://resultados2019.blob.core.windows.net/201901/058154.jpg,OK,0,12,CHIMALTENANGO,YEPOCAPA,5815,CORPORACIÓN MUNICIPAL,6,2,1,0,1,4,152,152,140,140,18,60,60,2
1,6,0,268,268,3,https://resultados2019.blob.core.windows.net/201901/058144.jpg,OK,0,12,CHIMALTENANGO,YEPOCAPA,5814,CORPORACIÓN MUNICIPAL,21,2,1,0,1,4,183,183,156,156,26,70,58,2
1,5,0,400,397,3,https://resultados2019.blob.core.windows.net/201901/057834.jpg,OK,0,12,CHIMALTENANGO,YEPOCAPA,5783,CORPORACIÓN MUNICIPAL,10,2,2,0,1,4,350,350,335,335,13,114,203,5
1,6,0,400,400,3,https://resultados2019.blob.core.windows.net/201901/057884.jpg,OK,0,12,CHIMALTENANGO,YEPOCAPA,5788,CORPORACIÓN MUNICIPAL,7,2,2,0,1,4,339,339,326,326,7,107,201,11
1,9,0,400,396,3,https://resultados2019.blob.core.windows.net/201901/057804.jpg,OK,0,12,CHIMALTENANGO,YEPOCAPA,5780,CORPORACIÓN MUNICIPAL,13,2,2,0,1,4,333,333,311,311,14,102,193,2
1,0,0,235,235,3,https://resultados2019.blob.core.windows.net/201901/058104.jpg,OK,0,12,CHIMALTENANGO,YEPOCAPA,5810,CORPORACIÓN MUNICIPAL,2,2,2,0,1,4,171,171,169,169,2,73,92,2
