ACTACUADRA,BLANCOS,CNTIMPUGNA,CNTINSCRITOS,CNTPAPELETAS,DEP,IMGSRC,IMGSTATUS,INVALIDOS,MUN,NDEP,NMUN,NROMESA,NTE,NULOS,STACTA,STESCAN,STFISIC,STTRANS,TIPOELECCION,TOTALACTA,TOTALVOTOS,VOTOSVALIDOS,VOTOSVALIDOSACTA,voto_AVANZA,voto_BIEN,voto_C.C.I.H.,voto_CONVERGENCIA,voto_FUERZA,voto_MLP,voto_PC,voto_PHG,voto_PODEMOS,voto_TODOS,voto_UCN,voto_VALOR,voto_VAMOS
1,3,0,400,400,3,https://resultados2019.blob.core.windows.net/201901/058344.jpg,OK,0,13,CHIMALTENANGO,SAN ANDRÉS ITZAPA,5834,CORPORACIÓN MUNICIPAL,6,2,2,0,1,4,256,256,247,247,21,39,74,5,3,5,39,11,23,6,6,0,15
1,7,0,400,400,3,https://resultados2019.blob.core.windows.net/201901/058294.jpg,OK,0,13,CHIMALTENANGO,SAN ANDRÉS ITZAPA,5829,CORPORACIÓN MUNICIPAL,4,2,2,0,1,4,290,290,279,279,19,34,98,5,1,4,48,13,23,6,8,3,17
1,5,0,400,400,3,https://resultados2019.blob.core.windows.net/201901/058454.jpg,OK,0,13,CHIMALTENANGO,SAN ANDRÉS ITZAPA,5845,CORPORACIÓN MUNICIPAL,5,2,2,0,1,4,256,256,246,246,11,44,82,8,3,7,38,11,14,7,4,2,15
1,2,0,400,400,3,https://resultados2019.blob.core.windows.net/201901/058424.jpg,OK,0,13,CHIMALTENANGO,SAN ANDRÉS ITZAPA,5842,CORPORACIÓN MUNICIPAL,13,2,2,0,1,4,264,264,249,249,12,25,84,4,5,4,53,15,14,4,9,2,18
1,6,0,400,396,3,https://resultados2019.blob.core.windows.net/201901/058184.jpg,OK,0,13,CHIMALTENANGO,SAN ANDRÉS ITZAPA,5818,CORPORACIÓN MUNICIPAL,8,2,2,0,1,4,293,293,279,279,16,41,87,4,3,7,55,14,18,10,6,4,14
1,5,0,280,280,3,https://resultados2019.blob.core.windows.net/201901/058514.jpg,OK,0,13,CHIMALTENANGO,SAN ANDRÉS ITZAPA,5851,CORPORACIÓN MUNICIPAL,12,2,2,0,1,4,197,197,180,180,1,16,58,4,1,5,73,0,4,0,4,2,12
1,3,0,400,400,3,https://resultados2019.blob.core.windows.net/201901/058194.jpg,OK,0,13,CHIMALTENANGO,SAN ANDRÉS ITZAPA,5819,CORPORACIÓN MUNICIPAL,15,2,2,0,1,4,278,278,260,260,15,30,84,8,1,8,53,9,18,4,7,3,20
1,1,0,400,400,3,https://resultados2019.blob.core.windows.net/201901/058384.jpg,OK,0,13,CHIMALTENANGO,SAN ANDRÉS ITZAPA,5838,CORPORACIÓN MUNICIPAL,6,2,2,0,1,4,290,290,283,283,11,42,87,7,4,3,59,10,28,9,3,2,18
1,0,0,400,400,3,https://resultados2019.blob.core.windows.net/201901/058484.jpg,OK,0,13,CHIMALTENANGO,SAN ANDRÉS ITZAPA,5848,CORPORACIÓN MUNICIPAL,5,2,2,0,1,4,308,308,303,303,26,36,96,10,1,6,56,15,15,13,12,5,12
1,11,0,400,400,3,https://resultados2019.blob.core.windows.net/201901/058404.jpg,OK,0,13,CHIMALTENANGO,SAN ANDRÉS ITZAPA,5840,CORPORACIÓN MUNICIPAL,5,2,2,0,1,4,281,281,265,265,15,45,79,6,3,4,52,16,9,8,6,6,16
1,2,0,400,400,3,https://resultados2019.blob.core.windows.net/201901/058324.jpg,OK,0,13,CHIMALTENANGO,SAN ANDRÉS ITZAPA,5832,CORPORACIÓN MUNICIPAL,15,2,2,0,1,4,283,283,266,266,15,38,67,9,3,5,55,15,19,13,8,5,14
1,2,0,400,400,3,https://resultados2019.blob.core.windows.net/201901/058474.jpg,OK,0,13,CHIMALTENANGO,SAN ANDRÉS ITZAPA,5847,CORPORACIÓN MUNICIPAL,3,2,2,0,1,4,314,314,309,309,31,59,76,9,4,5,41,13,23,9,11,8,20
1,1,0,400,393,3,https://resultados2019.blob.core.windows.net/201901/058464.jpg,OK,0,13,CHIMALTENANGO,SAN ANDRÉS ITZAPA,5846,CORPORACIÓN MUNICIPAL,5,2,2,0,1,4,288,288,282,282,21,27,94,6,3,7,63,10,16,9,6,3,17
1,3,0,280,280,3,https://resultados2019.blob.core.windows.net/201901/058524.jpg,OK,0,13,CHIMALTENANGO,SAN ANDRÉS ITZAPA,5852,CORPORACIÓN MUNICIPAL,10,2,2,0,1,4,175,175,162,162,3,10,71,2,1,3,54,1,8,1,3,0,5
1,1,0,400,400,3,https://resultados2019.blob.core.windows.net/201901/058394.jpg,OK,0,13,CHIMALTENANGO,SAN ANDRÉS ITZAPA,5839,CORPORACIÓN MUNICIPAL,8,2,2,0,1,4,263,263,254,254,11,37,78,5,3,3,41,5,28,15,9,2,17
1,6,0,580,580,3,https://resultados2019.blob.core.windows.net/201901/058564.jpg,OK,0,13,CHIMALTENANGO,SAN ANDRÉS ITZAPA,5856,CORPORACIÓN MUNICIPAL,12,2,2,0,1,4,185,185,167,167,15,16,58,8,1,1,28,11,11,3,3,5,7
1,6,0,400,402,3,https://resultados2019.blob.core.windows.net/201901/058214.jpg,OK,0,13,CHIMALTENANGO,SAN ANDRÉS ITZAPA,5821,CORPORACIÓN MUNICIPAL,13,2,2,0,1,4,304,304,285,285,10,43,95,6,2,2,45,17,23,12,10,2,18
1,7,0,400,399,3,https://resultados2019.blob.core.windows.net/201901/058414.jpg,OK,0,13,CHIMALTENANGO,SAN ANDRÉS ITZAPA,5841,CORPORACIÓN MUNICIPAL,11,2,2,0,1,4,258,258,240,240,16,34,74,3,0,10,46,8,16,9,6,2,16
1,4,0,400,396,3,https://resultados2019.blob.core.windows.net/201901/058314.jpg,OK,0,13,CHIMALTENANGO,SAN ANDRÉS ITZAPA,5831,CORPORACIÓN MUNICIPAL,3,2,2,0,1,4,266,266,259,259,4,46,84,4,4,4,47,9,13,15,5,4,20
1,9,0,315,315,3,https://resultados2019.blob.core.windows.net/201901/058544.jpg,OK,0,13,CHIMALTENANGO,SAN ANDRÉS ITZAPA,5854,CORPORACIÓN MUNICIPAL,10,2,2,0,1,4,212,212,193,193,22,58,11,1,1,2,25,0,5,12,9,0,47
1,5,0,228,228,3,https://resultados2019.blob.core.windows.net/201901/058504.jpg,OK,0,13,CHIMALTENANGO,SAN ANDRÉS ITZAPA,5850,CORPORACIÓN MUNICIPAL,2,2,2,0,1,4,142,142,135,135,7,18,40,6,5,2,28,4,8,4,2,3,8
1,5,0,400,396,3,https://resultados2019.blob.core.windows.net/201901/058284.jpg,OK,0,13,CHIMALTENANGO,SAN ANDRÉS ITZAPA,5828,CORPORACIÓN MUNICIPAL,17,2,2,0,1,4,287,287,265,265,16,36,92,6,2,2,53,13,18,6,7,4,10
1,5,0,400,394,3,https://resultados2019.blob.core.windows.net/201901/058274.jpg,OK,0,13,CHIMALTENANGO,SAN ANDRÉS ITZAPA,5827,CORPORACIÓN MUNICIPAL,15,2,2,0,1,4,276,276,256,256,10,32,82,12,1,2,39,19,22,10,9,3,15
1,9,0,400,400,3,https://resultados2019.blob.core.windows.net/201901/058224.jpg,OK,0,13,CHIMALTENANGO,SAN ANDRÉS ITZAPA,5822,CORPORACIÓN MUNICIPAL,4,2,2,0,1,4,294,294,281,281,10,36,87,9,0,3,47,17,29,14,12,2,15
1,7,0,400,400,3,https://resultados2019.blob.core.windows.net/201901/058244.jpg,OK,0,13,CHIMALTENANGO,SAN ANDRÉS ITZAPA,5824,CORPORACIÓN MUNICIPAL,13,2,2,0,1,4,300,300,280,280,11,34,88,10,3,7,51,16,28,7,6,4,15
1,7,0,400,400,3,https://resultados2019.blob.core.windows.net/201901/058264.jpg,OK,0,13,CHIMALTENANGO,SAN ANDRÉS ITZAPA,5826,CORPORACIÓN MUNICIPAL,11,2,2,0,1,4,286,286,268,268,7,28,97,4,3,4,58,12,21,7,7,2,18
1,9,0,400,400,3,https://resultados2019.blob.core.windows.net/201901/058234.jpg,OK,0,13,CHIMALTENANGO,SAN ANDRÉS ITZAPA,5823,CORPORACIÓN MUNICIPAL,14,2,2,0,1,4,306,306,283,283,15,36,88,5,3,6,56,11,23,11,8,2,19
1,2,0,229,229,3,https://resultados2019.blob.core.windows.net/201901/058494.jpg,OK,0,13,CHIMALTENANGO,SAN ANDRÉS ITZAPA,5849,CORPORACIÓN MUNICIPAL,2,2,2,0,1,4,170,170,166,166,10,18,62,1,1,5,35,10,4,4,3,3,10
1,4,0,400,400,3,https://resultados2019.blob.core.windows.net/201901/058254.jpg,OK,0,13,CHIMALTENANGO,SAN ANDRÉS ITZAPA,5825,CORPORACIÓN MUNICIPAL,5,2,2,0,1,4,291,291,282,282,9,33,89,8,4,4,50,19,26,11,5,2,22
1,8,0,400,400,3,https://resultados2019.blob.core.windows.net/201901/058204.jpg,OK,0,13,CHIMALTENANGO,SAN ANDRÉS ITZAPA,5820,CORPORACIÓN MUNICIPAL,7,2,2,0,1,4,308,308,293,293,11,46,91,9,5,4,45,16,25,8,9,6,18
1,12,0,400,395,3,https://resultados2019.blob.core.windows.net/201901/058444.jpg,OK,0,13,CHIMALTENANGO,SAN ANDRÉS ITZAPA,5844,CORPORACIÓN MUNICIPAL,14,2,2,0,1,4,263,263,237,237,11,41,75,1,1,6,48,15,18,2,6,1,12
1,1,0,581,578,3,https://resultados2019.blob.core.windows.net/201901/058554.jpg,OK,0,13,CHIMALTENANGO,SAN ANDRÉS ITZAPA,5855,CORPORACIÓN MUNICIPAL,6,2,2,0,1,4,209,209,202,202,12,17,87,7,4,5,20,10,17,3,6,4,10
1,5,0,400,398,3,https://resultados2019.blob.core.windows.net/201901/058354.jpg,OK,0,13,CHIMALTENANGO,SAN ANDRÉS ITZAPA,5835,CORPORACIÓN MUNICIPAL,11,2,2,0,1,4,295,295,279,279,12,44,90,6,2,3,50,10,21,4,7,4,26
1,5,0,400,400,3,https://resultados2019.blob.core.windows.net/201901/058374.jpg,OK,0,13,CHIMALTENANGO,SAN ANDRÉS ITZAPA,5837,CORPORACIÓN MUNICIPAL,6,2,2,0,1,4,275,275,264,264,13,33,84,13,3,5,42,10,20,8,11,5,17
1,9,0,400,400,3,https://resultados2019.blob.core.windows.net/201901/058434.jpg,OK,0,13,CHIMALTENANGO,SAN ANDRÉS ITZAPA,5843,CORPORACIÓN MUNICIPAL,11,2,2,0,1,4,226,226,206,206,7,34,64,5,2,4,34,12,7,8,7,4,18
1,0,0,400,400,3,https://resultados2019.blob.core.windows.net/201901/058334.jpg,OK,0,13,CHIMALTENANGO,SAN ANDRÉS ITZAPA,5833,CORPORACIÓN MUNICIPAL,7,2,2,0,1,4,254,254,247,247,16,35,84,8,5,8,34,15,19,5,3,3,12
1,0,0,400,398,3,https://resultados2019.blob.core.windows.net/201901/058304.jpg,OK,0,13,CHIMALTENANGO,SAN ANDRÉS ITZAPA,5830,CORPORACIÓN MUNICIPAL,4,2,2,0,1,4,241,241,237,237,13,39,77,1,0,4,51,13,11,7,7,5,9
1,12,0,315,315,3,https://resultados2019.blob.core.windows.net/201901/058534.jpg,OK,0,13,CHIMALTENANGO,SAN ANDRÉS ITZAPA,5853,CORPORACIÓN MUNICIPAL,11,2,2,0,1,4,196,196,173,173,10,45,20,2,3,3,20,2,3,3,10,1,51
1,5,0,400,400,3,https://resultados2019.blob.core.windows.net/201901/058364.jpg,OK,0,13,CHIMALTENANGO,SAN ANDRÉS ITZAPA,5836,CORPORACIÓN MUNICIPAL,7,2,2,0,1,4,281,281,269,269,14,36,85,6,3,5,61,9,15,9,7,4,15
