ACTACUADRA,BLANCOS,CNTIMPUGNA,CNTINSCRITOS,CNTPAPELETAS,DEP,IMGSRC,IMGSTATUS,INVALIDOS,MUN,NDEP,NMUN,NROMESA,NTE,NULOS,STACTA,STESCAN,STFISIC,STTRANS,TIPOELECCION,TOTALACTA,TOTALVOTOS,VOTOSVALIDOS,VOTOSVALIDOSACTA,voto_CREO,voto_FCN-NACION,voto_MLP,voto_PC,voto_PODEMOS,voto_SEMILLA,voto_TODOS,voto_UCN,voto_UNE,voto_VAMOS,voto_VIVA
1,5,0,400,400,3,https://resultados2019.blob.core.windows.net/201901/058574.jpg,OK,0,14,CHIMALTENANGO,PARRAMOS,5857,CORPORACIÓN MUNICIPAL,4,2,2,0,1,4,299,299,290,290,5,3,7,58,106,4,6,10,36,51,4
1,4,0,400,400,3,https://resultados2019.blob.core.windows.net/201901/058724.jpg,OK,0,14,CHIMALTENANGO,PARRAMOS,5872,CORPORACIÓN MUNICIPAL,9,2,2,0,1,4,276,276,263,263,10,3,8,39,105,9,1,11,19,49,9
1,7,0,400,400,3,https://resultados2019.blob.core.windows.net/201901/058664.jpg,OK,0,14,CHIMALTENANGO,PARRAMOS,5866,CORPORACIÓN MUNICIPAL,10,2,2,0,1,4,333,333,316,316,6,6,11,65,102,18,3,16,42,40,7
1,4,0,400,398,3,https://resultados2019.blob.core.windows.net/201901/058584.jpg,OK,0,14,CHIMALTENANGO,PARRAMOS,5858,CORPORACIÓN MUNICIPAL,16,2,2,0,1,4,306,306,286,286,16,7,9,44,113,7,3,13,31,39,4
1,5,0,400,400,3,https://resultados2019.blob.core.windows.net/201901/058734.jpg,OK,0,14,CHIMALTENANGO,PARRAMOS,5873,CORPORACIÓN MUNICIPAL,7,2,2,0,1,4,294,294,282,282,6,2,7,56,95,8,5,15,29,56,3
1,4,0,400,400,3,https://resultados2019.blob.core.windows.net/201901/058774.jpg,OK,0,14,CHIMALTENANGO,PARRAMOS,5877,CORPORACIÓN MUNICIPAL,4,2,2,0,1,4,330,330,322,322,5,1,3,39,167,11,3,13,24,51,5
1,2,0,347,351,3,https://resultados2019.blob.core.windows.net/201901/058794.jpg,OK,0,14,CHIMALTENANGO,PARRAMOS,5879,CORPORACIÓN MUNICIPAL,1,2,2,0,1,4,260,260,257,257,9,5,8,38,122,5,3,6,10,50,1
1,10,0,400,400,3,https://resultados2019.blob.core.windows.net/201901/058654.jpg,OK,0,14,CHIMALTENANGO,PARRAMOS,5865,CORPORACIÓN MUNICIPAL,14,2,2,0,1,4,311,311,287,287,7,2,7,50,102,4,2,11,40,59,3
1,4,0,400,400,3,https://resultados2019.blob.core.windows.net/201901/058604.jpg,OK,0,14,CHIMALTENANGO,PARRAMOS,5860,CORPORACIÓN MUNICIPAL,14,2,2,0,1,4,308,308,290,290,7,6,13,49,113,7,3,11,32,46,3
1,3,0,400,400,3,https://resultados2019.blob.core.windows.net/201901/058644.jpg,OK,0,14,CHIMALTENANGO,PARRAMOS,5864,CORPORACIÓN MUNICIPAL,14,2,2,0,1,4,313,313,296,296,6,7,10,59,93,6,6,10,39,56,4
1,8,0,400,400,3,https://resultados2019.blob.core.windows.net/201901/058614.jpg,OK,0,14,CHIMALTENANGO,PARRAMOS,5861,CORPORACIÓN MUNICIPAL,13,2,2,0,1,4,318,318,297,297,13,4,11,31,120,6,7,11,31,52,11
1,1,0,400,400,3,https://resultados2019.blob.core.windows.net/201901/058684.jpg,OK,0,14,CHIMALTENANGO,PARRAMOS,5868,CORPORACIÓN MUNICIPAL,9,2,2,0,1,4,284,284,274,274,5,1,7,37,121,6,3,5,32,47,10
1,6,0,400,400,3,https://resultados2019.blob.core.windows.net/201901/058594.jpg,OK,0,14,CHIMALTENANGO,PARRAMOS,5859,CORPORACIÓN MUNICIPAL,8,2,2,0,1,4,305,305,291,291,7,4,5,46,116,5,1,13,30,54,10
1,4,0,400,400,3,https://resultados2019.blob.core.windows.net/201901/058694.jpg,OK,0,14,CHIMALTENANGO,PARRAMOS,5869,CORPORACIÓN MUNICIPAL,13,2,2,0,1,4,282,282,265,265,10,0,3,43,98,6,4,8,33,49,11
1,8,0,400,400,3,https://resultados2019.blob.core.windows.net/201901/058674.jpg,OK,0,14,CHIMALTENANGO,PARRAMOS,5867,CORPORACIÓN MUNICIPAL,12,2,2,0,1,4,287,287,267,267,12,3,4,34,107,12,3,11,29,49,3
1,6,0,400,400,3,https://resultados2019.blob.core.windows.net/201901/058704.jpg,OK,0,14,CHIMALTENANGO,PARRAMOS,5870,CORPORACIÓN MUNICIPAL,13,2,2,0,1,4,279,279,260,260,7,4,5,30,121,7,4,13,21,45,3
1,8,0,400,400,3,https://resultados2019.blob.core.windows.net/201901/058714.jpg,OK,0,14,CHIMALTENANGO,PARRAMOS,5871,CORPORACIÓN MUNICIPAL,6,2,2,0,1,4,299,299,285,285,9,2,1,46,134,7,4,5,26,43,8
1,8,0,400,400,3,https://resultados2019.blob.core.windows.net/201901/058624.jpg,OK,0,14,CHIMALTENANGO,PARRAMOS,5862,CORPORACIÓN MUNICIPAL,7,2,2,0,1,4,313,313,298,298,13,2,8,45,109,11,3,16,40,44,7
1,2,0,400,400,3,https://resultados2019.blob.core.windows.net/201901/058754.jpg,OK,0,14,CHIMALTENANGO,PARRAMOS,5875,CORPORACIÓN MUNICIPAL,2,2,2,0,1,4,281,281,277,277,13,1,6,36,120,25,5,9,22,39,1
1,0,0,348,348,3,https://resultados2019.blob.core.windows.net/201901/058784.jpg,OK,0,14,CHIMALTENANGO,PARRAMOS,5878,CORPORACIÓN MUNICIPAL,2,2,2,0,1,4,305,305,303,303,9,3,9,64,122,5,4,8,33,42,4
1,5,0,400,395,3,https://resultados2019.blob.core.windows.net/201901/058744.jpg,OK,0,14,CHIMALTENANGO,PARRAMOS,5874,CORPORACIÓN MUNICIPAL,6,2,2,0,1,4,279,279,268,268,12,5,5,38,92,13,2,4,25,62,10
1,8,0,400,400,3,https://resultados2019.blob.core.windows.net/201901/058634.jpg,OK,0,14,CHIMALTENANGO,PARRAMOS,5863,CORPORACIÓN MUNICIPAL,9,2,2,0,1,4,313,313,296,296,13,5,13,55,102,9,6,10,32,47,4
1,0,0,400,400,3,https://resultados2019.blob.core.windows.net/201901/058764.jpg,OK,0,14,CHIMALTENANGO,PARRAMOS,5876,CORPORACIÓN MUNICIPAL,3,2,2,0,1,4,300,300,297,297,9,2,8,48,142,7,4,7,22,42,6
