ACTACUADRA,BLANCOS,CNTIMPUGNA,CNTINSCRITOS,CNTPAPELETAS,DEP,IMGSRC,IMGSTATUS,INVALIDOS,MUN,NDEP,NMUN,NROMESA,NTE,NULOS,STACTA,STESCAN,STFISIC,STTRANS,TIPOELECCION,TOTALACTA,TOTALVOTOS,VOTOSVALIDOS,VOTOSVALIDOSACTA,voto_FCN-NACION,voto_FUERZA,voto_PC,voto_PODEMOS,voto_TODOS,voto_UNE,voto_VALOR,voto_VICTORIA,voto_VIVA,voto_ZARAGOZA_POR_SIEMPRE
1,5,0,400,396,3,https://resultados2019.blob.core.windows.net/201901/058934.jpg,OK,0,15,CHIMALTENANGO,ZARAGOZA,5893,CORPORACIÓN MUNICIPAL,11,2,2,0,1,4,279,279,263,263,5,10,63,40,23,12,8,0,28,74
1,3,0,400,400,3,https://resultados2019.blob.core.windows.net/201901/058954.jpg,OK,0,15,CHIMALTENANGO,ZARAGOZA,5895,CORPORACIÓN MUNICIPAL,6,2,2,0,1,4,248,248,239,239,3,7,65,42,5,15,2,1,18,81
1,5,0,400,400,3,https://resultados2019.blob.core.windows.net/201901/058944.jpg,OK,0,15,CHIMALTENANGO,ZARAGOZA,5894,CORPORACIÓN MUNICIPAL,14,2,2,0,1,4,246,246,227,227,6,14,60,51,17,17,2,3,5,52
1,3,0,457,451,3,https://resultados2019.blob.core.windows.net/201901/059104.jpg,OK,0,15,CHIMALTENANGO,ZARAGOZA,5910,CORPORACIÓN MUNICIPAL,3,2,2,0,1,4,135,135,129,129,7,4,26,18,9,7,1,3,15,39
1,2,0,400,396,3,https://resultados2019.blob.core.windows.net/201901/058984.jpg,OK,0,15,CHIMALTENANGO,ZARAGOZA,5898,CORPORACIÓN MUNICIPAL,6,2,2,0,1,4,260,260,252,252,8,11,58,39,6,12,2,4,18,94
1,2,0,400,400,3,https://resultados2019.blob.core.windows.net/201901/058854.jpg,OK,0,15,CHIMALTENANGO,ZARAGOZA,5885,CORPORACIÓN MUNICIPAL,14,2,2,0,1,4,271,271,255,255,7,2,75,41,7,18,4,2,19,80
1,3,0,400,400,3,https://resultados2019.blob.core.windows.net/201901/058914.jpg,OK,0,15,CHIMALTENANGO,ZARAGOZA,5891,CORPORACIÓN MUNICIPAL,1,2,2,0,1,4,280,280,276,276,4,7,75,43,9,14,3,5,21,95
1,10,0,400,400,3,https://resultados2019.blob.core.windows.net/201901/058844.jpg,OK,0,15,CHIMALTENANGO,ZARAGOZA,5884,CORPORACIÓN MUNICIPAL,9,2,2,0,1,4,269,269,250,250,11,9,69,34,4,21,3,4,13,82
1,2,0,400,400,3,https://resultados2019.blob.core.windows.net/201901/058804.jpg,OK,0,15,CHIMALTENANGO,ZARAGOZA,5880,CORPORACIÓN MUNICIPAL,3,2,2,0,1,4,278,278,273,273,6,6,74,26,5,20,6,4,13,113
1,0,0,254,249,3,https://resultados2019.blob.core.windows.net/201901/059064.jpg,OK,0,15,CHIMALTENANGO,ZARAGOZA,5906,CORPORACIÓN MUNICIPAL,2,2,2,0,1,4,152,152,150,150,6,5,34,24,2,9,1,2,12,55
1,2,0,400,400,3,https://resultados2019.blob.core.windows.net/201901/059004.jpg,OK,0,15,CHIMALTENANGO,ZARAGOZA,5900,CORPORACIÓN MUNICIPAL,10,2,2,0,1,4,259,259,247,247,6,7,75,40,8,9,3,6,13,80
1,2,0,400,399,3,https://resultados2019.blob.core.windows.net/201901/058904.jpg,OK,0,15,CHIMALTENANGO,ZARAGOZA,5890,CORPORACIÓN MUNICIPAL,8,2,2,0,1,4,262,262,252,252,4,14,56,58,25,15,4,7,9,60
1,8,0,363,363,3,https://resultados2019.blob.core.windows.net/201901/059084.jpg,OK,0,15,CHIMALTENANGO,ZARAGOZA,5908,CORPORACIÓN MUNICIPAL,11,2,2,0,1,4,192,192,173,173,6,1,59,27,2,12,2,2,18,44
1,1,0,363,363,3,https://resultados2019.blob.core.windows.net/201901/059094.jpg,OK,0,15,CHIMALTENANGO,ZARAGOZA,5909,CORPORACIÓN MUNICIPAL,4,2,2,0,1,4,179,179,174,174,3,5,73,23,2,13,3,2,17,33
1,0,0,400,400,3,https://resultados2019.blob.core.windows.net/201901/059034.jpg,OK,0,15,CHIMALTENANGO,ZARAGOZA,5903,CORPORACIÓN MUNICIPAL,5,2,2,0,1,4,272,272,267,267,5,5,81,32,9,19,2,3,18,93
1,3,0,400,400,3,https://resultados2019.blob.core.windows.net/201901/058994.jpg,OK,0,15,CHIMALTENANGO,ZARAGOZA,5899,CORPORACIÓN MUNICIPAL,5,2,2,0,1,4,259,259,251,251,5,6,70,33,7,19,2,6,22,81
1,4,0,400,400,3,https://resultados2019.blob.core.windows.net/201901/059024.jpg,OK,0,15,CHIMALTENANGO,ZARAGOZA,5902,CORPORACIÓN MUNICIPAL,11,2,2,0,1,4,240,240,225,225,6,10,54,36,3,14,5,2,13,82
1,2,0,400,400,3,https://resultados2019.blob.core.windows.net/201901/058924.jpg,OK,0,15,CHIMALTENANGO,ZARAGOZA,5892,CORPORACIÓN MUNICIPAL,11,2,2,0,1,4,273,273,260,260,9,12,53,36,1,13,8,8,35,85
1,1,0,400,401,3,https://resultados2019.blob.core.windows.net/201901/058834.jpg,OK,0,15,CHIMALTENANGO,ZARAGOZA,5883,CORPORACIÓN MUNICIPAL,21,2,2,0,1,4,270,270,248,248,7,10,59,35,4,17,3,7,14,92
1,3,0,400,400,3,https://resultados2019.blob.core.windows.net/201901/058974.jpg,OK,0,15,CHIMALTENANGO,ZARAGOZA,5897,CORPORACIÓN MUNICIPAL,7,2,2,0,1,4,246,246,236,236,5,5,61,42,4,13,1,2,28,75
1,2,0,400,399,3,https://resultados2019.blob.core.windows.net/201901/058884.jpg,OK,0,15,CHIMALTENANGO,ZARAGOZA,5888,CORPORACIÓN MUNICIPAL,13,2,2,0,1,4,276,276,261,261,8,10,85,38,12,11,2,4,8,83
1,0,0,254,254,3,https://resultados2019.blob.core.windows.net/201901/059054.jpg,OK,0,15,CHIMALTENANGO,ZARAGOZA,5905,CORPORACIÓN MUNICIPAL,1,2,2,0,1,4,206,206,205,205,3,6,53,37,5,7,1,3,10,80
1,1,0,457,457,3,https://resultados2019.blob.core.windows.net/201901/059114.jpg,OK,0,15,CHIMALTENANGO,ZARAGOZA,5911,CORPORACIÓN MUNICIPAL,2,2,2,0,1,4,111,111,108,108,6,4,24,24,1,8,1,0,2,38
1,2,0,400,400,3,https://resultados2019.blob.core.windows.net/201901/059014.jpg,OK,0,15,CHIMALTENANGO,ZARAGOZA,5901,CORPORACIÓN MUNICIPAL,8,2,2,0,1,4,272,272,262,262,5,12,79,44,4,18,2,2,15,81
1,1,0,400,400,3,https://resultados2019.blob.core.windows.net/201901/058894.jpg,OK,0,15,CHIMALTENANGO,ZARAGOZA,5889,CORPORACIÓN MUNICIPAL,10,2,2,0,1,4,241,241,230,230,5,9,61,46,34,9,1,1,11,53
1,5,0,400,400,3,https://resultados2019.blob.core.windows.net/201901/058864.jpg,OK,0,15,CHIMALTENANGO,ZARAGOZA,5886,CORPORACIÓN MUNICIPAL,11,2,2,0,1,4,263,263,247,247,3,5,87,38,2,20,5,3,12,72
1,1,0,400,400,3,https://resultados2019.blob.core.windows.net/201901/058964.jpg,OK,0,15,CHIMALTENANGO,ZARAGOZA,5896,CORPORACIÓN MUNICIPAL,2,2,2,0,1,4,239,239,236,236,3,4,60,50,5,14,1,3,15,81
1,7,0,400,397,3,https://resultados2019.blob.core.windows.net/201901/058874.jpg,OK,0,15,CHIMALTENANGO,ZARAGOZA,5887,CORPORACIÓN MUNICIPAL,18,2,2,0,1,4,268,268,243,243,6,9,81,31,8,11,3,4,18,72
1,3,0,380,380,3,https://resultados2019.blob.core.windows.net/201901/059074.jpg,OK,0,15,CHIMALTENANGO,ZARAGOZA,5907,CORPORACIÓN MUNICIPAL,20,2,2,0,1,4,197,197,174,174,1,2,73,18,1,15,2,3,18,41
1,2,0,400,400,3,https://resultados2019.blob.core.windows.net/201901/058814.jpg,OK,0,15,CHIMALTENANGO,ZARAGOZA,5881,CORPORACIÓN MUNICIPAL,10,2,2,0,1,4,267,267,255,255,9,10,62,39,11,9,7,4,16,88
1,0,0,400,396,3,https://resultados2019.blob.core.windows.net/201901/058824.jpg,OK,0,15,CHIMALTENANGO,ZARAGOZA,5882,CORPORACIÓN MUNICIPAL,15,2,2,0,1,4,290,290,275,275,4,5,74,40,4,21,2,2,18,105
1,1,0,400,396,3,https://resultados2019.blob.core.windows.net/201901/059044.jpg,OK,0,15,CHIMALTENANGO,ZARAGOZA,5904,CORPORACIÓN MUNICIPAL,3,2,2,0,1,4,282,282,278,278,4,10,94,39,5,11,2,4,15,94
