ACTACUADRA,BLANCOS,CNTIMPUGNA,CNTINSCRITOS,CNTPAPELETAS,DEP,IMGSRC,IMGSTATUS,INVALIDOS,MUN,NDEP,NMUN,NROMESA,NTE,NULOS,STACTA,STESCAN,STFISIC,STTRANS,TIPOELECCION,TOTALACTA,TOTALVOTOS,VOTOSVALIDOS,VOTOSVALIDOSACTA,voto_FCN-NACION,voto_LIBRE,voto_PC,voto_PODEMOS,voto_UCN,voto_UNE,voto_VAMOS
1,8,0,400,400,3,https://resultados2019.blob.core.windows.net/201901/054734.jpg,OK,0,5,CHIMALTENANGO,SANTA APOLONIA,5473,CORPORACIÓN MUNICIPAL,10,2,2,0,1,4,349,349,331,331,4,20,128,30,6,131,12
1,2,0,400,400,3,https://resultados2019.blob.core.windows.net/201901/054754.jpg,OK,0,5,CHIMALTENANGO,SANTA APOLONIA,5475,CORPORACIÓN MUNICIPAL,2,2,2,0,1,4,320,320,316,316,3,22,118,20,3,139,11
1,12,0,380,380,3,https://resultados2019.blob.core.windows.net/201901/054834.jpg,OK,0,5,CHIMALTENANGO,SANTA APOLONIA,5483,CORPORACIÓN MUNICIPAL,7,2,2,0,1,4,337,337,318,318,21,14,100,47,5,123,8
1,3,0,400,400,3,https://resultados2019.blob.core.windows.net/201901/054764.jpg,OK,0,5,CHIMALTENANGO,SANTA APOLONIA,5476,CORPORACIÓN MUNICIPAL,12,2,2,0,1,4,332,332,317,317,4,19,124,22,10,123,15
1,11,0,380,380,3,https://resultados2019.blob.core.windows.net/201901/054814.jpg,OK,0,5,CHIMALTENANGO,SANTA APOLONIA,5481,CORPORACIÓN MUNICIPAL,6,2,2,0,1,4,320,320,303,303,8,4,86,59,2,136,8
1,10,0,400,400,3,https://resultados2019.blob.core.windows.net/201901/054694.jpg,OK,0,5,CHIMALTENANGO,SANTA APOLONIA,5469,CORPORACIÓN MUNICIPAL,9,2,2,0,1,4,354,354,335,335,5,19,125,31,10,125,20
1,12,0,380,380,3,https://resultados2019.blob.core.windows.net/201901/054824.jpg,OK,0,5,CHIMALTENANGO,SANTA APOLONIA,5482,CORPORACIÓN MUNICIPAL,9,2,2,0,1,4,340,340,319,319,14,3,106,57,5,124,10
1,12,0,400,400,3,https://resultados2019.blob.core.windows.net/201901/054714.jpg,OK,0,5,CHIMALTENANGO,SANTA APOLONIA,5471,CORPORACIÓN MUNICIPAL,14,2,2,0,1,4,340,340,314,314,3,22,117,24,2,126,20
1,19,0,380,380,3,https://resultados2019.blob.core.windows.net/201901/054854.jpg,OK,0,5,CHIMALTENANGO,SANTA APOLONIA,5485,CORPORACIÓN MUNICIPAL,12,2,2,0,1,4,325,325,294,294,6,9,94,52,3,125,5
1,4,0,313,313,3,https://resultados2019.blob.core.windows.net/201901/054804.jpg,OK,0,5,CHIMALTENANGO,SANTA APOLONIA,5480,CORPORACIÓN MUNICIPAL,2,2,2,0,1,4,246,246,240,240,2,19,97,7,1,103,11
1,4,0,400,400,3,https://resultados2019.blob.core.windows.net/201901/054704.jpg,OK,0,5,CHIMALTENANGO,SANTA APOLONIA,5470,CORPORACIÓN MUNICIPAL,7,2,2,0,1,4,340,340,329,329,10,21,105,21,9,150,13
1,1,0,400,400,3,https://resultados2019.blob.core.windows.net/201901/054784.jpg,OK,0,5,CHIMALTENANGO,SANTA APOLONIA,5478,CORPORACIÓN MUNICIPAL,1,2,2,0,1,4,322,322,320,320,4,32,135,20,2,115,12
1,7,0,380,380,3,https://resultados2019.blob.core.windows.net/201901/054874.jpg,OK,0,5,CHIMALTENANGO,SANTA APOLONIA,5487,CORPORACIÓN MUNICIPAL,6,2,2,0,1,4,298,298,285,285,13,3,73,68,7,107,14
1,2,0,314,314,3,https://resultados2019.blob.core.windows.net/201901/054794.jpg,OK,0,5,CHIMALTENANGO,SANTA APOLONIA,5479,CORPORACIÓN MUNICIPAL,1,2,2,0,1,4,267,267,264,264,0,20,107,25,2,100,10
1,8,0,400,400,3,https://resultados2019.blob.core.windows.net/201901/054684.jpg,OK,0,5,CHIMALTENANGO,SANTA APOLONIA,5468,CORPORACIÓN MUNICIPAL,10,2,2,0,1,4,331,331,313,313,6,32,117,30,2,106,20
1,3,0,255,255,3,https://resultados2019.blob.core.windows.net/201901/054894.jpg,OK,0,5,CHIMALTENANGO,SANTA APOLONIA,5489,CORPORACIÓN MUNICIPAL,1,2,2,0,1,4,198,198,194,194,5,2,61,33,4,88,1
1,7,0,380,380,3,https://resultados2019.blob.core.windows.net/201901/054864.jpg,OK,0,5,CHIMALTENANGO,SANTA APOLONIA,5486,CORPORACIÓN MUNICIPAL,6,2,2,0,1,4,303,303,290,290,12,1,90,66,2,113,6
1,6,0,380,376,3,https://resultados2019.blob.core.windows.net/201901/054844.jpg,OK,0,5,CHIMALTENANGO,SANTA APOLONIA,5484,CORPORACIÓN MUNICIPAL,5,2,2,0,1,4,340,340,329,329,13,15,106,55,9,123,8
1,1,0,256,256,3,https://resultados2019.blob.core.windows.net/201901/054884.jpg,OK,0,5,CHIMALTENANGO,SANTA APOLONIA,5488,CORPORACIÓN MUNICIPAL,3,2,2,0,1,4,199,199,195,195,13,4,73,31,2,71,1
1,10,0,400,397,3,https://resultados2019.blob.core.windows.net/201901/054674.jpg,OK,0,5,CHIMALTENANGO,SANTA APOLONIA,5467,CORPORACIÓN MUNICIPAL,11,2,2,0,1,4,347,347,326,326,1,5,129,24,4,152,11
1,7,0,400,398,3,https://resultados2019.blob.core.windows.net/201901/054744.jpg,OK,0,5,CHIMALTENANGO,SANTA APOLONIA,5474,CORPORACIÓN MUNICIPAL,5,2,2,0,1,4,320,320,308,308,0,28,126,17,3,119,15
1,14,0,400,400,3,https://resultados2019.blob.core.windows.net/201901/054724.jpg,OK,0,5,CHIMALTENANGO,SANTA APOLONIA,5472,CORPORACIÓN MUNICIPAL,14,2,2,0,1,4,341,341,313,313,3,28,117,15,5,129,16
1,5,0,400,400,3,https://resultados2019.blob.core.windows.net/201901/054774.jpg,OK,0,5,CHIMALTENANGO,SANTA APOLONIA,5477,CORPORACIÓN MUNICIPAL,2,2,2,0,1,4,282,282,275,275,1,20,97,17,2,114,24
1,11,0,400,400,3,https://resultados2019.blob.core.windows.net/201901/054664.jpg,OK,0,5,CHIMALTENANGO,SANTA APOLONIA,5466,CORPORACIÓN MUNICIPAL,9,2,2,0,1,4,333,333,313,313,4,22,116,24,1,133,13
