ACTACUADRA,BLANCOS,CNTIMPUGNA,CNTINSCRITOS,CNTPAPELETAS,DEP,IMGSRC,IMGSTATUS,INVALIDOS,MUN,NDEP,NMUN,NROMESA,NTE,NULOS,STACTA,STESCAN,STFISIC,STTRANS,TIPOELECCION,TOTALACTA,TOTALVOTOS,VOTOSVALIDOS,VOTOSVALIDOSACTA,voto_AVANZA,voto_BIEN,voto_COMITE_CIVICO_EL_CAMINO,voto_COMITE_CIVICO_NUEVO_AMANECER,voto_CONVERGENCIA,voto_CREO,voto_EG,voto_FCN-NACION,voto_FUERZA,voto_MLP,voto_PC,voto_PHG,voto_PODEMOS,voto_PPT,voto_TODOS,voto_TRIGO,voto_UNE,voto_VALOR,voto_VAMOS
1,6,0,380,380,3,https://resultados2019.blob.core.windows.net/201901/055564.jpg,OK,0,6,CHIMALTENANGO,TECPÁN GUATEMALA,5556,CORPORACIÓN MUNICIPAL,7,2,2,0,1,4,209,209,196,196,3,4,4,18,2,9,52,1,0,0,3,1,4,3,3,54,26,1,8
1,7,0,380,376,3,https://resultados2019.blob.core.windows.net/201901/055724.jpg,OK,0,6,CHIMALTENANGO,TECPÁN GUATEMALA,5572,CORPORACIÓN MUNICIPAL,21,2,2,0,1,4,257,257,229,229,4,3,8,27,3,28,29,2,2,0,4,1,1,5,2,80,23,2,5
1,5,0,400,400,3,https://resultados2019.blob.core.windows.net/201901/055264.jpg,OK,0,6,CHIMALTENANGO,TECPÁN GUATEMALA,5526,CORPORACIÓN MUNICIPAL,7,2,2,0,1,4,262,262,250,250,3,19,42,4,14,14,14,5,6,5,6,8,2,8,12,55,14,2,17
1,2,0,400,400,3,https://resultados2019.blob.core.windows.net/201901/055284.jpg,OK,0,6,CHIMALTENANGO,TECPÁN GUATEMALA,5528,CORPORACIÓN MUNICIPAL,5,2,2,0,1,4,249,249,242,242,1,9,50,7,10,17,8,3,7,6,4,5,6,6,19,40,13,8,23
1,12,0,600,600,3,https://resultados2019.blob.core.windows.net/201901/055774.jpg,OK,0,6,CHIMALTENANGO,TECPÁN GUATEMALA,5577,CORPORACIÓN MUNICIPAL,6,2,2,0,1,4,220,220,202,202,4,11,19,21,13,9,26,4,2,3,4,14,1,6,2,29,24,0,10
1,8,0,400,400,3,https://resultados2019.blob.core.windows.net/201901/055044.jpg,OK,0,6,CHIMALTENANGO,TECPÁN GUATEMALA,5504,CORPORACIÓN MUNICIPAL,15,2,2,0,1,4,248,248,225,225,1,13,19,12,0,9,19,1,0,4,4,2,3,3,7,93,24,1,10
0,4,0,380,376,3,https://resultados2019.blob.core.windows.net/201901/055484.jpg,OK,0,6,CHIMALTENANGO,TECPÁN GUATEMALA,5548,CORPORACIÓN MUNICIPAL,8,2,2,0,1,4,191,170,158,179,3,3,2,2,2,23,0,1,0,3,0,0,0,2,5,72,31,0,9
1,2,0,400,402,3,https://resultados2019.blob.core.windows.net/201901/054954.jpg,OK,0,6,CHIMALTENANGO,TECPÁN GUATEMALA,5495,CORPORACIÓN MUNICIPAL,17,2,2,0,1,4,271,271,252,252,1,36,14,15,9,15,13,5,5,5,33,2,7,8,9,43,19,2,11
1,13,0,380,376,3,https://resultados2019.blob.core.windows.net/201901/055474.jpg,OK,0,6,CHIMALTENANGO,TECPÁN GUATEMALA,5547,CORPORACIÓN MUNICIPAL,23,2,2,0,1,4,209,209,173,173,0,8,4,3,1,40,12,1,0,1,3,1,0,2,0,41,49,1,6
1,1,0,400,400,3,https://resultados2019.blob.core.windows.net/201901/055124.jpg,OK,0,6,CHIMALTENANGO,TECPÁN GUATEMALA,5512,CORPORACIÓN MUNICIPAL,5,2,2,0,1,4,213,213,207,207,2,10,32,20,12,14,14,2,3,1,9,3,2,6,10,42,7,4,14
1,0,0,400,400,3,https://resultados2019.blob.core.windows.net/201901/055084.jpg,OK,0,6,CHIMALTENANGO,TECPÁN GUATEMALA,5508,CORPORACIÓN MUNICIPAL,16,2,2,0,1,4,244,244,228,228,3,5,12,12,15,22,40,7,0,3,7,3,4,1,12,45,25,1,11
1,7,0,380,376,3,https://resultados2019.blob.core.windows.net/201901/055374.jpg,OK,0,6,CHIMALTENANGO,TECPÁN GUATEMALA,5537,CORPORACIÓN MUNICIPAL,9,2,1,0,1,4,260,260,244,244,3,0,3,2,2,5,13,0,0,1,97,0,0,16,0,90,9,0,3
1,7,0,380,376,3,https://resultados2019.blob.core.windows.net/201901/055384.jpg,OK,0,6,CHIMALTENANGO,TECPÁN GUATEMALA,5538,CORPORACIÓN MUNICIPAL,15,2,1,0,1,4,269,269,247,247,4,3,5,19,8,6,41,0,4,6,25,1,5,39,6,37,25,0,13
1,0,0,400,400,3,https://resultados2019.blob.core.windows.net/201901/055334.jpg,OK,0,6,CHIMALTENANGO,TECPÁN GUATEMALA,5533,CORPORACIÓN MUNICIPAL,4,2,2,0,1,4,296,296,292,292,2,22,58,14,19,18,8,4,3,2,7,12,6,7,7,60,17,3,23
1,10,0,380,376,3,https://resultados2019.blob.core.windows.net/201901/055444.jpg,OK,0,6,CHIMALTENANGO,TECPÁN GUATEMALA,5544,CORPORACIÓN MUNICIPAL,15,2,2,0,1,4,189,189,164,164,1,3,2,4,3,13,18,2,0,1,0,1,1,2,1,37,69,1,5
1,4,0,400,398,3,https://resultados2019.blob.core.windows.net/201901/055184.jpg,OK,0,6,CHIMALTENANGO,TECPÁN GUATEMALA,5518,CORPORACIÓN MUNICIPAL,6,2,2,0,1,4,289,289,279,279,3,19,54,11,9,11,13,2,1,7,9,8,6,12,9,63,12,0,30
1,2,0,324,324,3,https://resultados2019.blob.core.windows.net/201901/055754.jpg,OK,0,6,CHIMALTENANGO,TECPÁN GUATEMALA,5575,CORPORACIÓN MUNICIPAL,3,2,1,0,1,4,225,225,220,220,1,1,14,16,3,44,34,1,1,1,6,1,1,1,2,69,22,1,1
1,3,0,358,358,3,https://resultados2019.blob.core.windows.net/201901/055624.jpg,OK,7,6,CHIMALTENANGO,TECPÁN GUATEMALA,5562,CORPORACIÓN MUNICIPAL,4,2,2,0,1,4,199,199,192,192,5,10,4,6,0,14,51,5,3,4,8,3,0,2,1,54,18,1,3
1,4,0,400,400,3,https://resultados2019.blob.core.windows.net/201901/055204.jpg,OK,0,6,CHIMALTENANGO,TECPÁN GUATEMALA,5520,CORPORACIÓN MUNICIPAL,5,2,2,0,1,4,284,284,275,275,1,23,50,12,13,16,11,4,1,1,6,7,6,10,7,56,15,7,29
1,9,0,380,376,3,https://resultados2019.blob.core.windows.net/201901/055364.jpg,OK,0,6,CHIMALTENANGO,TECPÁN GUATEMALA,5536,CORPORACIÓN MUNICIPAL,19,2,1,0,1,4,272,272,244,244,3,0,5,1,10,6,5,1,1,2,100,1,1,5,1,78,19,0,5
1,2,0,380,376,3,https://resultados2019.blob.core.windows.net/201901/055614.jpg,OK,0,6,CHIMALTENANGO,TECPÁN GUATEMALA,5561,CORPORACIÓN MUNICIPAL,4,2,2,0,1,4,179,179,173,173,2,8,4,12,1,14,38,2,1,4,8,1,1,3,4,46,21,0,3
1,2,0,400,396,3,https://resultados2019.blob.core.windows.net/201901/055254.jpg,OK,139,6,CHIMALTENANGO,TECPÁN GUATEMALA,5525,CORPORACIÓN MUNICIPAL,10,2,2,0,1,4,257,257,245,245,1,22,39,13,9,22,7,2,4,3,10,3,0,7,10,55,8,6,24
1,2,0,371,371,3,https://resultados2019.blob.core.windows.net/201901/055354.jpg,OK,0,6,CHIMALTENANGO,TECPÁN GUATEMALA,5535,CORPORACIÓN MUNICIPAL,4,2,2,0,1,4,232,232,226,226,3,18,33,13,11,10,11,0,6,5,5,7,8,7,6,52,16,1,14
1,2,0,400,400,3,https://resultados2019.blob.core.windows.net/201901/055004.jpg,OK,0,6,CHIMALTENANGO,TECPÁN GUATEMALA,5500,CORPORACIÓN MUNICIPAL,12,2,2,0,1,4,259,259,245,245,1,15,22,25,8,19,29,7,1,2,3,1,6,11,11,61,8,2,13
1,4,0,400,400,3,https://resultados2019.blob.core.windows.net/201901/054904.jpg,OK,0,6,CHIMALTENANGO,TECPÁN GUATEMALA,5490,CORPORACIÓN MUNICIPAL,12,2,2,0,1,4,292,292,276,276,0,25,37,8,9,26,17,8,6,5,10,6,2,6,6,59,15,6,25
1,5,0,380,380,3,https://resultados2019.blob.core.windows.net/201901/055604.jpg,OK,0,6,CHIMALTENANGO,TECPÁN GUATEMALA,5560,CORPORACIÓN MUNICIPAL,10,2,1,0,1,4,208,208,193,193,6,6,3,14,4,16,47,2,0,0,11,1,1,2,2,52,25,0,1
1,5,0,380,376,3,https://resultados2019.blob.core.windows.net/201901/055574.jpg,OK,0,6,CHIMALTENANGO,TECPÁN GUATEMALA,5557,CORPORACIÓN MUNICIPAL,9,2,2,0,1,4,199,199,185,185,1,8,6,29,3,5,32,3,0,2,4,0,0,2,4,32,48,0,6
1,6,0,400,400,3,https://resultados2019.blob.core.windows.net/201901/055034.jpg,OK,0,6,CHIMALTENANGO,TECPÁN GUATEMALA,5503,CORPORACIÓN MUNICIPAL,12,2,2,0,1,4,282,282,264,264,2,16,38,18,18,16,9,6,2,9,3,13,9,6,14,57,17,1,10
1,3,0,600,0,3,https://resultados2019.blob.core.windows.net/201901/055794.jpg,OK,0,6,CHIMALTENANGO,TECPÁN GUATEMALA,5579,CORPORACIÓN MUNICIPAL,17,2,2,0,1,4,271,271,251,251,0,24,49,7,9,15,6,1,2,5,10,10,8,13,8,48,10,10,16
1,4,0,400,400,3,https://resultados2019.blob.core.windows.net/201901/055064.jpg,OK,0,6,CHIMALTENANGO,TECPÁN GUATEMALA,5506,CORPORACIÓN MUNICIPAL,15,2,2,0,1,4,278,278,259,259,2,26,23,15,13,29,22,7,1,2,7,0,6,7,12,53,15,2,17
1,7,0,380,380,3,https://resultados2019.blob.core.windows.net/201901/055534.jpg,OK,0,6,CHIMALTENANGO,TECPÁN GUATEMALA,5553,CORPORACIÓN MUNICIPAL,12,2,2,0,1,4,213,213,194,194,2,11,4,5,4,17,56,1,0,3,3,1,0,5,2,47,29,1,3
1,2,0,400,400,3,https://resultados2019.blob.core.windows.net/201901/054974.jpg,OK,0,6,CHIMALTENANGO,TECPÁN GUATEMALA,5497,CORPORACIÓN MUNICIPAL,10,2,2,0,1,4,280,280,268,268,0,12,39,51,23,11,23,2,0,2,9,7,4,7,6,35,17,3,17
1,2,0,400,400,3,https://resultados2019.blob.core.windows.net/201901/055234.jpg,OK,0,6,CHIMALTENANGO,TECPÁN GUATEMALA,5523,CORPORACIÓN MUNICIPAL,13,2,2,0,1,4,263,263,248,248,1,14,40,18,10,16,11,2,2,8,7,5,1,9,17,52,13,2,20
1,5,0,369,369,3,https://resultados2019.blob.core.windows.net/201901/055704.jpg,OK,0,6,CHIMALTENANGO,TECPÁN GUATEMALA,5570,CORPORACIÓN MUNICIPAL,9,2,2,0,1,4,152,152,138,138,4,0,2,3,0,6,45,1,1,0,3,0,1,1,0,23,46,1,1
1,2,0,400,400,3,https://resultados2019.blob.core.windows.net/201901/055144.jpg,OK,0,6,CHIMALTENANGO,TECPÁN GUATEMALA,5514,CORPORACIÓN MUNICIPAL,8,2,2,0,1,4,270,270,260,260,2,15,46,17,9,16,22,1,3,5,9,4,8,7,9,57,5,2,23
1,5,0,400,400,3,https://resultados2019.blob.core.windows.net/201901/055134.jpg,OK,0,6,CHIMALTENANGO,TECPÁN GUATEMALA,5513,CORPORACIÓN MUNICIPAL,8,2,2,0,1,4,257,257,244,244,4,22,40,11,12,13,18,1,3,5,9,7,4,5,8,52,9,6,15
1,4,0,380,373,3,https://resultados2019.blob.core.windows.net/201901/055454.jpg,OK,0,6,CHIMALTENANGO,TECPÁN GUATEMALA,5545,CORPORACIÓN MUNICIPAL,15,2,2,0,1,4,219,219,200,200,0,4,2,5,9,26,39,9,0,1,4,0,1,7,0,34,45,2,12
1,8,1,400,400,3,https://resultados2019.blob.core.windows.net/201901/055074.jpg,OK,126,6,CHIMALTENANGO,TECPÁN GUATEMALA,5507,CORPORACIÓN MUNICIPAL,15,2,2,0,1,4,273,273,250,250,1,17,13,13,11,38,41,5,2,4,6,4,1,3,9,42,25,3,12
1,5,0,400,400,3,https://resultados2019.blob.core.windows.net/201901/055194.jpg,OK,129,6,CHIMALTENANGO,TECPÁN GUATEMALA,5519,CORPORACIÓN MUNICIPAL,12,2,2,0,1,4,271,271,254,254,0,14,32,10,16,14,11,3,2,6,5,13,3,5,9,71,16,5,19
0,6,1,380,376,3,https://resultados2019.blob.core.windows.net/201901/055424.jpg,OK,0,6,CHIMALTENANGO,TECPÁN GUATEMALA,5542,CORPORACIÓN MUNICIPAL,20,2,2,0,1,4,162,161,135,135,1,2,0,11,5,20,20,3,0,1,2,0,2,2,3,26,32,0,5
1,4,0,400,400,3,https://resultados2019.blob.core.windows.net/201901/055274.jpg,OK,0,6,CHIMALTENANGO,TECPÁN GUATEMALA,5527,CORPORACIÓN MUNICIPAL,9,2,2,0,1,4,252,252,239,239,2,15,38,8,9,12,8,3,7,6,8,7,8,8,15,44,15,3,23
1,16,0,380,376,3,https://resultados2019.blob.core.windows.net/201901/055664.jpg,OK,0,6,CHIMALTENANGO,TECPÁN GUATEMALA,5566,CORPORACIÓN MUNICIPAL,17,2,2,0,1,4,244,244,211,211,4,2,5,3,1,7,43,6,0,3,11,0,1,3,0,30,87,2,3
1,4,0,400,400,3,https://resultados2019.blob.core.windows.net/201901/054924.jpg,OK,0,6,CHIMALTENANGO,TECPÁN GUATEMALA,5492,CORPORACIÓN MUNICIPAL,8,2,2,0,1,4,254,254,242,242,2,19,16,10,7,18,22,3,3,8,4,6,2,3,12,66,18,4,19
1,2,0,333,333,3,https://resultados2019.blob.core.windows.net/201901/055404.jpg,OK,0,6,CHIMALTENANGO,TECPÁN GUATEMALA,5540,CORPORACIÓN MUNICIPAL,7,2,2,0,1,4,212,212,203,203,1,4,5,5,7,0,25,0,0,3,71,2,2,23,3,40,7,0,5
1,9,0,380,380,3,https://resultados2019.blob.core.windows.net/201901/055434.jpg,OK,0,6,CHIMALTENANGO,TECPÁN GUATEMALA,5543,CORPORACIÓN MUNICIPAL,24,2,2,0,1,4,201,201,168,168,4,1,1,8,1,2,15,2,2,2,2,0,2,1,3,66,44,0,12
1,4,0,600,600,3,https://resultados2019.blob.core.windows.net/201901/055784.jpg,OK,0,6,CHIMALTENANGO,TECPÁN GUATEMALA,5578,CORPORACIÓN MUNICIPAL,11,2,2,0,1,4,199,199,184,184,2,12,19,13,8,15,15,3,2,1,5,4,4,4,4,41,16,5,11
1,3,0,505,505,3,https://resultados2019.blob.core.windows.net/201901/055804.jpg,OK,0,6,CHIMALTENANGO,TECPÁN GUATEMALA,5580,CORPORACIÓN MUNICIPAL,7,2,2,0,1,4,238,238,228,228,2,16,62,7,10,14,6,2,4,2,1,6,4,12,8,34,10,7,21
1,7,0,600,0,3,https://resultados2019.blob.core.windows.net/201901/055764.jpg,OK,0,6,CHIMALTENANGO,TECPÁN GUATEMALA,5576,CORPORACIÓN MUNICIPAL,16,2,2,0,1,4,241,241,218,218,2,23,18,15,5,17,15,7,2,8,5,1,2,6,8,47,21,2,14
1,0,0,400,400,3,https://resultados2019.blob.core.windows.net/201901/055024.jpg,OK,0,6,CHIMALTENANGO,TECPÁN GUATEMALA,5502,CORPORACIÓN MUNICIPAL,14,2,2,0,1,4,219,219,205,205,1,10,23,13,8,8,42,2,7,2,2,6,1,1,6,46,14,3,10
1,4,0,305,305,3,https://resultados2019.blob.core.windows.net/201901/055504.jpg,OK,0,6,CHIMALTENANGO,TECPÁN GUATEMALA,5550,CORPORACIÓN MUNICIPAL,9,2,2,0,1,4,123,123,110,110,1,4,2,2,5,10,21,2,1,4,1,0,2,0,1,23,26,1,4
1,10,0,380,376,3,https://resultados2019.blob.core.windows.net/201901/055674.jpg,OK,0,6,CHIMALTENANGO,TECPÁN GUATEMALA,5567,CORPORACIÓN MUNICIPAL,6,2,2,0,1,4,204,204,188,188,8,2,2,2,4,15,59,3,1,3,6,0,2,0,0,45,34,0,2
1,2,0,371,371,3,https://resultados2019.blob.core.windows.net/201901/055344.jpg,OK,0,6,CHIMALTENANGO,TECPÁN GUATEMALA,5534,CORPORACIÓN MUNICIPAL,7,2,2,0,1,4,277,277,268,268,3,18,50,23,9,22,23,3,2,1,4,4,3,3,9,58,20,3,10
1,0,0,400,400,3,https://resultados2019.blob.core.windows.net/201901/055114.jpg,OK,0,6,CHIMALTENANGO,TECPÁN GUATEMALA,5511,CORPORACIÓN MUNICIPAL,4,2,2,0,1,4,218,218,214,214,1,13,36,17,9,16,14,3,4,5,6,8,4,5,5,48,9,4,7
1,0,0,400,398,3,https://resultados2019.blob.core.windows.net/201901/055174.jpg,OK,0,6,CHIMALTENANGO,TECPÁN GUATEMALA,5517,CORPORACIÓN MUNICIPAL,6,2,2,0,1,4,250,250,244,244,2,20,37,8,17,14,14,2,3,7,7,6,3,6,11,49,13,4,21
1,5,0,380,380,3,https://resultados2019.blob.core.windows.net/201901/055544.jpg,OK,15,6,CHIMALTENANGO,TECPÁN GUATEMALA,5554,CORPORACIÓN MUNICIPAL,0,2,2,0,1,4,260,260,255,255,1,6,5,5,5,31,36,1,0,1,4,3,0,4,4,126,19,1,3
1,6,0,400,398,3,https://resultados2019.blob.core.windows.net/201901/055164.jpg,OK,0,6,CHIMALTENANGO,TECPÁN GUATEMALA,5516,CORPORACIÓN MUNICIPAL,8,2,2,0,1,4,243,243,229,229,2,16,51,6,11,10,13,3,2,2,8,3,3,8,10,42,17,4,18
1,6,0,400,400,3,https://resultados2019.blob.core.windows.net/201901/054994.jpg,OK,0,6,CHIMALTENANGO,TECPÁN GUATEMALA,5499,CORPORACIÓN MUNICIPAL,14,2,2,0,1,4,258,258,238,238,2,11,38,13,11,13,14,10,1,6,7,7,5,4,8,46,16,4,22
1,4,1,400,400,3,https://resultados2019.blob.core.windows.net/201901/055214.jpg,OK,0,6,CHIMALTENANGO,TECPÁN GUATEMALA,5521,CORPORACIÓN MUNICIPAL,8,2,2,0,1,4,280,280,268,268,1,14,55,13,11,18,16,2,2,6,10,6,5,10,8,50,16,4,21
1,2,0,357,357,3,https://resultados2019.blob.core.windows.net/201901/055634.jpg,OK,0,6,CHIMALTENANGO,TECPÁN GUATEMALA,5563,CORPORACIÓN MUNICIPAL,3,2,2,0,1,4,231,231,226,226,9,11,3,20,5,15,48,2,0,5,2,4,2,1,6,65,22,0,6
1,6,0,380,380,3,https://resultados2019.blob.core.windows.net/201901/055524.jpg,OK,0,6,CHIMALTENANGO,TECPÁN GUATEMALA,5552,CORPORACIÓN MUNICIPAL,17,2,2,0,1,4,198,198,175,175,1,3,2,10,2,8,66,2,1,1,15,2,2,0,1,42,13,0,4
1,1,0,400,400,3,https://resultados2019.blob.core.windows.net/201901/055314.jpg,OK,0,6,CHIMALTENANGO,TECPÁN GUATEMALA,5531,CORPORACIÓN MUNICIPAL,7,2,2,0,1,4,238,238,230,230,3,10,49,7,15,14,12,3,2,3,7,10,6,6,5,48,13,3,14
1,11,0,380,380,3,https://resultados2019.blob.core.windows.net/201901/055644.jpg,OK,0,6,CHIMALTENANGO,TECPÁN GUATEMALA,5564,CORPORACIÓN MUNICIPAL,27,2,2,0,1,4,188,188,150,150,10,0,1,2,1,6,39,3,7,2,1,1,0,1,1,17,54,0,4
1,9,0,400,400,3,https://resultados2019.blob.core.windows.net/201901/055094.jpg,OK,0,6,CHIMALTENANGO,TECPÁN GUATEMALA,5509,CORPORACIÓN MUNICIPAL,16,2,2,0,1,4,237,237,212,212,3,15,5,14,7,17,14,10,2,4,3,2,1,5,3,74,22,3,8
1,7,0,380,380,3,https://resultados2019.blob.core.windows.net/201901/055464.jpg,OK,0,6,CHIMALTENANGO,TECPÁN GUATEMALA,5546,CORPORACIÓN MUNICIPAL,11,2,2,0,1,4,228,228,210,210,0,8,0,3,3,47,42,1,0,0,0,1,0,8,0,53,37,0,7
1,5,0,380,376,3,https://resultados2019.blob.core.windows.net/201901/055584.jpg,OK,18,6,CHIMALTENANGO,TECPÁN GUATEMALA,5558,CORPORACIÓN MUNICIPAL,13,2,2,0,1,4,211,211,193,193,2,11,8,31,1,8,30,9,2,3,8,0,2,0,5,49,16,2,6
1,6,0,380,376,3,https://resultados2019.blob.core.windows.net/201901/055414.jpg,OK,0,6,CHIMALTENANGO,TECPÁN GUATEMALA,5541,CORPORACIÓN MUNICIPAL,14,2,2,0,1,4,171,171,151,151,1,1,2,8,4,26,21,3,0,1,0,0,0,6,3,25,47,0,3
1,5,0,400,400,3,https://resultados2019.blob.core.windows.net/201901/055244.jpg,OK,0,6,CHIMALTENANGO,TECPÁN GUATEMALA,5524,CORPORACIÓN MUNICIPAL,11,2,2,0,1,4,277,277,261,261,1,17,48,14,6,11,24,2,7,3,7,5,1,10,13,54,11,6,21
1,1,0,400,396,3,https://resultados2019.blob.core.windows.net/201901/055304.jpg,OK,0,6,CHIMALTENANGO,TECPÁN GUATEMALA,5530,CORPORACIÓN MUNICIPAL,7,2,2,0,1,4,242,242,234,234,1,9,33,17,10,16,12,1,6,4,6,9,9,5,11,48,14,4,19
1,6,0,400,400,3,https://resultados2019.blob.core.windows.net/201901/055014.jpg,OK,0,6,CHIMALTENANGO,TECPÁN GUATEMALA,5501,CORPORACIÓN MUNICIPAL,17,2,2,0,1,4,270,270,247,247,5,11,33,11,8,16,43,7,1,3,8,3,4,1,4,42,18,1,28
1,3,0,400,400,3,https://resultados2019.blob.core.windows.net/201901/054944.jpg,OK,0,6,CHIMALTENANGO,TECPÁN GUATEMALA,5494,CORPORACIÓN MUNICIPAL,7,2,2,0,1,4,214,214,204,204,2,12,14,5,9,27,9,6,2,7,6,2,4,2,6,67,15,1,8
1,8,0,400,400,3,https://resultados2019.blob.core.windows.net/201901/054914.jpg,OK,0,6,CHIMALTENANGO,TECPÁN GUATEMALA,5491,CORPORACIÓN MUNICIPAL,16,2,2,0,1,4,262,262,238,238,4,11,38,11,14,19,20,3,5,2,8,3,1,3,10,54,12,3,17
1,7,0,380,380,3,https://resultados2019.blob.core.windows.net/201901/055554.jpg,OK,0,6,CHIMALTENANGO,TECPÁN GUATEMALA,5555,CORPORACIÓN MUNICIPAL,13,2,2,0,1,4,265,265,245,245,7,4,4,6,3,17,47,1,2,3,1,2,0,2,5,124,13,1,3
1,6,0,380,380,3,https://resultados2019.blob.core.windows.net/201901/055494.jpg,OK,0,6,CHIMALTENANGO,TECPÁN GUATEMALA,5549,CORPORACIÓN MUNICIPAL,20,2,2,0,1,4,186,186,160,160,5,3,2,6,0,20,25,2,0,0,7,0,1,4,1,41,38,1,4
1,6,0,400,398,3,https://resultados2019.blob.core.windows.net/201901/054934.jpg,OK,0,6,CHIMALTENANGO,TECPÁN GUATEMALA,5493,CORPORACIÓN MUNICIPAL,12,2,2,0,1,4,263,263,245,245,5,20,21,15,6,20,14,7,0,5,11,1,3,2,5,74,25,0,11
1,3,0,380,212,3,https://resultados2019.blob.core.windows.net/201901/055594.jpg,OK,0,6,CHIMALTENANGO,TECPÁN GUATEMALA,5559,CORPORACIÓN MUNICIPAL,9,2,2,0,1,4,212,212,200,200,6,11,4,20,8,13,49,7,0,2,9,1,0,4,0,41,13,1,11
1,2,0,400,400,3,https://resultados2019.blob.core.windows.net/201901/055104.jpg,OK,0,6,CHIMALTENANGO,TECPÁN GUATEMALA,5510,CORPORACIÓN MUNICIPAL,7,2,2,0,1,4,225,225,216,216,1,15,24,12,7,19,31,5,2,1,9,6,4,3,8,44,14,2,9
1,7,0,380,380,3,https://resultados2019.blob.core.windows.net/201901/055734.jpg,OK,0,6,CHIMALTENANGO,TECPÁN GUATEMALA,5573,CORPORACIÓN MUNICIPAL,15,2,1,0,1,4,281,281,259,259,1,1,6,12,6,33,44,1,3,0,9,0,3,4,6,104,23,1,2
1,12,0,380,380,3,https://resultados2019.blob.core.windows.net/201901/055694.jpg,OK,0,6,CHIMALTENANGO,TECPÁN GUATEMALA,5569,CORPORACIÓN MUNICIPAL,10,2,2,0,1,4,188,188,166,166,13,2,0,4,0,7,43,1,3,2,1,1,1,2,0,36,47,0,3
1,3,0,400,296,3,https://resultados2019.blob.core.windows.net/201901/055324.jpg,OK,0,6,CHIMALTENANGO,TECPÁN GUATEMALA,5532,CORPORACIÓN MUNICIPAL,2,2,2,0,1,4,296,296,291,291,4,23,59,20,16,16,21,2,2,5,9,5,4,7,11,59,11,5,12
1,6,0,400,396,3,https://resultados2019.blob.core.windows.net/201901/055294.jpg,OK,0,6,CHIMALTENANGO,TECPÁN GUATEMALA,5529,CORPORACIÓN MUNICIPAL,8,2,2,0,1,4,224,224,210,210,3,12,31,2,11,10,12,2,7,5,9,7,2,9,10,41,18,4,15
0,2,0,400,400,3,https://resultados2019.blob.core.windows.net/201901/055224.jpg,OK,0,6,CHIMALTENANGO,TECPÁN GUATEMALA,5522,CORPORACIÓN MUNICIPAL,9,2,2,0,1,4,286,283,272,275,1,21,49,10,6,11,21,4,7,5,8,0,7,8,18,51,16,8,21
1,9,0,380,380,3,https://resultados2019.blob.core.windows.net/201901/055684.jpg,OK,0,6,CHIMALTENANGO,TECPÁN GUATEMALA,5568,CORPORACIÓN MUNICIPAL,14,2,2,0,1,4,199,199,176,176,4,3,3,9,2,4,55,0,0,0,3,0,1,2,0,41,47,1,1
1,18,0,380,380,3,https://resultados2019.blob.core.windows.net/201901/055654.jpg,OK,0,6,CHIMALTENANGO,TECPÁN GUATEMALA,5565,CORPORACIÓN MUNICIPAL,18,2,2,0,1,4,184,184,148,148,9,2,0,0,2,3,31,4,2,3,1,0,0,5,0,24,56,1,5
1,5,0,334,334,3,https://resultados2019.blob.core.windows.net/201901/055394.jpg,OK,0,6,CHIMALTENANGO,TECPÁN GUATEMALA,5539,CORPORACIÓN MUNICIPAL,4,2,2,0,1,4,189,189,180,180,1,1,5,4,1,3,38,0,0,2,35,0,0,12,0,69,6,0,3
1,7,0,400,0,3,https://resultados2019.blob.core.windows.net/201901/054984.jpg,OK,130,6,CHIMALTENANGO,TECPÁN GUATEMALA,5498,CORPORACIÓN MUNICIPAL,16,2,2,0,1,4,270,270,247,247,1,11,23,35,9,17,25,2,3,4,6,7,4,4,11,48,14,10,13
1,4,0,400,400,3,https://resultados2019.blob.core.windows.net/201901/055154.jpg,OK,0,6,CHIMALTENANGO,TECPÁN GUATEMALA,5515,CORPORACIÓN MUNICIPAL,10,2,2,0,1,4,273,273,259,259,1,29,33,11,9,20,14,4,8,7,5,11,11,6,9,41,14,5,21
1,4,0,400,400,3,https://resultados2019.blob.core.windows.net/201901/055054.jpg,OK,0,6,CHIMALTENANGO,TECPÁN GUATEMALA,5505,CORPORACIÓN MUNICIPAL,16,2,2,0,1,4,260,260,240,240,5,10,29,23,16,27,9,1,4,2,6,3,3,5,8,57,18,2,12
1,6,0,304,304,3,https://resultados2019.blob.core.windows.net/201901/055514.jpg,OK,0,6,CHIMALTENANGO,TECPÁN GUATEMALA,5551,CORPORACIÓN MUNICIPAL,2,2,2,0,1,4,171,171,163,163,1,6,3,1,5,21,29,4,0,1,1,0,1,1,1,38,39,1,10
1,5,0,504,503,3,https://resultados2019.blob.core.windows.net/201901/055814.jpg,OK,0,6,CHIMALTENANGO,TECPÁN GUATEMALA,5581,CORPORACIÓN MUNICIPAL,8,2,2,0,1,4,162,162,149,149,1,10,36,3,9,5,6,1,2,2,3,4,3,5,4,29,12,4,10
1,4,0,325,325,3,https://resultados2019.blob.core.windows.net/201901/055744.jpg,OK,0,6,CHIMALTENANGO,TECPÁN GUATEMALA,5574,CORPORACIÓN MUNICIPAL,8,2,1,0,1,4,200,200,188,188,1,1,5,5,3,60,17,0,1,2,5,1,0,1,1,53,28,0,4
1,4,0,400,400,3,https://resultados2019.blob.core.windows.net/201901/054964.jpg,OK,0,6,CHIMALTENANGO,TECPÁN GUATEMALA,5496,CORPORACIÓN MUNICIPAL,20,2,2,0,1,4,250,250,226,226,0,17,26,21,6,12,12,4,1,2,21,4,4,11,8,40,19,2,16
1,11,0,368,368,3,https://resultados2019.blob.core.windows.net/201901/055714.jpg,OK,0,6,CHIMALTENANGO,TECPÁN GUATEMALA,5571,CORPORACIÓN MUNICIPAL,8,2,2,0,1,4,168,168,149,149,12,1,2,1,0,11,38,2,1,3,4,0,0,1,0,25,47,0,1
