ACTACUADRA,BLANCOS,CNTIMPUGNA,CNTINSCRITOS,CNTPAPELETAS,DEP,IMGSRC,IMGSTATUS,INVALIDOS,MUN,NDEP,NMUN,NROMESA,NTE,NULOS,STACTA,STESCAN,STFISIC,STTRANS,TIPOELECCION,TOTALACTA,TOTALVOTOS,VOTOSVALIDOS,VOTOSVALIDOSACTA,voto_CREO,voto_FUERZA,voto_UCN,voto_UNE,voto_VALOR,voto_VAMOS,voto_VIVA
1,3,1,400,394,3,https://resultados2019.blob.core.windows.net/201901/056684.jpg,OK,0,8,CHIMALTENANGO,POCHUTA,5668,CORPORACIÓN MUNICIPAL,2,2,2,0,1,4,261,261,256,256,11,48,12,63,59,17,46
1,7,0,400,399,3,https://resultados2019.blob.core.windows.net/201901/056664.jpg,OK,0,8,CHIMALTENANGO,POCHUTA,5666,CORPORACIÓN MUNICIPAL,11,2,2,0,1,4,304,304,286,286,14,46,13,105,55,12,41
1,6,2,400,396,3,https://resultados2019.blob.core.windows.net/201901/056624.jpg,OK,0,8,CHIMALTENANGO,POCHUTA,5662,CORPORACIÓN MUNICIPAL,15,2,2,0,1,4,248,248,227,227,4,42,5,73,50,15,38
1,1,0,291,291,3,https://resultados2019.blob.core.windows.net/201901/056734.jpg,OK,0,8,CHIMALTENANGO,POCHUTA,5673,CORPORACIÓN MUNICIPAL,6,2,2,0,1,4,186,186,179,179,0,47,13,56,37,6,20
1,6,0,400,400,3,https://resultados2019.blob.core.windows.net/201901/056704.jpg,OK,0,8,CHIMALTENANGO,POCHUTA,5670,CORPORACIÓN MUNICIPAL,10,2,2,0,1,4,249,249,233,233,11,32,8,87,45,17,33
1,13,0,400,394,3,https://resultados2019.blob.core.windows.net/201901/056654.jpg,OK,0,8,CHIMALTENANGO,POCHUTA,5665,CORPORACIÓN MUNICIPAL,12,2,2,0,1,4,318,318,293,293,11,52,4,102,56,11,57
1,10,0,224,224,3,https://resultados2019.blob.core.windows.net/201901/056744.jpg,OK,0,8,CHIMALTENANGO,POCHUTA,5674,CORPORACIÓN MUNICIPAL,16,2,2,0,1,4,166,166,140,140,1,32,5,68,16,6,12
1,3,0,380,380,3,https://resultados2019.blob.core.windows.net/201901/056774.jpg,OK,0,8,CHIMALTENANGO,POCHUTA,5677,CORPORACIÓN MUNICIPAL,5,2,2,0,1,4,67,67,59,59,9,7,0,13,14,2,14
1,12,0,400,396,3,https://resultados2019.blob.core.windows.net/201901/056634.jpg,OK,0,8,CHIMALTENANGO,POCHUTA,5663,CORPORACIÓN MUNICIPAL,16,2,2,0,1,4,269,269,241,241,7,37,9,77,60,15,36
1,1,0,292,297,3,https://resultados2019.blob.core.windows.net/201901/056724.jpg,OK,0,8,CHIMALTENANGO,POCHUTA,5672,CORPORACIÓN MUNICIPAL,4,2,2,0,1,4,207,207,202,202,8,44,6,72,41,6,25
1,11,0,400,400,3,https://resultados2019.blob.core.windows.net/201901/056714.jpg,OK,0,8,CHIMALTENANGO,POCHUTA,5671,CORPORACIÓN MUNICIPAL,8,2,2,0,1,4,242,242,223,223,8,44,4,61,61,18,27
1,6,0,223,223,3,https://resultados2019.blob.core.windows.net/201901/056754.jpg,OK,0,8,CHIMALTENANGO,POCHUTA,5675,CORPORACIÓN MUNICIPAL,7,2,2,0,1,4,129,129,116,116,2,34,1,52,16,7,4
1,8,1,400,400,3,https://resultados2019.blob.core.windows.net/201901/056644.jpg,OK,0,8,CHIMALTENANGO,POCHUTA,5664,CORPORACIÓN MUNICIPAL,18,2,2,0,1,4,296,296,270,270,6,35,16,95,68,13,37
1,7,0,381,381,3,https://resultados2019.blob.core.windows.net/201901/056764.jpg,OK,0,8,CHIMALTENANGO,POCHUTA,5676,CORPORACIÓN MUNICIPAL,8,2,2,0,1,4,116,116,101,101,4,26,2,27,20,8,14
1,1,0,400,396,3,https://resultados2019.blob.core.windows.net/201901/056694.jpg,OK,0,8,CHIMALTENANGO,POCHUTA,5669,CORPORACIÓN MUNICIPAL,14,2,2,0,1,4,237,237,222,222,4,33,10,91,39,18,27
1,7,0,400,400,3,https://resultados2019.blob.core.windows.net/201901/056674.jpg,OK,0,8,CHIMALTENANGO,POCHUTA,5667,CORPORACIÓN MUNICIPAL,12,2,2,0,1,4,311,311,292,292,6,51,10,109,57,11,48
