ACTACUADRA,BLANCOS,CNTIMPUGNA,CNTINSCRITOS,CNTPAPELETAS,DEP,IMGSRC,IMGSTATUS,INVALIDOS,MUN,NDEP,NMUN,NROMESA,NTE,NULOS,STACTA,STESCAN,STFISIC,STTRANS,TIPOELECCION,TOTALACTA,TOTALVOTOS,VOTOSVALIDOS,VOTOSVALIDOSACTA,voto_CONVERGENCIA,voto_EG,voto_FUERZA,voto_LIBRE,voto_PODEMOS,voto_SAMAJEL,voto_TODOS,voto_UCN,voto_UNE,voto_UNIONISTA,voto_VALOR,voto_VAMOS,voto_VIVA
1,5,0,400,400,3,https://resultados2019.blob.core.windows.net/201901/056894.jpg,OK,0,9,CHIMALTENANGO,PATZICÍA,5689,CORPORACIÓN MUNICIPAL,5,2,2,0,1,4,304,304,294,294,4,14,57,1,11,54,9,7,4,11,14,77,31
1,11,0,400,400,3,https://resultados2019.blob.core.windows.net/201901/056794.jpg,OK,0,9,CHIMALTENANGO,PATZICÍA,5679,CORPORACIÓN MUNICIPAL,15,2,2,0,1,4,314,314,288,288,3,3,61,2,6,55,11,16,8,3,23,61,36
1,5,0,400,396,3,https://resultados2019.blob.core.windows.net/201901/056924.jpg,OK,0,9,CHIMALTENANGO,PATZICÍA,5692,CORPORACIÓN MUNICIPAL,8,2,2,0,1,4,293,293,280,280,4,5,60,2,17,56,4,14,5,13,8,53,39
1,2,0,400,394,3,https://resultados2019.blob.core.windows.net/201901/057014.jpg,OK,0,9,CHIMALTENANGO,PATZICÍA,5701,CORPORACIÓN MUNICIPAL,11,2,2,0,1,4,304,304,291,291,6,5,56,5,17,64,7,12,8,10,13,55,33
1,6,0,380,376,3,https://resultados2019.blob.core.windows.net/201901/057184.jpg,OK,0,9,CHIMALTENANGO,PATZICÍA,5718,CORPORACIÓN MUNICIPAL,10,2,2,0,1,4,295,295,279,279,18,7,15,7,32,38,10,2,8,17,11,101,13
1,9,0,380,389,3,https://resultados2019.blob.core.windows.net/201901/057124.jpg,OK,0,9,CHIMALTENANGO,PATZICÍA,5712,CORPORACIÓN MUNICIPAL,7,2,2,0,1,4,303,303,287,287,7,0,9,1,26,38,3,2,15,10,52,76,48
1,5,0,400,394,3,https://resultados2019.blob.core.windows.net/201901/056874.jpg,OK,0,9,CHIMALTENANGO,PATZICÍA,5687,CORPORACIÓN MUNICIPAL,12,2,2,0,1,4,286,286,269,269,9,5,50,3,13,56,5,15,0,13,13,60,27
1,8,0,400,396,3,https://resultados2019.blob.core.windows.net/201901/056864.jpg,OK,0,9,CHIMALTENANGO,PATZICÍA,5686,CORPORACIÓN MUNICIPAL,13,2,2,0,1,4,298,298,277,277,2,14,52,3,14,66,5,12,5,12,16,53,23
1,1,0,400,400,3,https://resultados2019.blob.core.windows.net/201901/056954.jpg,OK,0,9,CHIMALTENANGO,PATZICÍA,5695,CORPORACIÓN MUNICIPAL,3,2,2,0,1,4,286,286,282,282,5,11,61,4,12,50,5,15,2,9,17,64,27
1,5,0,304,304,3,https://resultados2019.blob.core.windows.net/201901/057094.jpg,OK,0,9,CHIMALTENANGO,PATZICÍA,5709,CORPORACIÓN MUNICIPAL,4,2,2,0,1,4,205,205,196,196,1,2,46,1,14,35,1,3,2,2,21,54,14
1,1,0,400,400,3,https://resultados2019.blob.core.windows.net/201901/057004.jpg,OK,0,9,CHIMALTENANGO,PATZICÍA,5700,CORPORACIÓN MUNICIPAL,5,2,2,0,1,4,295,295,289,289,2,8,60,3,17,50,6,12,1,9,9,87,25
1,1,0,225,215,3,https://resultados2019.blob.core.windows.net/201901/057214.jpg,OK,0,9,CHIMALTENANGO,PATZICÍA,5721,CORPORACIÓN MUNICIPAL,2,2,2,0,1,4,177,177,174,174,11,1,5,13,19,26,6,1,4,5,5,66,12
1,4,0,515,514,3,https://resultados2019.blob.core.windows.net/201901/057244.jpg,OK,0,9,CHIMALTENANGO,PATZICÍA,5724,CORPORACIÓN MUNICIPAL,9,2,2,0,1,4,176,176,163,163,2,8,41,1,10,25,1,14,1,8,9,23,20
1,4,0,400,400,3,https://resultados2019.blob.core.windows.net/201901/056984.jpg,OK,0,9,CHIMALTENANGO,PATZICÍA,5698,CORPORACIÓN MUNICIPAL,5,2,2,0,1,4,296,296,287,287,4,4,87,4,22,53,8,8,6,6,14,43,28
1,1,0,400,400,3,https://resultados2019.blob.core.windows.net/201901/057074.jpg,OK,0,9,CHIMALTENANGO,PATZICÍA,5707,CORPORACIÓN MUNICIPAL,3,2,2,0,1,4,341,341,337,337,4,9,59,5,16,72,4,15,9,14,18,79,33
1,4,0,400,400,3,https://resultados2019.blob.core.windows.net/201901/057044.jpg,OK,0,9,CHIMALTENANGO,PATZICÍA,5704,CORPORACIÓN MUNICIPAL,9,2,2,0,1,4,275,275,262,262,6,9,57,2,17,45,5,10,5,4,20,62,20
1,9,0,400,399,3,https://resultados2019.blob.core.windows.net/201901/056804.jpg,OK,0,9,CHIMALTENANGO,PATZICÍA,5680,CORPORACIÓN MUNICIPAL,8,2,2,0,1,4,309,309,292,292,3,10,51,2,11,73,9,18,5,11,17,50,32
1,5,0,380,376,3,https://resultados2019.blob.core.windows.net/201901/057134.jpg,OK,0,9,CHIMALTENANGO,PATZICÍA,5713,CORPORACIÓN MUNICIPAL,11,2,2,0,1,4,271,271,255,255,2,1,10,1,28,38,1,1,10,18,57,53,35
1,18,0,400,398,3,https://resultados2019.blob.core.windows.net/201901/056854.jpg,OK,0,9,CHIMALTENANGO,PATZICÍA,5685,CORPORACIÓN MUNICIPAL,9,2,2,0,1,4,311,311,284,284,7,5,56,4,15,59,4,4,8,12,9,73,28
1,0,0,226,226,3,https://resultados2019.blob.core.windows.net/201901/057204.jpg,OK,0,9,CHIMALTENANGO,PATZICÍA,5720,CORPORACIÓN MUNICIPAL,4,2,2,0,1,4,147,147,143,143,9,0,6,10,12,8,5,2,3,9,5,59,15
1,6,0,600,600,3,https://resultados2019.blob.core.windows.net/201901/057224.jpg,OK,0,9,CHIMALTENANGO,PATZICÍA,5722,CORPORACIÓN MUNICIPAL,6,2,2,0,1,4,221,221,209,209,4,6,30,6,12,26,7,15,1,12,17,36,37
1,8,0,516,516,3,https://resultados2019.blob.core.windows.net/201901/057234.jpg,OK,0,9,CHIMALTENANGO,PATZICÍA,5723,CORPORACIÓN MUNICIPAL,7,2,2,0,1,4,198,198,183,183,8,6,33,4,13,15,9,9,2,14,14,34,22
1,2,0,380,376,3,https://resultados2019.blob.core.windows.net/201901/057194.jpg,OK,0,9,CHIMALTENANGO,PATZICÍA,5719,CORPORACIÓN MUNICIPAL,5,2,2,0,1,4,281,281,274,274,16,3,17,8,32,28,8,1,8,12,5,110,26
1,0,0,400,400,3,https://resultados2019.blob.core.windows.net/201901/056934.jpg,OK,0,9,CHIMALTENANGO,PATZICÍA,5693,CORPORACIÓN MUNICIPAL,5,2,2,0,1,4,258,258,253,253,4,6,41,5,7,49,9,10,5,9,16,53,39
1,2,0,301,298,3,https://resultados2019.blob.core.windows.net/201901/057144.jpg,OK,0,9,CHIMALTENANGO,PATZICÍA,5714,CORPORACIÓN MUNICIPAL,6,2,2,0,1,4,191,191,183,183,3,1,7,1,8,38,0,3,9,18,41,31,23
1,4,0,400,400,3,https://resultados2019.blob.core.windows.net/201901/056824.jpg,OK,0,9,CHIMALTENANGO,PATZICÍA,5682,CORPORACIÓN MUNICIPAL,15,2,2,0,1,4,301,301,282,282,5,4,50,6,11,62,6,12,2,10,16,59,39
1,5,0,400,396,3,https://resultados2019.blob.core.windows.net/201901/056784.jpg,OK,0,9,CHIMALTENANGO,PATZICÍA,5678,CORPORACIÓN MUNICIPAL,11,2,2,0,1,4,293,293,277,277,2,4,48,5,22,69,13,9,4,6,17,52,26
1,3,0,400,396,3,https://resultados2019.blob.core.windows.net/201901/056974.jpg,OK,0,9,CHIMALTENANGO,PATZICÍA,5697,CORPORACIÓN MUNICIPAL,8,2,2,0,1,4,304,304,293,293,6,11,71,6,17,61,5,11,5,5,17,41,37
1,4,0,380,380,3,https://resultados2019.blob.core.windows.net/201901/057164.jpg,OK,0,9,CHIMALTENANGO,PATZICÍA,5716,CORPORACIÓN MUNICIPAL,10,2,2,0,1,4,296,296,282,282,21,7,11,13,31,25,11,6,8,13,10,112,14
1,10,0,380,376,3,https://resultados2019.blob.core.windows.net/201901/057114.jpg,OK,0,9,CHIMALTENANGO,PATZICÍA,5711,CORPORACIÓN MUNICIPAL,17,2,2,0,1,4,311,311,284,284,7,1,22,0,18,30,1,6,16,16,66,67,34
1,5,0,400,399,3,https://resultados2019.blob.core.windows.net/201901/056844.jpg,OK,0,9,CHIMALTENANGO,PATZICÍA,5684,CORPORACIÓN MUNICIPAL,13,2,2,0,1,4,308,308,290,290,12,5,55,5,19,66,6,13,5,8,11,54,31
1,1,0,304,304,3,https://resultados2019.blob.core.windows.net/201901/057084.jpg,OK,0,9,CHIMALTENANGO,PATZICÍA,5708,CORPORACIÓN MUNICIPAL,5,2,2,0,1,4,252,252,246,246,2,8,52,3,10,43,2,17,4,3,14,63,25
1,4,0,400,396,3,https://resultados2019.blob.core.windows.net/201901/057054.jpg,OK,0,9,CHIMALTENANGO,PATZICÍA,5705,CORPORACIÓN MUNICIPAL,5,2,2,0,1,4,282,282,273,273,4,12,53,1,11,39,13,17,3,9,16,61,34
1,4,0,400,400,3,https://resultados2019.blob.core.windows.net/201901/057024.jpg,OK,0,9,CHIMALTENANGO,PATZICÍA,5702,CORPORACIÓN MUNICIPAL,6,2,2,0,1,4,273,273,263,263,2,4,53,2,16,58,3,19,7,7,13,58,21
1,2,0,400,394,3,https://resultados2019.blob.core.windows.net/201901/056964.jpg,OK,0,9,CHIMALTENANGO,PATZICÍA,5696,CORPORACIÓN MUNICIPAL,12,2,2,0,1,4,275,275,261,261,5,4,55,0,19,50,10,11,3,2,21,52,29
1,9,0,400,418,3,https://resultados2019.blob.core.windows.net/201901/056904.jpg,OK,0,9,CHIMALTENANGO,PATZICÍA,5690,CORPORACIÓN MUNICIPAL,7,2,2,0,1,4,313,313,297,297,9,9,49,6,21,51,8,12,3,6,19,71,33
1,10,0,400,400,3,https://resultados2019.blob.core.windows.net/201901/057034.jpg,OK,0,9,CHIMALTENANGO,PATZICÍA,5703,CORPORACIÓN MUNICIPAL,14,2,2,0,1,4,296,296,272,272,3,6,56,5,21,56,8,16,2,5,14,57,23
1,5,0,400,396,3,https://resultados2019.blob.core.windows.net/201901/056814.jpg,OK,0,9,CHIMALTENANGO,PATZICÍA,5681,CORPORACIÓN MUNICIPAL,13,2,2,0,1,4,308,308,290,290,7,10,65,1,11,59,2,14,4,11,13,67,26
1,3,0,400,400,3,https://resultados2019.blob.core.windows.net/201901/056914.jpg,OK,0,9,CHIMALTENANGO,PATZICÍA,5691,CORPORACIÓN MUNICIPAL,12,2,2,0,1,4,301,301,286,286,11,6,65,1,18,51,9,9,5,5,11,66,29
1,3,0,400,400,3,https://resultados2019.blob.core.windows.net/201901/056834.jpg,OK,0,9,CHIMALTENANGO,PATZICÍA,5683,CORPORACIÓN MUNICIPAL,10,2,2,0,1,4,308,308,295,295,6,6,67,4,10,53,6,20,4,6,27,72,14
1,4,0,400,398,3,https://resultados2019.blob.core.windows.net/201901/056884.jpg,OK,0,9,CHIMALTENANGO,PATZICÍA,5688,CORPORACIÓN MUNICIPAL,10,2,2,0,1,4,310,310,296,296,9,11,68,7,10,56,3,9,7,8,11,69,28
1,3,0,400,396,3,https://resultados2019.blob.core.windows.net/201901/057064.jpg,OK,0,9,CHIMALTENANGO,PATZICÍA,5706,CORPORACIÓN MUNICIPAL,6,2,2,0,1,4,296,296,287,287,4,3,44,8,28,51,5,13,6,9,20,70,26
1,1,0,400,400,3,https://resultados2019.blob.core.windows.net/201901/056944.jpg,OK,0,9,CHIMALTENANGO,PATZICÍA,5694,CORPORACIÓN MUNICIPAL,10,2,2,0,1,4,264,264,253,253,5,3,51,6,17,48,2,12,4,9,21,48,27
1,2,0,380,376,3,https://resultados2019.blob.core.windows.net/201901/057174.jpg,OK,70,9,CHIMALTENANGO,PATZICÍA,5717,CORPORACIÓN MUNICIPAL,9,2,2,0,1,4,306,306,295,295,25,3,21,10,37,34,6,0,6,8,12,115,18
1,6,0,380,376,3,https://resultados2019.blob.core.windows.net/201901/057104.jpg,OK,0,9,CHIMALTENANGO,PATZICÍA,5710,CORPORACIÓN MUNICIPAL,21,2,2,0,1,4,320,320,293,293,7,4,20,1,4,70,3,0,10,24,68,58,24
1,2,0,400,394,3,https://resultados2019.blob.core.windows.net/201901/056994.jpg,OK,0,9,CHIMALTENANGO,PATZICÍA,5699,CORPORACIÓN MUNICIPAL,7,2,2,0,1,4,281,281,272,272,5,4,41,6,13,42,10,15,6,7,22,78,23
1,2,0,300,300,3,https://resultados2019.blob.core.windows.net/201901/057154.jpg,OK,0,9,CHIMALTENANGO,PATZICÍA,5715,CORPORACIÓN MUNICIPAL,2,2,2,0,1,4,237,237,233,233,3,1,15,0,12,39,0,1,10,24,49,53,26
