ACTACUADRA,BLANCOS,CNTIMPUGNA,CNTINSCRITOS,CNTPAPELETAS,DEP,IMGSRC,IMGSTATUS,INVALIDOS,MUN,NDEP,NMUN,NROMESA,NTE,NULOS,STACTA,STESCAN,STFISIC,STTRANS,TIPOELECCION,TOTALACTA,TOTALVOTOS,VOTOSVALIDOS,VOTOSVALIDOSACTA,voto_BIEN,voto_CREO,voto_FCN-NACION,voto_FUERZA,voto_PAN,voto_PHG,voto_TODOS,voto_UNE,voto_VALOR,voto_VAMOS
1,4,0,400,396,4,https://resultados2019.blob.core.windows.net/201901/059764.jpg,OK,0,1,EL PROGRESO,GUASTATOYA,5976,CORPORACIÓN MUNICIPAL,9,2,2,0,1,4,265,265,252,252,85,18,2,5,4,1,4,124,2,7
1,5,0,400,400,4,https://resultados2019.blob.core.windows.net/201901/059794.jpg,OK,0,1,EL PROGRESO,GUASTATOYA,5979,CORPORACIÓN MUNICIPAL,7,2,2,0,1,4,261,261,249,249,92,25,0,3,3,1,3,116,4,2
1,3,0,400,397,4,https://resultados2019.blob.core.windows.net/201901/059654.jpg,OK,0,1,EL PROGRESO,GUASTATOYA,5965,CORPORACIÓN MUNICIPAL,2,2,2,0,1,4,282,282,277,277,79,8,1,4,7,4,8,156,5,5
1,2,0,331,331,4,https://resultados2019.blob.core.windows.net/201901/059864.jpg,OK,0,1,EL PROGRESO,GUASTATOYA,5986,CORPORACIÓN MUNICIPAL,6,2,2,0,1,4,215,215,207,207,72,9,1,1,1,2,1,111,3,6
1,2,0,400,400,4,https://resultados2019.blob.core.windows.net/201901/059494.jpg,OK,0,1,EL PROGRESO,GUASTATOYA,5949,CORPORACIÓN MUNICIPAL,5,2,2,0,1,4,283,283,276,276,82,10,1,3,9,5,2,146,10,8
1,1,0,400,393,4,https://resultados2019.blob.core.windows.net/201901/059624.jpg,OK,0,1,EL PROGRESO,GUASTATOYA,5962,CORPORACIÓN MUNICIPAL,16,2,2,0,1,4,279,279,262,262,80,11,2,1,4,4,4,138,5,13
1,4,0,319,319,4,https://resultados2019.blob.core.windows.net/201901/059954.jpg,OK,0,1,EL PROGRESO,GUASTATOYA,5995,CORPORACIÓN MUNICIPAL,3,2,2,0,1,4,236,236,229,229,89,2,5,0,2,0,0,129,1,1
1,3,0,400,394,4,https://resultados2019.blob.core.windows.net/201901/059524.jpg,OK,0,1,EL PROGRESO,GUASTATOYA,5952,CORPORACIÓN MUNICIPAL,9,2,2,0,1,4,310,310,298,298,82,18,2,0,9,2,14,156,6,9
1,3,0,380,380,4,https://resultados2019.blob.core.windows.net/201901/059924.jpg,OK,0,1,EL PROGRESO,GUASTATOYA,5992,CORPORACIÓN MUNICIPAL,10,2,2,0,1,4,269,269,256,256,88,8,7,1,4,0,0,143,1,4
1,2,0,400,396,4,https://resultados2019.blob.core.windows.net/201901/059634.jpg,OK,0,1,EL PROGRESO,GUASTATOYA,5963,CORPORACIÓN MUNICIPAL,5,2,2,0,1,4,260,260,253,253,75,18,1,2,6,3,8,137,1,2
1,3,0,400,395,4,https://resultados2019.blob.core.windows.net/201901/059834.jpg,OK,0,1,EL PROGRESO,GUASTATOYA,5983,CORPORACIÓN MUNICIPAL,7,2,2,0,1,4,253,253,243,243,90,17,5,1,6,2,5,105,4,8
1,2,0,400,396,4,https://resultados2019.blob.core.windows.net/201901/059554.jpg,OK,0,1,EL PROGRESO,GUASTATOYA,5955,CORPORACIÓN MUNICIPAL,1,2,2,0,1,4,274,274,271,271,95,7,2,1,6,4,7,145,3,1
1,4,0,400,396,4,https://resultados2019.blob.core.windows.net/201901/059614.jpg,OK,0,1,EL PROGRESO,GUASTATOYA,5961,CORPORACIÓN MUNICIPAL,5,2,2,0,1,4,272,272,263,263,73,12,1,1,7,4,6,142,4,13
1,3,0,400,396,4,https://resultados2019.blob.core.windows.net/201901/059694.jpg,OK,0,1,EL PROGRESO,GUASTATOYA,5969,CORPORACIÓN MUNICIPAL,10,2,2,0,1,4,279,279,266,266,99,12,4,2,5,2,5,125,4,8
1,0,1,400,396,4,https://resultados2019.blob.core.windows.net/201901/059734.jpg,OK,0,1,EL PROGRESO,GUASTATOYA,5973,CORPORACIÓN MUNICIPAL,13,2,2,0,1,4,308,308,295,295,100,18,6,5,1,2,4,136,2,21
1,3,0,400,396,4,https://resultados2019.blob.core.windows.net/201901/059474.jpg,OK,0,1,EL PROGRESO,GUASTATOYA,5947,CORPORACIÓN MUNICIPAL,8,2,2,0,1,4,283,283,272,272,86,9,4,4,5,3,8,141,1,11
1,4,0,380,375,4,https://resultados2019.blob.core.windows.net/201901/059894.jpg,OK,0,1,EL PROGRESO,GUASTATOYA,5989,CORPORACIÓN MUNICIPAL,13,2,2,0,1,4,291,291,274,274,69,16,3,1,6,0,3,169,1,6
1,7,0,400,396,4,https://resultados2019.blob.core.windows.net/201901/059514.jpg,OK,0,1,EL PROGRESO,GUASTATOYA,5951,CORPORACIÓN MUNICIPAL,10,2,2,0,1,4,300,300,283,283,91,9,3,1,7,8,10,146,3,5
1,1,0,400,400,4,https://resultados2019.blob.core.windows.net/201901/059484.jpg,OK,0,1,EL PROGRESO,GUASTATOYA,5948,CORPORACIÓN MUNICIPAL,7,2,2,0,1,4,272,272,264,264,68,12,2,4,7,2,14,142,2,11
1,2,0,508,508,4,https://resultados2019.blob.core.windows.net/201901/059974.jpg,OK,0,1,EL PROGRESO,GUASTATOYA,5997,CORPORACIÓN MUNICIPAL,7,2,2,0,1,4,134,134,125,125,38,3,6,3,2,0,2,66,2,3
1,0,1,400,398,4,https://resultados2019.blob.core.windows.net/201901/059564.jpg,OK,0,1,EL PROGRESO,GUASTATOYA,5956,CORPORACIÓN MUNICIPAL,7,2,2,0,1,4,288,288,281,281,72,8,3,2,6,2,6,171,5,6
1,3,0,380,376,4,https://resultados2019.blob.core.windows.net/201901/059914.jpg,OK,0,1,EL PROGRESO,GUASTATOYA,5991,CORPORACIÓN MUNICIPAL,9,2,2,0,1,4,299,299,287,287,90,12,4,0,5,1,3,164,2,6
1,1,0,400,396,4,https://resultados2019.blob.core.windows.net/201901/059544.jpg,OK,0,1,EL PROGRESO,GUASTATOYA,5954,CORPORACIÓN MUNICIPAL,13,2,2,0,1,4,299,299,285,285,99,12,2,4,7,2,13,134,5,7
1,3,0,400,396,4,https://resultados2019.blob.core.windows.net/201901/059684.jpg,OK,0,1,EL PROGRESO,GUASTATOYA,5968,CORPORACIÓN MUNICIPAL,8,2,2,0,1,4,294,294,283,283,110,9,4,4,10,3,1,124,8,10
1,2,0,380,380,4,https://resultados2019.blob.core.windows.net/201901/059944.jpg,OK,1,1,EL PROGRESO,GUASTATOYA,5994,CORPORACIÓN MUNICIPAL,10,2,2,0,1,4,274,274,262,262,95,5,6,1,2,0,1,145,0,7
1,1,0,400,400,4,https://resultados2019.blob.core.windows.net/201901/059724.jpg,OK,0,1,EL PROGRESO,GUASTATOYA,5972,CORPORACIÓN MUNICIPAL,17,2,2,0,1,4,296,296,278,278,105,14,1,3,3,5,2,132,4,9
1,3,0,400,400,4,https://resultados2019.blob.core.windows.net/201901/059714.jpg,OK,0,1,EL PROGRESO,GUASTATOYA,5971,CORPORACIÓN MUNICIPAL,16,2,2,0,1,4,301,301,282,282,103,20,3,5,3,3,1,131,5,8
1,3,0,400,400,4,https://resultados2019.blob.core.windows.net/201901/059844.jpg,OK,0,1,EL PROGRESO,GUASTATOYA,5984,CORPORACIÓN MUNICIPAL,5,2,2,0,1,4,279,279,271,271,104,7,4,1,3,2,5,139,3,3
1,3,0,380,376,4,https://resultados2019.blob.core.windows.net/201901/059874.jpg,OK,0,1,EL PROGRESO,GUASTATOYA,5987,CORPORACIÓN MUNICIPAL,2,2,2,0,1,4,268,268,263,263,93,7,4,2,3,1,3,145,2,3
1,1,1,400,400,4,https://resultados2019.blob.core.windows.net/201901/059584.jpg,OK,0,1,EL PROGRESO,GUASTATOYA,5958,CORPORACIÓN MUNICIPAL,7,2,2,0,1,4,302,302,294,294,88,13,2,1,9,2,12,155,5,7
1,2,0,400,395,4,https://resultados2019.blob.core.windows.net/201901/059574.jpg,OK,0,1,EL PROGRESO,GUASTATOYA,5957,CORPORACIÓN MUNICIPAL,10,2,2,0,1,4,271,271,259,259,78,13,1,1,8,0,12,138,4,4
1,1,0,400,396,4,https://resultados2019.blob.core.windows.net/201901/059704.jpg,OK,0,1,EL PROGRESO,GUASTATOYA,5970,CORPORACIÓN MUNICIPAL,10,2,2,0,1,4,271,271,260,260,93,16,7,3,5,4,2,113,7,10
1,0,0,367,367,4,https://resultados2019.blob.core.windows.net/201901/059674.jpg,OK,0,1,EL PROGRESO,GUASTATOYA,5967,CORPORACIÓN MUNICIPAL,5,2,2,0,1,4,233,233,228,228,79,4,2,0,3,1,7,124,1,7
1,2,0,380,376,4,https://resultados2019.blob.core.windows.net/201901/059884.jpg,OK,0,1,EL PROGRESO,GUASTATOYA,5988,CORPORACIÓN MUNICIPAL,12,2,2,0,1,4,303,303,289,289,98,4,8,2,1,2,2,164,3,5
1,2,0,400,396,4,https://resultados2019.blob.core.windows.net/201901/059774.jpg,OK,0,1,EL PROGRESO,GUASTATOYA,5977,CORPORACIÓN MUNICIPAL,6,2,2,0,1,4,241,241,233,233,96,14,2,2,2,1,4,105,2,5
1,6,0,380,376,4,https://resultados2019.blob.core.windows.net/201901/059904.jpg,OK,0,1,EL PROGRESO,GUASTATOYA,5990,CORPORACIÓN MUNICIPAL,9,2,2,0,1,4,310,310,295,295,103,12,9,0,3,0,2,161,0,5
1,0,0,331,331,4,https://resultados2019.blob.core.windows.net/201901/059854.jpg,OK,0,1,EL PROGRESO,GUASTATOYA,5985,CORPORACIÓN MUNICIPAL,1,2,2,0,1,4,268,268,267,267,109,19,1,4,2,1,7,117,3,4
1,2,0,368,368,4,https://resultados2019.blob.core.windows.net/201901/059664.jpg,OK,0,1,EL PROGRESO,GUASTATOYA,5966,CORPORACIÓN MUNICIPAL,0,2,2,0,1,4,290,290,288,288,90,10,0,2,7,4,9,159,2,5
1,7,1,400,393,4,https://resultados2019.blob.core.windows.net/201901/059754.jpg,OK,0,1,EL PROGRESO,GUASTATOYA,5975,CORPORACIÓN MUNICIPAL,27,2,2,0,1,4,289,289,255,255,102,22,0,7,4,6,5,100,1,8
1,1,0,400,400,4,https://resultados2019.blob.core.windows.net/201901/059644.jpg,OK,0,1,EL PROGRESO,GUASTATOYA,5964,CORPORACIÓN MUNICIPAL,3,2,2,0,1,4,268,268,264,264,87,13,5,1,6,3,11,132,3,3
1,3,0,380,387,4,https://resultados2019.blob.core.windows.net/201901/059934.jpg,OK,0,1,EL PROGRESO,GUASTATOYA,5993,CORPORACIÓN MUNICIPAL,9,2,2,0,1,4,291,291,279,279,102,6,7,0,6,1,0,151,0,6
1,1,0,400,396,4,https://resultados2019.blob.core.windows.net/201901/059534.jpg,OK,0,1,EL PROGRESO,GUASTATOYA,5953,CORPORACIÓN MUNICIPAL,10,2,2,0,1,4,315,315,304,304,70,15,2,4,6,3,9,181,4,10
1,2,0,400,400,4,https://resultados2019.blob.core.windows.net/201901/059744.jpg,OK,0,1,EL PROGRESO,GUASTATOYA,5974,CORPORACIÓN MUNICIPAL,12,2,2,0,1,4,313,313,299,299,121,15,4,3,5,0,1,133,4,13
1,0,0,400,400,4,https://resultados2019.blob.core.windows.net/201901/059814.jpg,OK,0,1,EL PROGRESO,GUASTATOYA,5981,CORPORACIÓN MUNICIPAL,14,2,2,0,1,4,269,269,255,255,88,21,3,4,7,0,4,118,2,8
1,2,0,400,400,4,https://resultados2019.blob.core.windows.net/201901/059804.jpg,OK,0,1,EL PROGRESO,GUASTATOYA,5980,CORPORACIÓN MUNICIPAL,11,2,2,0,1,4,266,266,253,253,66,18,5,3,2,2,6,141,2,8
1,1,0,508,508,4,https://resultados2019.blob.core.windows.net/201901/059984.jpg,OK,0,1,EL PROGRESO,GUASTATOYA,5998,CORPORACIÓN MUNICIPAL,1,2,2,0,1,4,77,77,75,75,14,4,1,0,2,1,1,47,3,2
1,1,0,400,397,4,https://resultados2019.blob.core.windows.net/201901/059604.jpg,OK,0,1,EL PROGRESO,GUASTATOYA,5960,CORPORACIÓN MUNICIPAL,6,2,2,0,1,4,282,282,275,275,75,9,1,4,7,4,7,157,4,7
1,3,0,319,319,4,https://resultados2019.blob.core.windows.net/201901/059964.jpg,OK,1,1,EL PROGRESO,GUASTATOYA,5996,CORPORACIÓN MUNICIPAL,2,2,2,0,1,4,245,245,240,240,83,2,4,0,3,0,2,143,0,3
1,2,0,400,396,4,https://resultados2019.blob.core.windows.net/201901/059784.jpg,OK,0,1,EL PROGRESO,GUASTATOYA,5978,CORPORACIÓN MUNICIPAL,9,2,2,0,1,4,271,271,260,260,92,25,0,1,6,0,4,124,3,5
1,4,0,400,400,4,https://resultados2019.blob.core.windows.net/201901/059504.jpg,OK,0,1,EL PROGRESO,GUASTATOYA,5950,CORPORACIÓN MUNICIPAL,13,2,2,0,1,4,289,289,272,272,82,15,2,2,6,6,14,132,6,7
1,2,0,400,400,4,https://resultados2019.blob.core.windows.net/201901/059824.jpg,OK,0,1,EL PROGRESO,GUASTATOYA,5982,CORPORACIÓN MUNICIPAL,18,2,2,0,1,4,255,255,235,235,91,0,1,5,6,1,4,116,4,7
1,1,0,400,400,4,https://resultados2019.blob.core.windows.net/201901/059594.jpg,OK,0,1,EL PROGRESO,GUASTATOYA,5959,CORPORACIÓN MUNICIPAL,7,2,2,0,1,4,279,279,271,271,69,14,4,1,7,4,12,154,1,5
