ACTACUADRA,BLANCOS,CNTIMPUGNA,CNTINSCRITOS,CNTPAPELETAS,DEP,IMGSRC,IMGSTATUS,INVALIDOS,MUN,NDEP,NMUN,NROMESA,NTE,NULOS,STACTA,STESCAN,STFISIC,STTRANS,TIPOELECCION,TOTALACTA,TOTALVOTOS,VOTOSVALIDOS,VOTOSVALIDOSACTA,voto_BIEN,voto_CREO,voto_PC,voto_UNE,voto_VAMOS
1,3,0,400,400,4,https://resultados2019.blob.core.windows.net/201901/061144.jpg,OK,0,5,EL PROGRESO,EL JÍCARO,6114,CORPORACIÓN MUNICIPAL,6,2,2,0,1,4,282,282,273,273,4,21,107,60,81
1,9,0,380,374,4,https://resultados2019.blob.core.windows.net/201901/061204.jpg,OK,26,5,EL PROGRESO,EL JÍCARO,6120,CORPORACIÓN MUNICIPAL,17,2,2,0,1,4,287,287,261,261,4,89,68,41,59
1,6,0,400,400,4,https://resultados2019.blob.core.windows.net/201901/061064.jpg,OK,0,5,EL PROGRESO,EL JÍCARO,6106,CORPORACIÓN MUNICIPAL,9,2,2,0,1,4,283,283,268,268,2,16,112,48,90
1,1,0,400,396,4,https://resultados2019.blob.core.windows.net/201901/061154.jpg,OK,0,5,EL PROGRESO,EL JÍCARO,6115,CORPORACIÓN MUNICIPAL,6,2,2,0,1,4,305,305,298,298,8,15,137,45,93
1,2,0,400,400,4,https://resultados2019.blob.core.windows.net/201901/061094.jpg,OK,0,5,EL PROGRESO,EL JÍCARO,6109,CORPORACIÓN MUNICIPAL,9,2,2,0,1,4,293,293,282,282,8,8,112,56,98
1,2,0,400,394,4,https://resultados2019.blob.core.windows.net/201901/061104.jpg,OK,0,5,EL PROGRESO,EL JÍCARO,6110,CORPORACIÓN MUNICIPAL,11,2,2,0,1,4,276,276,263,263,9,18,124,38,74
1,7,0,332,332,4,https://resultados2019.blob.core.windows.net/201901/061224.jpg,OK,0,5,EL PROGRESO,EL JÍCARO,6122,CORPORACIÓN MUNICIPAL,7,2,2,0,1,4,223,223,209,209,1,72,72,39,25
1,5,1,400,398,4,https://resultados2019.blob.core.windows.net/201901/061054.jpg,OK,0,5,EL PROGRESO,EL JÍCARO,6105,CORPORACIÓN MUNICIPAL,14,2,2,0,1,4,299,299,280,280,4,13,110,51,102
1,7,0,380,376,4,https://resultados2019.blob.core.windows.net/201901/061194.jpg,OK,0,5,EL PROGRESO,EL JÍCARO,6119,CORPORACIÓN MUNICIPAL,12,2,2,0,1,4,273,273,254,254,1,79,73,49,52
1,5,0,400,400,4,https://resultados2019.blob.core.windows.net/201901/061134.jpg,OK,0,5,EL PROGRESO,EL JÍCARO,6113,CORPORACIÓN MUNICIPAL,13,2,2,0,1,4,271,271,253,253,8,15,106,50,74
1,2,0,334,334,4,https://resultados2019.blob.core.windows.net/201901/061244.jpg,OK,0,5,EL PROGRESO,EL JÍCARO,6124,CORPORACIÓN MUNICIPAL,2,2,2,0,1,4,87,87,83,83,1,12,20,20,30
1,1,0,380,374,4,https://resultados2019.blob.core.windows.net/201901/061184.jpg,OK,0,5,EL PROGRESO,EL JÍCARO,6118,CORPORACIÓN MUNICIPAL,17,2,2,0,1,4,285,285,267,267,3,93,87,40,44
1,9,0,400,394,4,https://resultados2019.blob.core.windows.net/201901/061084.jpg,OK,0,5,EL PROGRESO,EL JÍCARO,6108,CORPORACIÓN MUNICIPAL,7,2,2,0,1,4,309,309,293,293,8,6,116,71,92
1,4,0,400,394,4,https://resultados2019.blob.core.windows.net/201901/061044.jpg,OK,0,5,EL PROGRESO,EL JÍCARO,6104,CORPORACIÓN MUNICIPAL,13,2,2,0,1,4,273,273,256,256,9,14,110,47,76
1,5,0,400,375,4,https://resultados2019.blob.core.windows.net/201901/061014.jpg,OK,0,5,EL PROGRESO,EL JÍCARO,6101,CORPORACIÓN MUNICIPAL,19,2,2,0,1,4,278,278,254,254,6,18,104,57,69
1,2,0,250,250,4,https://resultados2019.blob.core.windows.net/201901/061174.jpg,OK,0,5,EL PROGRESO,EL JÍCARO,6117,CORPORACIÓN MUNICIPAL,5,2,2,0,1,4,153,153,146,146,4,7,73,26,36
1,1,0,333,333,4,https://resultados2019.blob.core.windows.net/201901/061254.jpg,OK,0,5,EL PROGRESO,EL JÍCARO,6125,CORPORACIÓN MUNICIPAL,1,2,2,0,1,4,71,71,69,69,2,5,23,11,28
1,2,0,250,250,4,https://resultados2019.blob.core.windows.net/201901/061164.jpg,OK,0,5,EL PROGRESO,EL JÍCARO,6116,CORPORACIÓN MUNICIPAL,1,2,2,0,1,4,200,200,197,197,2,9,77,43,66
1,2,0,400,400,4,https://resultados2019.blob.core.windows.net/201901/061124.jpg,OK,0,5,EL PROGRESO,EL JÍCARO,6112,CORPORACIÓN MUNICIPAL,9,2,2,0,1,4,281,281,270,270,1,13,122,48,86
1,2,0,400,400,4,https://resultados2019.blob.core.windows.net/201901/061024.jpg,OK,0,5,EL PROGRESO,EL JÍCARO,6102,CORPORACIÓN MUNICIPAL,18,2,2,0,1,4,266,266,246,246,1,21,108,53,63
1,2,0,380,394,4,https://resultados2019.blob.core.windows.net/201901/061214.jpg,OK,0,5,EL PROGRESO,EL JÍCARO,6121,CORPORACIÓN MUNICIPAL,7,2,2,0,1,4,260,260,251,251,3,89,81,34,44
1,0,0,400,398,4,https://resultados2019.blob.core.windows.net/201901/061114.jpg,OK,0,5,EL PROGRESO,EL JÍCARO,6111,CORPORACIÓN MUNICIPAL,6,2,2,0,1,4,285,285,279,279,7,15,115,60,82
1,2,0,331,331,4,https://resultados2019.blob.core.windows.net/201901/061234.jpg,OK,0,5,EL PROGRESO,EL JÍCARO,6123,CORPORACIÓN MUNICIPAL,5,2,2,0,1,4,241,241,234,234,2,76,70,39,47
1,3,0,400,396,4,https://resultados2019.blob.core.windows.net/201901/061034.jpg,OK,0,5,EL PROGRESO,EL JÍCARO,6103,CORPORACIÓN MUNICIPAL,13,2,2,0,1,4,283,283,267,267,6,14,125,46,76
1,6,0,400,400,4,https://resultados2019.blob.core.windows.net/201901/061074.jpg,OK,0,5,EL PROGRESO,EL JÍCARO,6107,CORPORACIÓN MUNICIPAL,12,2,2,0,1,4,297,297,279,279,4,14,117,71,73
