ACTACUADRA,BLANCOS,CNTIMPUGNA,CNTINSCRITOS,CNTPAPELETAS,DEP,IMGSRC,IMGSTATUS,INVALIDOS,MUN,NDEP,NMUN,NROMESA,NTE,NULOS,STACTA,STESCAN,STFISIC,STTRANS,TIPOELECCION,TOTALACTA,TOTALVOTOS,VOTOSVALIDOS,VOTOSVALIDOSACTA,voto_FCN-NACION,voto_FUERZA,voto_MLP,voto_SEMILLA,voto_TODOS,voto_UNE,voto_VALOR,voto_VAMOS
1,1,0,400,394,4,https://resultados2019.blob.core.windows.net/201901/061404.jpg,OK,0,6,EL PROGRESO,SANSARE,6140,CORPORACIÓN MUNICIPAL,4,2,2,0,1,4,278,278,273,273,11,1,6,7,90,143,1,14
1,1,0,400,396,4,https://resultados2019.blob.core.windows.net/201901/061384.jpg,OK,0,6,EL PROGRESO,SANSARE,6138,CORPORACIÓN MUNICIPAL,4,2,2,0,1,4,281,281,276,276,5,1,3,3,105,152,0,7
1,1,0,400,395,4,https://resultados2019.blob.core.windows.net/201901/061374.jpg,OK,0,6,EL PROGRESO,SANSARE,6137,CORPORACIÓN MUNICIPAL,1,2,2,0,1,4,285,285,283,283,9,3,6,5,107,140,3,10
1,6,0,400,395,4,https://resultados2019.blob.core.windows.net/201901/061294.jpg,OK,0,6,EL PROGRESO,SANSARE,6129,CORPORACIÓN MUNICIPAL,13,2,2,0,1,4,315,315,296,296,9,4,2,4,118,149,2,8
1,1,0,348,348,4,https://resultados2019.blob.core.windows.net/201901/061444.jpg,OK,65,6,EL PROGRESO,SANSARE,6144,CORPORACIÓN MUNICIPAL,3,2,2,0,1,4,283,283,279,279,8,2,2,6,97,153,3,8
0,1,0,400,400,4,https://resultados2019.blob.core.windows.net/201901/061424.jpg,OK,0,6,EL PROGRESO,SANSARE,6142,CORPORACIÓN MUNICIPAL,6,2,2,0,1,4,254,258,251,247,4,4,5,4,95,135,0,4
1,3,0,400,396,4,https://resultados2019.blob.core.windows.net/201901/061344.jpg,OK,0,6,EL PROGRESO,SANSARE,6134,CORPORACIÓN MUNICIPAL,5,2,2,0,1,4,335,335,327,327,7,2,2,3,141,163,2,7
1,3,0,400,394,4,https://resultados2019.blob.core.windows.net/201901/061284.jpg,OK,0,6,EL PROGRESO,SANSARE,6128,CORPORACIÓN MUNICIPAL,10,2,2,0,1,4,307,307,294,294,8,2,3,5,126,137,4,9
1,1,0,400,395,4,https://resultados2019.blob.core.windows.net/201901/061414.jpg,OK,0,6,EL PROGRESO,SANSARE,6141,CORPORACIÓN MUNICIPAL,3,2,2,0,1,4,271,271,267,267,11,1,10,4,97,131,1,12
1,0,0,400,394,4,https://resultados2019.blob.core.windows.net/201901/061434.jpg,OK,0,6,EL PROGRESO,SANSARE,6143,CORPORACIÓN MUNICIPAL,2,2,2,0,1,4,306,306,304,304,12,1,4,6,117,153,2,9
1,3,0,400,400,4,https://resultados2019.blob.core.windows.net/201901/061304.jpg,OK,0,6,EL PROGRESO,SANSARE,6130,CORPORACIÓN MUNICIPAL,13,2,2,0,1,4,321,321,305,305,5,5,8,3,118,151,1,14
1,1,0,400,394,4,https://resultados2019.blob.core.windows.net/201901/061364.jpg,OK,0,6,EL PROGRESO,SANSARE,6136,CORPORACIÓN MUNICIPAL,4,2,2,0,1,4,333,333,328,328,0,1,4,4,117,188,1,13
1,4,0,400,394,4,https://resultados2019.blob.core.windows.net/201901/061334.jpg,OK,0,6,EL PROGRESO,SANSARE,6133,CORPORACIÓN MUNICIPAL,9,2,2,0,1,4,320,320,307,307,6,2,2,7,117,161,5,7
1,1,0,202,204,4,https://resultados2019.blob.core.windows.net/201901/061484.jpg,OK,0,6,EL PROGRESO,SANSARE,6148,CORPORACIÓN MUNICIPAL,1,2,2,0,1,4,97,97,95,95,6,1,3,4,25,54,0,2
1,3,0,400,399,4,https://resultados2019.blob.core.windows.net/201901/061394.jpg,OK,0,6,EL PROGRESO,SANSARE,6139,CORPORACIÓN MUNICIPAL,6,2,2,0,1,4,269,269,260,260,5,1,4,5,90,147,2,6
0,2,0,400,400,4,https://resultados2019.blob.core.windows.net/201901/061264.jpg,OK,0,6,EL PROGRESO,SANSARE,6126,CORPORACIÓN MUNICIPAL,7,2,2,0,1,4,105,264,255,96,6,2,4,4,72,160,0,7
1,4,0,400,396,4,https://resultados2019.blob.core.windows.net/201901/061274.jpg,OK,0,6,EL PROGRESO,SANSARE,6127,CORPORACIÓN MUNICIPAL,9,2,2,0,1,4,275,275,262,262,9,4,2,6,88,142,4,7
1,3,0,400,400,4,https://resultados2019.blob.core.windows.net/201901/061354.jpg,OK,0,6,EL PROGRESO,SANSARE,6135,CORPORACIÓN MUNICIPAL,3,2,2,0,1,4,332,332,326,326,5,1,1,2,127,182,2,6
1,5,0,380,374,4,https://resultados2019.blob.core.windows.net/201901/061474.jpg,OK,0,6,EL PROGRESO,SANSARE,6147,CORPORACIÓN MUNICIPAL,15,2,2,0,1,4,254,254,234,234,12,1,11,3,73,126,0,8
1,1,0,201,202,4,https://resultados2019.blob.core.windows.net/201901/061494.jpg,OK,0,6,EL PROGRESO,SANSARE,6149,CORPORACIÓN MUNICIPAL,0,2,2,0,1,4,129,129,128,128,5,0,5,3,37,74,0,4
1,3,0,400,400,4,https://resultados2019.blob.core.windows.net/201901/061324.jpg,OK,0,6,EL PROGRESO,SANSARE,6132,CORPORACIÓN MUNICIPAL,6,2,2,0,1,4,303,303,294,294,13,2,3,3,103,160,6,4
1,3,0,380,380,4,https://resultados2019.blob.core.windows.net/201901/061464.jpg,OK,0,6,EL PROGRESO,SANSARE,6146,CORPORACIÓN MUNICIPAL,7,2,2,0,1,4,224,224,214,214,3,1,6,3,66,124,0,11
1,1,0,511,511,4,https://resultados2019.blob.core.windows.net/201901/061504.jpg,OK,0,6,EL PROGRESO,SANSARE,6150,CORPORACIÓN MUNICIPAL,2,2,2,0,1,4,121,121,118,118,2,0,1,2,42,66,2,3
1,2,0,400,394,4,https://resultados2019.blob.core.windows.net/201901/061314.jpg,OK,0,6,EL PROGRESO,SANSARE,6131,CORPORACIÓN MUNICIPAL,8,2,2,0,1,4,308,308,298,298,13,4,4,2,124,141,3,7
1,4,0,348,351,4,https://resultados2019.blob.core.windows.net/201901/061454.jpg,OK,0,6,EL PROGRESO,SANSARE,6145,CORPORACIÓN MUNICIPAL,1,2,2,0,1,4,266,266,261,261,7,1,5,5,98,134,0,11
