ACTACUADRA,BLANCOS,CNTIMPUGNA,CNTINSCRITOS,CNTPAPELETAS,DEP,IMGSRC,IMGSTATUS,INVALIDOS,MUN,NDEP,NMUN,NROMESA,NTE,NULOS,STACTA,STESCAN,STFISIC,STTRANS,TIPOELECCION,TOTALACTA,TOTALVOTOS,VOTOSVALIDOS,VOTOSVALIDOSACTA,voto_FCN-NACION,voto_TODOS,voto_UNE,voto_VAMOS
1,4,0,380,380,4,https://resultados2019.blob.core.windows.net/201901/062094.jpg,OK,0,7,EL PROGRESO,SANARATE,6209,CORPORACIÓN MUNICIPAL,19,2,2,0,1,4,260,260,237,237,79,6,143,9
1,2,0,400,395,4,https://resultados2019.blob.core.windows.net/201901/061784.jpg,OK,5,7,EL PROGRESO,SANARATE,6178,CORPORACIÓN MUNICIPAL,3,2,2,0,1,4,274,274,269,269,97,12,149,11
1,1,0,237,237,4,https://resultados2019.blob.core.windows.net/201901/062054.jpg,OK,0,7,EL PROGRESO,SANARATE,6205,CORPORACIÓN MUNICIPAL,7,2,2,0,1,4,141,141,133,133,64,4,62,3
1,1,0,237,237,4,https://resultados2019.blob.core.windows.net/201901/062064.jpg,OK,0,7,EL PROGRESO,SANARATE,6206,CORPORACIÓN MUNICIPAL,0,2,2,0,1,4,154,154,153,153,70,5,71,7
1,7,0,354,354,4,https://resultados2019.blob.core.windows.net/201901/062114.jpg,OK,0,7,EL PROGRESO,SANARATE,6211,CORPORACIÓN MUNICIPAL,10,2,2,0,1,4,198,198,181,181,61,3,112,5
1,2,1,400,400,4,https://resultados2019.blob.core.windows.net/201901/061624.jpg,OK,0,7,EL PROGRESO,SANARATE,6162,CORPORACIÓN MUNICIPAL,7,2,2,0,1,4,283,283,274,274,102,12,148,12
1,2,0,380,380,4,https://resultados2019.blob.core.windows.net/201901/062024.jpg,OK,0,7,EL PROGRESO,SANARATE,6202,CORPORACIÓN MUNICIPAL,13,2,2,0,1,4,283,283,268,268,134,13,115,6
1,2,0,400,400,4,https://resultados2019.blob.core.windows.net/201901/061724.jpg,OK,0,7,EL PROGRESO,SANARATE,6172,CORPORACIÓN MUNICIPAL,8,2,2,0,1,4,268,268,258,258,107,12,127,12
1,6,0,380,380,4,https://resultados2019.blob.core.windows.net/201901/062034.jpg,OK,0,7,EL PROGRESO,SANARATE,6203,CORPORACIÓN MUNICIPAL,5,2,2,0,1,4,253,253,242,242,102,7,120,13
1,4,0,380,380,4,https://resultados2019.blob.core.windows.net/201901/062104.jpg,OK,0,7,EL PROGRESO,SANARATE,6210,CORPORACIÓN MUNICIPAL,14,2,2,0,1,4,240,240,222,222,57,3,157,5
1,7,0,400,400,4,https://resultados2019.blob.core.windows.net/201901/061814.jpg,OK,91,7,EL PROGRESO,SANARATE,6181,CORPORACIÓN MUNICIPAL,14,2,2,0,1,4,309,309,288,288,115,6,156,11
1,1,0,377,377,4,https://resultados2019.blob.core.windows.net/201901/061984.jpg,OK,0,7,EL PROGRESO,SANARATE,6198,CORPORACIÓN MUNICIPAL,6,2,2,0,1,4,282,282,275,275,104,8,149,14
1,4,0,400,400,4,https://resultados2019.blob.core.windows.net/201901/061914.jpg,OK,0,7,EL PROGRESO,SANARATE,6191,CORPORACIÓN MUNICIPAL,5,2,2,0,1,4,245,245,236,236,93,9,128,6
1,3,0,400,400,4,https://resultados2019.blob.core.windows.net/201901/061874.jpg,OK,0,7,EL PROGRESO,SANARATE,6187,CORPORACIÓN MUNICIPAL,3,2,2,0,1,4,268,268,262,262,95,9,146,12
1,3,0,400,400,4,https://resultados2019.blob.core.windows.net/201901/061654.jpg,OK,0,7,EL PROGRESO,SANARATE,6165,CORPORACIÓN MUNICIPAL,8,2,2,0,1,4,295,295,284,284,135,7,128,14
1,3,0,400,400,4,https://resultados2019.blob.core.windows.net/201901/061834.jpg,OK,0,7,EL PROGRESO,SANARATE,6183,CORPORACIÓN MUNICIPAL,13,2,2,0,1,4,316,316,300,300,99,11,172,18
1,1,1,400,400,4,https://resultados2019.blob.core.windows.net/201901/061564.jpg,OK,0,7,EL PROGRESO,SANARATE,6156,CORPORACIÓN MUNICIPAL,10,2,2,0,1,4,291,291,280,280,100,19,147,14
1,2,0,400,400,4,https://resultados2019.blob.core.windows.net/201901/061924.jpg,OK,0,7,EL PROGRESO,SANARATE,6192,CORPORACIÓN MUNICIPAL,5,2,2,0,1,4,285,285,278,278,116,6,149,7
1,1,0,400,399,4,https://resultados2019.blob.core.windows.net/201901/061734.jpg,OK,0,7,EL PROGRESO,SANARATE,6173,CORPORACIÓN MUNICIPAL,4,2,2,0,1,4,290,290,285,285,102,6,163,14
1,1,0,377,377,4,https://resultados2019.blob.core.windows.net/201901/061994.jpg,OK,0,7,EL PROGRESO,SANARATE,6199,CORPORACIÓN MUNICIPAL,4,2,2,0,1,4,269,269,264,264,125,6,127,6
1,71,0,400,397,4,https://resultados2019.blob.core.windows.net/201901/061744.jpg,OK,0,7,EL PROGRESO,SANARATE,6174,CORPORACIÓN MUNICIPAL,3,2,2,0,1,4,397,397,323,323,118,13,183,9
1,1,0,400,400,4,https://resultados2019.blob.core.windows.net/201901/061664.jpg,OK,0,7,EL PROGRESO,SANARATE,6166,CORPORACIÓN MUNICIPAL,4,2,2,0,1,4,288,288,283,283,115,16,141,11
1,5,0,400,397,4,https://resultados2019.blob.core.windows.net/201901/061794.jpg,OK,0,7,EL PROGRESO,SANARATE,6179,CORPORACIÓN MUNICIPAL,11,2,2,0,1,4,297,297,281,281,121,8,135,17
1,5,0,400,400,4,https://resultados2019.blob.core.windows.net/201901/061534.jpg,OK,0,7,EL PROGRESO,SANARATE,6153,CORPORACIÓN MUNICIPAL,9,2,2,0,1,4,291,291,277,277,120,9,139,9
1,3,0,400,400,4,https://resultados2019.blob.core.windows.net/201901/061544.jpg,OK,0,7,EL PROGRESO,SANARATE,6154,CORPORACIÓN MUNICIPAL,6,2,2,0,1,4,307,307,298,298,127,10,150,11
1,7,0,600,600,4,https://resultados2019.blob.core.windows.net/201901/062134.jpg,OK,0,7,EL PROGRESO,SANARATE,6213,CORPORACIÓN MUNICIPAL,3,2,2,0,1,4,230,230,220,220,70,22,113,15
1,3,0,380,380,4,https://resultados2019.blob.core.windows.net/201901/061974.jpg,OK,0,7,EL PROGRESO,SANARATE,6197,CORPORACIÓN MUNICIPAL,9,2,2,0,1,4,291,291,279,279,123,4,146,6
1,4,0,400,400,4,https://resultados2019.blob.core.windows.net/201901/061844.jpg,OK,1,7,EL PROGRESO,SANARATE,6184,CORPORACIÓN MUNICIPAL,14,2,2,0,1,4,280,280,262,262,105,9,140,8
1,0,0,400,400,4,https://resultados2019.blob.core.windows.net/201901/061634.jpg,OK,0,7,EL PROGRESO,SANARATE,6163,CORPORACIÓN MUNICIPAL,2,2,2,0,1,4,274,274,272,272,112,8,142,10
1,4,0,400,400,4,https://resultados2019.blob.core.windows.net/201901/061854.jpg,OK,1,7,EL PROGRESO,SANARATE,6185,CORPORACIÓN MUNICIPAL,13,2,2,0,1,4,288,288,271,271,100,7,152,12
1,2,0,380,380,4,https://resultados2019.blob.core.windows.net/201901/061954.jpg,OK,0,7,EL PROGRESO,SANARATE,6195,CORPORACIÓN MUNICIPAL,6,2,2,0,1,4,289,289,281,281,114,8,145,14
1,2,0,400,400,4,https://resultados2019.blob.core.windows.net/201901/061644.jpg,OK,0,7,EL PROGRESO,SANARATE,6164,CORPORACIÓN MUNICIPAL,10,2,2,0,1,4,288,288,276,276,110,17,141,8
1,1,0,400,403,4,https://resultados2019.blob.core.windows.net/201901/061704.jpg,OK,0,7,EL PROGRESO,SANARATE,6170,CORPORACIÓN MUNICIPAL,11,2,2,0,1,4,304,304,292,292,124,11,143,14
1,4,0,380,380,4,https://resultados2019.blob.core.windows.net/201901/062044.jpg,OK,0,7,EL PROGRESO,SANARATE,6204,CORPORACIÓN MUNICIPAL,9,2,2,0,1,4,247,247,234,234,122,2,99,11
1,3,0,597,597,4,https://resultados2019.blob.core.windows.net/201901/062144.jpg,OK,0,7,EL PROGRESO,SANARATE,6214,CORPORACIÓN MUNICIPAL,7,2,2,0,1,4,244,244,234,234,73,13,130,18
1,2,0,380,380,4,https://resultados2019.blob.core.windows.net/201901/062084.jpg,OK,0,7,EL PROGRESO,SANARATE,6208,CORPORACIÓN MUNICIPAL,16,2,2,0,1,4,230,230,212,212,61,10,138,3
1,2,0,400,400,4,https://resultados2019.blob.core.windows.net/201901/061584.jpg,OK,0,7,EL PROGRESO,SANARATE,6158,CORPORACIÓN MUNICIPAL,4,2,2,0,1,4,314,314,308,308,123,13,162,10
1,3,0,400,400,4,https://resultados2019.blob.core.windows.net/201901/061594.jpg,OK,0,7,EL PROGRESO,SANARATE,6159,CORPORACIÓN MUNICIPAL,10,2,2,0,1,4,298,298,285,285,95,16,162,12
1,4,0,400,400,4,https://resultados2019.blob.core.windows.net/201901/061514.jpg,OK,0,7,EL PROGRESO,SANARATE,6151,CORPORACIÓN MUNICIPAL,9,2,2,0,1,4,300,300,287,287,123,11,144,9
1,4,0,400,400,4,https://resultados2019.blob.core.windows.net/201901/061904.jpg,OK,0,7,EL PROGRESO,SANARATE,6190,CORPORACIÓN MUNICIPAL,9,2,2,0,1,4,275,275,262,262,89,13,153,7
1,2,0,400,400,4,https://resultados2019.blob.core.windows.net/201901/061614.jpg,OK,0,7,EL PROGRESO,SANARATE,6161,CORPORACIÓN MUNICIPAL,3,2,2,0,1,4,311,311,306,306,127,14,156,9
1,5,0,400,400,4,https://resultados2019.blob.core.windows.net/201901/061894.jpg,OK,12,7,EL PROGRESO,SANARATE,6189,CORPORACIÓN MUNICIPAL,2,2,2,0,1,4,260,260,253,253,102,11,130,10
1,2,0,400,400,4,https://resultados2019.blob.core.windows.net/201901/061884.jpg,OK,0,7,EL PROGRESO,SANARATE,6188,CORPORACIÓN MUNICIPAL,7,2,2,0,1,4,265,265,256,256,78,15,148,15
1,3,0,400,400,4,https://resultados2019.blob.core.windows.net/201901/061824.jpg,OK,0,7,EL PROGRESO,SANARATE,6182,CORPORACIÓN MUNICIPAL,10,2,2,0,1,4,296,296,283,283,106,11,157,9
1,4,0,380,385,4,https://resultados2019.blob.core.windows.net/201901/062004.jpg,OK,0,7,EL PROGRESO,SANARATE,6200,CORPORACIÓN MUNICIPAL,12,2,2,0,1,4,236,236,220,220,102,3,106,9
1,2,0,400,400,4,https://resultados2019.blob.core.windows.net/201901/061694.jpg,OK,114,7,EL PROGRESO,SANARATE,6169,CORPORACIÓN MUNICIPAL,3,2,2,0,1,4,286,286,281,281,102,13,154,12
1,2,0,341,341,4,https://resultados2019.blob.core.windows.net/201901/061944.jpg,OK,0,7,EL PROGRESO,SANARATE,6194,CORPORACIÓN MUNICIPAL,1,2,2,0,1,4,242,242,239,239,82,4,146,7
1,3,0,400,400,4,https://resultados2019.blob.core.windows.net/201901/061574.jpg,OK,0,7,EL PROGRESO,SANARATE,6157,CORPORACIÓN MUNICIPAL,5,2,2,0,1,4,309,309,301,301,139,11,142,9
1,2,0,400,400,4,https://resultados2019.blob.core.windows.net/201901/061714.jpg,OK,0,7,EL PROGRESO,SANARATE,6171,CORPORACIÓN MUNICIPAL,9,2,2,0,1,4,272,272,261,261,109,13,131,8
1,0,0,224,224,4,https://resultados2019.blob.core.windows.net/201901/061754.jpg,OK,0,7,EL PROGRESO,SANARATE,6175,CORPORACIÓN MUNICIPAL,1,2,2,0,1,4,164,164,163,163,66,10,82,5
1,4,0,400,400,4,https://resultados2019.blob.core.windows.net/201901/061604.jpg,OK,0,7,EL PROGRESO,SANARATE,6160,CORPORACIÓN MUNICIPAL,11,2,2,0,1,4,314,314,299,299,117,11,158,13
1,5,0,400,397,4,https://resultados2019.blob.core.windows.net/201901/061774.jpg,OK,0,7,EL PROGRESO,SANARATE,6177,CORPORACIÓN MUNICIPAL,10,2,2,0,1,4,287,287,272,272,112,4,146,10
1,2,0,223,223,4,https://resultados2019.blob.core.windows.net/201901/061764.jpg,OK,0,7,EL PROGRESO,SANARATE,6176,CORPORACIÓN MUNICIPAL,4,2,2,0,1,4,144,144,138,138,69,4,61,4
1,2,0,380,382,4,https://resultados2019.blob.core.windows.net/201901/061964.jpg,OK,0,7,EL PROGRESO,SANARATE,6196,CORPORACIÓN MUNICIPAL,8,2,2,0,1,4,279,279,269,269,133,5,122,9
1,7,0,400,400,4,https://resultados2019.blob.core.windows.net/201901/061554.jpg,OK,0,7,EL PROGRESO,SANARATE,6155,CORPORACIÓN MUNICIPAL,13,2,2,0,1,4,327,327,307,307,127,16,148,16
1,0,0,341,334,4,https://resultados2019.blob.core.windows.net/201901/061934.jpg,OK,0,7,EL PROGRESO,SANARATE,6193,CORPORACIÓN MUNICIPAL,2,2,2,0,1,4,288,288,286,286,101,9,165,11
1,0,0,596,596,4,https://resultados2019.blob.core.windows.net/201901/062154.jpg,OK,0,7,EL PROGRESO,SANARATE,6215,CORPORACIÓN MUNICIPAL,4,2,2,0,1,4,94,94,90,90,29,7,48,6
1,3,0,353,353,4,https://resultados2019.blob.core.windows.net/201901/062124.jpg,OK,0,7,EL PROGRESO,SANARATE,6212,CORPORACIÓN MUNICIPAL,9,2,2,0,1,4,215,215,203,203,65,5,127,6
1,3,0,380,380,4,https://resultados2019.blob.core.windows.net/201901/062014.jpg,OK,0,7,EL PROGRESO,SANARATE,6201,CORPORACIÓN MUNICIPAL,10,2,2,0,1,4,275,275,262,262,122,7,126,7
1,0,0,400,396,4,https://resultados2019.blob.core.windows.net/201901/061684.jpg,OK,0,7,EL PROGRESO,SANARATE,6168,CORPORACIÓN MUNICIPAL,7,2,2,0,1,4,277,277,270,270,104,20,136,10
1,1,0,400,400,4,https://resultados2019.blob.core.windows.net/201901/061524.jpg,OK,0,7,EL PROGRESO,SANARATE,6152,CORPORACIÓN MUNICIPAL,18,2,2,0,1,4,290,290,271,271,116,15,130,10
1,5,0,400,400,4,https://resultados2019.blob.core.windows.net/201901/061804.jpg,OK,0,7,EL PROGRESO,SANARATE,6180,CORPORACIÓN MUNICIPAL,9,2,2,0,1,4,275,275,261,261,103,14,132,12
1,1,0,400,400,4,https://resultados2019.blob.core.windows.net/201901/061674.jpg,OK,0,7,EL PROGRESO,SANARATE,6167,CORPORACIÓN MUNICIPAL,14,2,2,0,1,4,297,297,282,282,113,21,138,10
1,11,0,380,380,4,https://resultados2019.blob.core.windows.net/201901/062074.jpg,OK,0,7,EL PROGRESO,SANARATE,6207,CORPORACIÓN MUNICIPAL,23,2,2,0,1,4,242,242,208,208,80,9,115,4
1,1,0,400,400,4,https://resultados2019.blob.core.windows.net/201901/061864.jpg,OK,0,7,EL PROGRESO,SANARATE,6186,CORPORACIÓN MUNICIPAL,3,2,2,0,1,4,259,259,255,255,77,9,151,18
