ACTACUADRA,BLANCOS,CNTIMPUGNA,CNTINSCRITOS,CNTPAPELETAS,DEP,IMGSRC,IMGSTATUS,INVALIDOS,MUN,NDEP,NMUN,NROMESA,NTE,NULOS,STACTA,STESCAN,STFISIC,STTRANS,TIPOELECCION,TOTALACTA,TOTALVOTOS,VOTOSVALIDOS,VOTOSVALIDOSACTA,voto_BIEN,voto_CONVERGENCIA,voto_CREO,voto_FCN-NACION,voto_FUERZA,voto_LIBRE,voto_MLP,voto_PC,voto_PHG,voto_PODEMOS,voto_PPT,voto_SEMILLA,voto_TODOS,voto_UCN,voto_UNE,voto_UNIDOS,voto_UNIONISTA,voto_URNG_MAIZ,voto_VALOR,voto_VAMOS,voto_VICTORIA,voto_VIVA,voto_WINAQ
1,3,0,400,400,5,https://resultados2019.blob.core.windows.net/201901/063574.jpg,OK,0,1,ESCUINTLA,ESCUINTLA,6357,CORPORACIÓN MUNICIPAL,19,2,2,0,1,4,248,248,226,226,21,0,24,7,1,5,1,6,11,0,0,4,15,8,41,0,1,8,2,7,53,8,3
1,7,0,380,382,5,https://resultados2019.blob.core.windows.net/201901/063924.jpg,OK,0,1,ESCUINTLA,ESCUINTLA,6392,CORPORACIÓN MUNICIPAL,26,2,2,0,1,4,212,212,179,179,26,1,22,3,1,6,2,2,6,4,1,0,2,15,35,0,4,6,1,9,27,0,6
1,1,0,400,403,5,https://resultados2019.blob.core.windows.net/201901/062884.jpg,OK,0,1,ESCUINTLA,ESCUINTLA,6288,CORPORACIÓN MUNICIPAL,15,2,2,0,1,4,245,245,229,229,14,1,19,14,0,7,3,3,9,3,0,9,15,7,52,0,2,4,1,11,48,3,4
1,3,0,400,403,5,https://resultados2019.blob.core.windows.net/201901/063164.jpg,OK,0,1,ESCUINTLA,ESCUINTLA,6316,CORPORACIÓN MUNICIPAL,20,2,2,0,1,4,287,287,264,264,16,0,35,10,3,7,5,1,14,3,0,8,16,4,39,0,2,7,3,17,66,7,1
1,2,0,400,400,5,https://resultados2019.blob.core.windows.net/201901/063284.jpg,OK,0,1,ESCUINTLA,ESCUINTLA,6328,CORPORACIÓN MUNICIPAL,14,2,2,0,1,4,253,253,237,237,29,2,11,12,3,5,5,3,11,2,0,6,19,7,34,0,1,7,1,16,56,6,1
1,4,0,400,400,5,https://resultados2019.blob.core.windows.net/201901/063294.jpg,OK,0,1,ESCUINTLA,ESCUINTLA,6329,CORPORACIÓN MUNICIPAL,15,2,2,0,1,4,283,283,264,264,27,1,24,19,5,7,3,2,7,0,1,5,22,6,46,1,1,7,2,13,50,13,2
0,0,0,400,401,5,https://resultados2019.blob.core.windows.net/201901/063644.jpg,OK,0,1,ESCUINTLA,ESCUINTLA,6364,CORPORACIÓN MUNICIPAL,6,2,2,0,1,4,239,234,228,233,17,0,17,9,1,3,2,0,8,1,0,4,20,11,45,1,1,4,2,18,54,10,0
1,2,0,400,398,5,https://resultados2019.blob.core.windows.net/201901/063844.jpg,OK,0,1,ESCUINTLA,ESCUINTLA,6384,CORPORACIÓN MUNICIPAL,12,2,2,0,1,4,230,230,216,216,19,0,13,13,0,5,1,3,14,0,0,6,12,8,45,0,4,8,3,6,46,8,2
1,3,0,400,404,5,https://resultados2019.blob.core.windows.net/201901/063044.jpg,OK,0,1,ESCUINTLA,ESCUINTLA,6304,CORPORACIÓN MUNICIPAL,13,2,2,0,1,4,207,207,191,191,14,1,13,15,1,11,0,1,3,0,0,8,9,6,37,1,4,3,2,12,42,7,1
1,3,0,400,0,5,https://resultados2019.blob.core.windows.net/201901/063404.jpg,OK,0,1,ESCUINTLA,ESCUINTLA,6340,CORPORACIÓN MUNICIPAL,10,2,2,0,1,4,262,262,249,249,18,1,19,20,6,9,2,2,12,1,0,7,9,7,42,1,1,6,2,13,63,7,1
1,3,0,400,400,5,https://resultados2019.blob.core.windows.net/201901/062654.jpg,OK,0,1,ESCUINTLA,ESCUINTLA,6265,CORPORACIÓN MUNICIPAL,15,2,2,0,1,4,251,251,233,233,17,1,22,12,3,6,2,0,8,0,2,2,14,13,34,1,1,10,5,18,53,7,2
1,3,0,400,400,5,https://resultados2019.blob.core.windows.net/201901/062784.jpg,OK,0,1,ESCUINTLA,ESCUINTLA,6278,CORPORACIÓN MUNICIPAL,35,2,2,0,1,4,252,252,214,214,19,0,12,13,2,6,6,3,11,3,1,5,11,5,45,0,1,6,1,13,41,7,3
1,2,0,400,400,5,https://resultados2019.blob.core.windows.net/201901/063394.jpg,OK,13,1,ESCUINTLA,ESCUINTLA,6339,CORPORACIÓN MUNICIPAL,11,2,2,0,1,4,266,266,253,253,20,0,23,4,6,7,2,3,10,2,0,2,18,9,40,0,1,12,4,11,74,4,1
1,7,0,400,400,5,https://resultados2019.blob.core.windows.net/201901/063674.jpg,OK,0,1,ESCUINTLA,ESCUINTLA,6367,CORPORACIÓN MUNICIPAL,18,2,2,0,1,4,229,229,204,204,15,2,17,9,2,8,2,3,2,2,1,9,13,5,48,0,3,7,1,10,38,6,1
1,4,0,600,600,5,https://resultados2019.blob.core.windows.net/201901/064314.jpg,OK,0,1,ESCUINTLA,ESCUINTLA,6431,CORPORACIÓN MUNICIPAL,8,2,2,0,1,4,262,262,250,250,20,0,24,10,5,8,3,2,2,1,1,12,8,5,33,3,5,11,4,13,74,6,0
1,3,0,400,402,5,https://resultados2019.blob.core.windows.net/201901/063854.jpg,OK,0,1,ESCUINTLA,ESCUINTLA,6385,CORPORACIÓN MUNICIPAL,13,2,2,0,1,4,222,222,206,206,13,0,16,15,2,4,2,0,12,0,0,4,13,11,43,0,2,5,0,16,42,4,2
1,3,0,600,606,5,https://resultados2019.blob.core.windows.net/201901/064294.jpg,OK,0,1,ESCUINTLA,ESCUINTLA,6429,CORPORACIÓN MUNICIPAL,9,2,2,0,1,4,236,236,224,224,20,1,14,9,3,5,1,1,9,2,1,13,12,8,31,1,4,8,5,17,51,5,3
0,0,0,400,400,5,https://resultados2019.blob.core.windows.net/201901/063784.jpg,OK,0,1,ESCUINTLA,ESCUINTLA,6378,CORPORACIÓN MUNICIPAL,14,2,2,0,1,4,233,236,222,219,6,1,18,0,2,6,4,2,6,1,0,14,14,6,41,20,2,3,3,12,58,3,0
1,3,0,400,400,5,https://resultados2019.blob.core.windows.net/201901/062674.jpg,OK,0,1,ESCUINTLA,ESCUINTLA,6267,CORPORACIÓN MUNICIPAL,9,2,2,0,1,4,241,241,229,229,22,1,26,8,1,8,4,6,14,2,0,4,15,9,31,0,3,6,2,15,41,10,1
0,6,0,400,400,5,https://resultados2019.blob.core.windows.net/201901/063584.jpg,OK,0,1,ESCUINTLA,ESCUINTLA,6358,CORPORACIÓN MUNICIPAL,18,2,2,0,1,4,251,250,226,227,24,0,18,9,1,4,1,2,6,0,0,6,12,16,44,0,1,4,2,18,54,4,0
1,1,0,600,600,5,https://resultados2019.blob.core.windows.net/201901/064254.jpg,OK,0,1,ESCUINTLA,ESCUINTLA,6425,CORPORACIÓN MUNICIPAL,18,2,2,0,1,4,237,237,218,218,17,1,18,1,4,7,2,17,9,0,1,12,10,1,30,4,2,11,1,10,50,9,1
1,0,0,233,0,5,https://resultados2019.blob.core.windows.net/201901/063534.jpg,OK,0,1,ESCUINTLA,ESCUINTLA,6353,CORPORACIÓN MUNICIPAL,3,2,2,0,1,4,116,116,113,113,7,0,9,10,1,7,1,4,3,0,0,6,6,3,19,0,0,5,1,6,24,1,0
1,12,0,380,382,5,https://resultados2019.blob.core.windows.net/201901/063994.jpg,OK,0,1,ESCUINTLA,ESCUINTLA,6399,CORPORACIÓN MUNICIPAL,26,2,2,0,1,4,247,247,209,209,16,0,55,5,2,10,2,1,6,7,0,1,8,5,42,0,0,0,0,10,36,2,1
1,2,0,400,401,5,https://resultados2019.blob.core.windows.net/201901/062944.jpg,OK,0,1,ESCUINTLA,ESCUINTLA,6294,CORPORACIÓN MUNICIPAL,17,2,2,0,1,4,264,264,245,245,22,0,11,17,3,7,3,1,14,2,0,0,13,6,57,2,1,7,2,9,54,12,2
1,3,0,400,400,5,https://resultados2019.blob.core.windows.net/201901/063224.jpg,OK,0,1,ESCUINTLA,ESCUINTLA,6322,CORPORACIÓN MUNICIPAL,9,2,2,0,1,4,264,264,252,252,16,0,26,12,3,5,1,2,18,2,0,9,13,8,36,0,1,8,3,20,62,5,2
1,4,0,600,599,5,https://resultados2019.blob.core.windows.net/201901/064234.jpg,OK,1,1,ESCUINTLA,ESCUINTLA,6423,CORPORACIÓN MUNICIPAL,19,2,2,0,1,4,272,272,249,249,28,0,18,15,3,6,7,2,12,3,0,5,14,8,43,0,2,17,4,14,42,5,1
1,4,0,400,395,5,https://resultados2019.blob.core.windows.net/201901/062514.jpg,OK,145,1,ESCUINTLA,ESCUINTLA,6251,CORPORACIÓN MUNICIPAL,15,2,2,0,1,4,251,251,232,232,20,1,24,14,4,3,2,2,10,3,0,6,11,10,43,1,1,6,3,15,44,5,4
1,3,0,600,602,5,https://resultados2019.blob.core.windows.net/201901/064214.jpg,OK,0,1,ESCUINTLA,ESCUINTLA,6421,CORPORACIÓN MUNICIPAL,14,2,2,0,1,4,232,232,215,215,15,1,13,12,1,8,2,3,12,2,1,11,12,4,37,1,3,12,3,15,43,4,0
1,12,0,380,380,5,https://resultados2019.blob.core.windows.net/201901/063984.jpg,OK,0,1,ESCUINTLA,ESCUINTLA,6398,CORPORACIÓN MUNICIPAL,28,2,2,0,1,4,250,250,210,210,33,0,58,11,2,2,0,1,4,4,0,2,7,1,35,0,0,2,0,8,33,6,1
1,1,0,400,407,5,https://resultados2019.blob.core.windows.net/201901/063154.jpg,OK,0,1,ESCUINTLA,ESCUINTLA,6315,CORPORACIÓN MUNICIPAL,14,2,2,0,1,4,279,279,264,264,15,1,24,14,4,4,5,2,7,4,3,10,12,5,47,2,4,12,2,21,55,10,1
1,3,0,400,400,5,https://resultados2019.blob.core.windows.net/201901/063304.jpg,OK,0,1,ESCUINTLA,ESCUINTLA,6330,CORPORACIÓN MUNICIPAL,9,2,2,0,1,4,267,267,255,255,26,1,17,12,3,8,8,3,9,1,1,7,10,1,45,0,2,8,1,14,67,6,5
1,1,1,400,400,5,https://resultados2019.blob.core.windows.net/201901/063124.jpg,OK,0,1,ESCUINTLA,ESCUINTLA,6312,CORPORACIÓN MUNICIPAL,8,2,2,0,1,4,289,289,280,280,16,2,22,19,1,12,1,1,21,2,0,5,28,7,49,0,3,3,1,10,66,8,3
1,2,0,400,400,5,https://resultados2019.blob.core.windows.net/201901/062774.jpg,OK,0,1,ESCUINTLA,ESCUINTLA,6277,CORPORACIÓN MUNICIPAL,17,2,2,0,1,4,271,271,252,252,25,0,18,8,0,8,4,4,15,1,0,3,17,12,60,1,2,5,1,9,46,11,2
0,1,0,400,400,5,https://resultados2019.blob.core.windows.net/201901/062834.jpg,OK,0,1,ESCUINTLA,ESCUINTLA,6283,CORPORACIÓN MUNICIPAL,6,2,2,0,1,4,220,260,253,213,25,0,21,23,2,9,4,4,0,1,0,4,12,9,48,2,2,5,1,16,58,4,3
1,3,0,400,400,5,https://resultados2019.blob.core.windows.net/201901/062594.jpg,OK,0,1,ESCUINTLA,ESCUINTLA,6259,CORPORACIÓN MUNICIPAL,10,2,2,0,1,4,248,248,235,235,22,1,18,9,1,3,1,3,19,0,0,10,7,7,46,1,1,5,4,14,48,10,5
1,1,0,285,285,5,https://resultados2019.blob.core.windows.net/201901/063134.jpg,OK,0,1,ESCUINTLA,ESCUINTLA,6313,CORPORACIÓN MUNICIPAL,3,2,2,0,1,4,172,172,168,168,14,0,14,11,5,2,1,2,9,1,0,3,12,9,39,0,0,5,1,8,28,3,1
0,2,0,600,598,5,https://resultados2019.blob.core.windows.net/201901/064424.jpg,OK,0,1,ESCUINTLA,ESCUINTLA,6442,CORPORACIÓN MUNICIPAL,10,2,2,0,1,4,214,210,198,202,12,5,21,11,3,8,0,5,9,0,1,11,16,5,23,0,1,2,0,8,47,10,0
1,6,0,380,381,5,https://resultados2019.blob.core.windows.net/201901/064094.jpg,OK,0,1,ESCUINTLA,ESCUINTLA,6409,CORPORACIÓN MUNICIPAL,19,2,2,0,1,4,244,244,219,219,41,1,9,16,1,2,5,0,2,3,1,1,0,2,100,1,0,4,1,12,12,4,1
1,0,0,600,600,5,https://resultados2019.blob.core.windows.net/201901/064374.jpg,OK,0,1,ESCUINTLA,ESCUINTLA,6437,CORPORACIÓN MUNICIPAL,9,2,2,0,1,4,255,255,246,246,19,1,16,10,3,10,4,7,12,1,0,10,13,5,48,0,3,7,1,10,56,10,0
1,6,0,400,400,5,https://resultados2019.blob.core.windows.net/201901/062544.jpg,OK,0,1,ESCUINTLA,ESCUINTLA,6254,CORPORACIÓN MUNICIPAL,12,2,2,0,1,4,254,254,236,236,16,1,21,15,5,3,2,1,13,4,0,9,11,5,41,0,3,3,3,20,49,8,3
1,2,0,400,400,5,https://resultados2019.blob.core.windows.net/201901/063034.jpg,OK,0,1,ESCUINTLA,ESCUINTLA,6303,CORPORACIÓN MUNICIPAL,13,2,2,0,1,4,242,242,227,227,15,0,19,10,1,4,5,1,11,1,2,6,16,9,53,1,0,4,0,11,54,4,0
1,0,0,400,399,5,https://resultados2019.blob.core.windows.net/201901/063234.jpg,OK,0,1,ESCUINTLA,ESCUINTLA,6323,CORPORACIÓN MUNICIPAL,18,2,2,0,1,4,283,283,265,265,17,2,21,12,2,3,1,2,16,1,1,14,14,11,64,0,4,2,2,12,57,5,2
1,0,0,307,312,5,https://resultados2019.blob.core.windows.net/201901/064454.jpg,OK,0,1,ESCUINTLA,ESCUINTLA,6445,CORPORACIÓN MUNICIPAL,0,2,2,0,1,4,41,41,41,41,2,0,2,3,3,1,0,0,1,0,0,1,1,0,7,0,1,3,1,0,12,3,0
0,6,0,400,400,5,https://resultados2019.blob.core.windows.net/201901/063824.jpg,OK,0,1,ESCUINTLA,ESCUINTLA,6382,CORPORACIÓN MUNICIPAL,17,2,2,0,1,4,210,211,188,187,15,0,10,10,1,5,0,2,5,2,0,3,11,10,31,0,3,6,3,9,54,6,2
1,17,0,380,380,5,https://resultados2019.blob.core.windows.net/201901/064164.jpg,OK,0,1,ESCUINTLA,ESCUINTLA,6416,CORPORACIÓN MUNICIPAL,34,2,2,0,1,4,232,232,181,181,44,0,17,6,0,4,7,0,2,4,1,1,3,2,56,2,3,1,1,9,16,2,0
1,4,0,400,398,5,https://resultados2019.blob.core.windows.net/201901/063714.jpg,OK,0,1,ESCUINTLA,ESCUINTLA,6371,CORPORACIÓN MUNICIPAL,8,2,2,0,1,4,239,239,227,227,13,1,19,6,3,6,1,2,5,3,1,7,15,8,39,4,2,6,2,19,58,4,3
0,3,0,400,400,5,https://resultados2019.blob.core.windows.net/201901/063734.jpg,OK,14,1,ESCUINTLA,ESCUINTLA,6373,CORPORACIÓN MUNICIPAL,11,2,2,0,1,4,261,260,246,261,30,1,14,11,3,10,2,3,15,3,0,10,8,9,36,0,3,6,5,16,54,6,1
1,0,0,400,404,5,https://resultados2019.blob.core.windows.net/201901/063724.jpg,OK,0,1,ESCUINTLA,ESCUINTLA,6372,CORPORACIÓN MUNICIPAL,7,2,2,0,1,4,237,237,230,230,22,2,23,10,1,2,0,4,9,2,0,4,14,3,45,1,2,7,1,16,53,7,2
1,4,0,400,402,5,https://resultados2019.blob.core.windows.net/201901/063544.jpg,OK,0,1,ESCUINTLA,ESCUINTLA,6354,CORPORACIÓN MUNICIPAL,9,2,2,0,1,4,248,248,235,235,21,2,17,11,3,8,2,3,22,3,1,11,6,2,34,2,1,6,3,8,66,3,0
1,3,0,299,299,5,https://resultados2019.blob.core.windows.net/201901/062734.jpg,OK,5,1,ESCUINTLA,ESCUINTLA,6273,CORPORACIÓN MUNICIPAL,2,2,2,0,1,4,226,226,221,221,16,0,26,5,1,5,2,3,11,2,0,5,11,5,30,0,4,3,1,21,57,9,4
1,8,0,369,369,5,https://resultados2019.blob.core.windows.net/201901/063964.jpg,OK,0,1,ESCUINTLA,ESCUINTLA,6396,CORPORACIÓN MUNICIPAL,11,2,2,0,1,4,172,172,153,153,24,0,22,5,0,5,1,0,0,8,0,0,3,1,36,0,8,6,2,9,21,0,2
0,5,0,600,600,5,https://resultados2019.blob.core.windows.net/201901/064364.jpg,OK,0,1,ESCUINTLA,ESCUINTLA,6436,CORPORACIÓN MUNICIPAL,18,2,2,0,1,4,255,264,241,232,15,1,14,9,1,5,3,2,2,1,0,4,15,7,35,17,4,17,2,10,66,11,0
1,5,0,400,504,5,https://resultados2019.blob.core.windows.net/201901/063764.jpg,OK,0,1,ESCUINTLA,ESCUINTLA,6376,CORPORACIÓN MUNICIPAL,18,2,2,0,1,4,255,255,232,232,20,0,21,16,3,3,2,0,11,1,0,6,16,6,43,0,1,3,0,11,63,5,1
1,2,0,400,400,5,https://resultados2019.blob.core.windows.net/201901/062914.jpg,OK,0,1,ESCUINTLA,ESCUINTLA,6291,CORPORACIÓN MUNICIPAL,20,2,2,0,1,4,275,275,253,253,20,0,18,19,6,6,2,4,8,1,0,8,11,9,54,2,4,5,2,10,53,9,2
1,8,0,268,268,5,https://resultados2019.blob.core.windows.net/201901/064204.jpg,OK,0,1,ESCUINTLA,ESCUINTLA,6420,CORPORACIÓN MUNICIPAL,13,2,2,0,1,4,142,142,121,121,22,0,15,1,0,0,7,0,2,5,0,1,8,4,36,0,1,1,0,9,6,3,0
1,21,0,380,386,5,https://resultados2019.blob.core.windows.net/201901/064024.jpg,OK,0,1,ESCUINTLA,ESCUINTLA,6402,CORPORACIÓN MUNICIPAL,24,2,2,0,1,4,258,258,213,213,12,6,21,12,1,0,0,1,1,1,2,0,5,9,38,0,0,4,2,9,87,2,0
1,5,0,201,203,5,https://resultados2019.blob.core.windows.net/201901/064084.jpg,OK,0,1,ESCUINTLA,ESCUINTLA,6408,CORPORACIÓN MUNICIPAL,4,2,2,0,1,4,136,136,127,127,0,1,23,5,0,2,1,1,1,1,0,0,6,1,18,1,0,0,0,6,52,3,1
1,5,0,400,401,5,https://resultados2019.blob.core.windows.net/201901/063554.jpg,OK,0,1,ESCUINTLA,ESCUINTLA,6355,CORPORACIÓN MUNICIPAL,10,2,2,0,1,4,247,247,232,232,20,1,21,14,0,6,2,5,5,1,1,3,13,4,43,3,4,7,0,15,50,12,2
1,3,0,600,598,5,https://resultados2019.blob.core.windows.net/201901/064284.jpg,OK,0,1,ESCUINTLA,ESCUINTLA,6428,CORPORACIÓN MUNICIPAL,5,2,2,0,1,4,267,267,259,259,27,2,18,10,4,6,2,5,14,4,0,7,9,4,37,0,3,3,6,19,66,10,3
0,1,0,400,400,5,https://resultados2019.blob.core.windows.net/201901/062754.jpg,OK,0,1,ESCUINTLA,ESCUINTLA,6275,CORPORACIÓN MUNICIPAL,14,2,2,0,1,4,272,268,253,257,20,0,21,14,4,11,3,3,6,5,2,8,10,2,47,1,6,6,5,14,54,9,2
1,1,1,400,400,5,https://resultados2019.blob.core.windows.net/201901/063414.jpg,OK,0,1,ESCUINTLA,ESCUINTLA,6341,CORPORACIÓN MUNICIPAL,11,2,2,0,1,4,264,264,252,252,29,2,22,9,5,4,3,1,8,2,0,6,11,10,39,0,0,7,1,21,69,3,0
0,1,0,600,596,5,https://resultados2019.blob.core.windows.net/201901/064414.jpg,OK,0,1,ESCUINTLA,ESCUINTLA,6441,CORPORACIÓN MUNICIPAL,13,2,2,0,1,4,212,211,197,198,12,1,17,15,1,1,2,1,3,2,1,9,8,5,30,1,0,6,5,10,56,8,3
1,11,0,380,380,5,https://resultados2019.blob.core.windows.net/201901/064184.jpg,OK,0,1,ESCUINTLA,ESCUINTLA,6418,CORPORACIÓN MUNICIPAL,24,2,2,0,1,4,231,231,196,196,40,1,12,6,5,2,4,2,3,7,0,2,2,1,73,1,3,3,0,9,14,6,0
1,1,0,400,0,5,https://resultados2019.blob.core.windows.net/201901/063384.jpg,OK,0,1,ESCUINTLA,ESCUINTLA,6338,CORPORACIÓN MUNICIPAL,7,2,2,0,1,4,240,240,232,232,9,0,21,18,6,6,4,3,9,3,1,4,15,2,40,0,1,8,0,6,64,8,4
1,4,0,400,403,5,https://resultados2019.blob.core.windows.net/201901/063624.jpg,OK,0,1,ESCUINTLA,ESCUINTLA,6362,CORPORACIÓN MUNICIPAL,13,2,2,0,1,4,254,254,237,237,18,4,17,15,4,3,4,2,6,4,0,9,10,13,37,1,0,3,3,11,62,9,2
1,0,0,234,0,5,https://resultados2019.blob.core.windows.net/201901/063524.jpg,OK,0,1,ESCUINTLA,ESCUINTLA,6352,CORPORACIÓN MUNICIPAL,3,2,2,0,1,4,164,164,161,161,12,1,17,10,5,4,3,4,7,5,1,2,8,6,19,0,0,2,0,13,37,4,1
1,0,0,400,402,5,https://resultados2019.blob.core.windows.net/201901/062954.jpg,OK,0,1,ESCUINTLA,ESCUINTLA,6295,CORPORACIÓN MUNICIPAL,14,2,2,0,1,4,286,286,272,272,26,1,18,26,3,4,6,1,13,1,1,8,13,11,54,1,1,3,1,15,59,5,1
1,3,0,400,400,5,https://resultados2019.blob.core.windows.net/201901/063074.jpg,OK,0,1,ESCUINTLA,ESCUINTLA,6307,CORPORACIÓN MUNICIPAL,14,2,2,0,1,4,207,207,190,190,11,2,16,10,4,5,3,3,8,0,1,3,7,11,32,3,1,1,6,10,48,4,1
1,1,0,600,600,5,https://resultados2019.blob.core.windows.net/201901/064394.jpg,OK,394,1,ESCUINTLA,ESCUINTLA,6439,CORPORACIÓN MUNICIPAL,11,2,2,0,1,4,206,206,194,194,15,0,17,11,3,2,0,1,15,0,0,2,9,4,36,1,4,5,5,12,41,10,1
0,2,0,400,400,5,https://resultados2019.blob.core.windows.net/201901/063744.jpg,OK,0,1,ESCUINTLA,ESCUINTLA,6374,CORPORACIÓN MUNICIPAL,16,2,2,0,1,4,256,246,228,238,19,1,15,12,0,3,0,1,10,4,1,4,16,6,31,1,1,6,1,22,61,9,4
1,3,0,400,400,5,https://resultados2019.blob.core.windows.net/201901/063254.jpg,OK,0,1,ESCUINTLA,ESCUINTLA,6325,CORPORACIÓN MUNICIPAL,14,2,2,0,1,4,240,240,223,223,18,2,24,9,4,5,2,1,10,1,0,5,15,10,43,2,5,4,2,15,41,3,2
1,2,0,600,602,5,https://resultados2019.blob.core.windows.net/201901/064404.jpg,OK,0,1,ESCUINTLA,ESCUINTLA,6440,CORPORACIÓN MUNICIPAL,11,2,2,0,1,4,200,200,187,187,13,0,21,7,1,6,2,1,9,0,0,9,7,7,37,0,3,5,5,13,32,7,2
0,3,0,600,600,5,https://resultados2019.blob.core.windows.net/201901/064434.jpg,OK,0,1,ESCUINTLA,ESCUINTLA,6443,CORPORACIÓN MUNICIPAL,10,2,2,0,1,4,159,154,141,146,10,1,16,7,8,6,1,0,4,2,0,5,1,8,25,0,3,5,2,5,26,5,1
1,3,0,400,402,5,https://resultados2019.blob.core.windows.net/201901/062604.jpg,OK,0,1,ESCUINTLA,ESCUINTLA,6260,CORPORACIÓN MUNICIPAL,11,2,2,0,1,4,250,250,236,236,24,2,22,14,2,4,5,4,19,1,1,3,15,6,27,0,2,9,4,15,42,11,4
1,3,0,400,400,5,https://resultados2019.blob.core.windows.net/201901/063484.jpg,OK,184,1,ESCUINTLA,ESCUINTLA,6348,CORPORACIÓN MUNICIPAL,8,2,2,0,1,4,224,224,213,213,18,0,17,12,3,7,2,3,9,4,2,4,14,1,42,0,0,2,1,10,57,5,0
1,3,0,400,400,5,https://resultados2019.blob.core.windows.net/201901/062564.jpg,OK,0,1,ESCUINTLA,ESCUINTLA,6256,CORPORACIÓN MUNICIPAL,10,2,2,0,1,4,254,254,241,241,19,2,20,13,4,3,2,2,16,2,1,12,14,10,34,0,4,7,2,13,51,7,3
1,2,0,289,290,5,https://resultados2019.blob.core.windows.net/201901/063904.jpg,OK,0,1,ESCUINTLA,ESCUINTLA,6390,CORPORACIÓN MUNICIPAL,5,2,2,0,1,4,152,152,145,145,8,0,20,7,0,4,2,2,7,0,1,3,10,10,23,0,1,3,1,12,31,0,0
1,5,0,280,280,5,https://resultados2019.blob.core.windows.net/201901/064144.jpg,OK,0,1,ESCUINTLA,ESCUINTLA,6414,CORPORACIÓN MUNICIPAL,11,2,2,0,1,4,161,161,145,145,20,1,9,7,0,4,0,1,2,3,0,1,0,5,76,0,1,3,0,5,7,0,0
1,10,0,380,380,5,https://resultados2019.blob.core.windows.net/201901/064034.jpg,OK,0,1,ESCUINTLA,ESCUINTLA,6403,CORPORACIÓN MUNICIPAL,26,2,2,0,1,4,259,259,223,223,1,1,35,13,3,7,0,0,1,1,1,2,8,5,31,1,0,0,0,5,97,3,0
1,1,0,370,370,5,https://resultados2019.blob.core.windows.net/201901/063264.jpg,OK,0,1,ESCUINTLA,ESCUINTLA,6326,CORPORACIÓN MUNICIPAL,10,2,2,0,1,4,253,253,242,242,8,1,24,18,2,5,1,4,7,3,0,8,15,11,45,0,3,3,6,13,57,6,2
1,6,0,400,400,5,https://resultados2019.blob.core.windows.net/201901/063604.jpg,OK,16,1,ESCUINTLA,ESCUINTLA,6360,CORPORACIÓN MUNICIPAL,0,2,2,0,1,4,250,250,244,244,12,1,26,14,7,3,2,3,7,1,0,7,12,6,47,2,2,5,2,14,61,5,5
1,4,0,400,401,5,https://resultados2019.blob.core.windows.net/201901/062934.jpg,OK,0,1,ESCUINTLA,ESCUINTLA,6293,CORPORACIÓN MUNICIPAL,13,2,2,0,1,4,271,271,254,254,13,1,17,21,0,10,2,1,10,3,0,12,15,11,35,2,2,9,4,14,63,8,1
1,0,0,400,0,5,https://resultados2019.blob.core.windows.net/201901/063514.jpg,OK,0,1,ESCUINTLA,ESCUINTLA,6351,CORPORACIÓN MUNICIPAL,1,2,2,0,1,4,304,304,303,303,26,1,28,20,7,7,2,4,15,2,0,8,27,5,32,1,3,2,3,19,81,8,2
1,5,0,380,402,5,https://resultados2019.blob.core.windows.net/201901/063934.jpg,OK,0,1,ESCUINTLA,ESCUINTLA,6393,CORPORACIÓN MUNICIPAL,7,2,2,0,1,4,188,188,176,176,30,0,16,11,2,6,2,1,2,4,0,1,7,7,33,0,3,5,0,10,29,2,5
1,1,0,400,400,5,https://resultados2019.blob.core.windows.net/201901/063114.jpg,OK,0,1,ESCUINTLA,ESCUINTLA,6311,CORPORACIÓN MUNICIPAL,9,2,2,0,1,4,280,280,270,270,19,1,36,16,5,7,6,2,14,3,0,8,10,2,40,1,3,3,2,13,69,6,4
1,2,0,400,0,5,https://resultados2019.blob.core.windows.net/201901/063364.jpg,OK,0,1,ESCUINTLA,ESCUINTLA,6336,CORPORACIÓN MUNICIPAL,16,2,2,0,1,4,249,249,231,231,20,1,10,9,9,9,2,2,10,3,0,2,14,12,44,0,0,8,1,8,57,9,1
1,2,0,400,402,5,https://resultados2019.blob.core.windows.net/201901/063654.jpg,OK,0,1,ESCUINTLA,ESCUINTLA,6365,CORPORACIÓN MUNICIPAL,5,2,2,0,1,4,228,228,221,221,16,0,23,19,1,5,4,8,13,2,0,5,16,9,27,1,2,5,1,8,46,8,2
1,0,0,280,280,5,https://resultados2019.blob.core.windows.net/201901/064154.jpg,OK,0,1,ESCUINTLA,ESCUINTLA,6415,CORPORACIÓN MUNICIPAL,12,2,2,0,1,4,162,162,150,150,22,2,18,13,0,6,1,4,1,4,0,4,4,1,59,0,1,0,0,6,3,0,1
1,1,0,400,400,5,https://resultados2019.blob.core.windows.net/201901/063094.jpg,OK,0,1,ESCUINTLA,ESCUINTLA,6309,CORPORACIÓN MUNICIPAL,6,2,2,0,1,4,234,234,227,227,17,1,16,16,1,8,2,4,10,1,0,8,24,2,38,0,1,7,3,15,44,9,0
1,4,0,400,396,5,https://resultados2019.blob.core.windows.net/201901/063194.jpg,OK,0,1,ESCUINTLA,ESCUINTLA,6319,CORPORACIÓN MUNICIPAL,14,2,2,0,1,4,254,254,236,236,11,1,17,12,1,4,2,2,17,1,0,8,12,5,44,0,0,4,4,11,67,11,2
0,3,0,400,401,5,https://resultados2019.blob.core.windows.net/201901/063834.jpg,OK,0,1,ESCUINTLA,ESCUINTLA,6383,CORPORACIÓN MUNICIPAL,12,2,2,0,1,4,207,194,179,192,16,0,14,10,1,3,2,0,0,2,0,7,12,6,33,2,0,2,3,17,43,5,1
1,2,0,400,405,5,https://resultados2019.blob.core.windows.net/201901/063004.jpg,OK,0,1,ESCUINTLA,ESCUINTLA,6300,CORPORACIÓN MUNICIPAL,12,2,2,0,1,4,257,257,243,243,23,2,13,14,1,9,5,1,10,2,0,2,17,7,62,0,3,7,2,15,40,7,1
0,7,0,269,266,5,https://resultados2019.blob.core.windows.net/201901/064194.jpg,OK,0,1,ESCUINTLA,ESCUINTLA,6419,CORPORACIÓN MUNICIPAL,20,2,2,0,1,4,143,141,114,127,18,1,17,10,1,1,1,0,0,1,0,1,3,3,34,0,2,4,1,5,9,2,0
1,0,0,400,400,5,https://resultados2019.blob.core.windows.net/201901/062704.jpg,OK,0,1,ESCUINTLA,ESCUINTLA,6270,CORPORACIÓN MUNICIPAL,12,2,2,0,1,4,208,208,196,196,1,0,29,9,6,2,2,2,0,2,1,3,6,5,32,2,2,4,3,14,36,4,3
1,6,0,240,240,5,https://resultados2019.blob.core.windows.net/201901/064014.jpg,OK,0,1,ESCUINTLA,ESCUINTLA,6401,CORPORACIÓN MUNICIPAL,16,2,2,0,1,4,157,157,135,135,10,1,35,9,1,6,1,1,3,2,0,0,3,3,30,0,0,0,1,5,20,3,1
1,3,0,400,400,5,https://resultados2019.blob.core.windows.net/201901/062904.jpg,OK,0,1,ESCUINTLA,ESCUINTLA,6290,CORPORACIÓN MUNICIPAL,18,2,2,0,1,4,248,248,227,227,18,0,12,19,1,6,3,3,6,1,0,2,11,5,51,0,1,6,4,22,42,10,4
0,4,0,600,597,5,https://resultados2019.blob.core.windows.net/201901/064354.jpg,OK,0,1,ESCUINTLA,ESCUINTLA,6435,CORPORACIÓN MUNICIPAL,17,2,2,0,1,4,302,281,260,281,20,1,20,23,1,4,4,4,11,3,0,7,7,15,40,1,3,8,2,22,53,8,3
1,2,0,400,0,5,https://resultados2019.blob.core.windows.net/201901/063474.jpg,OK,169,1,ESCUINTLA,ESCUINTLA,6347,CORPORACIÓN MUNICIPAL,7,2,2,0,1,4,231,231,222,222,20,0,10,6,1,5,1,2,6,1,0,3,17,9,57,0,1,12,2,10,53,5,1
1,1,0,307,307,5,https://resultados2019.blob.core.windows.net/201901/064464.jpg,OK,0,1,ESCUINTLA,ESCUINTLA,6446,CORPORACIÓN MUNICIPAL,1,2,2,0,1,4,36,36,34,34,4,0,1,2,0,0,0,0,0,0,0,1,2,2,8,0,0,0,2,5,7,0,0
1,2,2,400,400,5,https://resultados2019.blob.core.windows.net/201901/062814.jpg,OK,0,1,ESCUINTLA,ESCUINTLA,6281,CORPORACIÓN MUNICIPAL,16,2,2,0,1,4,260,260,242,242,22,1,15,16,0,3,6,3,15,0,0,7,13,6,52,2,5,8,1,10,49,7,1
1,5,0,600,600,5,https://resultados2019.blob.core.windows.net/201901/064384.jpg,OK,0,1,ESCUINTLA,ESCUINTLA,6438,CORPORACIÓN MUNICIPAL,8,2,2,0,1,4,227,227,214,214,16,2,20,11,4,8,1,2,6,1,0,5,13,2,30,1,4,8,4,13,58,4,1
1,1,0,284,284,5,https://resultados2019.blob.core.windows.net/201901/063144.jpg,OK,0,1,ESCUINTLA,ESCUINTLA,6314,CORPORACIÓN MUNICIPAL,8,2,2,0,1,4,106,106,97,97,2,2,3,7,1,2,1,1,5,1,0,2,9,4,25,0,0,2,0,5,20,3,2
1,3,0,400,400,5,https://resultados2019.blob.core.windows.net/201901/063694.jpg,OK,0,1,ESCUINTLA,ESCUINTLA,6369,CORPORACIÓN MUNICIPAL,12,2,2,0,1,4,237,237,222,222,16,0,14,16,4,3,0,3,9,1,0,11,17,5,40,0,2,5,3,15,51,6,1
1,5,0,380,380,5,https://resultados2019.blob.core.windows.net/201901/064104.jpg,OK,0,1,ESCUINTLA,ESCUINTLA,6410,CORPORACIÓN MUNICIPAL,10,2,2,0,1,4,232,232,217,217,47,1,15,22,0,9,6,2,4,1,0,1,6,3,84,0,0,2,0,5,6,1,2
1,1,0,400,400,5,https://resultados2019.blob.core.windows.net/201901/063014.jpg,OK,0,1,ESCUINTLA,ESCUINTLA,6301,CORPORACIÓN MUNICIPAL,12,2,2,0,1,4,221,221,208,208,16,0,12,10,0,4,1,0,6,4,0,6,10,8,50,1,2,6,4,6,55,7,0
1,3,0,400,402,5,https://resultados2019.blob.core.windows.net/201901/063214.jpg,OK,0,1,ESCUINTLA,ESCUINTLA,6321,CORPORACIÓN MUNICIPAL,12,2,2,0,1,4,279,279,264,264,16,1,33,10,1,3,2,2,20,3,2,11,8,9,38,0,2,5,4,18,72,3,1
1,3,0,400,400,5,https://resultados2019.blob.core.windows.net/201901/063864.jpg,OK,0,1,ESCUINTLA,ESCUINTLA,6386,CORPORACIÓN MUNICIPAL,10,2,2,0,1,4,214,214,201,201,24,0,16,10,4,1,2,4,6,1,0,6,9,9,43,0,5,2,1,13,39,4,2
1,13,0,380,383,5,https://resultados2019.blob.core.windows.net/201901/064044.jpg,OK,0,1,ESCUINTLA,ESCUINTLA,6404,CORPORACIÓN MUNICIPAL,27,2,2,0,1,4,257,257,217,217,9,1,42,32,3,3,3,1,0,0,0,1,6,4,35,0,1,3,0,4,69,0,0
1,4,0,400,380,5,https://resultados2019.blob.core.windows.net/201901/062534.jpg,OK,0,1,ESCUINTLA,ESCUINTLA,6253,CORPORACIÓN MUNICIPAL,10,2,2,0,1,4,255,255,241,241,29,1,28,13,3,6,4,2,11,1,0,7,13,7,36,0,2,8,1,15,45,6,3
1,11,0,380,380,5,https://resultados2019.blob.core.windows.net/201901/064174.jpg,OK,0,1,ESCUINTLA,ESCUINTLA,6417,CORPORACIÓN MUNICIPAL,25,2,2,0,1,4,222,222,186,186,38,0,32,11,0,2,3,1,0,5,0,1,10,4,42,2,5,4,0,9,14,3,0
1,0,1,400,400,5,https://resultados2019.blob.core.windows.net/201901/063874.jpg,OK,0,1,ESCUINTLA,ESCUINTLA,6387,CORPORACIÓN MUNICIPAL,8,2,2,0,1,4,229,229,221,221,0,2,15,17,3,0,1,2,2,2,0,7,12,16,46,2,1,5,2,13,44,2,2
1,4,0,400,401,5,https://resultados2019.blob.core.windows.net/201901/062994.jpg,OK,0,1,ESCUINTLA,ESCUINTLA,6299,CORPORACIÓN MUNICIPAL,17,2,2,0,1,4,266,266,245,245,17,1,15,19,1,5,2,6,9,1,0,13,16,7,39,1,5,9,3,8,59,6,3
1,3,0,241,241,5,https://resultados2019.blob.core.windows.net/201901/064004.jpg,OK,0,1,ESCUINTLA,ESCUINTLA,6400,CORPORACIÓN MUNICIPAL,22,2,2,0,1,4,150,150,125,125,18,0,23,3,3,3,0,3,2,3,0,0,4,3,31,0,1,1,0,5,18,4,0
1,1,0,400,400,5,https://resultados2019.blob.core.windows.net/201901/062764.jpg,OK,0,1,ESCUINTLA,ESCUINTLA,6276,CORPORACIÓN MUNICIPAL,18,2,2,0,1,4,263,263,244,244,21,2,17,11,3,1,2,2,13,5,0,12,17,7,46,0,2,6,2,16,51,5,3
1,1,0,400,400,5,https://resultados2019.blob.core.windows.net/201901/062554.jpg,OK,0,1,ESCUINTLA,ESCUINTLA,6255,CORPORACIÓN MUNICIPAL,9,2,2,0,1,4,261,261,251,251,18,1,29,16,8,3,4,4,12,3,0,4,14,9,38,0,3,12,4,21,43,4,1
0,4,0,400,401,5,https://resultados2019.blob.core.windows.net/201901/063064.jpg,OK,0,1,ESCUINTLA,ESCUINTLA,6306,CORPORACIÓN MUNICIPAL,9,2,2,0,1,4,224,225,212,211,11,1,14,16,1,4,2,5,16,2,0,7,14,10,41,0,2,3,1,10,45,5,2
1,0,0,400,400,5,https://resultados2019.blob.core.windows.net/201901/063894.jpg,OK,0,1,ESCUINTLA,ESCUINTLA,6389,CORPORACIÓN MUNICIPAL,5,2,2,0,1,4,299,299,294,294,18,0,40,21,7,9,7,3,9,6,0,14,24,11,26,0,2,6,0,8,78,4,1
0,5,0,400,400,5,https://resultados2019.blob.core.windows.net/201901/062794.jpg,OK,0,1,ESCUINTLA,ESCUINTLA,6279,CORPORACIÓN MUNICIPAL,11,2,2,0,1,4,270,255,239,254,26,2,20,13,3,5,4,1,0,3,2,4,12,8,55,1,0,4,3,10,56,5,2
1,1,0,400,400,5,https://resultados2019.blob.core.windows.net/201901/063174.jpg,OK,0,1,ESCUINTLA,ESCUINTLA,6317,CORPORACIÓN MUNICIPAL,13,2,2,0,1,4,284,284,270,270,9,0,37,5,3,5,7,1,10,2,0,9,18,8,42,2,0,9,4,20,61,12,6
1,1,0,600,602,5,https://resultados2019.blob.core.windows.net/201901/064274.jpg,OK,0,1,ESCUINTLA,ESCUINTLA,6427,CORPORACIÓN MUNICIPAL,9,2,2,0,1,4,262,262,252,252,15,0,20,15,6,7,5,6,12,5,0,5,10,9,35,1,0,9,2,19,55,14,2
1,3,0,380,397,5,https://resultados2019.blob.core.windows.net/201901/063954.jpg,OK,0,1,ESCUINTLA,ESCUINTLA,6395,CORPORACIÓN MUNICIPAL,16,2,2,0,1,4,188,188,169,169,1,0,17,5,4,2,0,0,0,4,1,1,8,10,47,4,5,1,0,4,32,2,2
1,0,0,400,400,5,https://resultados2019.blob.core.windows.net/201901/062844.jpg,OK,0,1,ESCUINTLA,ESCUINTLA,6284,CORPORACIÓN MUNICIPAL,14,2,2,0,1,4,270,270,256,256,19,1,19,16,2,2,7,4,12,0,0,7,17,7,46,2,0,7,3,25,51,7,2
1,2,0,400,400,5,https://resultados2019.blob.core.windows.net/201901/062824.jpg,OK,0,1,ESCUINTLA,ESCUINTLA,6282,CORPORACIÓN MUNICIPAL,34,2,2,0,1,4,286,286,250,250,24,1,14,11,4,11,8,3,19,2,1,1,13,5,43,2,1,4,4,11,58,7,3
1,5,0,400,397,5,https://resultados2019.blob.core.windows.net/201901/062524.jpg,OK,0,1,ESCUINTLA,ESCUINTLA,6252,CORPORACIÓN MUNICIPAL,14,2,2,0,1,4,265,265,246,246,16,0,20,15,3,4,8,4,14,2,1,8,13,5,47,1,4,9,1,15,50,3,3
1,1,1,400,400,5,https://resultados2019.blob.core.windows.net/201901/063794.jpg,OK,1,1,ESCUINTLA,ESCUINTLA,6379,CORPORACIÓN MUNICIPAL,11,2,2,0,1,4,245,245,233,233,16,0,28,8,6,7,1,3,6,4,1,10,11,8,45,0,0,5,2,11,54,6,1
1,4,0,400,400,5,https://resultados2019.blob.core.windows.net/201901/063444.jpg,OK,0,1,ESCUINTLA,ESCUINTLA,6344,CORPORACIÓN MUNICIPAL,12,2,2,0,1,4,266,266,250,250,25,0,22,18,0,7,3,1,5,1,1,3,23,3,47,0,0,10,0,12,58,10,1
1,2,0,400,402,5,https://resultados2019.blob.core.windows.net/201901/063434.jpg,OK,0,1,ESCUINTLA,ESCUINTLA,6343,CORPORACIÓN MUNICIPAL,18,2,2,0,1,4,274,274,254,254,25,2,19,10,4,7,3,4,10,1,0,8,15,5,49,0,1,18,4,13,47,6,3
1,5,0,400,400,5,https://resultados2019.blob.core.windows.net/201901/063314.jpg,OK,0,1,ESCUINTLA,ESCUINTLA,6331,CORPORACIÓN MUNICIPAL,19,2,2,0,1,4,298,298,274,274,18,2,36,13,7,8,4,3,15,2,0,12,16,5,37,1,1,11,1,15,59,4,4
1,3,0,400,400,5,https://resultados2019.blob.core.windows.net/201901/062864.jpg,OK,0,1,ESCUINTLA,ESCUINTLA,6286,CORPORACIÓN MUNICIPAL,7,2,2,0,1,4,231,231,221,221,18,2,24,13,2,6,3,3,0,1,0,2,16,7,34,0,0,4,3,17,52,11,3
1,2,0,400,400,5,https://resultados2019.blob.core.windows.net/201901/063614.jpg,OK,0,1,ESCUINTLA,ESCUINTLA,6361,CORPORACIÓN MUNICIPAL,20,2,2,0,1,4,289,289,267,267,24,1,18,14,1,10,4,3,15,1,1,8,9,9,46,0,2,10,2,14,66,7,2
1,0,0,400,400,5,https://resultados2019.blob.core.windows.net/201901/062634.jpg,OK,0,1,ESCUINTLA,ESCUINTLA,6263,CORPORACIÓN MUNICIPAL,18,2,2,0,1,4,278,278,260,260,16,0,26,6,5,1,4,4,9,8,0,2,17,9,49,0,2,10,4,14,61,6,7
1,6,0,400,400,5,https://resultados2019.blob.core.windows.net/201901/063594.jpg,OK,0,1,ESCUINTLA,ESCUINTLA,6359,CORPORACIÓN MUNICIPAL,18,2,2,0,1,4,240,240,216,216,17,0,13,14,3,6,2,2,1,2,0,5,14,6,30,1,10,6,3,18,57,4,2
1,4,0,400,406,5,https://resultados2019.blob.core.windows.net/201901/062894.jpg,OK,0,1,ESCUINTLA,ESCUINTLA,6289,CORPORACIÓN MUNICIPAL,17,2,2,0,1,4,251,251,230,230,20,0,20,19,3,3,4,1,8,1,1,3,10,4,60,0,3,5,6,13,36,8,2
1,0,0,400,400,5,https://resultados2019.blob.core.windows.net/201901/063244.jpg,OK,0,1,ESCUINTLA,ESCUINTLA,6324,CORPORACIÓN MUNICIPAL,20,2,2,0,1,4,251,251,231,231,17,0,25,16,3,6,2,1,13,3,1,8,12,12,31,0,1,6,4,10,54,2,4
1,1,0,600,600,5,https://resultados2019.blob.core.windows.net/201901/064444.jpg,OK,0,1,ESCUINTLA,ESCUINTLA,6444,CORPORACIÓN MUNICIPAL,5,2,2,0,1,4,102,102,96,96,8,1,9,7,2,4,0,2,4,0,0,5,8,3,11,0,0,2,1,4,22,3,0
1,6,0,600,600,5,https://resultados2019.blob.core.windows.net/201901/064224.jpg,OK,0,1,ESCUINTLA,ESCUINTLA,6422,CORPORACIÓN MUNICIPAL,32,2,2,0,1,4,238,238,200,200,21,1,23,8,2,4,1,0,0,4,0,5,13,8,35,0,3,8,1,7,46,7,3
1,3,0,400,400,5,https://resultados2019.blob.core.windows.net/201901/063664.jpg,OK,0,1,ESCUINTLA,ESCUINTLA,6366,CORPORACIÓN MUNICIPAL,40,2,2,0,1,4,239,239,196,196,20,1,12,16,1,6,4,2,5,1,2,9,11,4,34,1,2,2,2,15,40,4,2
1,2,0,400,400,5,https://resultados2019.blob.core.windows.net/201901/062644.jpg,OK,0,1,ESCUINTLA,ESCUINTLA,6264,CORPORACIÓN MUNICIPAL,7,2,2,0,1,4,260,260,251,251,21,0,17,10,1,5,2,4,13,1,0,7,12,5,51,1,1,7,6,25,56,4,2
0,1,0,400,400,5,https://resultados2019.blob.core.windows.net/201901/062614.jpg,OK,0,1,ESCUINTLA,ESCUINTLA,6261,CORPORACIÓN MUNICIPAL,14,2,2,0,1,4,257,247,232,242,18,1,35,1,2,9,5,3,19,1,0,5,10,11,30,0,1,4,7,22,37,7,4
1,4,0,600,600,5,https://resultados2019.blob.core.windows.net/201901/064264.jpg,OK,0,1,ESCUINTLA,ESCUINTLA,6426,CORPORACIÓN MUNICIPAL,18,2,2,0,1,4,268,268,246,246,18,1,14,12,7,7,5,3,9,1,1,1,11,5,33,0,3,13,3,18,67,11,3
1,4,0,600,600,5,https://resultados2019.blob.core.windows.net/201901/064244.jpg,OK,356,1,ESCUINTLA,ESCUINTLA,6424,CORPORACIÓN MUNICIPAL,8,2,2,0,1,4,244,244,232,232,20,4,14,9,3,4,2,5,15,0,0,3,10,5,37,1,2,8,3,14,64,5,4
1,0,0,299,299,5,https://resultados2019.blob.core.windows.net/201901/062744.jpg,OK,0,1,ESCUINTLA,ESCUINTLA,6274,CORPORACIÓN MUNICIPAL,22,2,2,0,1,4,138,138,116,116,7,1,7,7,2,3,2,1,9,2,0,1,3,7,24,0,3,4,0,7,22,3,1
1,2,0,400,400,5,https://resultados2019.blob.core.windows.net/201901/063104.jpg,OK,0,1,ESCUINTLA,ESCUINTLA,6310,CORPORACIÓN MUNICIPAL,10,2,2,0,1,4,230,230,218,218,22,2,25,17,0,3,0,2,9,2,0,3,8,6,46,0,1,3,2,11,49,6,1
1,4,0,600,600,5,https://resultados2019.blob.core.windows.net/201901/064324.jpg,OK,0,1,ESCUINTLA,ESCUINTLA,6432,CORPORACIÓN MUNICIPAL,11,2,2,0,1,4,284,284,269,269,19,1,22,15,4,4,3,3,15,1,1,6,19,5,24,0,0,7,5,17,81,14,3
1,5,0,380,380,5,https://resultados2019.blob.core.windows.net/201901/063944.jpg,OK,0,1,ESCUINTLA,ESCUINTLA,6394,CORPORACIÓN MUNICIPAL,16,2,2,0,1,4,210,210,189,189,36,1,16,6,1,6,3,1,5,5,0,3,7,8,41,1,2,5,1,6,27,2,6
1,3,0,400,425,5,https://resultados2019.blob.core.windows.net/201901/063804.jpg,OK,0,1,ESCUINTLA,ESCUINTLA,6380,CORPORACIÓN MUNICIPAL,11,2,2,0,1,4,239,239,225,225,16,0,20,10,0,4,1,2,9,1,0,5,6,3,54,1,2,5,4,15,56,10,1
0,1,0,400,398,5,https://resultados2019.blob.core.windows.net/201901/063184.jpg,OK,0,1,ESCUINTLA,ESCUINTLA,6318,CORPORACIÓN MUNICIPAL,9,2,2,0,1,4,286,276,266,276,11,0,33,14,4,7,2,0,15,0,0,7,14,5,33,2,1,6,9,20,75,5,3
0,4,0,400,400,5,https://resultados2019.blob.core.windows.net/201901/063754.jpg,OK,15,1,ESCUINTLA,ESCUINTLA,6375,CORPORACIÓN MUNICIPAL,11,2,2,0,1,4,260,275,260,260,24,0,27,12,3,4,1,2,7,2,1,7,17,10,51,0,0,6,5,12,61,5,3
1,3,0,400,400,5,https://resultados2019.blob.core.windows.net/201901/062664.jpg,OK,0,1,ESCUINTLA,ESCUINTLA,6266,CORPORACIÓN MUNICIPAL,9,2,2,0,1,4,242,242,230,230,20,0,27,12,8,2,0,4,11,1,0,6,10,7,42,0,4,7,3,18,39,6,3
1,5,0,202,207,5,https://resultados2019.blob.core.windows.net/201901/064074.jpg,OK,0,1,ESCUINTLA,ESCUINTLA,6407,CORPORACIÓN MUNICIPAL,16,2,2,0,1,4,137,137,116,116,0,1,13,11,1,0,0,0,1,0,0,2,3,0,18,0,1,0,0,8,50,2,0
1,2,0,600,597,5,https://resultados2019.blob.core.windows.net/201901/064334.jpg,OK,0,1,ESCUINTLA,ESCUINTLA,6433,CORPORACIÓN MUNICIPAL,11,2,2,0,1,4,261,261,248,248,16,1,20,12,6,6,1,6,19,0,0,6,15,7,34,3,2,10,5,16,54,9,0
1,3,0,400,400,5,https://resultados2019.blob.core.windows.net/201901/062974.jpg,OK,0,1,ESCUINTLA,ESCUINTLA,6297,CORPORACIÓN MUNICIPAL,10,2,2,0,1,4,280,280,267,267,24,2,21,22,5,8,1,6,12,2,0,15,15,8,31,1,0,4,1,18,61,5,5
1,3,0,400,400,5,https://resultados2019.blob.core.windows.net/201901/063054.jpg,OK,0,1,ESCUINTLA,ESCUINTLA,6305,CORPORACIÓN MUNICIPAL,6,2,2,0,1,4,221,221,212,212,1,0,12,12,3,7,2,1,0,1,1,4,18,7,49,1,3,2,1,14,38,6,2
1,1,0,369,369,5,https://resultados2019.blob.core.windows.net/201901/063974.jpg,OK,0,1,ESCUINTLA,ESCUINTLA,6397,CORPORACIÓN MUNICIPAL,15,2,2,0,1,4,173,173,157,157,35,1,9,7,4,6,2,0,1,3,0,3,6,10,31,0,7,0,2,6,21,1,2
0,3,0,400,380,5,https://resultados2019.blob.core.windows.net/201901/063564.jpg,OK,0,1,ESCUINTLA,ESCUINTLA,6356,CORPORACIÓN MUNICIPAL,16,2,2,0,1,4,243,229,210,224,16,0,21,9,3,3,2,4,0,2,0,2,10,7,50,0,2,3,4,14,54,3,1
1,11,1,400,400,5,https://resultados2019.blob.core.windows.net/201901/063204.jpg,OK,0,1,ESCUINTLA,ESCUINTLA,6320,CORPORACIÓN MUNICIPAL,2,2,2,0,1,4,275,275,262,262,24,0,30,8,4,6,2,4,8,2,1,10,16,3,45,2,2,6,2,16,64,7,0
1,4,0,380,380,5,https://resultados2019.blob.core.windows.net/201901/064134.jpg,OK,0,1,ESCUINTLA,ESCUINTLA,6413,CORPORACIÓN MUNICIPAL,20,2,2,0,1,4,197,197,173,173,33,3,12,5,1,6,0,2,3,0,1,1,1,5,63,0,1,1,2,7,24,1,1
1,5,0,380,380,5,https://resultados2019.blob.core.windows.net/201901/064114.jpg,OK,0,1,ESCUINTLA,ESCUINTLA,6411,CORPORACIÓN MUNICIPAL,19,2,2,0,1,4,237,237,213,213,46,1,9,5,1,5,2,0,4,4,0,1,3,6,94,0,2,1,1,6,15,5,2
1,2,0,400,400,5,https://resultados2019.blob.core.windows.net/201901/063884.jpg,OK,0,1,ESCUINTLA,ESCUINTLA,6388,CORPORACIÓN MUNICIPAL,4,2,2,0,1,4,256,256,250,250,22,0,25,22,4,4,0,4,8,3,0,6,6,11,35,0,4,5,2,14,68,7,0
1,2,0,400,400,5,https://resultados2019.blob.core.windows.net/201901/062854.jpg,OK,0,1,ESCUINTLA,ESCUINTLA,6285,CORPORACIÓN MUNICIPAL,9,2,2,0,1,4,243,243,232,232,17,0,15,14,3,8,3,0,11,2,0,9,14,10,49,0,1,4,0,15,53,3,1
1,2,0,400,400,5,https://resultados2019.blob.core.windows.net/201901/063704.jpg,OK,0,1,ESCUINTLA,ESCUINTLA,6370,CORPORACIÓN MUNICIPAL,12,2,2,0,1,4,251,251,237,237,15,3,18,3,2,8,13,3,6,1,4,12,15,7,41,0,4,7,5,14,51,2,3
1,2,0,400,0,5,https://resultados2019.blob.core.windows.net/201901/062624.jpg,OK,0,1,ESCUINTLA,ESCUINTLA,6262,CORPORACIÓN MUNICIPAL,12,2,2,0,1,4,240,240,226,226,22,0,22,11,5,3,1,2,11,6,1,8,11,4,31,1,0,7,3,21,48,8,0
1,1,0,400,400,5,https://resultados2019.blob.core.windows.net/201901/062924.jpg,OK,0,1,ESCUINTLA,ESCUINTLA,6292,CORPORACIÓN MUNICIPAL,9,2,2,0,1,4,268,268,258,258,18,2,15,17,2,4,6,5,4,0,0,8,19,7,53,0,1,6,4,13,67,3,4
1,1,0,400,0,5,https://resultados2019.blob.core.windows.net/201901/063424.jpg,OK,0,1,ESCUINTLA,ESCUINTLA,6342,CORPORACIÓN MUNICIPAL,12,2,2,0,1,4,290,290,277,277,16,1,35,14,1,4,2,8,8,1,4,5,21,8,45,0,0,8,1,28,59,7,1
1,3,0,400,0,5,https://resultados2019.blob.core.windows.net/201901/063324.jpg,OK,0,1,ESCUINTLA,ESCUINTLA,6332,CORPORACIÓN MUNICIPAL,16,2,2,0,1,4,270,270,251,251,18,0,25,18,1,9,3,2,10,2,1,7,10,9,41,1,3,6,2,11,63,5,4
1,6,0,400,400,5,https://resultados2019.blob.core.windows.net/201901/063024.jpg,OK,0,1,ESCUINTLA,ESCUINTLA,6302,CORPORACIÓN MUNICIPAL,11,2,2,0,1,4,235,235,218,218,17,0,17,14,0,9,3,2,5,0,1,3,15,4,47,0,3,8,1,15,47,6,1
1,3,0,400,400,5,https://resultados2019.blob.core.windows.net/201901/062964.jpg,OK,0,1,ESCUINTLA,ESCUINTLA,6296,CORPORACIÓN MUNICIPAL,10,2,2,0,1,4,283,283,270,270,22,0,11,17,3,13,5,2,4,2,0,14,21,5,43,1,1,5,4,22,66,9,0
1,2,0,400,400,5,https://resultados2019.blob.core.windows.net/201901/063084.jpg,OK,1,1,ESCUINTLA,ESCUINTLA,6308,CORPORACIÓN MUNICIPAL,7,2,2,0,1,4,230,230,221,221,17,0,12,14,3,6,4,3,5,2,0,7,17,2,57,1,3,2,3,16,37,9,1
1,3,0,400,0,5,https://resultados2019.blob.core.windows.net/201901/063344.jpg,OK,0,1,ESCUINTLA,ESCUINTLA,6334,CORPORACIÓN MUNICIPAL,7,2,2,0,1,4,241,241,231,231,18,1,19,12,5,4,2,5,3,3,0,6,12,4,44,0,2,6,1,15,66,1,2
1,5,0,400,400,5,https://resultados2019.blob.core.windows.net/201901/063774.jpg,OK,0,1,ESCUINTLA,ESCUINTLA,6377,CORPORACIÓN MUNICIPAL,15,2,2,0,1,4,246,246,226,226,18,1,17,13,4,9,2,4,8,4,0,5,12,5,38,1,1,5,6,12,57,1,3
1,4,0,400,0,5,https://resultados2019.blob.core.windows.net/201901/063454.jpg,OK,149,1,ESCUINTLA,ESCUINTLA,6345,CORPORACIÓN MUNICIPAL,7,2,2,0,1,4,250,250,239,239,27,0,10,10,5,5,2,7,9,1,0,7,15,8,32,1,0,16,1,8,67,8,0
1,2,0,400,0,5,https://resultados2019.blob.core.windows.net/201901/063334.jpg,OK,0,1,ESCUINTLA,ESCUINTLA,6333,CORPORACIÓN MUNICIPAL,10,2,2,0,1,4,266,266,254,254,27,2,22,11,2,6,2,0,8,0,0,10,10,12,27,0,1,9,8,23,65,6,3
1,4,0,380,380,5,https://resultados2019.blob.core.windows.net/201901/064124.jpg,OK,0,1,ESCUINTLA,ESCUINTLA,6412,CORPORACIÓN MUNICIPAL,14,2,2,0,1,4,221,221,203,203,34,0,18,10,0,6,4,0,4,4,0,0,7,1,85,0,0,1,3,6,18,1,1
1,0,0,400,400,5,https://resultados2019.blob.core.windows.net/201901/062724.jpg,OK,0,1,ESCUINTLA,ESCUINTLA,6272,CORPORACIÓN MUNICIPAL,3,2,2,0,1,4,269,269,266,266,20,0,36,9,7,3,2,4,17,4,2,5,19,12,33,1,1,4,1,18,65,1,2
1,2,0,400,397,5,https://resultados2019.blob.core.windows.net/201901/062714.jpg,OK,0,1,ESCUINTLA,ESCUINTLA,6271,CORPORACIÓN MUNICIPAL,5,2,2,0,1,4,235,235,228,228,15,1,22,10,2,7,6,3,13,1,0,8,15,5,37,1,2,5,2,11,50,10,2
1,4,0,400,397,5,https://resultados2019.blob.core.windows.net/201901/063634.jpg,OK,0,1,ESCUINTLA,ESCUINTLA,6363,CORPORACIÓN MUNICIPAL,11,2,2,0,1,4,234,234,219,219,18,1,13,15,4,4,0,2,7,2,1,9,12,9,41,1,2,4,5,15,48,5,1
1,1,0,289,400,5,https://resultados2019.blob.core.windows.net/201901/063914.jpg,OK,0,1,ESCUINTLA,ESCUINTLA,6391,CORPORACIÓN MUNICIPAL,5,2,2,0,1,4,123,123,117,117,11,0,8,11,1,6,2,2,4,1,0,3,7,3,24,0,0,3,3,5,21,2,0
0,5,0,400,400,5,https://resultados2019.blob.core.windows.net/201901/063684.jpg,OK,0,1,ESCUINTLA,ESCUINTLA,6368,CORPORACIÓN MUNICIPAL,18,2,2,0,1,4,256,244,221,233,22,0,24,0,4,5,1,1,9,2,1,13,17,7,45,0,6,3,0,11,44,6,0
1,1,0,400,0,5,https://resultados2019.blob.core.windows.net/201901/063504.jpg,OK,0,1,ESCUINTLA,ESCUINTLA,6350,CORPORACIÓN MUNICIPAL,8,2,2,0,1,4,249,249,240,240,25,0,23,21,5,6,0,2,9,2,0,7,17,9,31,0,2,10,1,13,50,4,3
1,4,0,370,370,5,https://resultados2019.blob.core.windows.net/201901/063274.jpg,OK,0,1,ESCUINTLA,ESCUINTLA,6327,CORPORACIÓN MUNICIPAL,7,2,2,0,1,4,234,234,223,223,18,1,24,10,2,7,3,2,8,2,0,3,18,11,38,2,1,3,2,14,48,3,3
1,3,0,400,402,5,https://resultados2019.blob.core.windows.net/201901/062694.jpg,OK,0,1,ESCUINTLA,ESCUINTLA,6269,CORPORACIÓN MUNICIPAL,12,2,2,0,1,4,227,227,212,212,0,0,17,17,5,3,8,3,0,3,0,4,7,6,32,3,3,6,1,17,44,7,2
1,1,0,400,400,5,https://resultados2019.blob.core.windows.net/201901/063354.jpg,OK,0,1,ESCUINTLA,ESCUINTLA,6335,CORPORACIÓN MUNICIPAL,6,2,2,0,1,4,257,257,250,250,20,1,29,9,5,11,2,1,9,0,0,4,27,5,28,0,4,12,1,12,62,7,1
1,5,0,400,400,5,https://resultados2019.blob.core.windows.net/201901/063814.jpg,OK,0,1,ESCUINTLA,ESCUINTLA,6381,CORPORACIÓN MUNICIPAL,10,2,2,0,1,4,218,218,203,203,17,0,12,16,6,4,2,4,10,1,1,7,8,6,28,0,1,2,4,9,52,9,4
1,2,0,400,400,5,https://resultados2019.blob.core.windows.net/201901/062574.jpg,OK,0,1,ESCUINTLA,ESCUINTLA,6257,CORPORACIÓN MUNICIPAL,7,2,2,0,1,4,271,271,262,262,25,0,33,8,1,5,7,4,10,1,0,5,14,5,33,0,2,8,3,27,57,10,4
1,12,2,400,0,5,https://resultados2019.blob.core.windows.net/201901/063374.jpg,OK,0,1,ESCUINTLA,ESCUINTLA,6337,CORPORACIÓN MUNICIPAL,10,2,2,0,1,4,251,251,229,229,12,0,25,9,8,9,4,2,0,2,0,3,19,7,42,1,2,9,1,16,56,2,0
1,1,0,400,0,5,https://resultados2019.blob.core.windows.net/201901/063464.jpg,OK,0,1,ESCUINTLA,ESCUINTLA,6346,CORPORACIÓN MUNICIPAL,10,2,2,0,1,4,244,244,233,233,15,0,15,15,4,6,1,5,4,1,0,7,13,11,28,0,0,9,4,14,72,6,3
1,3,0,600,600,5,https://resultados2019.blob.core.windows.net/201901/064344.jpg,OK,0,1,ESCUINTLA,ESCUINTLA,6434,CORPORACIÓN MUNICIPAL,17,2,2,0,1,4,288,288,268,268,22,2,16,17,4,9,3,2,9,0,0,7,15,9,44,1,3,7,2,17,69,7,3
0,11,0,380,383,5,https://resultados2019.blob.core.windows.net/201901/064064.jpg,OK,0,1,ESCUINTLA,ESCUINTLA,6406,CORPORACIÓN MUNICIPAL,26,2,2,0,1,4,233,234,197,196,2,0,24,16,1,4,1,0,1,1,1,1,1,4,42,1,1,1,1,7,84,3,0
1,6,1,400,400,5,https://resultados2019.blob.core.windows.net/201901/062804.jpg,OK,0,1,ESCUINTLA,ESCUINTLA,6280,CORPORACIÓN MUNICIPAL,19,2,2,0,1,4,280,280,255,255,18,1,12,21,4,9,9,0,12,3,0,6,13,5,47,0,2,9,5,19,48,9,3
0,2,0,400,401,5,https://resultados2019.blob.core.windows.net/201901/062584.jpg,OK,0,1,ESCUINTLA,ESCUINTLA,6258,CORPORACIÓN MUNICIPAL,15,2,2,0,1,4,255,241,224,238,23,0,6,13,6,8,4,0,11,4,1,7,15,8,37,1,1,8,0,24,43,4,0
1,4,0,400,250,5,https://resultados2019.blob.core.windows.net/201901/062984.jpg,OK,0,1,ESCUINTLA,ESCUINTLA,6298,CORPORACIÓN MUNICIPAL,14,2,2,0,1,4,250,250,232,232,17,1,9,24,0,6,0,4,11,3,0,2,15,9,50,0,1,12,0,13,43,10,2
1,174,0,400,400,5,https://resultados2019.blob.core.windows.net/201901/062684.jpg,OK,0,1,ESCUINTLA,ESCUINTLA,6268,CORPORACIÓN MUNICIPAL,10,2,2,0,1,4,400,400,216,216,21,1,11,9,3,5,4,4,14,4,0,3,6,8,30,4,3,4,7,20,46,8,1
1,16,0,380,380,5,https://resultados2019.blob.core.windows.net/201901/064054.jpg,OK,0,1,ESCUINTLA,ESCUINTLA,6405,CORPORACIÓN MUNICIPAL,22,2,2,0,1,4,267,267,229,229,7,0,31,29,1,2,2,0,0,0,4,2,12,3,37,1,2,1,0,10,79,5,1
1,4,0,600,600,5,https://resultados2019.blob.core.windows.net/201901/064304.jpg,OK,0,1,ESCUINTLA,ESCUINTLA,6430,CORPORACIÓN MUNICIPAL,14,2,2,0,1,4,265,265,247,247,20,0,22,9,3,6,8,0,9,1,0,9,6,8,31,2,0,8,2,13,81,6,3
1,8,0,400,400,5,https://resultados2019.blob.core.windows.net/201901/063494.jpg,OK,0,1,ESCUINTLA,ESCUINTLA,6349,CORPORACIÓN MUNICIPAL,6,2,2,0,1,4,260,260,246,246,18,0,28,17,4,2,4,2,5,1,0,5,25,9,35,0,1,6,0,15,62,6,1
1,3,0,400,396,5,https://resultados2019.blob.core.windows.net/201901/062874.jpg,OK,0,1,ESCUINTLA,ESCUINTLA,6287,CORPORACIÓN MUNICIPAL,8,2,2,0,1,4,221,221,210,210,14,2,13,18,2,7,1,1,11,2,0,3,10,8,45,0,1,4,2,10,45,10,1
