ACTACUADRA,BLANCOS,CNTIMPUGNA,CNTINSCRITOS,CNTPAPELETAS,DEP,IMGSRC,IMGSTATUS,INVALIDOS,MUN,NDEP,NMUN,NROMESA,NTE,NULOS,STACTA,STESCAN,STFISIC,STTRANS,TIPOELECCION,TOTALACTA,TOTALVOTOS,VOTOSVALIDOS,VOTOSVALIDOSACTA,voto_CCTPI,voto_CONVERGENCIA,voto_FCN-NACION,voto_PAN,voto_PC,voto_SEMILLA,voto_TODOS,voto_UCN,voto_UNE,voto_UNIONISTA,voto_VAMOS
0,4,3,400,396,5,https://resultados2019.blob.core.windows.net/201901/070164.jpg,OK,0,10,ESCUINTLA,IZTAPA,7016,CORPORACIÓN MUNICIPAL,13,1,0,0,1,4,273,270,253,273,3,2,18,5,94,1,2,0,86,41,1
0,0,0,400,0,5,https://resultados2019.blob.core.windows.net/201901/070374.jpg,OK,0,10,ESCUINTLA,IZTAPA,7037,CORPORACIÓN MUNICIPAL,0,0,0,0,0,4,0,0,0,0,0,0,0,0,0,0,0,0,0,0,0
0,0,0,400,0,5,https://resultados2019.blob.core.windows.net/201901/070204.jpg,OK,0,10,ESCUINTLA,IZTAPA,7020,CORPORACIÓN MUNICIPAL,0,0,0,0,0,4,0,0,0,0,0,0,0,0,0,0,0,0,0,0,0
1,4,0,380,376,5,https://resultados2019.blob.core.windows.net/201901/070314.jpg,OK,0,10,ESCUINTLA,IZTAPA,7031,CORPORACIÓN MUNICIPAL,14,2,2,0,1,4,285,285,267,267,8,2,27,1,165,0,1,3,47,11,2
1,2,1,380,380,5,https://resultados2019.blob.core.windows.net/201901/070284.jpg,OK,0,10,ESCUINTLA,IZTAPA,7028,CORPORACIÓN MUNICIPAL,27,2,2,0,1,4,275,275,246,246,12,4,31,1,150,0,0,2,34,11,1
0,0,0,400,0,5,https://resultados2019.blob.core.windows.net/201901/070364.jpg,OK,0,10,ESCUINTLA,IZTAPA,7036,CORPORACIÓN MUNICIPAL,0,0,0,0,0,4,0,0,0,0,0,0,0,0,0,0,0,0,0,0,0
0,0,0,380,0,5,https://resultados2019.blob.core.windows.net/201901/070304.jpg,OK,0,10,ESCUINTLA,IZTAPA,7030,CORPORACIÓN MUNICIPAL,0,0,0,0,0,4,0,0,0,0,0,0,0,0,0,0,0,0,0,0,0
1,2,0,211,215,5,https://resultados2019.blob.core.windows.net/201901/070264.jpg,OK,0,10,ESCUINTLA,IZTAPA,7026,CORPORACIÓN MUNICIPAL,12,2,2,0,1,4,172,172,158,158,3,4,19,6,49,0,2,1,28,46,0
0,0,0,400,0,5,https://resultados2019.blob.core.windows.net/201901/070074.jpg,OK,0,10,ESCUINTLA,IZTAPA,7007,CORPORACIÓN MUNICIPAL,0,0,0,0,0,4,0,0,0,0,0,0,0,0,0,0,0,0,0,0,0
0,0,0,410,0,5,https://resultados2019.blob.core.windows.net/201901/070424.jpg,OK,0,10,ESCUINTLA,IZTAPA,7042,CORPORACIÓN MUNICIPAL,0,0,0,0,0,4,0,0,0,0,0,0,0,0,0,0,0,0,0,0,0
1,1,0,352,358,5,https://resultados2019.blob.core.windows.net/201901/070344.jpg,OK,0,10,ESCUINTLA,IZTAPA,7034,CORPORACIÓN MUNICIPAL,5,2,2,0,1,4,295,295,289,289,9,3,22,2,193,0,1,2,44,12,1
0,0,0,400,0,5,https://resultados2019.blob.core.windows.net/201901/070244.jpg,OK,0,10,ESCUINTLA,IZTAPA,7024,CORPORACIÓN MUNICIPAL,0,0,0,0,0,4,0,0,0,0,0,0,0,0,0,0,0,0,0,0,0
0,0,0,308,0,5,https://resultados2019.blob.core.windows.net/201901/070234.jpg,OK,0,10,ESCUINTLA,IZTAPA,7023,CORPORACIÓN MUNICIPAL,0,0,0,0,0,4,0,0,0,0,0,0,0,0,0,0,0,0,0,0,0
1,6,0,400,396,5,https://resultados2019.blob.core.windows.net/201901/070114.jpg,OK,0,10,ESCUINTLA,IZTAPA,7011,CORPORACIÓN MUNICIPAL,11,2,2,0,1,4,343,343,326,326,4,2,14,5,140,1,2,2,108,44,4
0,0,0,400,0,5,https://resultados2019.blob.core.windows.net/201901/070254.jpg,OK,0,10,ESCUINTLA,IZTAPA,7025,CORPORACIÓN MUNICIPAL,0,0,0,0,0,4,0,0,0,0,0,0,0,0,0,0,0,0,0,0,0
1,2,0,380,380,5,https://resultados2019.blob.core.windows.net/201901/070294.jpg,OK,0,10,ESCUINTLA,IZTAPA,7029,CORPORACIÓN MUNICIPAL,16,2,2,0,1,4,325,325,307,307,3,4,26,2,200,0,0,7,52,11,2
0,0,0,400,0,5,https://resultados2019.blob.core.windows.net/201901/070184.jpg,OK,0,10,ESCUINTLA,IZTAPA,7018,CORPORACIÓN MUNICIPAL,0,0,0,0,0,4,0,0,0,0,0,0,0,0,0,0,0,0,0,0,0
0,0,0,400,0,5,https://resultados2019.blob.core.windows.net/201901/070194.jpg,OK,0,10,ESCUINTLA,IZTAPA,7019,CORPORACIÓN MUNICIPAL,0,0,0,0,0,4,0,0,0,0,0,0,0,0,0,0,0,0,0,0,0
0,0,0,211,0,5,https://resultados2019.blob.core.windows.net/201901/070274.jpg,OK,0,10,ESCUINTLA,IZTAPA,7027,CORPORACIÓN MUNICIPAL,0,0,0,0,0,4,0,0,0,0,0,0,0,0,0,0,0,0,0,0,0
0,0,0,400,0,5,https://resultados2019.blob.core.windows.net/201901/070104.jpg,OK,0,10,ESCUINTLA,IZTAPA,7010,CORPORACIÓN MUNICIPAL,0,0,0,0,0,4,0,0,0,0,0,0,0,0,0,0,0,0,0,0,0
1,4,0,353,353,5,https://resultados2019.blob.core.windows.net/201901/070334.jpg,OK,0,10,ESCUINTLA,IZTAPA,7033,CORPORACIÓN MUNICIPAL,19,2,2,0,1,4,250,250,227,227,1,4,26,2,144,0,0,3,39,7,1
0,0,0,400,0,5,https://resultados2019.blob.core.windows.net/201901/070064.jpg,OK,0,10,ESCUINTLA,IZTAPA,7006,CORPORACIÓN MUNICIPAL,0,0,0,0,0,4,0,0,0,0,0,0,0,0,0,0,0,0,0,0,0
1,1,0,238,238,5,https://resultados2019.blob.core.windows.net/201901/070404.jpg,OK,0,10,ESCUINTLA,IZTAPA,7040,CORPORACIÓN MUNICIPAL,5,2,2,0,1,4,189,189,183,183,4,1,25,3,62,1,3,2,52,30,0
0,0,0,400,0,5,https://resultados2019.blob.core.windows.net/201901/070354.jpg,OK,0,10,ESCUINTLA,IZTAPA,7035,CORPORACIÓN MUNICIPAL,0,0,0,0,0,4,0,0,0,0,0,0,0,0,0,0,0,0,0,0,0
0,0,0,309,0,5,https://resultados2019.blob.core.windows.net/201901/070224.jpg,OK,0,10,ESCUINTLA,IZTAPA,7022,CORPORACIÓN MUNICIPAL,0,0,0,0,0,4,0,0,0,0,0,0,0,0,0,0,0,0,0,0,0
1,7,0,400,396,5,https://resultados2019.blob.core.windows.net/201901/070084.jpg,OK,0,10,ESCUINTLA,IZTAPA,7008,CORPORACIÓN MUNICIPAL,16,2,2,0,1,4,320,320,297,297,2,2,14,3,132,1,1,3,89,49,1
1,5,0,400,396,5,https://resultados2019.blob.core.windows.net/201901/070384.jpg,OK,0,10,ESCUINTLA,IZTAPA,7038,CORPORACIÓN MUNICIPAL,15,2,2,0,1,4,307,307,287,287,4,2,46,4,107,4,5,1,74,36,4
0,0,0,400,0,5,https://resultados2019.blob.core.windows.net/201901/070174.jpg,OK,0,10,ESCUINTLA,IZTAPA,7017,CORPORACIÓN MUNICIPAL,0,0,0,0,0,4,0,0,0,0,0,0,0,0,0,0,0,0,0,0,0
0,0,0,400,0,5,https://resultados2019.blob.core.windows.net/201901/070134.jpg,OK,0,10,ESCUINTLA,IZTAPA,7013,CORPORACIÓN MUNICIPAL,0,0,0,0,0,4,0,0,0,0,0,0,0,0,0,0,0,0,0,0,0
0,0,0,400,0,5,https://resultados2019.blob.core.windows.net/201901/070144.jpg,OK,0,10,ESCUINTLA,IZTAPA,7014,CORPORACIÓN MUNICIPAL,0,0,0,0,0,4,0,0,0,0,0,0,0,0,0,0,0,0,0,0,0
0,0,0,400,0,5,https://resultados2019.blob.core.windows.net/201901/070214.jpg,OK,0,10,ESCUINTLA,IZTAPA,7021,CORPORACIÓN MUNICIPAL,0,0,0,0,0,4,0,0,0,0,0,0,0,0,0,0,0,0,0,0,0
0,0,0,400,0,5,https://resultados2019.blob.core.windows.net/201901/070124.jpg,OK,0,10,ESCUINTLA,IZTAPA,7012,CORPORACIÓN MUNICIPAL,0,0,0,0,0,4,0,0,0,0,0,0,0,0,0,0,0,0,0,0,0
0,0,0,238,0,5,https://resultados2019.blob.core.windows.net/201901/070414.jpg,OK,0,10,ESCUINTLA,IZTAPA,7041,CORPORACIÓN MUNICIPAL,0,0,0,0,0,4,0,0,0,0,0,0,0,0,0,0,0,0,0,0,0
0,0,0,400,0,5,https://resultados2019.blob.core.windows.net/201901/070154.jpg,OK,0,10,ESCUINTLA,IZTAPA,7015,CORPORACIÓN MUNICIPAL,0,0,0,0,0,4,0,0,0,0,0,0,0,0,0,0,0,0,0,0,0
0,0,0,400,0,5,https://resultados2019.blob.core.windows.net/201901/070094.jpg,OK,0,10,ESCUINTLA,IZTAPA,7009,CORPORACIÓN MUNICIPAL,0,0,0,0,0,4,0,0,0,0,0,0,0,0,0,0,0,0,0,0,0
1,1,1,400,396,5,https://resultados2019.blob.core.windows.net/201901/070394.jpg,OK,0,10,ESCUINTLA,IZTAPA,7039,CORPORACIÓN MUNICIPAL,15,2,2,0,1,4,276,276,260,260,0,2,34,6,102,3,2,4,70,37,0
0,4,0,380,376,5,https://resultados2019.blob.core.windows.net/201901/070324.jpg,OK,2,10,ESCUINTLA,IZTAPA,7032,CORPORACIÓN MUNICIPAL,17,2,0,0,1,4,285,283,262,262,4,2,27,1,169,0,0,5,44,9,1
