ACTACUADRA,BLANCOS,CNTIMPUGNA,CNTINSCRITOS,CNTPAPELETAS,DEP,IMGSRC,IMGSTATUS,INVALIDOS,MUN,NDEP,NMUN,NROMESA,NTE,NULOS,STACTA,STESCAN,STFISIC,STTRANS,TIPOELECCION,TOTALACTA,TOTALVOTOS,VOTOSVALIDOS,VOTOSVALIDOSACTA,voto_BIEN,voto_CREO,voto_FUERZA,voto_LIBRE,voto_MLP,voto_PC,voto_PHG,voto_PODEMOS,voto_SEMILLA,voto_UCN,voto_UNE,voto_UNIONISTA,voto_VAMOS
1,2,0,380,374,5,https://resultados2019.blob.core.windows.net/201901/072384.jpg,OK,0,13,ESCUINTLA,NUEVA CONCEPCIÓN,7238,CORPORACIÓN MUNICIPAL,13,2,2,0,1,4,227,227,212,212,10,6,34,12,5,27,6,28,1,2,63,2,16
1,4,0,349,350,5,https://resultados2019.blob.core.windows.net/201901/071934.jpg,OK,0,13,ESCUINTLA,NUEVA CONCEPCIÓN,7193,CORPORACIÓN MUNICIPAL,10,2,2,0,1,4,208,208,194,194,9,2,79,4,2,18,2,13,0,0,60,0,5
1,2,0,245,247,5,https://resultados2019.blob.core.windows.net/201901/072154.jpg,OK,0,13,ESCUINTLA,NUEVA CONCEPCIÓN,7215,CORPORACIÓN MUNICIPAL,7,2,2,0,1,4,161,161,152,152,0,9,53,3,3,7,2,12,1,0,60,0,2
1,5,0,400,400,5,https://resultados2019.blob.core.windows.net/201901/071534.jpg,OK,16,13,ESCUINTLA,NUEVA CONCEPCIÓN,7153,CORPORACIÓN MUNICIPAL,16,2,2,0,1,4,262,262,241,241,3,3,41,9,2,53,5,33,0,1,72,1,18
1,5,0,380,380,5,https://resultados2019.blob.core.windows.net/201901/072034.jpg,OK,0,13,ESCUINTLA,NUEVA CONCEPCIÓN,7203,CORPORACIÓN MUNICIPAL,13,2,2,0,1,4,282,282,264,264,4,2,118,3,0,4,6,4,1,2,114,2,4
1,5,0,380,374,5,https://resultados2019.blob.core.windows.net/201901/071974.jpg,OK,0,13,ESCUINTLA,NUEVA CONCEPCIÓN,7197,CORPORACIÓN MUNICIPAL,13,2,2,0,1,4,245,245,227,227,4,1,34,2,5,8,3,85,1,0,73,3,8
1,5,0,380,374,5,https://resultados2019.blob.core.windows.net/201901/072064.jpg,OK,0,13,ESCUINTLA,NUEVA CONCEPCIÓN,7206,CORPORACIÓN MUNICIPAL,15,2,2,0,1,4,252,252,232,232,1,2,123,1,1,8,2,4,0,1,81,1,7
1,5,0,400,395,5,https://resultados2019.blob.core.windows.net/201901/071714.jpg,OK,0,13,ESCUINTLA,NUEVA CONCEPCIÓN,7171,CORPORACIÓN MUNICIPAL,2,2,2,0,1,4,295,295,288,288,10,3,39,9,0,71,5,30,0,5,89,1,26
1,8,0,349,351,5,https://resultados2019.blob.core.windows.net/201901/071944.jpg,OK,0,13,ESCUINTLA,NUEVA CONCEPCIÓN,7194,CORPORACIÓN MUNICIPAL,5,2,2,0,1,4,221,221,208,208,3,1,83,10,2,24,4,8,1,2,67,0,3
1,2,0,304,303,5,https://resultados2019.blob.core.windows.net/201901/071854.jpg,OK,0,13,ESCUINTLA,NUEVA CONCEPCIÓN,7185,CORPORACIÓN MUNICIPAL,17,2,2,0,1,4,203,203,184,184,5,4,22,12,2,48,3,35,0,2,47,0,4
1,5,0,205,205,5,https://resultados2019.blob.core.windows.net/201901/072324.jpg,OK,0,13,ESCUINTLA,NUEVA CONCEPCIÓN,7232,CORPORACIÓN MUNICIPAL,6,2,2,0,1,4,102,102,91,91,0,1,23,1,0,5,1,0,0,0,59,0,1
1,9,0,380,374,5,https://resultados2019.blob.core.windows.net/201901/071904.jpg,OK,0,13,ESCUINTLA,NUEVA CONCEPCIÓN,7190,CORPORACIÓN MUNICIPAL,11,2,2,0,1,4,224,224,204,204,3,2,81,5,2,13,5,9,0,1,81,0,2
1,7,0,380,375,5,https://resultados2019.blob.core.windows.net/201901/072004.jpg,OK,0,13,ESCUINTLA,NUEVA CONCEPCIÓN,7200,CORPORACIÓN MUNICIPAL,26,2,2,0,1,4,250,250,217,217,3,4,42,0,7,9,0,71,1,3,68,1,8
1,2,0,380,373,5,https://resultados2019.blob.core.windows.net/201901/071874.jpg,OK,0,13,ESCUINTLA,NUEVA CONCEPCIÓN,7187,CORPORACIÓN MUNICIPAL,14,2,2,0,1,4,240,240,224,224,2,1,80,9,1,18,1,10,0,4,90,4,4
1,3,0,380,374,5,https://resultados2019.blob.core.windows.net/201901/072274.jpg,OK,0,13,ESCUINTLA,NUEVA CONCEPCIÓN,7227,CORPORACIÓN MUNICIPAL,8,2,2,0,1,4,224,224,213,213,3,2,26,1,0,10,1,6,0,2,157,1,4
1,4,0,218,218,5,https://resultados2019.blob.core.windows.net/201901/072244.jpg,OK,0,13,ESCUINTLA,NUEVA CONCEPCIÓN,7224,CORPORACIÓN MUNICIPAL,6,2,2,0,1,4,134,134,124,124,0,4,27,1,0,8,2,1,0,1,79,0,1
1,8,0,380,379,5,https://resultados2019.blob.core.windows.net/201901/072264.jpg,OK,0,13,ESCUINTLA,NUEVA CONCEPCIÓN,7226,CORPORACIÓN MUNICIPAL,10,2,2,0,1,4,233,233,215,215,1,2,41,0,0,11,0,5,1,1,150,0,3
1,5,0,400,395,5,https://resultados2019.blob.core.windows.net/201901/071544.jpg,OK,0,13,ESCUINTLA,NUEVA CONCEPCIÓN,7154,CORPORACIÓN MUNICIPAL,18,2,2,0,1,4,274,274,251,251,7,4,44,8,1,40,5,40,1,4,81,4,12
1,7,0,380,373,5,https://resultados2019.blob.core.windows.net/201901/072124.jpg,OK,0,13,ESCUINTLA,NUEVA CONCEPCIÓN,7212,CORPORACIÓN MUNICIPAL,18,2,2,0,1,4,251,251,226,226,6,5,53,1,6,11,3,10,0,3,125,0,3
1,2,0,380,374,5,https://resultados2019.blob.core.windows.net/201901/072364.jpg,OK,0,13,ESCUINTLA,NUEVA CONCEPCIÓN,7236,CORPORACIÓN MUNICIPAL,21,2,2,0,1,4,229,229,206,206,6,9,43,10,1,22,11,22,1,4,60,1,16
1,6,0,380,373,5,https://resultados2019.blob.core.windows.net/201901/072314.jpg,OK,0,13,ESCUINTLA,NUEVA CONCEPCIÓN,7231,CORPORACIÓN MUNICIPAL,16,2,2,0,1,4,194,194,172,172,2,1,26,1,2,12,0,6,0,1,117,1,3
1,8,0,380,400,5,https://resultados2019.blob.core.windows.net/201901/072354.jpg,OK,0,13,ESCUINTLA,NUEVA CONCEPCIÓN,7235,CORPORACIÓN MUNICIPAL,23,2,2,0,1,4,271,271,240,240,9,3,39,9,4,27,9,37,1,3,77,2,20
1,5,0,400,396,5,https://resultados2019.blob.core.windows.net/201901/071814.jpg,OK,0,13,ESCUINTLA,NUEVA CONCEPCIÓN,7181,CORPORACIÓN MUNICIPAL,15,2,2,0,1,4,284,284,264,264,6,5,26,15,3,58,7,47,1,8,76,1,11
1,2,0,248,246,5,https://resultados2019.blob.core.windows.net/201901/072084.jpg,OK,0,13,ESCUINTLA,NUEVA CONCEPCIÓN,7208,CORPORACIÓN MUNICIPAL,6,2,2,0,1,4,187,187,179,179,1,0,95,1,0,5,1,1,1,0,68,1,5
1,7,0,400,394,5,https://resultados2019.blob.core.windows.net/201901/071644.jpg,OK,0,13,ESCUINTLA,NUEVA CONCEPCIÓN,7164,CORPORACIÓN MUNICIPAL,16,2,2,0,1,4,250,250,227,227,4,3,29,6,3,46,7,35,2,1,74,3,14
1,4,0,400,396,5,https://resultados2019.blob.core.windows.net/201901/071674.jpg,OK,147,13,ESCUINTLA,NUEVA CONCEPCIÓN,7167,CORPORACIÓN MUNICIPAL,20,2,2,0,1,4,249,249,225,225,8,3,31,10,2,42,0,30,2,4,77,4,12
1,7,0,246,244,5,https://resultados2019.blob.core.windows.net/201901/072144.jpg,OK,0,13,ESCUINTLA,NUEVA CONCEPCIÓN,7214,CORPORACIÓN MUNICIPAL,18,2,2,0,1,4,152,152,127,127,0,2,24,4,1,11,0,10,0,2,71,0,2
1,8,0,400,394,5,https://resultados2019.blob.core.windows.net/201901/071804.jpg,OK,0,13,ESCUINTLA,NUEVA CONCEPCIÓN,7180,CORPORACIÓN MUNICIPAL,22,2,2,0,1,4,277,277,247,247,5,8,22,17,3,49,3,46,1,2,80,2,9
1,2,0,380,368,5,https://resultados2019.blob.core.windows.net/201901/072344.jpg,OK,0,13,ESCUINTLA,NUEVA CONCEPCIÓN,7234,CORPORACIÓN MUNICIPAL,8,2,2,0,1,4,226,226,216,216,7,6,38,10,1,26,4,29,2,5,64,3,21
1,4,0,380,375,5,https://resultados2019.blob.core.windows.net/201901/072294.jpg,OK,0,13,ESCUINTLA,NUEVA CONCEPCIÓN,7229,CORPORACIÓN MUNICIPAL,16,2,2,0,1,4,205,205,185,185,2,3,18,1,1,15,2,3,1,0,137,2,0
1,8,0,400,396,5,https://resultados2019.blob.core.windows.net/201901/071834.jpg,OK,0,13,ESCUINTLA,NUEVA CONCEPCIÓN,7183,CORPORACIÓN MUNICIPAL,27,2,2,0,1,4,241,241,206,206,7,7,26,11,0,44,2,28,0,1,65,1,14
1,8,0,380,372,5,https://resultados2019.blob.core.windows.net/201901/071954.jpg,OK,0,13,ESCUINTLA,NUEVA CONCEPCIÓN,7195,CORPORACIÓN MUNICIPAL,21,2,2,0,1,4,245,245,216,216,3,1,35,0,4,7,1,75,0,3,82,0,5
1,3,0,400,398,5,https://resultados2019.blob.core.windows.net/201901/071754.jpg,OK,0,13,ESCUINTLA,NUEVA CONCEPCIÓN,7175,CORPORACIÓN MUNICIPAL,11,2,2,0,1,4,249,249,235,235,2,11,44,11,1,23,5,31,1,3,81,1,21
1,8,0,400,397,5,https://resultados2019.blob.core.windows.net/201901/071694.jpg,OK,0,13,ESCUINTLA,NUEVA CONCEPCIÓN,7169,CORPORACIÓN MUNICIPAL,9,2,2,0,1,4,219,219,202,202,7,2,33,6,1,44,0,23,0,3,72,0,11
1,0,0,591,592,5,https://resultados2019.blob.core.windows.net/201901/072474.jpg,OK,0,13,ESCUINTLA,NUEVA CONCEPCIÓN,7247,CORPORACIÓN MUNICIPAL,0,2,2,0,1,4,45,45,45,45,2,1,11,1,0,7,0,6,0,0,14,1,2
1,8,0,380,370,5,https://resultados2019.blob.core.windows.net/201901/071994.jpg,OK,20,13,ESCUINTLA,NUEVA CONCEPCIÓN,7199,CORPORACIÓN MUNICIPAL,12,2,2,0,1,4,268,268,248,248,0,4,32,5,10,9,2,102,2,2,69,1,10
1,2,0,226,228,5,https://resultados2019.blob.core.windows.net/201901/072394.jpg,OK,0,13,ESCUINTLA,NUEVA CONCEPCIÓN,7239,CORPORACIÓN MUNICIPAL,5,2,2,0,1,4,116,116,109,109,3,1,19,8,0,15,5,11,0,3,31,1,12
1,2,0,380,374,5,https://resultados2019.blob.core.windows.net/201901/072204.jpg,OK,0,13,ESCUINTLA,NUEVA CONCEPCIÓN,7220,CORPORACIÓN MUNICIPAL,12,2,2,0,1,4,228,228,214,214,0,2,40,1,3,4,1,5,0,2,152,0,4
1,6,0,295,295,5,https://resultados2019.blob.core.windows.net/201901/072014.jpg,OK,0,13,ESCUINTLA,NUEVA CONCEPCIÓN,7201,CORPORACIÓN MUNICIPAL,13,2,2,0,1,4,185,185,166,166,2,2,29,2,5,9,0,58,2,2,50,1,4
1,2,0,400,400,5,https://resultados2019.blob.core.windows.net/201901/071764.jpg,OK,0,13,ESCUINTLA,NUEVA CONCEPCIÓN,7176,CORPORACIÓN MUNICIPAL,16,2,2,0,1,4,231,231,213,213,2,4,34,3,1,25,5,38,3,0,84,0,14
1,6,0,380,374,5,https://resultados2019.blob.core.windows.net/201901/072104.jpg,OK,0,13,ESCUINTLA,NUEVA CONCEPCIÓN,7210,CORPORACIÓN MUNICIPAL,15,2,2,0,1,4,259,259,238,238,0,8,55,3,9,13,3,12,1,1,126,1,6
1,10,0,380,380,5,https://resultados2019.blob.core.windows.net/201901/072094.jpg,OK,0,13,ESCUINTLA,NUEVA CONCEPCIÓN,7209,CORPORACIÓN MUNICIPAL,19,2,2,0,1,4,244,244,215,215,5,9,43,1,4,12,4,17,0,2,108,0,10
1,5,0,380,380,5,https://resultados2019.blob.core.windows.net/201901/072224.jpg,OK,0,13,ESCUINTLA,NUEVA CONCEPCIÓN,7222,CORPORACIÓN MUNICIPAL,16,2,2,0,1,4,222,222,201,201,5,0,30,2,3,4,1,3,1,4,145,0,3
1,3,0,370,370,5,https://resultados2019.blob.core.windows.net/201901/071794.jpg,OK,0,13,ESCUINTLA,NUEVA CONCEPCIÓN,7179,CORPORACIÓN MUNICIPAL,6,2,2,0,1,4,228,228,219,219,2,2,43,5,0,26,6,28,1,2,95,0,9
1,1,0,226,223,5,https://resultados2019.blob.core.windows.net/201901/072404.jpg,OK,0,13,ESCUINTLA,NUEVA CONCEPCIÓN,7240,CORPORACIÓN MUNICIPAL,4,2,2,0,1,4,131,131,126,126,5,1,27,8,0,17,1,21,0,0,34,0,12
1,4,0,380,371,5,https://resultados2019.blob.core.windows.net/201901/072164.jpg,OK,0,13,ESCUINTLA,NUEVA CONCEPCIÓN,7216,CORPORACIÓN MUNICIPAL,9,2,2,0,1,4,224,224,211,211,1,4,47,2,0,2,0,5,0,5,142,0,3
1,5,0,400,397,5,https://resultados2019.blob.core.windows.net/201901/071664.jpg,OK,0,13,ESCUINTLA,NUEVA CONCEPCIÓN,7166,CORPORACIÓN MUNICIPAL,12,2,2,0,1,4,253,253,236,236,9,1,34,7,0,39,2,39,0,3,93,0,9
1,5,0,370,370,5,https://resultados2019.blob.core.windows.net/201901/071784.jpg,OK,0,13,ESCUINTLA,NUEVA CONCEPCIÓN,7178,CORPORACIÓN MUNICIPAL,24,2,2,0,1,4,198,198,169,169,2,4,28,2,0,22,5,26,2,3,64,2,9
1,5,0,380,380,5,https://resultados2019.blob.core.windows.net/201901/072284.jpg,OK,10,13,ESCUINTLA,NUEVA CONCEPCIÓN,7228,CORPORACIÓN MUNICIPAL,3,2,2,0,1,4,194,194,186,186,2,2,44,0,1,16,0,2,0,1,117,1,0
1,7,0,600,593,5,https://resultados2019.blob.core.windows.net/201901/072414.jpg,OK,0,13,ESCUINTLA,NUEVA CONCEPCIÓN,7241,CORPORACIÓN MUNICIPAL,10,2,2,0,1,4,199,199,182,182,7,5,38,6,3,17,6,21,0,4,66,0,9
1,5,0,600,594,5,https://resultados2019.blob.core.windows.net/201901/072454.jpg,OK,0,13,ESCUINTLA,NUEVA CONCEPCIÓN,7245,CORPORACIÓN MUNICIPAL,10,2,2,0,1,4,165,165,150,150,4,4,24,13,5,18,2,15,0,3,50,2,10
1,6,0,380,371,5,https://resultados2019.blob.core.windows.net/201901/072174.jpg,OK,0,13,ESCUINTLA,NUEVA CONCEPCIÓN,7217,CORPORACIÓN MUNICIPAL,9,2,2,0,1,4,240,240,225,225,3,5,50,2,3,5,2,16,0,3,133,0,3
1,3,0,217,218,5,https://resultados2019.blob.core.windows.net/201901/072254.jpg,OK,0,13,ESCUINTLA,NUEVA CONCEPCIÓN,7225,CORPORACIÓN MUNICIPAL,2,2,2,0,1,4,134,134,129,129,0,1,24,1,0,8,0,4,0,1,86,0,4
1,8,0,600,596,5,https://resultados2019.blob.core.windows.net/201901/072424.jpg,OK,0,13,ESCUINTLA,NUEVA CONCEPCIÓN,7242,CORPORACIÓN MUNICIPAL,10,2,2,0,1,4,199,199,181,181,4,3,38,9,0,13,0,16,1,3,77,6,11
1,7,0,400,394,5,https://resultados2019.blob.core.windows.net/201901/071684.jpg,OK,0,13,ESCUINTLA,NUEVA CONCEPCIÓN,7168,CORPORACIÓN MUNICIPAL,13,2,2,0,1,4,231,231,211,211,7,1,36,10,1,40,0,23,0,6,64,4,19
1,1,0,205,206,5,https://resultados2019.blob.core.windows.net/201901/072334.jpg,OK,0,13,ESCUINTLA,NUEVA CONCEPCIÓN,7233,CORPORACIÓN MUNICIPAL,2,2,2,0,1,4,120,120,117,117,1,2,15,0,0,9,0,0,0,0,87,1,2
1,3,0,400,394,5,https://resultados2019.blob.core.windows.net/201901/071824.jpg,OK,0,13,ESCUINTLA,NUEVA CONCEPCIÓN,7182,CORPORACIÓN MUNICIPAL,9,2,2,0,1,4,278,278,266,266,4,5,28,11,1,57,4,54,0,2,86,0,14
1,1,0,380,374,5,https://resultados2019.blob.core.windows.net/201901/072194.jpg,OK,0,13,ESCUINTLA,NUEVA CONCEPCIÓN,7219,CORPORACIÓN MUNICIPAL,8,2,2,0,1,4,212,212,203,203,1,3,39,2,1,8,2,8,0,0,132,0,7
1,6,0,380,380,5,https://resultados2019.blob.core.windows.net/201901/071984.jpg,OK,0,13,ESCUINTLA,NUEVA CONCEPCIÓN,7198,CORPORACIÓN MUNICIPAL,14,2,2,0,1,4,244,244,224,224,2,2,46,1,11,7,1,73,0,0,67,3,11
1,5,0,400,391,5,https://resultados2019.blob.core.windows.net/201901/071744.jpg,OK,0,13,ESCUINTLA,NUEVA CONCEPCIÓN,7174,CORPORACIÓN MUNICIPAL,19,2,2,0,1,4,260,260,236,236,2,3,30,4,0,27,5,42,2,4,105,2,10
1,5,0,400,400,5,https://resultados2019.blob.core.windows.net/201901/071624.jpg,OK,1,13,ESCUINTLA,NUEVA CONCEPCIÓN,7162,CORPORACIÓN MUNICIPAL,15,2,2,0,1,4,242,242,222,222,6,6,41,7,1,41,2,26,0,5,72,0,15
1,5,0,380,374,5,https://resultados2019.blob.core.windows.net/201901/072234.jpg,OK,0,13,ESCUINTLA,NUEVA CONCEPCIÓN,7223,CORPORACIÓN MUNICIPAL,15,2,2,0,1,4,231,231,211,211,0,1,35,6,2,7,1,5,0,2,144,0,8
1,5,0,380,374,5,https://resultados2019.blob.core.windows.net/201901/071884.jpg,OK,0,13,ESCUINTLA,NUEVA CONCEPCIÓN,7188,CORPORACIÓN MUNICIPAL,24,2,2,0,1,4,237,237,208,208,7,2,69,3,0,15,4,12,1,0,88,1,6
1,4,0,400,403,5,https://resultados2019.blob.core.windows.net/201901/071704.jpg,OK,0,13,ESCUINTLA,NUEVA CONCEPCIÓN,7170,CORPORACIÓN MUNICIPAL,8,2,2,0,1,4,245,245,233,233,7,5,42,11,1,41,5,27,0,3,75,0,16
1,7,0,380,374,5,https://resultados2019.blob.core.windows.net/201901/071864.jpg,OK,0,13,ESCUINTLA,NUEVA CONCEPCIÓN,7186,CORPORACIÓN MUNICIPAL,6,2,2,0,1,4,227,227,214,214,0,2,66,11,1,24,5,22,2,1,74,0,6
1,3,0,600,598,5,https://resultados2019.blob.core.windows.net/201901/072444.jpg,OK,0,13,ESCUINTLA,NUEVA CONCEPCIÓN,7244,CORPORACIÓN MUNICIPAL,11,2,2,0,1,4,195,195,181,181,5,6,33,7,3,22,2,20,1,2,65,2,13
1,5,0,380,373,5,https://resultados2019.blob.core.windows.net/201901/072214.jpg,OK,0,13,ESCUINTLA,NUEVA CONCEPCIÓN,7221,CORPORACIÓN MUNICIPAL,17,2,2,0,1,4,243,243,221,221,5,4,38,4,3,7,1,7,2,0,147,0,3
1,4,0,400,400,5,https://resultados2019.blob.core.windows.net/201901/071604.jpg,OK,0,13,ESCUINTLA,NUEVA CONCEPCIÓN,7160,CORPORACIÓN MUNICIPAL,11,2,2,0,1,4,226,226,211,211,9,3,36,8,1,47,3,17,2,0,68,0,17
1,3,0,326,323,5,https://resultados2019.blob.core.windows.net/201901/071734.jpg,OK,0,13,ESCUINTLA,NUEVA CONCEPCIÓN,7173,CORPORACIÓN MUNICIPAL,9,2,2,0,1,4,191,191,179,179,8,0,35,11,0,30,3,19,1,3,56,0,13
1,1,0,400,400,5,https://resultados2019.blob.core.windows.net/201901/071584.jpg,OK,0,13,ESCUINTLA,NUEVA CONCEPCIÓN,7158,CORPORACIÓN MUNICIPAL,21,2,2,0,1,4,265,265,243,243,6,6,47,6,0,36,3,27,0,6,90,1,15
1,8,0,380,374,5,https://resultados2019.blob.core.windows.net/201901/071914.jpg,OK,0,13,ESCUINTLA,NUEVA CONCEPCIÓN,7191,CORPORACIÓN MUNICIPAL,15,2,2,0,1,4,207,207,184,184,1,2,59,9,1,17,3,9,0,1,73,1,8
1,13,0,380,374,5,https://resultados2019.blob.core.windows.net/201901/072134.jpg,OK,0,13,ESCUINTLA,NUEVA CONCEPCIÓN,7213,CORPORACIÓN MUNICIPAL,8,2,2,0,1,4,243,243,222,222,2,11,45,1,6,12,1,6,0,7,124,0,7
1,1,0,400,395,5,https://resultados2019.blob.core.windows.net/201901/071654.jpg,OK,5,13,ESCUINTLA,NUEVA CONCEPCIÓN,7165,CORPORACIÓN MUNICIPAL,3,2,2,0,1,4,256,256,252,252,4,6,35,7,0,53,1,46,1,5,76,1,17
1,3,0,400,396,5,https://resultados2019.blob.core.windows.net/201901/071614.jpg,OK,0,13,ESCUINTLA,NUEVA CONCEPCIÓN,7161,CORPORACIÓN MUNICIPAL,9,2,2,0,1,4,246,246,234,234,9,3,41,4,0,45,4,28,0,4,82,2,12
1,3,0,380,375,5,https://resultados2019.blob.core.windows.net/201901/072374.jpg,OK,0,13,ESCUINTLA,NUEVA CONCEPCIÓN,7237,CORPORACIÓN MUNICIPAL,18,2,2,0,1,4,225,225,204,204,11,11,30,5,0,26,6,22,0,5,65,1,22
1,3,0,380,377,5,https://resultados2019.blob.core.windows.net/201901/072044.jpg,OK,0,13,ESCUINTLA,NUEVA CONCEPCIÓN,7204,CORPORACIÓN MUNICIPAL,11,2,2,0,1,4,249,249,235,235,2,1,115,1,0,3,6,7,1,2,84,5,8
1,7,0,400,400,5,https://resultados2019.blob.core.windows.net/201901/071634.jpg,OK,0,13,ESCUINTLA,NUEVA CONCEPCIÓN,7163,CORPORACIÓN MUNICIPAL,13,2,2,0,1,4,260,260,240,240,5,4,39,8,3,48,2,37,1,3,73,0,17
1,5,0,400,400,5,https://resultados2019.blob.core.windows.net/201901/071524.jpg,OK,0,13,ESCUINTLA,NUEVA CONCEPCIÓN,7152,CORPORACIÓN MUNICIPAL,15,2,2,0,1,4,248,248,228,228,3,4,37,12,1,45,7,34,1,1,70,1,12
1,3,0,380,375,5,https://resultados2019.blob.core.windows.net/201901/071964.jpg,OK,0,13,ESCUINTLA,NUEVA CONCEPCIÓN,7196,CORPORACIÓN MUNICIPAL,20,2,2,0,1,4,275,275,252,252,5,1,55,3,7,14,3,93,0,2,65,0,4
1,7,0,380,370,5,https://resultados2019.blob.core.windows.net/201901/072054.jpg,OK,0,13,ESCUINTLA,NUEVA CONCEPCIÓN,7205,CORPORACIÓN MUNICIPAL,14,2,2,0,1,4,244,244,223,223,2,4,113,1,1,5,4,6,0,1,81,1,4
1,5,0,380,380,5,https://resultados2019.blob.core.windows.net/201901/072114.jpg,OK,0,13,ESCUINTLA,NUEVA CONCEPCIÓN,7211,CORPORACIÓN MUNICIPAL,12,2,2,0,1,4,238,238,221,221,4,5,54,6,11,8,2,15,0,0,114,0,2
1,19,0,400,400,5,https://resultados2019.blob.core.windows.net/201901/071554.jpg,OK,1,13,ESCUINTLA,NUEVA CONCEPCIÓN,7155,CORPORACIÓN MUNICIPAL,20,2,2,0,1,4,266,266,227,227,1,4,38,7,5,35,0,30,1,5,85,0,16
1,4,0,249,247,5,https://resultados2019.blob.core.windows.net/201901/072074.jpg,OK,0,13,ESCUINTLA,NUEVA CONCEPCIÓN,7207,CORPORACIÓN MUNICIPAL,19,2,2,0,1,4,177,177,154,154,0,2,66,1,0,5,2,4,0,1,67,4,2
1,1,0,327,327,5,https://resultados2019.blob.core.windows.net/201901/071724.jpg,OK,0,13,ESCUINTLA,NUEVA CONCEPCIÓN,7172,CORPORACIÓN MUNICIPAL,3,2,2,0,1,4,258,258,254,254,14,4,42,9,0,63,4,31,0,2,69,0,16
1,6,0,400,400,5,https://resultados2019.blob.core.windows.net/201901/071594.jpg,OK,0,13,ESCUINTLA,NUEVA CONCEPCIÓN,7159,CORPORACIÓN MUNICIPAL,6,2,2,0,1,4,232,232,220,220,6,4,28,9,0,34,0,26,2,5,79,1,26
1,9,0,380,373,5,https://resultados2019.blob.core.windows.net/201901/072184.jpg,OK,0,13,ESCUINTLA,NUEVA CONCEPCIÓN,7218,CORPORACIÓN MUNICIPAL,12,2,2,0,1,4,233,233,212,212,3,3,49,2,2,9,2,8,0,3,126,2,3
1,3,0,380,374,5,https://resultados2019.blob.core.windows.net/201901/071924.jpg,OK,0,13,ESCUINTLA,NUEVA CONCEPCIÓN,7192,CORPORACIÓN MUNICIPAL,10,2,2,0,1,4,197,197,184,184,3,3,53,8,0,23,0,12,0,2,69,1,10
1,2,0,380,373,5,https://resultados2019.blob.core.windows.net/201901/071894.jpg,OK,0,13,ESCUINTLA,NUEVA CONCEPCIÓN,7189,CORPORACIÓN MUNICIPAL,9,2,2,0,1,4,206,206,195,195,5,5,74,2,1,22,0,9,1,0,70,1,5
1,4,0,400,396,5,https://resultados2019.blob.core.windows.net/201901/071564.jpg,OK,0,13,ESCUINTLA,NUEVA CONCEPCIÓN,7156,CORPORACIÓN MUNICIPAL,17,2,2,0,1,4,255,255,234,234,6,3,39,6,0,49,4,32,0,6,72,2,15
1,2,0,400,400,5,https://resultados2019.blob.core.windows.net/201901/071774.jpg,OK,0,13,ESCUINTLA,NUEVA CONCEPCIÓN,7177,CORPORACIÓN MUNICIPAL,17,2,2,0,1,4,226,226,207,207,2,1,33,6,1,23,4,44,2,2,81,1,7
1,8,0,295,294,5,https://resultados2019.blob.core.windows.net/201901/072024.jpg,OK,0,13,ESCUINTLA,NUEVA CONCEPCIÓN,7202,CORPORACIÓN MUNICIPAL,10,2,2,0,1,4,203,203,185,185,4,5,40,1,5,8,0,61,0,0,53,0,8
1,5,0,380,374,5,https://resultados2019.blob.core.windows.net/201901/072304.jpg,OK,0,13,ESCUINTLA,NUEVA CONCEPCIÓN,7230,CORPORACIÓN MUNICIPAL,16,2,2,0,1,4,231,231,210,210,1,0,36,1,0,7,1,3,0,3,155,0,3
1,6,0,400,395,5,https://resultados2019.blob.core.windows.net/201901/071574.jpg,OK,0,13,ESCUINTLA,NUEVA CONCEPCIÓN,7157,CORPORACIÓN MUNICIPAL,14,2,2,0,1,4,254,254,234,234,7,7,41,8,0,28,3,44,2,2,71,0,21
1,0,0,600,596,5,https://resultados2019.blob.core.windows.net/201901/072434.jpg,OK,0,13,ESCUINTLA,NUEVA CONCEPCIÓN,7243,CORPORACIÓN MUNICIPAL,6,2,2,0,1,4,168,168,162,162,5,7,25,4,2,13,5,21,0,4,66,0,10
1,2,0,305,305,5,https://resultados2019.blob.core.windows.net/201901/071844.jpg,OK,0,13,ESCUINTLA,NUEVA CONCEPCIÓN,7184,CORPORACIÓN MUNICIPAL,16,2,2,0,1,4,209,209,191,191,5,5,19,6,3,42,1,35,0,3,62,1,9
1,1,0,591,591,5,https://resultados2019.blob.core.windows.net/201901/072464.jpg,OK,0,13,ESCUINTLA,NUEVA CONCEPCIÓN,7246,CORPORACIÓN MUNICIPAL,8,2,2,0,1,4,117,117,108,108,4,2,21,7,1,11,0,16,0,5,36,1,4
