ACTACUADRA,BLANCOS,CNTIMPUGNA,CNTINSCRITOS,CNTPAPELETAS,DEP,IMGSRC,IMGSTATUS,INVALIDOS,MUN,NDEP,NMUN,NROMESA,NTE,NULOS,STACTA,STESCAN,STFISIC,STTRANS,TIPOELECCION,TOTALACTA,TOTALVOTOS,VOTOSVALIDOS,VOTOSVALIDOSACTA,voto_CONVERGENCIA,voto_CREO,voto_FCN-NACION,voto_FUERZA,voto_LIBRE,voto_PC,voto_PHG,voto_PODEMOS,voto_PPT,voto_SEMILLA,voto_TODOS,voto_UCN,voto_UNE,voto_VALOR,voto_VAMOS,voto_VICTORIA,voto_VIVA
1,5,0,400,396,5,https://resultados2019.blob.core.windows.net/201901/065214.jpg,OK,0,2,ESCUINTLA,SANTA LUCÍA COTZUMALGUAPA,6521,CORPORACIÓN MUNICIPAL,14,2,2,0,1,4,269,269,250,250,4,17,6,0,2,7,2,2,69,40,4,16,72,6,2,1,0
1,2,0,400,396,5,https://resultados2019.blob.core.windows.net/201901/065024.jpg,OK,0,2,ESCUINTLA,SANTA LUCÍA COTZUMALGUAPA,6502,CORPORACIÓN MUNICIPAL,11,2,2,0,1,4,298,298,285,285,1,23,7,5,2,4,5,0,96,37,2,20,68,5,5,2,3
1,5,0,400,0,5,https://resultados2019.blob.core.windows.net/201901/064474.jpg,OK,0,2,ESCUINTLA,SANTA LUCÍA COTZUMALGUAPA,6447,CORPORACIÓN MUNICIPAL,13,2,2,0,1,4,272,272,254,254,3,24,6,0,6,2,4,1,59,59,1,18,62,5,2,1,1
1,3,0,600,600,5,https://resultados2019.blob.core.windows.net/201901/065914.jpg,OK,0,2,ESCUINTLA,SANTA LUCÍA COTZUMALGUAPA,6591,CORPORACIÓN MUNICIPAL,9,2,2,0,1,4,273,273,261,261,5,29,2,0,6,7,5,1,67,57,3,17,49,6,4,1,2
1,2,0,400,400,5,https://resultados2019.blob.core.windows.net/201901/065444.jpg,OK,0,2,ESCUINTLA,SANTA LUCÍA COTZUMALGUAPA,6544,CORPORACIÓN MUNICIPAL,9,2,2,0,1,4,285,285,274,274,1,14,8,0,2,10,2,2,78,48,0,14,76,10,5,1,3
1,1,0,400,396,5,https://resultados2019.blob.core.windows.net/201901/064694.jpg,OK,0,2,ESCUINTLA,SANTA LUCÍA COTZUMALGUAPA,6469,CORPORACIÓN MUNICIPAL,9,2,2,0,1,4,243,243,233,233,1,13,4,0,1,11,5,3,72,54,1,7,50,7,2,1,1
1,4,0,400,400,5,https://resultados2019.blob.core.windows.net/201901/064594.jpg,OK,0,2,ESCUINTLA,SANTA LUCÍA COTZUMALGUAPA,6459,CORPORACIÓN MUNICIPAL,12,2,2,0,1,4,264,264,248,248,11,10,4,1,1,8,5,1,53,67,0,11,60,8,4,2,2
1,0,0,400,393,5,https://resultados2019.blob.core.windows.net/201901/065404.jpg,OK,0,2,ESCUINTLA,SANTA LUCÍA COTZUMALGUAPA,6540,CORPORACIÓN MUNICIPAL,16,2,2,0,1,4,247,247,231,231,0,22,8,2,2,5,3,1,59,33,1,12,64,12,5,0,2
1,4,0,400,0,5,https://resultados2019.blob.core.windows.net/201901/064734.jpg,OK,0,2,ESCUINTLA,SANTA LUCÍA COTZUMALGUAPA,6473,CORPORACIÓN MUNICIPAL,22,2,2,0,1,4,278,278,252,252,2,23,12,0,8,4,8,0,67,32,2,20,66,3,3,0,2
1,2,1,400,410,5,https://resultados2019.blob.core.windows.net/201901/065144.jpg,OK,0,2,ESCUINTLA,SANTA LUCÍA COTZUMALGUAPA,6514,CORPORACIÓN MUNICIPAL,15,2,2,0,1,4,274,274,257,257,3,24,5,0,5,6,7,1,74,38,3,16,60,3,11,1,0
1,2,0,600,557,5,https://resultados2019.blob.core.windows.net/201901/065844.jpg,OK,0,2,ESCUINTLA,SANTA LUCÍA COTZUMALGUAPA,6584,CORPORACIÓN MUNICIPAL,11,2,2,0,1,4,307,307,294,294,4,25,6,0,4,5,5,2,83,53,5,24,53,12,9,2,2
1,2,0,400,397,5,https://resultados2019.blob.core.windows.net/201901/065394.jpg,OK,0,2,ESCUINTLA,SANTA LUCÍA COTZUMALGUAPA,6539,CORPORACIÓN MUNICIPAL,14,2,2,0,1,4,264,264,248,248,1,13,6,0,5,8,8,0,67,42,3,12,65,12,6,0,0
1,7,0,400,402,5,https://resultados2019.blob.core.windows.net/201901/064954.jpg,OK,0,2,ESCUINTLA,SANTA LUCÍA COTZUMALGUAPA,6495,CORPORACIÓN MUNICIPAL,13,2,2,0,1,4,293,293,273,273,0,17,7,3,3,1,3,2,86,47,2,17,76,6,1,2,0
1,3,0,400,0,5,https://resultados2019.blob.core.windows.net/201901/065104.jpg,OK,0,2,ESCUINTLA,SANTA LUCÍA COTZUMALGUAPA,6510,CORPORACIÓN MUNICIPAL,12,2,2,0,1,4,297,297,282,282,3,31,6,2,4,7,4,1,82,52,1,7,55,13,7,4,3
1,4,0,400,396,5,https://resultados2019.blob.core.windows.net/201901/064934.jpg,OK,0,2,ESCUINTLA,SANTA LUCÍA COTZUMALGUAPA,6493,CORPORACIÓN MUNICIPAL,14,2,2,0,1,4,297,297,279,279,3,24,5,0,3,5,4,2,97,31,1,14,71,8,8,1,2
1,1,0,600,596,5,https://resultados2019.blob.core.windows.net/201901/065854.jpg,OK,0,2,ESCUINTLA,SANTA LUCÍA COTZUMALGUAPA,6585,CORPORACIÓN MUNICIPAL,25,2,2,0,1,4,313,313,287,287,3,24,7,5,6,5,8,3,85,50,1,16,57,6,7,3,1
1,4,0,400,396,5,https://resultados2019.blob.core.windows.net/201901/064994.jpg,OK,0,2,ESCUINTLA,SANTA LUCÍA COTZUMALGUAPA,6499,CORPORACIÓN MUNICIPAL,23,2,2,0,1,4,292,292,265,265,4,23,2,0,5,8,3,2,76,43,4,15,59,7,7,1,6
1,8,0,380,376,5,https://resultados2019.blob.core.windows.net/201901/065654.jpg,OK,0,2,ESCUINTLA,SANTA LUCÍA COTZUMALGUAPA,6565,CORPORACIÓN MUNICIPAL,36,2,2,0,1,4,251,251,207,207,0,63,3,1,2,1,0,0,75,2,2,2,53,0,1,1,1
1,0,0,400,399,5,https://resultados2019.blob.core.windows.net/201901/065154.jpg,OK,0,2,ESCUINTLA,SANTA LUCÍA COTZUMALGUAPA,6515,CORPORACIÓN MUNICIPAL,10,2,2,0,1,4,266,266,256,256,2,11,5,0,3,8,6,2,91,47,1,14,51,8,5,1,1
1,6,0,400,400,5,https://resultados2019.blob.core.windows.net/201901/064964.jpg,OK,0,2,ESCUINTLA,SANTA LUCÍA COTZUMALGUAPA,6496,CORPORACIÓN MUNICIPAL,14,2,2,0,1,4,297,297,277,277,4,27,6,2,5,6,6,2,76,37,3,11,69,11,9,1,2
1,2,0,400,400,5,https://resultados2019.blob.core.windows.net/201901/064634.jpg,OK,0,2,ESCUINTLA,SANTA LUCÍA COTZUMALGUAPA,6463,CORPORACIÓN MUNICIPAL,7,2,2,0,1,4,276,276,267,267,3,27,4,1,5,9,3,2,56,74,2,10,54,6,8,0,3
1,0,0,400,396,5,https://resultados2019.blob.core.windows.net/201901/064794.jpg,OK,0,2,ESCUINTLA,SANTA LUCÍA COTZUMALGUAPA,6479,CORPORACIÓN MUNICIPAL,1,2,2,0,1,4,242,242,241,241,0,12,2,0,2,4,5,0,87,31,0,17,68,6,5,1,1
1,8,0,400,0,5,https://resultados2019.blob.core.windows.net/201901/064824.jpg,OK,0,2,ESCUINTLA,SANTA LUCÍA COTZUMALGUAPA,6482,CORPORACIÓN MUNICIPAL,13,2,2,0,1,4,274,274,253,253,2,15,3,1,6,3,3,6,86,37,1,13,65,5,5,1,1
1,3,0,400,600,5,https://resultados2019.blob.core.windows.net/201901/065414.jpg,OK,0,2,ESCUINTLA,SANTA LUCÍA COTZUMALGUAPA,6541,CORPORACIÓN MUNICIPAL,12,2,2,0,1,4,253,253,238,238,1,21,3,0,3,3,6,1,65,37,0,13,69,10,4,1,1
1,6,0,400,400,5,https://resultados2019.blob.core.windows.net/201901/064974.jpg,OK,0,2,ESCUINTLA,SANTA LUCÍA COTZUMALGUAPA,6497,CORPORACIÓN MUNICIPAL,13,2,2,0,1,4,288,288,269,269,3,24,9,0,2,3,5,1,72,52,1,20,60,15,1,1,0
1,1,0,400,400,5,https://resultados2019.blob.core.windows.net/201901/064654.jpg,OK,0,2,ESCUINTLA,SANTA LUCÍA COTZUMALGUAPA,6465,CORPORACIÓN MUNICIPAL,12,2,2,0,1,4,258,258,245,245,0,23,8,2,8,1,5,0,53,52,7,18,57,6,3,1,1
1,3,0,400,400,5,https://resultados2019.blob.core.windows.net/201901/065354.jpg,OK,0,2,ESCUINTLA,SANTA LUCÍA COTZUMALGUAPA,6535,CORPORACIÓN MUNICIPAL,22,2,2,0,1,4,277,277,252,252,2,17,1,1,4,7,9,0,84,33,0,13,63,14,2,1,1
1,5,0,600,598,5,https://resultados2019.blob.core.windows.net/201901/065874.jpg,OK,0,2,ESCUINTLA,SANTA LUCÍA COTZUMALGUAPA,6587,CORPORACIÓN MUNICIPAL,18,2,2,0,1,4,282,282,259,259,4,18,4,0,5,8,7,2,65,47,4,32,49,8,3,2,1
1,4,0,600,600,5,https://resultados2019.blob.core.windows.net/201901/065924.jpg,OK,0,2,ESCUINTLA,SANTA LUCÍA COTZUMALGUAPA,6592,CORPORACIÓN MUNICIPAL,11,2,2,0,1,4,262,262,247,247,0,23,5,2,2,8,9,2,49,41,4,21,62,7,8,2,2
1,1,0,400,0,5,https://resultados2019.blob.core.windows.net/201901/064584.jpg,OK,0,2,ESCUINTLA,SANTA LUCÍA COTZUMALGUAPA,6458,CORPORACIÓN MUNICIPAL,18,2,2,0,1,4,264,264,245,245,3,22,6,1,2,5,6,0,69,56,0,6,54,5,8,0,2
1,5,0,400,400,5,https://resultados2019.blob.core.windows.net/201901/064864.jpg,OK,0,2,ESCUINTLA,SANTA LUCÍA COTZUMALGUAPA,6486,CORPORACIÓN MUNICIPAL,15,2,2,0,1,4,240,240,220,220,2,16,10,1,2,4,6,0,72,25,1,12,54,6,7,0,2
1,4,0,400,400,5,https://resultados2019.blob.core.windows.net/201901/064924.jpg,OK,0,2,ESCUINTLA,SANTA LUCÍA COTZUMALGUAPA,6492,CORPORACIÓN MUNICIPAL,31,2,2,0,1,4,293,293,258,258,3,20,7,1,1,4,2,0,73,32,5,18,75,11,4,1,1
1,5,0,400,395,5,https://resultados2019.blob.core.windows.net/201901/065314.jpg,OK,0,2,ESCUINTLA,SANTA LUCÍA COTZUMALGUAPA,6531,CORPORACIÓN MUNICIPAL,16,2,2,0,1,4,287,287,266,266,1,17,6,0,2,6,2,6,70,47,2,12,75,7,11,1,1
1,3,0,400,0,5,https://resultados2019.blob.core.windows.net/201901/065164.jpg,OK,1,2,ESCUINTLA,SANTA LUCÍA COTZUMALGUAPA,6516,CORPORACIÓN MUNICIPAL,5,2,2,0,1,4,255,255,247,247,2,22,6,2,2,5,3,1,81,41,4,12,48,11,6,0,1
0,0,0,400,399,5,https://resultados2019.blob.core.windows.net/201901/065004.jpg,OK,0,2,ESCUINTLA,SANTA LUCÍA COTZUMALGUAPA,6500,CORPORACIÓN MUNICIPAL,0,2,2,0,1,4,0,250,250,0,1,20,6,0,3,5,10,5,79,29,1,14,67,6,3,0,1
1,7,0,600,594,5,https://resultados2019.blob.core.windows.net/201901/065904.jpg,OK,0,2,ESCUINTLA,SANTA LUCÍA COTZUMALGUAPA,6590,CORPORACIÓN MUNICIPAL,16,2,2,0,1,4,261,261,238,238,1,21,7,3,2,5,6,3,55,51,4,14,57,2,4,2,1
1,5,0,400,400,5,https://resultados2019.blob.core.windows.net/201901/064754.jpg,OK,0,2,ESCUINTLA,SANTA LUCÍA COTZUMALGUAPA,6475,CORPORACIÓN MUNICIPAL,16,2,2,0,1,4,303,303,282,282,2,13,3,1,3,8,5,2,91,39,2,23,67,13,3,3,4
1,5,0,380,376,5,https://resultados2019.blob.core.windows.net/201901/065794.jpg,OK,0,2,ESCUINTLA,SANTA LUCÍA COTZUMALGUAPA,6579,CORPORACIÓN MUNICIPAL,22,2,2,0,1,4,280,280,253,253,1,5,2,2,3,2,2,1,96,11,2,8,111,0,4,2,1
1,3,0,400,0,5,https://resultados2019.blob.core.windows.net/201901/065264.jpg,OK,0,2,ESCUINTLA,SANTA LUCÍA COTZUMALGUAPA,6526,CORPORACIÓN MUNICIPAL,14,2,2,0,1,4,248,248,231,231,1,18,6,0,2,5,4,3,64,40,0,10,63,10,4,0,1
1,1,0,380,409,5,https://resultados2019.blob.core.windows.net/201901/065494.jpg,OK,0,2,ESCUINTLA,SANTA LUCÍA COTZUMALGUAPA,6549,CORPORACIÓN MUNICIPAL,25,2,2,0,1,4,309,309,283,283,0,12,2,0,0,1,1,1,154,7,2,6,92,3,0,1,1
1,4,0,400,0,5,https://resultados2019.blob.core.windows.net/201901/065234.jpg,OK,0,2,ESCUINTLA,SANTA LUCÍA COTZUMALGUAPA,6523,CORPORACIÓN MUNICIPAL,17,2,2,0,1,4,263,263,242,242,2,18,3,0,4,1,4,2,82,28,3,10,70,10,3,1,1
1,7,0,380,376,5,https://resultados2019.blob.core.windows.net/201901/065774.jpg,OK,0,2,ESCUINTLA,SANTA LUCÍA COTZUMALGUAPA,6577,CORPORACIÓN MUNICIPAL,17,2,2,0,1,4,276,276,252,252,0,3,4,1,1,3,0,4,89,12,5,6,113,6,4,0,1
1,6,0,400,400,5,https://resultados2019.blob.core.windows.net/201901/064684.jpg,OK,0,2,ESCUINTLA,SANTA LUCÍA COTZUMALGUAPA,6468,CORPORACIÓN MUNICIPAL,12,2,2,0,1,4,259,259,241,241,7,19,10,0,3,6,4,3,59,47,2,12,56,6,4,1,2
0,1,0,400,382,5,https://resultados2019.blob.core.windows.net/201901/064534.jpg,OK,0,2,ESCUINTLA,SANTA LUCÍA COTZUMALGUAPA,6453,CORPORACIÓN MUNICIPAL,9,2,2,0,1,4,301,301,291,0,2,21,7,4,11,11,6,0,65,81,3,19,47,9,4,1,0
1,1,0,204,204,5,https://resultados2019.blob.core.windows.net/201901/064714.jpg,OK,0,2,ESCUINTLA,SANTA LUCÍA COTZUMALGUAPA,6471,CORPORACIÓN MUNICIPAL,2,2,2,0,1,4,152,152,149,149,5,13,4,0,5,5,7,3,37,27,1,5,28,2,7,0,0
1,2,0,400,401,5,https://resultados2019.blob.core.windows.net/201901/065184.jpg,OK,0,2,ESCUINTLA,SANTA LUCÍA COTZUMALGUAPA,6518,CORPORACIÓN MUNICIPAL,11,2,2,0,1,4,250,250,237,237,1,17,2,1,2,6,8,2,73,37,4,18,55,6,4,0,1
1,4,0,400,400,5,https://resultados2019.blob.core.windows.net/201901/065084.jpg,OK,0,2,ESCUINTLA,SANTA LUCÍA COTZUMALGUAPA,6508,CORPORACIÓN MUNICIPAL,14,2,2,0,1,4,303,303,285,285,5,23,10,1,4,7,11,3,75,40,3,15,73,11,2,1,1
1,4,0,380,376,5,https://resultados2019.blob.core.windows.net/201901/065704.jpg,OK,0,2,ESCUINTLA,SANTA LUCÍA COTZUMALGUAPA,6570,CORPORACIÓN MUNICIPAL,24,2,2,0,1,4,304,304,276,276,1,6,3,1,1,4,2,1,99,11,4,13,121,0,7,1,1
1,7,0,600,600,5,https://resultados2019.blob.core.windows.net/201901/065834.jpg,OK,0,2,ESCUINTLA,SANTA LUCÍA COTZUMALGUAPA,6583,CORPORACIÓN MUNICIPAL,18,2,2,0,1,4,277,277,252,252,1,19,3,2,3,7,2,4,70,40,2,9,75,9,3,2,1
1,1,0,400,0,5,https://resultados2019.blob.core.windows.net/201901/065124.jpg,OK,0,2,ESCUINTLA,SANTA LUCÍA COTZUMALGUAPA,6512,CORPORACIÓN MUNICIPAL,22,2,2,0,1,4,289,289,266,266,5,30,7,1,2,3,6,3,73,33,3,12,72,9,5,1,1
1,3,0,380,380,5,https://resultados2019.blob.core.windows.net/201901/065804.jpg,OK,0,2,ESCUINTLA,SANTA LUCÍA COTZUMALGUAPA,6580,CORPORACIÓN MUNICIPAL,24,2,2,0,1,4,269,269,242,242,2,9,3,1,2,0,0,0,88,11,1,7,114,3,1,0,0
1,7,0,380,380,5,https://resultados2019.blob.core.windows.net/201901/065514.jpg,OK,0,2,ESCUINTLA,SANTA LUCÍA COTZUMALGUAPA,6551,CORPORACIÓN MUNICIPAL,21,2,2,0,1,4,276,276,248,248,0,6,0,0,0,0,1,5,152,4,1,3,71,2,1,1,1
1,9,0,340,340,5,https://resultados2019.blob.core.windows.net/201901/065674.jpg,OK,0,2,ESCUINTLA,SANTA LUCÍA COTZUMALGUAPA,6567,CORPORACIÓN MUNICIPAL,23,2,2,0,1,4,191,191,159,159,1,45,5,1,4,1,1,0,58,1,0,2,39,0,1,0,0
1,1,0,400,396,5,https://resultados2019.blob.core.windows.net/201901/064764.jpg,OK,0,2,ESCUINTLA,SANTA LUCÍA COTZUMALGUAPA,6476,CORPORACIÓN MUNICIPAL,8,2,2,0,1,4,292,292,283,283,1,29,6,1,3,8,6,2,96,34,1,20,63,7,5,1,0
1,3,0,400,0,5,https://resultados2019.blob.core.windows.net/201901/064834.jpg,OK,0,2,ESCUINTLA,SANTA LUCÍA COTZUMALGUAPA,6483,CORPORACIÓN MUNICIPAL,23,2,2,0,1,4,273,273,247,247,1,19,4,2,3,6,2,2,80,27,1,19,66,6,8,1,0
0,20,0,380,376,5,https://resultados2019.blob.core.windows.net/201901/065664.jpg,OK,0,2,ESCUINTLA,SANTA LUCÍA COTZUMALGUAPA,6566,CORPORACIÓN MUNICIPAL,37,2,2,0,1,4,376,263,206,206,0,56,3,0,4,2,2,2,66,1,1,6,56,3,3,0,1
1,2,0,400,401,5,https://resultados2019.blob.core.windows.net/201901/064624.jpg,OK,0,2,ESCUINTLA,SANTA LUCÍA COTZUMALGUAPA,6462,CORPORACIÓN MUNICIPAL,13,2,2,0,1,4,283,283,268,268,2,35,5,3,5,8,0,2,74,60,3,15,44,2,8,1,1
1,1,0,332,250,5,https://resultados2019.blob.core.windows.net/201901/065464.jpg,OK,0,2,ESCUINTLA,SANTA LUCÍA COTZUMALGUAPA,6546,CORPORACIÓN MUNICIPAL,1,2,2,0,1,4,250,250,248,248,2,20,6,0,3,9,5,1,74,50,1,6,53,10,8,0,0
1,6,0,236,235,5,https://resultados2019.blob.core.windows.net/201901/065614.jpg,OK,0,2,ESCUINTLA,SANTA LUCÍA COTZUMALGUAPA,6561,CORPORACIÓN MUNICIPAL,20,2,2,0,1,4,187,187,161,161,2,10,2,0,2,0,3,2,85,2,0,2,47,0,2,0,2
1,1,0,400,400,5,https://resultados2019.blob.core.windows.net/201901/065424.jpg,OK,0,2,ESCUINTLA,SANTA LUCÍA COTZUMALGUAPA,6542,CORPORACIÓN MUNICIPAL,11,2,2,0,1,4,264,264,252,252,4,17,1,2,3,5,4,0,78,36,2,15,67,13,4,1,0
1,2,0,400,400,5,https://resultados2019.blob.core.windows.net/201901/064944.jpg,OK,0,2,ESCUINTLA,SANTA LUCÍA COTZUMALGUAPA,6494,CORPORACIÓN MUNICIPAL,14,2,2,0,1,4,288,288,272,272,4,13,9,1,2,4,8,1,92,34,1,11,70,11,9,1,1
1,4,0,400,400,5,https://resultados2019.blob.core.windows.net/201901/064774.jpg,OK,0,2,ESCUINTLA,SANTA LUCÍA COTZUMALGUAPA,6477,CORPORACIÓN MUNICIPAL,13,2,2,0,1,4,313,313,296,296,3,22,2,2,7,6,8,3,88,49,2,22,66,2,9,1,4
1,4,0,400,396,5,https://resultados2019.blob.core.windows.net/201901/065114.jpg,OK,0,2,ESCUINTLA,SANTA LUCÍA COTZUMALGUAPA,6511,CORPORACIÓN MUNICIPAL,16,2,2,0,1,4,314,314,294,294,4,20,5,0,5,8,4,2,76,57,0,23,79,7,1,3,0
1,1,0,400,396,5,https://resultados2019.blob.core.windows.net/201901/065454.jpg,OK,0,2,ESCUINTLA,SANTA LUCÍA COTZUMALGUAPA,6545,CORPORACIÓN MUNICIPAL,2,2,2,0,1,4,295,295,292,292,2,18,13,1,1,4,5,1,96,58,1,20,56,9,5,2,0
1,1,0,400,396,5,https://resultados2019.blob.core.windows.net/201901/065014.jpg,OK,0,2,ESCUINTLA,SANTA LUCÍA COTZUMALGUAPA,6501,CORPORACIÓN MUNICIPAL,15,2,2,0,1,4,285,285,269,269,4,19,7,0,5,4,4,2,77,46,2,11,59,19,8,1,1
1,3,0,400,392,5,https://resultados2019.blob.core.windows.net/201901/065094.jpg,OK,0,2,ESCUINTLA,SANTA LUCÍA COTZUMALGUAPA,6509,CORPORACIÓN MUNICIPAL,11,2,2,0,1,4,294,294,280,280,2,23,7,2,6,7,7,4,78,36,0,19,67,8,8,2,4
1,0,0,400,400,5,https://resultados2019.blob.core.windows.net/201901/064704.jpg,OK,0,2,ESCUINTLA,SANTA LUCÍA COTZUMALGUAPA,6470,CORPORACIÓN MUNICIPAL,2,2,2,0,1,4,302,302,300,300,3,20,6,2,4,9,4,0,67,91,2,13,56,9,9,4,1
1,5,0,380,0,5,https://resultados2019.blob.core.windows.net/201901/065484.jpg,OK,0,2,ESCUINTLA,SANTA LUCÍA COTZUMALGUAPA,6548,CORPORACIÓN MUNICIPAL,20,2,2,0,1,4,286,286,261,261,1,9,1,2,1,4,2,5,146,2,3,5,74,1,2,0,3
1,3,0,380,380,5,https://resultados2019.blob.core.windows.net/201901/065594.jpg,OK,0,2,ESCUINTLA,SANTA LUCÍA COTZUMALGUAPA,6559,CORPORACIÓN MUNICIPAL,18,2,2,0,1,4,285,285,264,264,1,22,13,2,2,0,2,1,165,2,1,7,44,0,2,0,0
1,3,0,400,396,5,https://resultados2019.blob.core.windows.net/201901/065074.jpg,OK,12,2,ESCUINTLA,SANTA LUCÍA COTZUMALGUAPA,6507,CORPORACIÓN MUNICIPAL,9,2,2,0,1,4,291,291,279,279,4,24,5,1,3,5,4,1,84,48,2,18,63,9,5,1,2
1,2,0,331,328,5,https://resultados2019.blob.core.windows.net/201901/065474.jpg,OK,0,2,ESCUINTLA,SANTA LUCÍA COTZUMALGUAPA,6547,CORPORACIÓN MUNICIPAL,8,2,2,0,1,4,173,173,163,163,1,12,9,1,3,3,6,0,40,15,0,12,45,10,5,1,0
1,2,0,245,245,5,https://resultados2019.blob.core.windows.net/201901/064884.jpg,OK,0,2,ESCUINTLA,SANTA LUCÍA COTZUMALGUAPA,6488,CORPORACIÓN MUNICIPAL,6,2,2,0,1,4,173,173,165,165,2,14,3,0,8,5,5,0,39,23,1,11,48,3,1,0,2
1,4,0,380,0,5,https://resultados2019.blob.core.windows.net/201901/065504.jpg,OK,0,2,ESCUINTLA,SANTA LUCÍA COTZUMALGUAPA,6550,CORPORACIÓN MUNICIPAL,21,2,2,0,1,4,304,304,279,279,2,14,0,0,0,0,0,2,158,7,0,4,80,5,3,2,2
0,6,0,380,391,5,https://resultados2019.blob.core.windows.net/201901/065734.jpg,OK,0,2,ESCUINTLA,SANTA LUCÍA COTZUMALGUAPA,6573,CORPORACIÓN MUNICIPAL,22,2,2,0,1,4,287,305,277,287,0,9,0,3,3,2,0,0,108,7,8,2,124,3,6,1,1
1,0,0,440,439,5,https://resultados2019.blob.core.windows.net/201901/065954.jpg,OK,0,2,ESCUINTLA,SANTA LUCÍA COTZUMALGUAPA,6595,CORPORACIÓN MUNICIPAL,3,2,2,0,1,4,46,46,43,43,0,1,3,0,2,0,2,2,10,2,0,4,11,3,2,0,1
1,1,0,400,0,5,https://resultados2019.blob.core.windows.net/201901/065294.jpg,OK,0,2,ESCUINTLA,SANTA LUCÍA COTZUMALGUAPA,6529,CORPORACIÓN MUNICIPAL,20,2,2,0,1,4,274,274,253,253,2,17,5,1,2,6,3,1,72,37,4,17,64,14,5,2,1
1,0,0,275,275,5,https://resultados2019.blob.core.windows.net/201901/065814.jpg,OK,0,2,ESCUINTLA,SANTA LUCÍA COTZUMALGUAPA,6581,CORPORACIÓN MUNICIPAL,0,2,2,0,1,4,202,202,202,202,2,4,5,1,0,3,0,2,84,9,4,4,77,3,2,2,0
1,1,0,400,396,5,https://resultados2019.blob.core.windows.net/201901/064604.jpg,OK,0,2,ESCUINTLA,SANTA LUCÍA COTZUMALGUAPA,6460,CORPORACIÓN MUNICIPAL,9,2,2,0,1,4,273,273,263,263,3,19,4,2,6,11,8,1,55,62,4,15,58,8,6,1,0
1,4,0,400,0,5,https://resultados2019.blob.core.windows.net/201901/065134.jpg,OK,0,2,ESCUINTLA,SANTA LUCÍA COTZUMALGUAPA,6513,CORPORACIÓN MUNICIPAL,11,2,2,0,1,4,290,290,275,275,0,21,5,2,0,6,10,1,84,40,3,10,74,14,3,1,1
1,6,0,400,0,5,https://resultados2019.blob.core.windows.net/201901/065064.jpg,OK,0,2,ESCUINTLA,SANTA LUCÍA COTZUMALGUAPA,6506,CORPORACIÓN MUNICIPAL,20,2,2,0,1,4,289,289,263,263,7,19,4,2,2,6,5,3,77,37,1,17,64,12,3,2,2
1,1,0,600,596,5,https://resultados2019.blob.core.windows.net/201901/065934.jpg,OK,0,2,ESCUINTLA,SANTA LUCÍA COTZUMALGUAPA,6593,CORPORACIÓN MUNICIPAL,11,2,2,0,1,4,189,189,177,177,3,13,7,1,1,6,1,1,39,36,2,14,41,7,3,0,2
1,4,0,400,400,5,https://resultados2019.blob.core.windows.net/201901/065364.jpg,OK,0,2,ESCUINTLA,SANTA LUCÍA COTZUMALGUAPA,6536,CORPORACIÓN MUNICIPAL,18,2,2,0,1,4,250,250,228,228,3,15,4,1,2,5,5,4,68,30,0,12,68,8,2,0,1
0,0,0,245,245,5,https://resultados2019.blob.core.windows.net/201901/064874.jpg,OK,0,2,ESCUINTLA,SANTA LUCÍA COTZUMALGUAPA,6487,CORPORACIÓN MUNICIPAL,4,2,2,0,1,4,171,172,168,167,1,9,5,0,4,4,4,3,59,25,2,11,35,3,2,1,0
1,2,0,400,396,5,https://resultados2019.blob.core.windows.net/201901/064664.jpg,OK,10,2,ESCUINTLA,SANTA LUCÍA COTZUMALGUAPA,6466,CORPORACIÓN MUNICIPAL,1,2,2,0,1,4,270,270,267,267,3,21,7,0,4,8,5,2,75,56,1,17,60,3,4,1,0
1,8,0,400,0,5,https://resultados2019.blob.core.windows.net/201901/065244.jpg,OK,0,2,ESCUINTLA,SANTA LUCÍA COTZUMALGUAPA,6524,CORPORACIÓN MUNICIPAL,14,2,2,0,1,4,274,274,252,252,2,13,6,1,1,3,4,1,73,44,3,16,67,10,7,0,1
1,6,0,400,400,5,https://resultados2019.blob.core.windows.net/201901/065344.jpg,OK,0,2,ESCUINTLA,SANTA LUCÍA COTZUMALGUAPA,6534,CORPORACIÓN MUNICIPAL,17,2,2,0,1,4,287,287,264,264,3,17,6,3,3,2,6,0,75,30,4,13,77,17,4,3,1
1,3,0,400,401,5,https://resultados2019.blob.core.windows.net/201901/064554.jpg,OK,0,2,ESCUINTLA,SANTA LUCÍA COTZUMALGUAPA,6455,CORPORACIÓN MUNICIPAL,12,2,2,0,1,4,302,302,287,287,4,29,7,1,10,8,6,3,60,77,3,14,51,4,9,1,0
1,1,0,440,440,5,https://resultados2019.blob.core.windows.net/201901/065944.jpg,OK,0,2,ESCUINTLA,SANTA LUCÍA COTZUMALGUAPA,6594,CORPORACIÓN MUNICIPAL,2,2,2,0,1,4,120,120,117,117,0,11,3,0,2,1,5,0,27,20,0,6,31,4,6,0,1
1,4,0,600,0,5,https://resultados2019.blob.core.windows.net/201901/065864.jpg,OK,0,2,ESCUINTLA,SANTA LUCÍA COTZUMALGUAPA,6586,CORPORACIÓN MUNICIPAL,18,2,2,0,1,4,264,264,242,242,4,17,5,1,4,5,7,2,69,47,4,12,55,1,5,0,4
1,4,0,400,0,5,https://resultados2019.blob.core.windows.net/201901/065284.jpg,OK,1,2,ESCUINTLA,SANTA LUCÍA COTZUMALGUAPA,6528,CORPORACIÓN MUNICIPAL,15,2,2,0,1,4,254,254,235,235,3,16,6,0,3,2,4,3,59,31,0,19,75,8,5,1,0
1,9,0,380,376,5,https://resultados2019.blob.core.windows.net/201901/065574.jpg,OK,0,2,ESCUINTLA,SANTA LUCÍA COTZUMALGUAPA,6557,CORPORACIÓN MUNICIPAL,16,2,2,0,1,4,309,309,284,284,0,18,5,1,2,1,1,1,175,5,2,5,58,1,8,0,1
1,2,0,236,236,5,https://resultados2019.blob.core.windows.net/201901/065624.jpg,OK,0,2,ESCUINTLA,SANTA LUCÍA COTZUMALGUAPA,6562,CORPORACIÓN MUNICIPAL,6,2,2,0,1,4,170,170,162,162,0,6,5,0,1,0,1,2,109,4,2,4,26,0,2,0,0
1,4,0,380,377,5,https://resultados2019.blob.core.windows.net/201901/065744.jpg,OK,0,2,ESCUINTLA,SANTA LUCÍA COTZUMALGUAPA,6574,CORPORACIÓN MUNICIPAL,10,2,2,0,1,4,285,285,271,271,0,5,0,8,2,1,0,0,99,16,6,6,122,4,2,0,0
1,4,0,400,0,5,https://resultados2019.blob.core.windows.net/201901/065274.jpg,OK,0,2,ESCUINTLA,SANTA LUCÍA COTZUMALGUAPA,6527,CORPORACIÓN MUNICIPAL,14,2,2,0,1,4,275,275,257,257,3,15,2,1,6,7,6,2,71,36,1,11,77,9,8,0,2
1,5,0,400,400,5,https://resultados2019.blob.core.windows.net/201901/064894.jpg,OK,0,2,ESCUINTLA,SANTA LUCÍA COTZUMALGUAPA,6489,CORPORACIÓN MUNICIPAL,9,2,2,0,1,4,317,317,303,303,6,24,8,1,15,3,6,3,75,62,3,18,64,10,4,0,1
1,9,0,400,400,5,https://resultados2019.blob.core.windows.net/201901/064854.jpg,OK,0,2,ESCUINTLA,SANTA LUCÍA COTZUMALGUAPA,6485,CORPORACIÓN MUNICIPAL,18,2,2,0,1,4,267,267,240,240,0,11,8,1,3,11,5,4,76,25,1,17,68,7,3,0,0
1,2,0,400,0,5,https://resultados2019.blob.core.windows.net/201901/064494.jpg,OK,0,2,ESCUINTLA,SANTA LUCÍA COTZUMALGUAPA,6449,CORPORACIÓN MUNICIPAL,10,2,2,0,1,4,288,288,276,276,1,22,4,1,8,6,6,4,70,66,4,16,59,4,4,0,1
1,3,0,400,399,5,https://resultados2019.blob.core.windows.net/201901/064514.jpg,OK,0,2,ESCUINTLA,SANTA LUCÍA COTZUMALGUAPA,6451,CORPORACIÓN MUNICIPAL,9,2,2,0,1,4,293,293,281,281,6,21,7,1,3,9,4,2,65,71,1,29,53,6,2,0,1
1,5,0,400,0,5,https://resultados2019.blob.core.windows.net/201901/065194.jpg,OK,0,2,ESCUINTLA,SANTA LUCÍA COTZUMALGUAPA,6519,CORPORACIÓN MUNICIPAL,12,2,2,0,1,4,288,288,271,271,3,20,10,1,1,2,8,5,84,40,4,14,56,10,7,3,3
1,10,0,400,0,5,https://resultados2019.blob.core.windows.net/201901/065304.jpg,OK,18,2,ESCUINTLA,SANTA LUCÍA COTZUMALGUAPA,6530,CORPORACIÓN MUNICIPAL,2,2,2,0,1,4,255,255,243,243,2,19,5,1,2,5,5,0,78,37,5,13,50,11,8,1,1
1,3,0,334,334,5,https://resultados2019.blob.core.windows.net/201901/064904.jpg,OK,0,2,ESCUINTLA,SANTA LUCÍA COTZUMALGUAPA,6490,CORPORACIÓN MUNICIPAL,8,2,2,0,1,4,232,232,221,221,3,13,12,0,7,3,4,2,51,39,1,14,64,3,5,0,0
0,6,0,400,397,5,https://resultados2019.blob.core.windows.net/201901/064984.jpg,OK,0,2,ESCUINTLA,SANTA LUCÍA COTZUMALGUAPA,6498,CORPORACIÓN MUNICIPAL,15,2,2,0,1,4,287,283,262,266,3,28,3,2,2,5,5,1,72,37,1,14,71,11,2,3,2
1,6,0,400,400,5,https://resultados2019.blob.core.windows.net/201901/065374.jpg,OK,0,2,ESCUINTLA,SANTA LUCÍA COTZUMALGUAPA,6537,CORPORACIÓN MUNICIPAL,18,2,2,0,1,4,251,251,227,227,5,14,4,0,5,4,2,1,70,32,3,18,57,8,2,0,2
1,8,0,380,0,5,https://resultados2019.blob.core.windows.net/201901/065764.jpg,OK,0,2,ESCUINTLA,SANTA LUCÍA COTZUMALGUAPA,6576,CORPORACIÓN MUNICIPAL,63,2,2,0,1,4,281,281,210,210,1,2,5,1,4,4,1,1,66,11,1,2,104,4,2,0,1
1,4,0,380,0,5,https://resultados2019.blob.core.windows.net/201901/065534.jpg,OK,0,2,ESCUINTLA,SANTA LUCÍA COTZUMALGUAPA,6553,CORPORACIÓN MUNICIPAL,25,2,2,0,1,4,296,296,267,267,0,12,2,1,2,1,4,3,134,4,3,5,90,1,3,1,1
0,3,0,400,0,5,https://resultados2019.blob.core.windows.net/201901/064484.jpg,OK,0,2,ESCUINTLA,SANTA LUCÍA COTZUMALGUAPA,6448,CORPORACIÓN MUNICIPAL,14,2,2,0,1,4,0,289,272,272,3,22,9,1,3,9,3,2,69,64,1,9,59,9,8,1,0
0,5,0,400,0,5,https://resultados2019.blob.core.windows.net/201901/064744.jpg,OK,0,2,ESCUINTLA,SANTA LUCÍA COTZUMALGUAPA,6474,CORPORACIÓN MUNICIPAL,22,2,2,0,1,4,318,317,290,290,1,16,6,0,2,7,9,1,105,41,0,17,73,4,7,0,1
1,2,0,400,0,5,https://resultados2019.blob.core.windows.net/201901/065174.jpg,OK,0,2,ESCUINTLA,SANTA LUCÍA COTZUMALGUAPA,6517,CORPORACIÓN MUNICIPAL,9,2,2,0,1,4,261,261,250,250,2,20,10,0,0,4,4,0,70,51,3,13,63,8,1,1,0
1,0,0,400,400,5,https://resultados2019.blob.core.windows.net/201901/064564.jpg,OK,0,2,ESCUINTLA,SANTA LUCÍA COTZUMALGUAPA,6456,CORPORACIÓN MUNICIPAL,12,2,2,0,1,4,286,286,274,274,6,15,2,3,4,8,8,4,70,75,1,16,55,3,4,0,0
0,7,0,380,376,5,https://resultados2019.blob.core.windows.net/201901/065634.jpg,OK,0,2,ESCUINTLA,SANTA LUCÍA COTZUMALGUAPA,6563,CORPORACIÓN MUNICIPAL,28,2,2,0,1,4,242,238,203,207,2,53,3,2,2,0,0,1,69,3,0,3,61,1,3,0,0
1,11,0,380,0,5,https://resultados2019.blob.core.windows.net/201901/065724.jpg,OK,0,2,ESCUINTLA,SANTA LUCÍA COTZUMALGUAPA,6572,CORPORACIÓN MUNICIPAL,18,2,2,0,1,4,299,299,270,270,1,5,5,2,2,5,3,3,89,12,5,7,120,2,6,1,2
1,7,0,380,0,5,https://resultados2019.blob.core.windows.net/201901/065694.jpg,OK,0,2,ESCUINTLA,SANTA LUCÍA COTZUMALGUAPA,6569,CORPORACIÓN MUNICIPAL,21,2,2,0,1,4,304,304,276,276,3,8,3,6,1,0,3,2,97,10,7,11,113,5,3,0,4
1,4,0,400,400,5,https://resultados2019.blob.core.windows.net/201901/065334.jpg,OK,0,2,ESCUINTLA,SANTA LUCÍA COTZUMALGUAPA,6533,CORPORACIÓN MUNICIPAL,25,2,2,0,1,4,263,263,234,234,1,16,5,0,3,5,4,2,73,32,1,12,66,7,5,1,1
1,5,0,600,599,5,https://resultados2019.blob.core.windows.net/201901/065894.jpg,OK,0,2,ESCUINTLA,SANTA LUCÍA COTZUMALGUAPA,6589,CORPORACIÓN MUNICIPAL,9,2,2,0,1,4,283,283,269,269,4,25,7,1,2,6,6,3,66,70,2,14,47,6,7,1,2
1,2,0,400,399,5,https://resultados2019.blob.core.windows.net/201901/065224.jpg,OK,0,2,ESCUINTLA,SANTA LUCÍA COTZUMALGUAPA,6522,CORPORACIÓN MUNICIPAL,12,2,2,0,1,4,274,274,260,260,4,20,5,0,5,3,4,1,84,36,0,12,65,9,6,2,4
1,4,0,400,400,5,https://resultados2019.blob.core.windows.net/201901/064644.jpg,OK,0,2,ESCUINTLA,SANTA LUCÍA COTZUMALGUAPA,6464,CORPORACIÓN MUNICIPAL,9,2,2,0,1,4,264,264,251,251,3,15,8,5,7,6,5,3,50,67,3,16,56,1,5,1,0
1,6,0,380,396,5,https://resultados2019.blob.core.windows.net/201901/065524.jpg,OK,0,2,ESCUINTLA,SANTA LUCÍA COTZUMALGUAPA,6552,CORPORACIÓN MUNICIPAL,28,2,2,0,1,4,298,298,264,264,1,5,2,1,1,0,2,3,141,6,2,6,89,1,2,1,1
1,6,0,400,396,5,https://resultados2019.blob.core.windows.net/201901/064814.jpg,OK,0,2,ESCUINTLA,SANTA LUCÍA COTZUMALGUAPA,6481,CORPORACIÓN MUNICIPAL,19,2,2,0,1,4,273,273,248,248,1,13,9,2,5,7,8,3,84,39,3,10,53,7,2,1,1
1,11,0,400,400,5,https://resultados2019.blob.core.windows.net/201901/064844.jpg,OK,0,2,ESCUINTLA,SANTA LUCÍA COTZUMALGUAPA,6484,CORPORACIÓN MUNICIPAL,16,2,2,0,1,4,284,284,257,257,4,17,5,0,10,0,3,1,85,31,3,15,74,3,6,0,0
1,6,0,400,410,5,https://resultados2019.blob.core.windows.net/201901/065044.jpg,OK,0,2,ESCUINTLA,SANTA LUCÍA COTZUMALGUAPA,6504,CORPORACIÓN MUNICIPAL,12,2,2,0,1,4,301,301,283,283,4,18,2,0,7,1,6,1,80,48,5,22,60,17,9,2,1
1,3,0,400,400,5,https://resultados2019.blob.core.windows.net/201901/064674.jpg,OK,0,2,ESCUINTLA,SANTA LUCÍA COTZUMALGUAPA,6467,CORPORACIÓN MUNICIPAL,14,2,2,0,1,4,253,253,236,236,2,19,2,2,7,6,5,4,50,48,2,15,63,4,7,0,0
0,5,0,400,400,5,https://resultados2019.blob.core.windows.net/201901/064804.jpg,OK,0,2,ESCUINTLA,SANTA LUCÍA COTZUMALGUAPA,6480,CORPORACIÓN MUNICIPAL,11,2,2,0,1,4,400,257,241,384,2,20,4,1,6,8,8,3,70,29,2,13,66,6,3,0,0
1,4,0,600,0,5,https://resultados2019.blob.core.windows.net/201901/065884.jpg,OK,0,2,ESCUINTLA,SANTA LUCÍA COTZUMALGUAPA,6588,CORPORACIÓN MUNICIPAL,14,2,2,0,1,4,306,306,288,288,4,33,5,14,5,8,2,4,77,54,1,4,61,10,2,1,3
1,6,0,400,400,5,https://resultados2019.blob.core.windows.net/201901/064784.jpg,OK,0,2,ESCUINTLA,SANTA LUCÍA COTZUMALGUAPA,6478,CORPORACIÓN MUNICIPAL,7,2,2,0,1,4,292,292,279,279,2,23,7,2,9,9,8,4,89,39,6,16,55,6,4,0,0
1,4,0,400,400,5,https://resultados2019.blob.core.windows.net/201901/064544.jpg,OK,0,2,ESCUINTLA,SANTA LUCÍA COTZUMALGUAPA,6454,CORPORACIÓN MUNICIPAL,12,2,2,0,1,4,304,304,288,288,1,20,4,2,3,9,3,4,68,82,3,14,62,7,3,1,2
1,2,0,400,400,5,https://resultados2019.blob.core.windows.net/201901/065434.jpg,OK,0,2,ESCUINTLA,SANTA LUCÍA COTZUMALGUAPA,6543,CORPORACIÓN MUNICIPAL,13,2,2,0,1,4,269,269,254,254,1,21,5,0,5,2,10,0,76,39,2,14,61,9,8,1,0
1,2,0,400,0,5,https://resultados2019.blob.core.windows.net/201901/065204.jpg,OK,0,2,ESCUINTLA,SANTA LUCÍA COTZUMALGUAPA,6520,CORPORACIÓN MUNICIPAL,17,2,2,0,1,4,273,273,254,254,1,13,4,1,4,5,6,2,81,35,3,12,71,12,3,1,0
1,6,0,380,376,5,https://resultados2019.blob.core.windows.net/201901/065714.jpg,OK,0,2,ESCUINTLA,SANTA LUCÍA COTZUMALGUAPA,6571,CORPORACIÓN MUNICIPAL,15,2,2,0,1,4,302,302,281,281,0,3,2,1,1,3,2,4,111,23,7,8,108,2,5,1,0
1,4,0,380,376,5,https://resultados2019.blob.core.windows.net/201901/065754.jpg,OK,0,2,ESCUINTLA,SANTA LUCÍA COTZUMALGUAPA,6575,CORPORACIÓN MUNICIPAL,12,2,2,0,1,4,274,274,258,258,0,5,5,0,2,2,2,2,86,20,0,7,123,2,1,1,0
1,6,0,400,400,5,https://resultados2019.blob.core.windows.net/201901/065384.jpg,OK,0,2,ESCUINTLA,SANTA LUCÍA COTZUMALGUAPA,6538,CORPORACIÓN MUNICIPAL,22,2,2,0,1,4,234,234,206,206,1,19,4,1,4,3,5,0,63,25,4,4,61,11,1,0,0
1,4,0,400,396,5,https://resultados2019.blob.core.windows.net/201901/065034.jpg,OK,0,2,ESCUINTLA,SANTA LUCÍA COTZUMALGUAPA,6503,CORPORACIÓN MUNICIPAL,14,2,2,0,1,4,280,280,262,262,3,16,6,0,6,4,2,1,78,39,2,22,62,13,5,2,1
1,4,0,400,397,5,https://resultados2019.blob.core.windows.net/201901/064504.jpg,OK,0,2,ESCUINTLA,SANTA LUCÍA COTZUMALGUAPA,6450,CORPORACIÓN MUNICIPAL,14,2,2,0,1,4,276,276,258,258,2,26,5,0,7,1,4,1,59,69,1,19,47,7,5,2,3
1,6,0,380,380,5,https://resultados2019.blob.core.windows.net/201901/065604.jpg,OK,0,2,ESCUINTLA,SANTA LUCÍA COTZUMALGUAPA,6560,CORPORACIÓN MUNICIPAL,28,2,2,0,1,4,286,286,252,252,0,16,4,0,2,0,3,3,148,5,3,2,62,0,4,0,0
1,1,0,204,204,5,https://resultados2019.blob.core.windows.net/201901/064724.jpg,OK,0,2,ESCUINTLA,SANTA LUCÍA COTZUMALGUAPA,6472,CORPORACIÓN MUNICIPAL,7,2,2,0,1,4,120,120,112,112,2,8,3,0,5,0,1,3,33,28,0,3,20,1,2,1,2
1,6,0,380,376,5,https://resultados2019.blob.core.windows.net/201901/065644.jpg,OK,0,2,ESCUINTLA,SANTA LUCÍA COTZUMALGUAPA,6564,CORPORACIÓN MUNICIPAL,7,2,2,0,1,4,229,229,216,216,0,58,3,2,5,3,0,0,85,1,0,2,48,1,7,0,1
0,5,0,400,396,5,https://resultados2019.blob.core.windows.net/201901/065054.jpg,OK,0,2,ESCUINTLA,SANTA LUCÍA COTZUMALGUAPA,6505,CORPORACIÓN MUNICIPAL,21,2,2,0,1,4,303,304,278,277,2,23,9,1,4,4,10,1,92,40,3,15,59,10,3,1,1
1,1,0,338,338,5,https://resultados2019.blob.core.windows.net/201901/065564.jpg,OK,0,2,ESCUINTLA,SANTA LUCÍA COTZUMALGUAPA,6556,CORPORACIÓN MUNICIPAL,10,2,2,0,1,4,269,269,258,258,0,14,2,0,0,1,0,2,152,6,1,4,73,0,1,0,2
1,5,0,380,376,5,https://resultados2019.blob.core.windows.net/201901/065544.jpg,OK,0,2,ESCUINTLA,SANTA LUCÍA COTZUMALGUAPA,6554,CORPORACIÓN MUNICIPAL,40,2,2,0,1,4,296,296,251,251,1,6,1,1,1,0,2,3,131,2,2,4,89,3,4,0,1
1,5,0,400,0,5,https://resultados2019.blob.core.windows.net/201901/065254.jpg,OK,0,2,ESCUINTLA,SANTA LUCÍA COTZUMALGUAPA,6525,CORPORACIÓN MUNICIPAL,11,2,2,0,1,4,252,252,236,236,1,24,6,1,3,3,6,2,62,39,2,16,58,7,5,0,1
1,2,0,400,0,5,https://resultados2019.blob.core.windows.net/201901/064574.jpg,OK,0,2,ESCUINTLA,SANTA LUCÍA COTZUMALGUAPA,6457,CORPORACIÓN MUNICIPAL,9,2,2,0,1,4,261,261,250,250,3,25,6,1,2,6,1,1,74,57,2,12,50,4,5,1,0
1,3,0,334,334,5,https://resultados2019.blob.core.windows.net/201901/064914.jpg,OK,0,2,ESCUINTLA,SANTA LUCÍA COTZUMALGUAPA,6491,CORPORACIÓN MUNICIPAL,8,2,2,0,1,4,230,230,219,219,2,12,10,1,6,3,2,3,58,39,1,14,55,5,7,1,0
1,1,0,400,396,5,https://resultados2019.blob.core.windows.net/201901/065324.jpg,OK,0,2,ESCUINTLA,SANTA LUCÍA COTZUMALGUAPA,6532,CORPORACIÓN MUNICIPAL,16,2,2,0,1,4,266,266,249,249,1,26,7,1,5,9,0,1,65,35,2,18,65,9,5,0,0
1,2,0,380,380,5,https://resultados2019.blob.core.windows.net/201901/065584.jpg,OK,0,2,ESCUINTLA,SANTA LUCÍA COTZUMALGUAPA,6558,CORPORACIÓN MUNICIPAL,17,2,2,0,1,4,302,302,283,283,1,18,4,1,2,2,2,2,187,6,0,9,46,1,1,0,1
0,2,0,400,400,5,https://resultados2019.blob.core.windows.net/201901/064524.jpg,OK,0,2,ESCUINTLA,SANTA LUCÍA COTZUMALGUAPA,6452,CORPORACIÓN MUNICIPAL,16,2,2,0,1,4,306,302,284,288,4,20,3,2,8,13,5,2,66,50,2,24,74,8,3,0,0
1,8,0,339,339,5,https://resultados2019.blob.core.windows.net/201901/065684.jpg,OK,0,2,ESCUINTLA,SANTA LUCÍA COTZUMALGUAPA,6568,CORPORACIÓN MUNICIPAL,11,2,2,0,1,4,222,222,203,203,0,53,3,0,4,0,0,0,96,1,0,4,37,2,3,0,0
1,6,0,380,376,5,https://resultados2019.blob.core.windows.net/201901/065784.jpg,OK,0,2,ESCUINTLA,SANTA LUCÍA COTZUMALGUAPA,6578,CORPORACIÓN MUNICIPAL,25,2,2,0,1,4,290,290,259,259,0,6,0,1,2,2,1,0,87,7,3,6,129,5,7,2,1
1,0,0,275,275,5,https://resultados2019.blob.core.windows.net/201901/065824.jpg,OK,0,2,ESCUINTLA,SANTA LUCÍA COTZUMALGUAPA,6582,CORPORACIÓN MUNICIPAL,7,2,2,0,1,4,215,215,208,208,0,2,4,0,2,1,2,1,82,11,5,2,90,3,3,0,0
1,2,0,400,396,5,https://resultados2019.blob.core.windows.net/201901/064614.jpg,OK,0,2,ESCUINTLA,SANTA LUCÍA COTZUMALGUAPA,6461,CORPORACIÓN MUNICIPAL,11,2,2,0,1,4,265,265,252,252,3,23,6,1,5,7,0,3,59,71,3,14,44,9,0,0,4
1,3,0,338,0,5,https://resultados2019.blob.core.windows.net/201901/065554.jpg,OK,0,2,ESCUINTLA,SANTA LUCÍA COTZUMALGUAPA,6555,CORPORACIÓN MUNICIPAL,13,2,2,0,1,4,255,255,239,239,0,13,2,0,1,0,0,5,123,7,0,4,81,1,1,0,1
