ACTACUADRA,BLANCOS,CNTIMPUGNA,CNTINSCRITOS,CNTPAPELETAS,DEP,IMGSRC,IMGSTATUS,INVALIDOS,MUN,NDEP,NMUN,NROMESA,NTE,NULOS,STACTA,STESCAN,STFISIC,STTRANS,TIPOELECCION,TOTALACTA,TOTALVOTOS,VOTOSVALIDOS,VOTOSVALIDOSACTA,voto_EG,voto_FCN-NACION,voto_FUERZA,voto_LIBRE,voto_MLP,voto_PC,voto_PHG,voto_PODEMOS,voto_PPT,voto_SEMILLA,voto_TODOS,voto_UCN,voto_UNE,voto_VAMOS,voto_VICTORIA,voto_VIVA
1,1,0,248,250,5,https://resultados2019.blob.core.windows.net/201901/068214.jpg,OK,0,6,ESCUINTLA,TIQUISATE,6821,CORPORACIÓN MUNICIPAL,13,2,2,0,1,4,173,173,159,159,3,11,8,1,1,31,1,2,1,19,2,15,23,12,25,4
1,4,0,400,397,5,https://resultados2019.blob.core.windows.net/201901/067764.jpg,OK,0,6,ESCUINTLA,TIQUISATE,6776,CORPORACIÓN MUNICIPAL,14,2,2,0,1,4,247,247,229,229,17,10,35,2,2,17,8,0,0,13,3,52,33,9,19,9
1,5,0,380,380,5,https://resultados2019.blob.core.windows.net/201901/068064.jpg,OK,0,6,ESCUINTLA,TIQUISATE,6806,CORPORACIÓN MUNICIPAL,22,2,2,0,1,4,263,263,236,236,5,2,4,1,0,9,0,7,5,4,0,168,24,4,3,0
1,7,0,600,600,5,https://resultados2019.blob.core.windows.net/201901/068244.jpg,OK,0,6,ESCUINTLA,TIQUISATE,6824,CORPORACIÓN MUNICIPAL,21,2,2,0,1,4,231,231,203,203,20,13,22,1,7,20,5,2,1,9,4,39,18,10,16,16
1,4,0,213,213,5,https://resultados2019.blob.core.windows.net/201901/067954.jpg,OK,0,6,ESCUINTLA,TIQUISATE,6795,CORPORACIÓN MUNICIPAL,8,2,2,0,1,4,123,123,111,111,5,4,6,1,3,6,2,1,1,0,0,29,21,6,21,5
1,6,0,380,380,5,https://resultados2019.blob.core.windows.net/201901/067914.jpg,OK,0,6,ESCUINTLA,TIQUISATE,6791,CORPORACIÓN MUNICIPAL,24,2,2,0,1,4,227,227,197,197,18,9,7,2,2,15,1,10,1,2,3,45,27,7,40,8
1,2,0,400,400,5,https://resultados2019.blob.core.windows.net/201901/067704.jpg,OK,0,6,ESCUINTLA,TIQUISATE,6770,CORPORACIÓN MUNICIPAL,15,2,2,0,1,4,256,256,239,239,20,14,29,4,0,31,6,4,2,11,6,49,21,13,15,14
1,6,0,380,378,5,https://resultados2019.blob.core.windows.net/201901/068024.jpg,OK,0,6,ESCUINTLA,TIQUISATE,6802,CORPORACIÓN MUNICIPAL,21,2,2,0,1,4,255,255,228,228,4,5,17,1,2,96,1,7,4,20,1,20,39,4,3,4
1,6,0,600,600,5,https://resultados2019.blob.core.windows.net/201901/068224.jpg,OK,0,6,ESCUINTLA,TIQUISATE,6822,CORPORACIÓN MUNICIPAL,10,2,2,0,1,4,216,216,200,200,22,13,25,2,3,13,3,1,3,10,4,55,20,9,9,8
1,6,0,380,398,5,https://resultados2019.blob.core.windows.net/201901/067984.jpg,OK,0,6,ESCUINTLA,TIQUISATE,6798,CORPORACIÓN MUNICIPAL,21,2,2,0,1,4,250,250,223,223,4,1,14,0,0,111,0,7,2,8,2,28,28,5,8,5
1,5,0,380,380,5,https://resultados2019.blob.core.windows.net/201901/068004.jpg,OK,15,6,ESCUINTLA,TIQUISATE,6800,CORPORACIÓN MUNICIPAL,10,2,2,0,1,4,237,237,222,222,4,5,10,0,3,109,1,3,1,18,2,22,26,1,9,8
1,0,0,400,396,5,https://resultados2019.blob.core.windows.net/201901/067684.jpg,OK,0,6,ESCUINTLA,TIQUISATE,6768,CORPORACIÓN MUNICIPAL,4,2,2,0,1,4,260,260,256,256,28,6,35,1,1,29,9,2,0,9,3,52,34,14,16,17
1,2,0,400,388,5,https://resultados2019.blob.core.windows.net/201901/067784.jpg,OK,0,6,ESCUINTLA,TIQUISATE,6778,CORPORACIÓN MUNICIPAL,8,2,2,0,1,4,261,261,251,251,0,3,33,21,4,33,6,21,2,11,8,39,27,20,20,3
1,4,0,400,400,5,https://resultados2019.blob.core.windows.net/201901/067574.jpg,OK,0,6,ESCUINTLA,TIQUISATE,6757,CORPORACIÓN MUNICIPAL,13,2,2,0,1,4,263,263,246,246,18,8,34,1,5,33,5,2,1,12,6,49,25,10,24,13
1,13,0,380,380,5,https://resultados2019.blob.core.windows.net/201901/067994.jpg,OK,0,6,ESCUINTLA,TIQUISATE,6799,CORPORACIÓN MUNICIPAL,16,2,2,0,1,4,247,247,218,218,6,6,24,0,2,85,1,2,1,15,2,27,29,3,8,7
1,0,0,369,369,5,https://resultados2019.blob.core.windows.net/201901/068054.jpg,OK,0,6,ESCUINTLA,TIQUISATE,6805,CORPORACIÓN MUNICIPAL,18,2,2,0,1,4,223,223,205,205,2,8,13,0,0,106,0,3,1,16,0,21,24,3,4,4
1,3,0,400,400,5,https://resultados2019.blob.core.windows.net/201901/067814.jpg,OK,0,6,ESCUINTLA,TIQUISATE,6781,CORPORACIÓN MUNICIPAL,7,2,2,0,1,4,246,246,236,236,15,7,27,4,3,23,9,2,3,12,6,48,35,9,21,12
1,8,0,400,396,5,https://resultados2019.blob.core.windows.net/201901/068194.jpg,OK,0,6,ESCUINTLA,TIQUISATE,6819,CORPORACIÓN MUNICIPAL,11,2,2,0,1,4,252,252,233,233,9,27,13,1,5,31,0,3,0,13,8,36,32,6,31,18
1,0,0,400,400,5,https://resultados2019.blob.core.windows.net/201901/067834.jpg,OK,12,6,ESCUINTLA,TIQUISATE,6783,CORPORACIÓN MUNICIPAL,1,2,2,0,1,4,217,217,216,216,13,7,27,2,3,29,6,0,2,11,5,46,29,5,18,13
1,8,0,380,380,5,https://resultados2019.blob.core.windows.net/201901/068034.jpg,OK,0,6,ESCUINTLA,TIQUISATE,6803,CORPORACIÓN MUNICIPAL,13,2,2,0,1,4,250,250,229,229,4,3,19,2,1,99,1,2,1,13,4,22,33,7,9,9
1,1,0,380,380,5,https://resultados2019.blob.core.windows.net/201901/068014.jpg,OK,0,6,ESCUINTLA,TIQUISATE,6801,CORPORACIÓN MUNICIPAL,11,2,2,0,1,4,217,217,205,205,2,3,17,0,2,89,0,3,0,12,1,26,33,7,6,4
1,16,0,400,399,5,https://resultados2019.blob.core.windows.net/201901/067644.jpg,OK,0,6,ESCUINTLA,TIQUISATE,6764,CORPORACIÓN MUNICIPAL,4,2,2,0,1,4,296,296,276,276,17,12,55,4,5,29,1,3,3,9,10,57,23,16,20,12
1,4,0,380,380,5,https://resultados2019.blob.core.windows.net/201901/068134.jpg,OK,0,6,ESCUINTLA,TIQUISATE,6813,CORPORACIÓN MUNICIPAL,10,2,2,0,1,4,236,236,222,222,5,3,4,0,3,3,1,5,5,6,1,149,25,4,5,3
0,4,0,400,400,5,https://resultados2019.blob.core.windows.net/201901/067624.jpg,OK,0,6,ESCUINTLA,TIQUISATE,6762,CORPORACIÓN MUNICIPAL,22,2,2,0,1,4,282,282,256,252,25,12,31,5,6,20,8,2,1,12,6,50,27,16,27,8
1,10,0,380,376,5,https://resultados2019.blob.core.windows.net/201901/068144.jpg,OK,0,6,ESCUINTLA,TIQUISATE,6814,CORPORACIÓN MUNICIPAL,24,2,2,0,1,4,227,227,193,193,1,2,3,0,1,5,1,6,2,2,1,137,21,3,7,1
1,3,0,400,397,5,https://resultados2019.blob.core.windows.net/201901/067584.jpg,OK,0,6,ESCUINTLA,TIQUISATE,6758,CORPORACIÓN MUNICIPAL,9,2,2,0,1,4,254,254,242,242,27,10,27,2,3,29,5,1,1,14,3,43,28,10,28,11
1,2,0,600,599,5,https://resultados2019.blob.core.windows.net/201901/068274.jpg,OK,0,6,ESCUINTLA,TIQUISATE,6827,CORPORACIÓN MUNICIPAL,9,2,2,0,1,4,211,211,200,200,15,10,20,2,4,22,3,3,1,9,4,42,26,14,16,9
1,1,0,369,366,5,https://resultados2019.blob.core.windows.net/201901/068294.jpg,OK,0,6,ESCUINTLA,TIQUISATE,6829,CORPORACIÓN MUNICIPAL,1,2,2,0,1,4,47,47,45,45,4,2,5,2,0,7,0,0,0,4,1,14,2,1,1,2
1,2,0,400,396,5,https://resultados2019.blob.core.windows.net/201901/067634.jpg,OK,0,6,ESCUINTLA,TIQUISATE,6763,CORPORACIÓN MUNICIPAL,13,2,2,0,1,4,290,290,275,275,22,12,47,3,1,25,9,4,0,7,5,56,32,15,17,20
1,4,0,400,400,5,https://resultados2019.blob.core.windows.net/201901/067544.jpg,OK,0,6,ESCUINTLA,TIQUISATE,6754,CORPORACIÓN MUNICIPAL,18,2,2,0,1,4,267,267,245,245,23,12,34,8,5,15,2,1,2,16,3,54,26,13,18,13
1,6,0,380,373,5,https://resultados2019.blob.core.windows.net/201901/068084.jpg,OK,0,6,ESCUINTLA,TIQUISATE,6808,CORPORACIÓN MUNICIPAL,24,2,2,0,1,4,274,274,244,244,7,2,4,0,6,3,1,1,7,4,2,177,23,3,0,4
1,5,0,400,396,5,https://resultados2019.blob.core.windows.net/201901/067804.jpg,OK,0,6,ESCUINTLA,TIQUISATE,6780,CORPORACIÓN MUNICIPAL,14,2,2,0,1,4,278,278,259,259,16,7,30,5,2,38,7,2,1,13,3,52,36,12,24,11
0,1,0,400,400,5,https://resultados2019.blob.core.windows.net/201901/067694.jpg,OK,0,6,ESCUINTLA,TIQUISATE,6769,CORPORACIÓN MUNICIPAL,5,2,2,0,1,4,237,238,232,231,15,10,42,0,3,21,5,2,0,11,6,50,27,13,11,16
1,4,0,400,393,5,https://resultados2019.blob.core.windows.net/201901/067794.jpg,OK,0,6,ESCUINTLA,TIQUISATE,6779,CORPORACIÓN MUNICIPAL,15,2,2,0,1,4,260,260,241,241,21,7,33,0,1,32,1,2,1,13,6,42,37,12,18,15
1,5,0,400,400,5,https://resultados2019.blob.core.windows.net/201901/067714.jpg,OK,1,6,ESCUINTLA,TIQUISATE,6771,CORPORACIÓN MUNICIPAL,14,2,2,0,1,4,266,266,247,247,27,5,29,1,0,20,4,3,2,15,8,58,34,15,15,11
1,0,0,368,368,5,https://resultados2019.blob.core.windows.net/201901/068304.jpg,OK,0,6,ESCUINTLA,TIQUISATE,6830,CORPORACIÓN MUNICIPAL,4,2,2,0,1,4,34,34,30,30,0,3,2,1,1,4,1,0,0,2,1,5,2,3,3,2
1,12,0,380,380,5,https://resultados2019.blob.core.windows.net/201901/067974.jpg,OK,0,6,ESCUINTLA,TIQUISATE,6797,CORPORACIÓN MUNICIPAL,23,2,2,0,1,4,269,269,234,234,2,5,14,0,1,105,3,7,2,12,1,30,30,4,8,10
0,6,0,400,396,5,https://resultados2019.blob.core.windows.net/201901/067854.jpg,OK,0,6,ESCUINTLA,TIQUISATE,6785,CORPORACIÓN MUNICIPAL,2,2,2,0,1,4,241,237,229,229,21,9,27,2,2,27,3,3,1,8,3,43,22,12,26,20
1,4,0,400,400,5,https://resultados2019.blob.core.windows.net/201901/067604.jpg,OK,0,6,ESCUINTLA,TIQUISATE,6760,CORPORACIÓN MUNICIPAL,11,2,2,0,1,4,275,275,260,260,21,7,33,1,8,30,8,2,0,13,8,50,20,18,23,18
1,3,0,600,593,5,https://resultados2019.blob.core.windows.net/201901/068264.jpg,OK,0,6,ESCUINTLA,TIQUISATE,6826,CORPORACIÓN MUNICIPAL,9,2,2,0,1,4,254,254,242,242,23,7,29,3,5,23,7,3,3,14,10,47,24,12,20,12
1,6,0,369,369,5,https://resultados2019.blob.core.windows.net/201901/068044.jpg,OK,0,6,ESCUINTLA,TIQUISATE,6804,CORPORACIÓN MUNICIPAL,21,2,2,0,1,4,199,199,172,172,3,4,17,1,1,71,1,2,2,14,2,13,26,4,7,4
1,1,0,380,376,5,https://resultados2019.blob.core.windows.net/201901/068124.jpg,OK,130,6,ESCUINTLA,TIQUISATE,6812,CORPORACIÓN MUNICIPAL,12,2,2,0,1,4,246,246,233,233,4,2,1,1,4,2,1,8,2,5,3,148,41,3,5,3
1,1,0,400,397,5,https://resultados2019.blob.core.windows.net/201901/067654.jpg,OK,0,6,ESCUINTLA,TIQUISATE,6765,CORPORACIÓN MUNICIPAL,16,2,2,0,1,4,288,288,271,271,19,11,44,5,3,35,6,2,1,20,10,32,22,19,31,11
1,3,0,400,400,5,https://resultados2019.blob.core.windows.net/201901/067664.jpg,OK,0,6,ESCUINTLA,TIQUISATE,6766,CORPORACIÓN MUNICIPAL,13,2,2,0,1,4,288,288,272,272,22,5,38,4,4,26,4,2,2,16,7,43,32,26,26,15
1,2,0,400,396,5,https://resultados2019.blob.core.windows.net/201901/067824.jpg,OK,0,6,ESCUINTLA,TIQUISATE,6782,CORPORACIÓN MUNICIPAL,10,2,2,0,1,4,241,241,229,229,17,14,30,3,2,25,6,3,3,8,6,41,35,12,13,11
1,7,0,600,600,5,https://resultados2019.blob.core.windows.net/201901/068234.jpg,OK,0,6,ESCUINTLA,TIQUISATE,6823,CORPORACIÓN MUNICIPAL,14,2,2,0,1,4,266,266,245,245,17,12,31,3,8,14,4,4,2,14,5,54,23,9,32,13
1,1,0,337,337,5,https://resultados2019.blob.core.windows.net/201901/067904.jpg,OK,0,6,ESCUINTLA,TIQUISATE,6790,CORPORACIÓN MUNICIPAL,6,2,2,0,1,4,177,177,170,170,9,9,15,2,1,17,6,3,0,12,2,25,41,8,11,9
1,3,0,600,593,5,https://resultados2019.blob.core.windows.net/201901/068254.jpg,OK,0,6,ESCUINTLA,TIQUISATE,6825,CORPORACIÓN MUNICIPAL,8,2,2,0,1,4,242,242,231,231,24,8,31,1,3,17,5,2,3,15,7,43,22,14,18,18
0,3,0,400,400,5,https://resultados2019.blob.core.windows.net/201901/067774.jpg,OK,0,6,ESCUINTLA,TIQUISATE,6777,CORPORACIÓN MUNICIPAL,7,2,2,0,1,4,273,273,263,250,20,12,44,2,1,28,12,3,0,12,6,45,36,15,13,14
1,2,1,400,400,5,https://resultados2019.blob.core.windows.net/201901/067864.jpg,OK,0,6,ESCUINTLA,TIQUISATE,6786,CORPORACIÓN MUNICIPAL,7,2,2,0,1,4,250,250,241,241,17,17,25,2,4,30,5,1,1,17,5,38,27,12,15,25
0,0,0,400,400,5,https://resultados2019.blob.core.windows.net/201901/067884.jpg,OK,0,6,ESCUINTLA,TIQUISATE,6788,CORPORACIÓN MUNICIPAL,1,2,2,0,1,4,290,285,284,284,27,11,42,1,0,35,2,5,0,18,6,42,24,19,24,28
1,4,0,400,349,5,https://resultados2019.blob.core.windows.net/201901/067554.jpg,OK,136,6,ESCUINTLA,TIQUISATE,6755,CORPORACIÓN MUNICIPAL,8,2,2,0,1,4,264,264,252,252,19,10,32,3,2,28,3,4,0,9,7,43,35,21,25,11
1,2,0,400,396,5,https://resultados2019.blob.core.windows.net/201901/068184.jpg,OK,0,6,ESCUINTLA,TIQUISATE,6818,CORPORACIÓN MUNICIPAL,17,2,2,0,1,4,275,275,256,256,10,26,10,2,13,31,4,2,1,10,4,36,39,11,34,23
1,6,0,400,396,5,https://resultados2019.blob.core.windows.net/201901/067564.jpg,OK,0,6,ESCUINTLA,TIQUISATE,6756,CORPORACIÓN MUNICIPAL,9,2,2,0,1,4,271,271,256,256,16,10,39,2,3,24,3,1,2,13,9,49,33,12,28,12
1,1,0,400,385,5,https://resultados2019.blob.core.windows.net/201901/067874.jpg,OK,0,6,ESCUINTLA,TIQUISATE,6787,CORPORACIÓN MUNICIPAL,6,2,2,0,1,4,301,301,294,294,27,9,45,0,1,36,7,0,1,23,9,51,28,13,26,18
1,3,0,274,274,5,https://resultados2019.blob.core.windows.net/201901/068154.jpg,OK,0,6,ESCUINTLA,TIQUISATE,6815,CORPORACIÓN MUNICIPAL,8,2,2,0,1,4,194,194,183,183,5,2,1,3,2,4,0,5,4,10,1,124,14,2,2,4
1,3,0,380,376,5,https://resultados2019.blob.core.windows.net/201901/067924.jpg,OK,0,6,ESCUINTLA,TIQUISATE,6792,CORPORACIÓN MUNICIPAL,10,2,2,0,1,4,245,245,232,232,26,7,14,2,4,15,2,0,0,7,4,37,32,20,53,9
1,4,0,380,376,5,https://resultados2019.blob.core.windows.net/201901/068104.jpg,OK,13,6,ESCUINTLA,TIQUISATE,6810,CORPORACIÓN MUNICIPAL,9,2,2,0,1,4,229,229,216,216,7,6,2,0,0,9,0,7,9,9,3,141,16,2,2,3
1,3,0,400,408,5,https://resultados2019.blob.core.windows.net/201901/067674.jpg,OK,0,6,ESCUINTLA,TIQUISATE,6767,CORPORACIÓN MUNICIPAL,11,2,2,0,1,4,272,272,258,258,23,7,45,4,5,18,6,2,2,10,7,32,44,23,12,18
1,6,0,380,381,5,https://resultados2019.blob.core.windows.net/201901/068114.jpg,OK,0,6,ESCUINTLA,TIQUISATE,6811,CORPORACIÓN MUNICIPAL,22,2,2,0,1,4,253,253,225,225,2,4,5,4,1,0,0,8,8,5,1,154,21,4,5,3
1,3,1,338,338,5,https://resultados2019.blob.core.windows.net/201901/067894.jpg,OK,0,6,ESCUINTLA,TIQUISATE,6789,CORPORACIÓN MUNICIPAL,4,2,2,0,1,4,234,234,227,227,14,10,23,0,3,25,4,2,2,12,8,39,36,10,18,21
1,2,0,600,600,5,https://resultados2019.blob.core.windows.net/201901/068284.jpg,OK,0,6,ESCUINTLA,TIQUISATE,6828,CORPORACIÓN MUNICIPAL,7,2,2,0,1,4,136,136,127,127,11,7,13,1,2,13,1,2,0,6,5,23,20,8,8,7
1,11,0,400,400,5,https://resultados2019.blob.core.windows.net/201901/067844.jpg,OK,0,6,ESCUINTLA,TIQUISATE,6784,CORPORACIÓN MUNICIPAL,11,2,2,0,1,4,234,234,212,212,16,13,20,1,4,14,8,2,0,14,5,41,35,12,14,13
1,6,0,380,375,5,https://resultados2019.blob.core.windows.net/201901/068094.jpg,OK,0,6,ESCUINTLA,TIQUISATE,6809,CORPORACIÓN MUNICIPAL,13,2,2,0,1,4,235,235,216,216,3,2,3,0,1,10,0,3,5,2,1,154,20,1,8,3
1,2,0,249,249,5,https://resultados2019.blob.core.windows.net/201901/068204.jpg,OK,0,6,ESCUINTLA,TIQUISATE,6820,CORPORACIÓN MUNICIPAL,10,2,2,0,1,4,156,156,144,144,9,16,6,0,3,21,1,1,5,4,1,17,25,8,17,10
1,5,0,380,376,5,https://resultados2019.blob.core.windows.net/201901/067934.jpg,OK,0,6,ESCUINTLA,TIQUISATE,6793,CORPORACIÓN MUNICIPAL,13,2,2,0,1,4,231,231,213,213,12,5,19,0,9,12,1,0,0,6,2,52,22,14,50,9
0,2,0,400,396,5,https://resultados2019.blob.core.windows.net/201901/067594.jpg,OK,0,6,ESCUINTLA,TIQUISATE,6759,CORPORACIÓN MUNICIPAL,13,2,2,0,1,4,264,240,225,249,21,17,36,0,2,0,7,1,1,19,5,32,28,16,21,19
1,4,0,400,400,5,https://resultados2019.blob.core.windows.net/201901/067724.jpg,OK,0,6,ESCUINTLA,TIQUISATE,6772,CORPORACIÓN MUNICIPAL,11,2,2,0,1,4,259,259,244,244,23,14,27,4,1,35,3,1,2,5,4,40,41,7,18,19
1,1,0,400,396,5,https://resultados2019.blob.core.windows.net/201901/067744.jpg,OK,0,6,ESCUINTLA,TIQUISATE,6774,CORPORACIÓN MUNICIPAL,11,2,2,0,1,4,249,249,237,237,18,13,21,0,8,32,6,3,1,8,6,39,29,18,15,20
1,0,0,212,313,5,https://resultados2019.blob.core.windows.net/201901/067964.jpg,OK,0,6,ESCUINTLA,TIQUISATE,6796,CORPORACIÓN MUNICIPAL,4,2,2,0,1,4,142,142,138,138,10,7,19,1,3,5,0,0,0,2,2,23,20,8,35,3
1,2,0,400,395,5,https://resultados2019.blob.core.windows.net/201901/068174.jpg,OK,0,6,ESCUINTLA,TIQUISATE,6817,CORPORACIÓN MUNICIPAL,18,2,2,0,1,4,255,255,235,235,14,17,5,1,15,30,3,3,0,9,6,40,39,15,26,12
1,2,0,380,380,5,https://resultados2019.blob.core.windows.net/201901/068074.jpg,OK,0,6,ESCUINTLA,TIQUISATE,6807,CORPORACIÓN MUNICIPAL,12,2,2,0,1,4,265,265,251,251,4,5,4,1,2,4,2,4,3,3,0,190,15,5,4,5
1,3,0,400,400,5,https://resultados2019.blob.core.windows.net/201901/067734.jpg,OK,0,6,ESCUINTLA,TIQUISATE,6773,CORPORACIÓN MUNICIPAL,18,2,2,0,1,4,257,257,236,236,20,13,27,1,5,23,6,2,2,18,7,38,33,12,21,8
1,4,0,400,396,5,https://resultados2019.blob.core.windows.net/201901/067754.jpg,OK,1,6,ESCUINTLA,TIQUISATE,6775,CORPORACIÓN MUNICIPAL,12,2,2,0,1,4,251,251,235,235,23,13,27,3,2,26,2,2,1,19,6,41,27,14,16,13
1,2,0,400,400,5,https://resultados2019.blob.core.windows.net/201901/067614.jpg,OK,0,6,ESCUINTLA,TIQUISATE,6761,CORPORACIÓN MUNICIPAL,16,2,2,0,1,4,281,281,263,263,24,14,20,1,5,28,4,1,0,9,14,50,37,23,28,5
1,4,0,380,380,5,https://resultados2019.blob.core.windows.net/201901/067944.jpg,OK,0,6,ESCUINTLA,TIQUISATE,6794,CORPORACIÓN MUNICIPAL,23,2,2,0,1,4,263,263,236,236,13,14,16,4,10,12,3,0,1,6,1,53,25,10,54,14
1,4,0,274,274,5,https://resultados2019.blob.core.windows.net/201901/068164.jpg,OK,0,6,ESCUINTLA,TIQUISATE,6816,CORPORACIÓN MUNICIPAL,3,2,2,0,1,4,174,174,167,167,5,3,1,0,2,2,0,4,3,1,1,117,23,2,1,2
