ACTACUADRA,BLANCOS,CNTIMPUGNA,CNTINSCRITOS,CNTPAPELETAS,DEP,IMGSRC,IMGSTATUS,INVALIDOS,MUN,NDEP,NMUN,NROMESA,NTE,NULOS,STACTA,STESCAN,STFISIC,STTRANS,TIPOELECCION,TOTALACTA,TOTALVOTOS,VOTOSVALIDOS,VOTOSVALIDOSACTA,voto_BIEN,voto_FCN-NACION,voto_LIBRE,voto_MLP,voto_UCN,voto_UNE,voto_UNIONISTA,voto_VAMOS
1,4,0,400,400,5,https://resultados2019.blob.core.windows.net/201901/069124.jpg,OK,0,8,ESCUINTLA,GUANAGAZAPA,6912,CORPORACIÓN MUNICIPAL,10,2,2,0,1,4,248,248,234,234,49,1,30,6,6,87,1,54
1,5,0,468,468,5,https://resultados2019.blob.core.windows.net/201901/069224.jpg,OK,0,8,ESCUINTLA,GUANAGAZAPA,6922,CORPORACIÓN MUNICIPAL,2,2,2,0,1,4,100,100,93,93,12,4,6,4,5,30,2,30
1,8,0,400,400,5,https://resultados2019.blob.core.windows.net/201901/068944.jpg,OK,0,8,ESCUINTLA,GUANAGAZAPA,6894,CORPORACIÓN MUNICIPAL,12,2,2,0,1,4,297,297,277,277,44,5,6,1,16,119,1,85
1,11,0,400,400,5,https://resultados2019.blob.core.windows.net/201901/068964.jpg,OK,0,8,ESCUINTLA,GUANAGAZAPA,6896,CORPORACIÓN MUNICIPAL,4,2,2,0,1,4,289,289,274,274,35,0,16,1,10,127,1,84
1,5,0,400,400,5,https://resultados2019.blob.core.windows.net/201901/068914.jpg,OK,0,8,ESCUINTLA,GUANAGAZAPA,6891,CORPORACIÓN MUNICIPAL,8,2,2,0,1,4,249,249,236,236,28,6,9,9,15,69,0,100
1,11,0,400,400,5,https://resultados2019.blob.core.windows.net/201901/069094.jpg,OK,0,8,ESCUINTLA,GUANAGAZAPA,6909,CORPORACIÓN MUNICIPAL,15,2,2,0,1,4,230,230,204,204,27,1,21,11,7,78,2,57
1,10,1,400,402,5,https://resultados2019.blob.core.windows.net/201901/069154.jpg,OK,0,8,ESCUINTLA,GUANAGAZAPA,6915,CORPORACIÓN MUNICIPAL,8,2,2,0,1,4,229,229,211,211,23,1,23,4,8,89,2,61
1,0,0,315,315,5,https://resultados2019.blob.core.windows.net/201901/069074.jpg,OK,0,8,ESCUINTLA,GUANAGAZAPA,6907,CORPORACIÓN MUNICIPAL,2,2,2,0,1,4,267,267,265,265,38,3,15,3,16,113,0,77
1,1,0,314,314,5,https://resultados2019.blob.core.windows.net/201901/069084.jpg,OK,0,8,ESCUINTLA,GUANAGAZAPA,6908,CORPORACIÓN MUNICIPAL,3,2,2,0,1,4,205,205,201,201,32,2,12,1,11,72,4,67
1,2,0,400,400,5,https://resultados2019.blob.core.windows.net/201901/069174.jpg,OK,0,8,ESCUINTLA,GUANAGAZAPA,6917,CORPORACIÓN MUNICIPAL,16,2,2,0,1,4,216,216,198,198,30,0,30,6,8,76,2,46
1,1,0,400,400,5,https://resultados2019.blob.core.windows.net/201901/068984.jpg,OK,0,8,ESCUINTLA,GUANAGAZAPA,6898,CORPORACIÓN MUNICIPAL,4,2,2,0,1,4,232,232,227,227,34,1,11,3,8,83,3,84
1,3,0,400,400,5,https://resultados2019.blob.core.windows.net/201901/069114.jpg,OK,0,8,ESCUINTLA,GUANAGAZAPA,6911,CORPORACIÓN MUNICIPAL,8,2,2,0,1,4,259,259,248,248,32,2,23,10,9,106,3,63
1,6,0,393,391,5,https://resultados2019.blob.core.windows.net/201901/069214.jpg,OK,0,8,ESCUINTLA,GUANAGAZAPA,6921,CORPORACIÓN MUNICIPAL,9,2,2,0,1,4,258,258,243,243,31,1,23,4,5,109,1,69
1,4,0,400,400,5,https://resultados2019.blob.core.windows.net/201901/069054.jpg,OK,0,8,ESCUINTLA,GUANAGAZAPA,6905,CORPORACIÓN MUNICIPAL,5,2,2,0,1,4,224,224,215,215,33,5,14,3,7,81,3,69
1,4,0,400,400,5,https://resultados2019.blob.core.windows.net/201901/069024.jpg,OK,0,8,ESCUINTLA,GUANAGAZAPA,6902,CORPORACIÓN MUNICIPAL,16,2,2,0,1,4,235,235,215,215,44,4,12,1,5,77,0,72
1,3,0,400,400,5,https://resultados2019.blob.core.windows.net/201901/069004.jpg,OK,0,8,ESCUINTLA,GUANAGAZAPA,6900,CORPORACIÓN MUNICIPAL,8,2,2,0,1,4,243,243,232,232,31,6,11,1,14,85,3,81
1,5,0,400,399,5,https://resultados2019.blob.core.windows.net/201901/069064.jpg,OK,0,8,ESCUINTLA,GUANAGAZAPA,6906,CORPORACIÓN MUNICIPAL,2,2,2,0,1,4,279,279,272,272,40,3,15,5,21,97,3,88
1,9,0,400,400,5,https://resultados2019.blob.core.windows.net/201901/068954.jpg,OK,0,8,ESCUINTLA,GUANAGAZAPA,6895,CORPORACIÓN MUNICIPAL,12,2,2,0,1,4,297,297,276,276,31,2,18,0,13,123,2,87
1,7,0,400,400,5,https://resultados2019.blob.core.windows.net/201901/068974.jpg,OK,0,8,ESCUINTLA,GUANAGAZAPA,6897,CORPORACIÓN MUNICIPAL,9,2,2,0,1,4,262,262,246,246,35,5,15,2,7,111,1,70
1,6,0,400,396,5,https://resultados2019.blob.core.windows.net/201901/068934.jpg,OK,0,8,ESCUINTLA,GUANAGAZAPA,6893,CORPORACIÓN MUNICIPAL,17,2,2,0,1,4,292,292,269,269,38,3,15,3,16,112,2,80
1,2,0,400,400,5,https://resultados2019.blob.core.windows.net/201901/068994.jpg,OK,0,8,ESCUINTLA,GUANAGAZAPA,6899,CORPORACIÓN MUNICIPAL,6,2,2,0,1,4,256,256,248,248,29,5,11,2,14,89,3,95
1,2,0,400,396,5,https://resultados2019.blob.core.windows.net/201901/069134.jpg,OK,0,8,ESCUINTLA,GUANAGAZAPA,6913,CORPORACIÓN MUNICIPAL,14,2,2,0,1,4,252,252,236,236,47,2,19,1,5,101,0,61
1,2,0,400,400,5,https://resultados2019.blob.core.windows.net/201901/069034.jpg,OK,0,8,ESCUINTLA,GUANAGAZAPA,6903,CORPORACIÓN MUNICIPAL,14,2,2,0,1,4,240,240,224,224,39,4,12,4,10,96,2,57
1,7,0,400,396,5,https://resultados2019.blob.core.windows.net/201901/068904.jpg,OK,0,8,ESCUINTLA,GUANAGAZAPA,6890,CORPORACIÓN MUNICIPAL,9,2,2,0,1,4,242,242,226,226,25,2,11,5,11,84,2,86
1,5,0,400,400,5,https://resultados2019.blob.core.windows.net/201901/069014.jpg,OK,0,8,ESCUINTLA,GUANAGAZAPA,6901,CORPORACIÓN MUNICIPAL,9,2,2,0,1,4,260,260,246,246,42,6,13,4,7,85,4,85
1,6,0,400,400,5,https://resultados2019.blob.core.windows.net/201901/069184.jpg,OK,0,8,ESCUINTLA,GUANAGAZAPA,6918,CORPORACIÓN MUNICIPAL,20,2,2,0,1,4,221,221,195,195,25,2,18,6,6,79,1,58
1,6,0,400,400,5,https://resultados2019.blob.core.windows.net/201901/069044.jpg,OK,0,8,ESCUINTLA,GUANAGAZAPA,6904,CORPORACIÓN MUNICIPAL,6,2,2,0,1,4,241,241,229,229,37,1,9,2,10,92,1,77
1,10,0,400,400,5,https://resultados2019.blob.core.windows.net/201901/069164.jpg,OK,0,8,ESCUINTLA,GUANAGAZAPA,6916,CORPORACIÓN MUNICIPAL,19,2,2,0,1,4,228,228,199,199,27,3,22,6,6,79,4,52
1,3,0,400,400,5,https://resultados2019.blob.core.windows.net/201901/069194.jpg,OK,0,8,ESCUINTLA,GUANAGAZAPA,6919,CORPORACIÓN MUNICIPAL,11,2,2,0,1,4,218,218,204,204,28,3,22,9,3,103,3,33
1,4,1,400,401,5,https://resultados2019.blob.core.windows.net/201901/069144.jpg,OK,0,8,ESCUINTLA,GUANAGAZAPA,6914,CORPORACIÓN MUNICIPAL,5,2,2,0,1,4,227,227,218,218,38,2,28,6,6,89,1,48
1,2,0,394,394,5,https://resultados2019.blob.core.windows.net/201901/069204.jpg,OK,0,8,ESCUINTLA,GUANAGAZAPA,6920,CORPORACIÓN MUNICIPAL,10,2,2,0,1,4,241,241,229,229,36,1,21,3,8,110,0,50
1,4,0,400,396,5,https://resultados2019.blob.core.windows.net/201901/068924.jpg,OK,0,8,ESCUINTLA,GUANAGAZAPA,6892,CORPORACIÓN MUNICIPAL,18,2,2,0,1,4,273,273,251,251,25,5,8,4,18,102,1,88
1,5,0,400,400,5,https://resultados2019.blob.core.windows.net/201901/069104.jpg,OK,0,8,ESCUINTLA,GUANAGAZAPA,6910,CORPORACIÓN MUNICIPAL,10,2,2,0,1,4,252,252,237,237,36,3,24,9,12,95,2,56
