ACTACUADRA,BLANCOS,CNTIMPUGNA,CNTINSCRITOS,CNTPAPELETAS,DEP,IMGSRC,IMGSTATUS,INVALIDOS,MUN,NDEP,NMUN,NROMESA,NTE,NULOS,STACTA,STESCAN,STFISIC,STTRANS,TIPOELECCION,TOTALACTA,TOTALVOTOS,VOTOSVALIDOS,VOTOSVALIDOSACTA,voto_AVANZA,voto_C.C.E.S,voto_CREO,voto_FCN-NACION,voto_PC,voto_PHG,voto_SEMILLA,voto_TODOS,voto_UCN,voto_UNE,voto_UNIONISTA,voto_VAMOS
1,0,0,400,403,6,https://resultados2019.blob.core.windows.net/201901/073014.jpg,OK,0,1,SANTA ROSA,CUILAPA,7301,CORPORACIÓN MUNICIPAL,2,2,2,0,1,4,234,234,232,232,1,6,2,8,130,9,4,6,14,32,10,10
1,10,0,380,380,6,https://resultados2019.blob.core.windows.net/201901/073274.jpg,OK,0,1,SANTA ROSA,CUILAPA,7327,CORPORACIÓN MUNICIPAL,22,2,2,0,1,4,246,246,214,214,0,2,6,19,30,10,3,3,16,112,7,6
1,10,0,380,380,6,https://resultados2019.blob.core.windows.net/201901/073254.jpg,OK,0,1,SANTA ROSA,CUILAPA,7325,CORPORACIÓN MUNICIPAL,18,2,2,0,1,4,229,229,201,201,0,8,4,13,29,4,0,3,23,109,3,5
1,0,0,400,400,6,https://resultados2019.blob.core.windows.net/201901/072954.jpg,OK,0,1,SANTA ROSA,CUILAPA,7295,CORPORACIÓN MUNICIPAL,8,2,2,0,1,4,250,250,242,242,1,6,7,6,134,7,3,10,16,38,7,7
1,2,0,380,0,6,https://resultados2019.blob.core.windows.net/201901/073134.jpg,OK,0,1,SANTA ROSA,CUILAPA,7313,CORPORACIÓN MUNICIPAL,7,2,2,0,1,4,194,194,185,185,1,4,5,9,40,2,8,4,5,91,5,11
1,5,0,600,600,6,https://resultados2019.blob.core.windows.net/201901/073354.jpg,OK,0,1,SANTA ROSA,CUILAPA,7335,CORPORACIÓN MUNICIPAL,4,2,2,0,1,4,171,171,162,162,3,5,6,5,62,10,11,7,6,34,4,9
1,3,0,400,400,6,https://resultados2019.blob.core.windows.net/201901/072824.jpg,OK,0,1,SANTA ROSA,CUILAPA,7282,CORPORACIÓN MUNICIPAL,8,2,2,0,1,4,289,289,278,278,2,13,5,7,138,9,2,11,23,47,13,8
1,3,0,380,380,6,https://resultados2019.blob.core.windows.net/201901/073114.jpg,OK,0,1,SANTA ROSA,CUILAPA,7311,CORPORACIÓN MUNICIPAL,14,2,2,0,1,4,255,255,238,238,2,10,1,10,48,6,12,5,2,125,4,13
1,0,0,400,399,6,https://resultados2019.blob.core.windows.net/201901/072924.jpg,OK,0,1,SANTA ROSA,CUILAPA,7292,CORPORACIÓN MUNICIPAL,12,2,2,0,1,4,248,248,236,236,2,5,3,4,115,3,4,12,21,42,10,15
1,1,0,403,403,6,https://resultados2019.blob.core.windows.net/201901/073374.jpg,OK,1,1,SANTA ROSA,CUILAPA,7337,CORPORACIÓN MUNICIPAL,2,2,2,0,1,4,109,109,106,106,1,2,2,3,60,6,4,5,1,14,1,7
1,1,0,400,401,6,https://resultados2019.blob.core.windows.net/201901/072814.jpg,OK,0,1,SANTA ROSA,CUILAPA,7281,CORPORACIÓN MUNICIPAL,7,2,2,0,1,4,283,283,275,275,0,5,3,6,147,14,4,6,13,49,15,13
1,3,0,220,220,6,https://resultados2019.blob.core.windows.net/201901/073344.jpg,OK,0,1,SANTA ROSA,CUILAPA,7334,CORPORACIÓN MUNICIPAL,2,2,2,0,1,4,95,95,90,90,0,3,3,5,11,2,1,1,11,46,2,5
1,2,0,380,380,6,https://resultados2019.blob.core.windows.net/201901/073314.jpg,OK,0,1,SANTA ROSA,CUILAPA,7331,CORPORACIÓN MUNICIPAL,6,2,2,0,1,4,188,188,180,180,0,3,3,16,33,4,5,1,21,78,8,8
1,6,0,400,400,6,https://resultados2019.blob.core.windows.net/201901/072904.jpg,OK,0,1,SANTA ROSA,CUILAPA,7290,CORPORACIÓN MUNICIPAL,7,2,2,0,1,4,236,236,223,223,2,6,5,3,121,11,2,9,15,32,11,6
1,3,3,400,400,6,https://resultados2019.blob.core.windows.net/201901/072754.jpg,OK,0,1,SANTA ROSA,CUILAPA,7275,CORPORACIÓN MUNICIPAL,18,2,2,0,1,4,270,270,249,249,2,4,7,6,131,9,3,10,12,43,9,13
1,7,0,380,381,6,https://resultados2019.blob.core.windows.net/201901/073064.jpg,OK,0,1,SANTA ROSA,CUILAPA,7306,CORPORACIÓN MUNICIPAL,12,2,2,0,1,4,219,219,200,200,0,4,4,14,31,0,3,1,12,118,4,9
1,2,0,400,400,6,https://resultados2019.blob.core.windows.net/201901/072874.jpg,OK,0,1,SANTA ROSA,CUILAPA,7287,CORPORACIÓN MUNICIPAL,2,2,2,0,1,4,262,262,258,258,1,4,1,9,130,11,4,5,10,60,11,12
1,3,0,380,380,6,https://resultados2019.blob.core.windows.net/201901/073124.jpg,OK,0,1,SANTA ROSA,CUILAPA,7312,CORPORACIÓN MUNICIPAL,4,2,2,0,1,4,200,200,193,193,0,2,0,10,37,4,10,6,7,103,5,9
1,6,0,400,405,6,https://resultados2019.blob.core.windows.net/201901/072854.jpg,OK,0,1,SANTA ROSA,CUILAPA,7285,CORPORACIÓN MUNICIPAL,15,2,2,0,1,4,295,295,274,274,2,8,4,19,73,10,4,5,48,77,9,15
1,4,2,380,357,6,https://resultados2019.blob.core.windows.net/201901/073194.jpg,OK,2,1,SANTA ROSA,CUILAPA,7319,CORPORACIÓN MUNICIPAL,14,2,2,0,1,4,236,236,218,218,2,5,2,17,56,8,3,5,11,75,18,16
1,1,0,337,337,6,https://resultados2019.blob.core.windows.net/201901/073174.jpg,OK,0,1,SANTA ROSA,CUILAPA,7317,CORPORACIÓN MUNICIPAL,0,2,2,0,1,4,171,171,170,170,0,0,0,9,52,1,7,2,6,81,5,7
1,4,0,380,380,6,https://resultados2019.blob.core.windows.net/201901/073284.jpg,OK,0,1,SANTA ROSA,CUILAPA,7328,CORPORACIÓN MUNICIPAL,17,2,2,0,1,4,225,225,204,204,1,3,3,18,20,2,4,4,22,117,2,8
1,3,0,318,318,6,https://resultados2019.blob.core.windows.net/201901/073234.jpg,OK,0,1,SANTA ROSA,CUILAPA,7323,CORPORACIÓN MUNICIPAL,7,2,2,0,1,4,177,177,167,167,1,3,2,12,40,2,2,6,9,61,9,20
1,4,0,600,600,6,https://resultados2019.blob.core.windows.net/201901/073364.jpg,OK,0,1,SANTA ROSA,CUILAPA,7336,CORPORACIÓN MUNICIPAL,8,2,2,0,1,4,181,181,169,169,1,8,4,7,54,7,9,3,18,45,7,6
1,3,0,400,400,6,https://resultados2019.blob.core.windows.net/201901/072984.jpg,OK,1,1,SANTA ROSA,CUILAPA,7298,CORPORACIÓN MUNICIPAL,9,2,2,0,1,4,215,215,203,203,2,4,6,4,100,5,4,5,10,52,6,5
1,4,0,400,400,6,https://resultados2019.blob.core.windows.net/201901/072864.jpg,OK,0,1,SANTA ROSA,CUILAPA,7286,CORPORACIÓN MUNICIPAL,13,2,2,0,1,4,293,293,276,276,3,10,4,12,83,7,3,8,57,69,9,11
1,10,0,380,380,6,https://resultados2019.blob.core.windows.net/201901/073094.jpg,OK,0,1,SANTA ROSA,CUILAPA,7309,CORPORACIÓN MUNICIPAL,9,2,2,0,1,4,247,247,228,228,0,7,3,16,40,3,9,2,7,118,3,20
1,0,0,402,402,6,https://resultados2019.blob.core.windows.net/201901/073384.jpg,OK,0,1,SANTA ROSA,CUILAPA,7338,CORPORACIÓN MUNICIPAL,0,2,2,0,1,4,37,37,37,37,1,1,0,2,12,2,1,2,2,9,2,3
1,2,0,400,399,6,https://resultados2019.blob.core.windows.net/201901/072974.jpg,OK,0,1,SANTA ROSA,CUILAPA,7297,CORPORACIÓN MUNICIPAL,1,2,2,0,1,4,213,213,210,210,1,9,4,6,110,10,2,9,6,38,9,6
1,2,0,380,380,6,https://resultados2019.blob.core.windows.net/201901/073144.jpg,OK,0,1,SANTA ROSA,CUILAPA,7314,CORPORACIÓN MUNICIPAL,9,2,2,0,1,4,205,205,194,194,0,3,0,15,42,3,7,7,3,95,9,10
1,3,0,400,396,6,https://resultados2019.blob.core.windows.net/201901/072804.jpg,OK,0,1,SANTA ROSA,CUILAPA,7280,CORPORACIÓN MUNICIPAL,13,2,2,0,1,4,267,267,251,251,5,2,1,3,136,8,2,7,23,50,4,10
1,5,0,400,400,6,https://resultados2019.blob.core.windows.net/201901/072844.jpg,OK,0,1,SANTA ROSA,CUILAPA,7284,CORPORACIÓN MUNICIPAL,8,2,2,0,1,4,281,281,268,268,3,8,10,7,129,9,4,10,20,44,15,9
1,1,0,400,400,6,https://resultados2019.blob.core.windows.net/201901/072834.jpg,OK,0,1,SANTA ROSA,CUILAPA,7283,CORPORACIÓN MUNICIPAL,22,2,2,0,1,4,272,272,249,249,3,10,4,14,114,9,3,4,18,43,11,16
1,2,0,400,399,6,https://resultados2019.blob.core.windows.net/201901/072894.jpg,OK,0,1,SANTA ROSA,CUILAPA,7289,CORPORACIÓN MUNICIPAL,9,2,2,0,1,4,246,246,235,235,4,9,1,4,103,9,3,9,22,49,15,7
1,5,0,380,379,6,https://resultados2019.blob.core.windows.net/201901/073294.jpg,OK,0,1,SANTA ROSA,CUILAPA,7329,CORPORACIÓN MUNICIPAL,17,2,2,0,1,4,204,204,182,182,2,3,2,10,21,3,2,2,11,119,2,5
1,3,0,400,399,6,https://resultados2019.blob.core.windows.net/201901/073004.jpg,OK,0,1,SANTA ROSA,CUILAPA,7300,CORPORACIÓN MUNICIPAL,2,2,2,0,1,4,203,203,198,198,0,4,2,2,103,6,1,7,18,40,10,5
1,3,0,400,400,6,https://resultados2019.blob.core.windows.net/201901/072794.jpg,OK,0,1,SANTA ROSA,CUILAPA,7279,CORPORACIÓN MUNICIPAL,7,2,2,0,1,4,277,277,267,267,4,14,4,6,121,5,4,9,12,57,16,15
1,6,0,380,380,6,https://resultados2019.blob.core.windows.net/201901/073324.jpg,OK,0,1,SANTA ROSA,CUILAPA,7332,CORPORACIÓN MUNICIPAL,12,2,2,0,1,4,188,188,170,170,0,1,4,9,25,5,2,2,22,92,3,5
1,4,0,400,394,6,https://resultados2019.blob.core.windows.net/201901/072744.jpg,OK,0,1,SANTA ROSA,CUILAPA,7274,CORPORACIÓN MUNICIPAL,9,2,2,0,1,4,226,226,213,213,3,10,7,4,102,6,1,9,16,39,14,2
1,3,0,400,401,6,https://resultados2019.blob.core.windows.net/201901/072784.jpg,OK,0,1,SANTA ROSA,CUILAPA,7278,CORPORACIÓN MUNICIPAL,12,2,2,0,1,4,261,261,246,246,1,9,3,14,125,10,2,9,11,51,7,4
1,4,0,380,360,6,https://resultados2019.blob.core.windows.net/201901/073044.jpg,OK,0,1,SANTA ROSA,CUILAPA,7304,CORPORACIÓN MUNICIPAL,17,2,2,0,1,4,212,212,191,191,0,3,2,19,32,2,11,4,4,104,4,6
1,7,0,380,380,6,https://resultados2019.blob.core.windows.net/201901/073074.jpg,OK,0,1,SANTA ROSA,CUILAPA,7307,CORPORACIÓN MUNICIPAL,5,2,2,0,1,4,239,239,227,227,1,1,2,18,55,3,11,2,19,99,6,10
1,0,0,400,400,6,https://resultados2019.blob.core.windows.net/201901/072944.jpg,OK,0,1,SANTA ROSA,CUILAPA,7294,CORPORACIÓN MUNICIPAL,9,2,2,0,1,4,247,247,238,238,4,3,8,4,120,13,1,11,12,40,11,11
0,5,0,380,380,6,https://resultados2019.blob.core.windows.net/201901/073164.jpg,OK,1,1,SANTA ROSA,CUILAPA,7316,CORPORACIÓN MUNICIPAL,4,2,2,0,1,4,174,173,164,164,0,2,2,9,39,3,11,2,3,77,6,10
1,8,0,380,380,6,https://resultados2019.blob.core.windows.net/201901/073214.jpg,OK,0,1,SANTA ROSA,CUILAPA,7321,CORPORACIÓN MUNICIPAL,10,2,2,0,1,4,254,254,236,236,0,5,1,13,65,8,2,9,4,91,16,22
1,4,0,400,400,6,https://resultados2019.blob.core.windows.net/201901/072964.jpg,OK,0,1,SANTA ROSA,CUILAPA,7296,CORPORACIÓN MUNICIPAL,5,2,2,0,1,4,233,233,224,224,7,9,4,3,123,12,4,7,12,32,6,5
1,2,0,400,400,6,https://resultados2019.blob.core.windows.net/201901/072994.jpg,OK,0,1,SANTA ROSA,CUILAPA,7299,CORPORACIÓN MUNICIPAL,9,2,2,0,1,4,211,211,200,200,2,2,3,7,112,5,3,5,8,39,5,9
1,7,0,380,380,6,https://resultados2019.blob.core.windows.net/201901/073204.jpg,OK,0,1,SANTA ROSA,CUILAPA,7320,CORPORACIÓN MUNICIPAL,17,2,2,0,1,4,266,266,242,242,1,5,3,24,47,10,4,11,9,82,17,29
1,7,0,380,380,6,https://resultados2019.blob.core.windows.net/201901/073154.jpg,OK,0,1,SANTA ROSA,CUILAPA,7315,CORPORACIÓN MUNICIPAL,4,2,2,0,1,4,201,201,190,190,0,3,3,11,45,3,11,3,5,84,6,16
1,1,0,380,385,6,https://resultados2019.blob.core.windows.net/201901/073224.jpg,OK,0,1,SANTA ROSA,CUILAPA,7322,CORPORACIÓN MUNICIPAL,9,2,2,0,1,4,237,237,227,227,1,7,1,24,62,3,4,4,16,79,9,17
1,3,0,400,400,6,https://resultados2019.blob.core.windows.net/201901/072914.jpg,OK,1,1,SANTA ROSA,CUILAPA,7291,CORPORACIÓN MUNICIPAL,4,2,2,0,1,4,247,247,240,240,1,3,7,5,129,10,5,4,18,40,9,9
1,1,0,390,394,6,https://resultados2019.blob.core.windows.net/201901/073024.jpg,OK,0,1,SANTA ROSA,CUILAPA,7302,CORPORACIÓN MUNICIPAL,3,2,2,0,1,4,225,225,221,221,1,3,0,11,129,4,1,2,6,45,13,6
1,7,0,380,380,6,https://resultados2019.blob.core.windows.net/201901/073084.jpg,OK,0,1,SANTA ROSA,CUILAPA,7308,CORPORACIÓN MUNICIPAL,23,2,2,0,1,4,246,246,216,216,2,2,0,23,34,2,10,3,13,103,8,16
1,4,0,400,400,6,https://resultados2019.blob.core.windows.net/201901/072774.jpg,OK,0,1,SANTA ROSA,CUILAPA,7277,CORPORACIÓN MUNICIPAL,11,2,2,0,1,4,264,264,249,249,1,5,3,7,133,7,2,8,15,44,13,11
1,9,1,380,380,6,https://resultados2019.blob.core.windows.net/201901/073264.jpg,OK,0,1,SANTA ROSA,CUILAPA,7326,CORPORACIÓN MUNICIPAL,10,2,2,0,1,4,238,238,219,219,0,5,3,13,30,6,3,0,11,142,1,5
1,0,0,336,336,6,https://resultados2019.blob.core.windows.net/201901/073184.jpg,OK,0,1,SANTA ROSA,CUILAPA,7318,CORPORACIÓN MUNICIPAL,2,2,2,0,1,4,148,148,146,146,0,1,0,4,35,2,6,3,6,78,3,8
1,0,0,400,401,6,https://resultados2019.blob.core.windows.net/201901/072934.jpg,OK,0,1,SANTA ROSA,CUILAPA,7293,CORPORACIÓN MUNICIPAL,9,2,2,0,1,4,266,266,257,257,4,7,6,9,141,9,5,6,15,32,12,11
1,12,0,380,380,6,https://resultados2019.blob.core.windows.net/201901/073304.jpg,OK,0,1,SANTA ROSA,CUILAPA,7330,CORPORACIÓN MUNICIPAL,11,2,2,0,1,4,206,206,183,183,2,1,4,11,27,5,3,2,5,113,3,7
1,2,0,221,221,6,https://resultados2019.blob.core.windows.net/201901/073334.jpg,OK,0,1,SANTA ROSA,CUILAPA,7333,CORPORACIÓN MUNICIPAL,1,2,2,0,1,4,116,116,113,113,0,0,0,8,22,2,0,2,5,70,3,1
1,14,0,380,379,6,https://resultados2019.blob.core.windows.net/201901/073054.jpg,OK,8,1,SANTA ROSA,CUILAPA,7305,CORPORACIÓN MUNICIPAL,2,2,2,0,1,4,224,224,208,208,0,2,0,9,32,5,7,3,13,119,6,12
1,2,0,390,390,6,https://resultados2019.blob.core.windows.net/201901/073034.jpg,OK,0,1,SANTA ROSA,CUILAPA,7303,CORPORACIÓN MUNICIPAL,6,2,2,0,1,4,179,179,171,171,2,3,3,7,91,7,3,7,9,28,6,5
1,0,0,318,321,6,https://resultados2019.blob.core.windows.net/201901/073244.jpg,OK,0,1,SANTA ROSA,CUILAPA,7324,CORPORACIÓN MUNICIPAL,1,2,2,0,1,4,192,192,191,191,2,0,1,12,59,3,2,10,5,70,11,16
1,7,0,380,380,6,https://resultados2019.blob.core.windows.net/201901/073104.jpg,OK,0,1,SANTA ROSA,CUILAPA,7310,CORPORACIÓN MUNICIPAL,14,2,2,0,1,4,256,256,235,235,1,3,1,7,67,5,11,5,9,98,6,22
1,6,0,400,400,6,https://resultados2019.blob.core.windows.net/201901/072764.jpg,OK,0,1,SANTA ROSA,CUILAPA,7276,CORPORACIÓN MUNICIPAL,11,2,2,0,1,4,262,262,245,245,4,7,4,4,119,15,3,3,22,44,10,10
1,2,0,400,400,6,https://resultados2019.blob.core.windows.net/201901/072884.jpg,OK,0,1,SANTA ROSA,CUILAPA,7288,CORPORACIÓN MUNICIPAL,4,2,2,0,1,4,239,239,233,233,1,5,0,9,121,12,3,5,13,43,16,5
