ACTACUADRA,BLANCOS,CNTIMPUGNA,CNTINSCRITOS,CNTPAPELETAS,DEP,IMGSRC,IMGSTATUS,INVALIDOS,MUN,NDEP,NMUN,NROMESA,NTE,NULOS,STACTA,STESCAN,STFISIC,STTRANS,TIPOELECCION,TOTALACTA,TOTALVOTOS,VOTOSVALIDOS,VOTOSVALIDOSACTA,voto_FCN-NACION,voto_MLP,voto_PC,voto_SEMILLA,voto_TODOS,voto_UCN,voto_UNE,voto_VALOR,voto_VICTORIA
1,2,0,400,400,6,https://resultados2019.blob.core.windows.net/201901/077254.jpg,OK,0,10,SANTA ROSA,SANTA MARÍA IXHUATÁN,7725,CORPORACIÓN MUNICIPAL,4,2,2,0,1,4,216,216,210,210,49,6,7,64,3,12,58,2,9
1,1,0,287,287,6,https://resultados2019.blob.core.windows.net/201901/077364.jpg,OK,0,10,SANTA ROSA,SANTA MARÍA IXHUATÁN,7736,CORPORACIÓN MUNICIPAL,4,2,2,0,1,4,199,199,194,194,42,2,1,23,0,3,123,0,0
1,12,0,400,400,6,https://resultados2019.blob.core.windows.net/201901/077194.jpg,OK,0,10,SANTA ROSA,SANTA MARÍA IXHUATÁN,7719,CORPORACIÓN MUNICIPAL,23,2,2,0,1,4,278,278,243,243,43,9,6,64,10,18,86,0,7
1,2,0,400,400,6,https://resultados2019.blob.core.windows.net/201901/077214.jpg,OK,0,10,SANTA ROSA,SANTA MARÍA IXHUATÁN,7721,CORPORACIÓN MUNICIPAL,16,2,2,0,1,4,290,290,272,272,120,7,1,63,4,3,63,0,11
1,3,2,400,400,6,https://resultados2019.blob.core.windows.net/201901/077044.jpg,OK,0,10,SANTA ROSA,SANTA MARÍA IXHUATÁN,7704,CORPORACIÓN MUNICIPAL,7,2,1,0,1,4,221,221,211,211,43,11,1,63,2,14,71,1,5
1,1,0,400,400,6,https://resultados2019.blob.core.windows.net/201901/077264.jpg,OK,0,10,SANTA ROSA,SANTA MARÍA IXHUATÁN,7726,CORPORACIÓN MUNICIPAL,2,2,2,0,1,4,201,201,198,198,34,2,2,77,4,15,60,1,3
1,4,0,288,288,6,https://resultados2019.blob.core.windows.net/201901/077354.jpg,OK,0,10,SANTA ROSA,SANTA MARÍA IXHUATÁN,7735,CORPORACIÓN MUNICIPAL,4,2,2,0,1,4,156,156,148,148,37,2,3,18,4,4,78,0,2
1,0,0,400,400,6,https://resultados2019.blob.core.windows.net/201901/077224.jpg,OK,0,10,SANTA ROSA,SANTA MARÍA IXHUATÁN,7722,CORPORACIÓN MUNICIPAL,2,2,2,0,1,4,198,198,196,196,57,2,3,59,3,13,53,0,6
1,8,0,400,396,6,https://resultados2019.blob.core.windows.net/201901/077094.jpg,OK,0,10,SANTA ROSA,SANTA MARÍA IXHUATÁN,7709,CORPORACIÓN MUNICIPAL,15,2,2,0,1,4,264,264,241,241,63,10,6,63,2,26,65,0,6
1,5,0,400,396,6,https://resultados2019.blob.core.windows.net/201901/077344.jpg,OK,0,10,SANTA ROSA,SANTA MARÍA IXHUATÁN,7734,CORPORACIÓN MUNICIPAL,21,2,2,0,1,4,294,294,268,268,64,2,3,39,4,5,149,1,1
1,10,0,400,396,6,https://resultados2019.blob.core.windows.net/201901/077114.jpg,OK,0,10,SANTA ROSA,SANTA MARÍA IXHUATÁN,7711,CORPORACIÓN MUNICIPAL,13,2,2,0,1,4,266,266,243,243,65,4,6,72,2,23,60,0,11
1,5,0,400,400,6,https://resultados2019.blob.core.windows.net/201901/077074.jpg,OK,0,10,SANTA ROSA,SANTA MARÍA IXHUATÁN,7707,CORPORACIÓN MUNICIPAL,12,2,2,0,1,4,259,259,242,242,52,5,6,69,5,19,72,1,13
1,4,0,444,443,6,https://resultados2019.blob.core.windows.net/201901/077374.jpg,OK,0,10,SANTA ROSA,SANTA MARÍA IXHUATÁN,7737,CORPORACIÓN MUNICIPAL,4,2,2,0,1,4,102,102,94,94,23,0,8,29,1,5,24,0,4
1,0,0,400,400,6,https://resultados2019.blob.core.windows.net/201901/077294.jpg,OK,0,10,SANTA ROSA,SANTA MARÍA IXHUATÁN,7729,CORPORACIÓN MUNICIPAL,2,2,2,0,1,4,286,286,284,284,70,7,5,87,5,16,85,1,8
1,2,0,400,400,6,https://resultados2019.blob.core.windows.net/201901/077234.jpg,OK,0,10,SANTA ROSA,SANTA MARÍA IXHUATÁN,7723,CORPORACIÓN MUNICIPAL,1,2,2,0,1,4,213,213,210,210,68,3,9,54,6,13,52,0,5
1,7,0,400,396,6,https://resultados2019.blob.core.windows.net/201901/077174.jpg,OK,0,10,SANTA ROSA,SANTA MARÍA IXHUATÁN,7717,CORPORACIÓN MUNICIPAL,11,2,2,0,1,4,256,256,238,238,61,8,7,77,2,10,61,2,10
1,8,0,400,400,6,https://resultados2019.blob.core.windows.net/201901/077324.jpg,OK,0,10,SANTA ROSA,SANTA MARÍA IXHUATÁN,7732,CORPORACIÓN MUNICIPAL,16,2,2,0,1,4,256,256,232,232,54,4,3,26,0,3,140,1,1
1,6,0,400,400,6,https://resultados2019.blob.core.windows.net/201901/077084.jpg,OK,0,10,SANTA ROSA,SANTA MARÍA IXHUATÁN,7708,CORPORACIÓN MUNICIPAL,15,2,2,0,1,4,269,269,248,248,74,5,3,63,9,18,71,1,4
1,2,0,400,400,6,https://resultados2019.blob.core.windows.net/201901/077284.jpg,OK,0,10,SANTA ROSA,SANTA MARÍA IXHUATÁN,7728,CORPORACIÓN MUNICIPAL,1,2,2,0,1,4,233,233,230,230,79,3,5,70,4,18,45,0,6
1,7,0,400,396,6,https://resultados2019.blob.core.windows.net/201901/077184.jpg,OK,0,10,SANTA ROSA,SANTA MARÍA IXHUATÁN,7718,CORPORACIÓN MUNICIPAL,11,2,2,0,1,4,264,264,246,246,61,5,8,83,4,16,62,0,7
1,7,0,400,396,6,https://resultados2019.blob.core.windows.net/201901/077134.jpg,OK,0,10,SANTA ROSA,SANTA MARÍA IXHUATÁN,7713,CORPORACIÓN MUNICIPAL,10,2,2,0,1,4,245,245,228,228,55,10,12,68,5,10,54,1,13
1,5,0,400,400,6,https://resultados2019.blob.core.windows.net/201901/077274.jpg,OK,0,10,SANTA ROSA,SANTA MARÍA IXHUATÁN,7727,CORPORACIÓN MUNICIPAL,4,2,2,0,1,4,213,213,204,204,51,6,5,60,5,11,58,0,8
1,1,1,400,400,6,https://resultados2019.blob.core.windows.net/201901/077244.jpg,OK,0,10,SANTA ROSA,SANTA MARÍA IXHUATÁN,7724,CORPORACIÓN MUNICIPAL,11,2,2,0,1,4,228,228,216,216,43,9,6,62,6,16,63,1,10
1,5,0,400,400,6,https://resultados2019.blob.core.windows.net/201901/077204.jpg,OK,0,10,SANTA ROSA,SANTA MARÍA IXHUATÁN,7720,CORPORACIÓN MUNICIPAL,10,2,2,0,1,4,290,290,275,275,119,1,3,58,0,9,79,0,6
1,6,0,400,400,6,https://resultados2019.blob.core.windows.net/201901/077104.jpg,OK,0,10,SANTA ROSA,SANTA MARÍA IXHUATÁN,7710,CORPORACIÓN MUNICIPAL,15,2,2,0,1,4,270,270,249,249,94,6,7,50,6,18,58,0,10
1,6,0,400,388,6,https://resultados2019.blob.core.windows.net/201901/077054.jpg,OK,0,10,SANTA ROSA,SANTA MARÍA IXHUATÁN,7705,CORPORACIÓN MUNICIPAL,7,2,1,0,1,4,253,253,240,240,50,10,10,70,15,16,63,0,6
1,14,0,400,400,6,https://resultados2019.blob.core.windows.net/201901/077124.jpg,OK,0,10,SANTA ROSA,SANTA MARÍA IXHUATÁN,7712,CORPORACIÓN MUNICIPAL,16,2,2,0,1,4,276,276,246,246,40,13,12,80,3,21,66,1,10
1,0,0,248,248,6,https://resultados2019.blob.core.windows.net/201901/077304.jpg,OK,0,10,SANTA ROSA,SANTA MARÍA IXHUATÁN,7730,CORPORACIÓN MUNICIPAL,1,2,2,0,1,4,171,171,170,170,61,1,4,48,3,11,36,0,6
1,7,0,400,400,6,https://resultados2019.blob.core.windows.net/201901/077164.jpg,OK,0,10,SANTA ROSA,SANTA MARÍA IXHUATÁN,7716,CORPORACIÓN MUNICIPAL,21,2,2,0,1,4,261,261,233,233,71,7,6,61,3,12,61,1,11
1,0,0,444,444,6,https://resultados2019.blob.core.windows.net/201901/077384.jpg,OK,0,10,SANTA ROSA,SANTA MARÍA IXHUATÁN,7738,CORPORACIÓN MUNICIPAL,0,2,2,0,1,4,62,62,62,62,12,0,3,24,2,3,13,0,5
1,5,1,400,400,6,https://resultados2019.blob.core.windows.net/201901/077334.jpg,OK,0,10,SANTA ROSA,SANTA MARÍA IXHUATÁN,7733,CORPORACIÓN MUNICIPAL,16,2,2,0,1,4,305,305,284,284,91,5,0,30,3,3,151,0,1
1,7,0,400,400,6,https://resultados2019.blob.core.windows.net/201901/077144.jpg,OK,0,10,SANTA ROSA,SANTA MARÍA IXHUATÁN,7714,CORPORACIÓN MUNICIPAL,23,2,2,0,1,4,277,277,247,247,65,4,4,62,5,19,78,1,9
1,3,0,400,400,6,https://resultados2019.blob.core.windows.net/201901/077064.jpg,OK,0,10,SANTA ROSA,SANTA MARÍA IXHUATÁN,7706,CORPORACIÓN MUNICIPAL,17,2,1,0,1,4,272,272,252,252,47,8,8,74,11,18,82,0,4
1,3,0,248,248,6,https://resultados2019.blob.core.windows.net/201901/077314.jpg,OK,0,10,SANTA ROSA,SANTA MARÍA IXHUATÁN,7731,CORPORACIÓN MUNICIPAL,6,2,2,0,1,4,143,143,134,134,40,2,0,38,1,8,38,1,6
1,8,0,400,400,6,https://resultados2019.blob.core.windows.net/201901/077154.jpg,OK,0,10,SANTA ROSA,SANTA MARÍA IXHUATÁN,7715,CORPORACIÓN MUNICIPAL,15,2,2,0,1,4,277,277,254,254,70,11,6,64,4,15,54,1,29
