ACTACUADRA,BLANCOS,CNTIMPUGNA,CNTINSCRITOS,CNTPAPELETAS,DEP,IMGSRC,IMGSTATUS,INVALIDOS,MUN,NDEP,NMUN,NROMESA,NTE,NULOS,STACTA,STESCAN,STFISIC,STTRANS,TIPOELECCION,TOTALACTA,TOTALVOTOS,VOTOSVALIDOS,VOTOSVALIDOSACTA,voto_AVANZA,voto_CREO,voto_FCN-NACION,voto_FUERZA,voto_MLP,voto_PHG,voto_UCN,voto_UNE,voto_UNIONISTA
1,2,0,400,400,6,https://resultados2019.blob.core.windows.net/201901/078024.jpg,OK,0,13,SANTA ROSA,PUEBLO NUEVO VIÑAS,7802,CORPORACIÓN MUNICIPAL,3,2,2,0,1,4,259,259,254,254,1,6,24,10,0,1,110,61,41
1,0,0,251,251,6,https://resultados2019.blob.core.windows.net/201901/078304.jpg,OK,0,13,SANTA ROSA,PUEBLO NUEVO VIÑAS,7830,CORPORACIÓN MUNICIPAL,4,2,2,0,1,4,191,191,187,187,1,3,10,14,2,0,80,56,21
1,1,0,400,399,6,https://resultados2019.blob.core.windows.net/201901/078084.jpg,OK,0,13,SANTA ROSA,PUEBLO NUEVO VIÑAS,7808,CORPORACIÓN MUNICIPAL,3,2,2,0,1,4,311,311,307,307,0,2,17,9,1,0,128,88,62
1,13,0,380,376,6,https://resultados2019.blob.core.windows.net/201901/078124.jpg,OK,0,13,SANTA ROSA,PUEBLO NUEVO VIÑAS,7812,CORPORACIÓN MUNICIPAL,20,2,2,0,1,4,266,266,233,233,0,10,20,2,15,5,97,72,12
1,7,0,400,396,6,https://resultados2019.blob.core.windows.net/201901/077954.jpg,OK,0,13,SANTA ROSA,PUEBLO NUEVO VIÑAS,7795,CORPORACIÓN MUNICIPAL,22,2,2,0,1,4,300,300,271,271,1,4,25,11,3,2,106,94,25
1,8,0,380,407,6,https://resultados2019.blob.core.windows.net/201901/078174.jpg,OK,0,13,SANTA ROSA,PUEBLO NUEVO VIÑAS,7817,CORPORACIÓN MUNICIPAL,15,2,2,0,1,4,294,294,271,271,2,9,0,10,0,3,108,129,10
1,3,0,400,376,6,https://resultados2019.blob.core.windows.net/201901/078244.jpg,OK,0,13,SANTA ROSA,PUEBLO NUEVO VIÑAS,7824,CORPORACIÓN MUNICIPAL,23,2,2,0,1,4,298,298,272,272,0,7,18,19,1,2,115,98,12
1,4,0,308,308,6,https://resultados2019.blob.core.windows.net/201901/078324.jpg,OK,0,13,SANTA ROSA,PUEBLO NUEVO VIÑAS,7832,CORPORACIÓN MUNICIPAL,2,2,2,0,1,4,77,77,71,71,1,3,7,3,2,3,25,22,5
1,14,0,400,376,6,https://resultados2019.blob.core.windows.net/201901/078264.jpg,OK,0,13,SANTA ROSA,PUEBLO NUEVO VIÑAS,7826,CORPORACIÓN MUNICIPAL,24,2,2,0,1,4,317,317,279,279,1,6,23,18,3,1,110,97,20
1,8,0,380,380,6,https://resultados2019.blob.core.windows.net/201901/078194.jpg,OK,0,13,SANTA ROSA,PUEBLO NUEVO VIÑAS,7819,CORPORACIÓN MUNICIPAL,6,2,2,0,1,4,237,237,223,223,1,8,1,11,0,1,94,103,4
1,7,0,400,400,6,https://resultados2019.blob.core.windows.net/201901/078004.jpg,OK,0,13,SANTA ROSA,PUEBLO NUEVO VIÑAS,7800,CORPORACIÓN MUNICIPAL,17,2,1,0,1,4,295,295,271,271,2,8,33,3,2,1,121,66,35
1,3,0,400,400,6,https://resultados2019.blob.core.windows.net/201901/078044.jpg,OK,1,13,SANTA ROSA,PUEBLO NUEVO VIÑAS,7804,CORPORACIÓN MUNICIPAL,9,2,2,0,1,4,277,277,265,265,0,5,20,8,2,0,119,76,35
1,4,0,400,400,6,https://resultados2019.blob.core.windows.net/201901/078074.jpg,OK,1,13,SANTA ROSA,PUEBLO NUEVO VIÑAS,7807,CORPORACIÓN MUNICIPAL,8,2,2,0,1,4,258,258,246,246,1,5,20,7,2,0,98,75,38
1,7,0,380,380,6,https://resultados2019.blob.core.windows.net/201901/078184.jpg,OK,0,13,SANTA ROSA,PUEBLO NUEVO VIÑAS,7818,CORPORACIÓN MUNICIPAL,25,2,2,0,1,4,291,291,259,259,0,13,0,12,0,2,110,114,8
1,6,1,400,400,6,https://resultados2019.blob.core.windows.net/201901/078234.jpg,OK,0,13,SANTA ROSA,PUEBLO NUEVO VIÑAS,7823,CORPORACIÓN MUNICIPAL,29,2,2,0,1,4,296,296,261,261,2,4,20,27,0,1,90,100,17
1,11,0,400,400,6,https://resultados2019.blob.core.windows.net/201901/077964.jpg,OK,0,13,SANTA ROSA,PUEBLO NUEVO VIÑAS,7796,CORPORACIÓN MUNICIPAL,6,2,2,0,1,4,297,297,280,280,0,1,25,4,2,3,121,98,26
1,6,0,400,400,6,https://resultados2019.blob.core.windows.net/201901/077984.jpg,OK,0,13,SANTA ROSA,PUEBLO NUEVO VIÑAS,7798,CORPORACIÓN MUNICIPAL,19,2,2,0,1,4,313,313,288,288,3,8,20,10,4,0,126,84,33
1,0,0,227,227,6,https://resultados2019.blob.core.windows.net/201901/078094.jpg,OK,0,13,SANTA ROSA,PUEBLO NUEVO VIÑAS,7809,CORPORACIÓN MUNICIPAL,0,2,2,0,1,4,206,206,206,206,1,3,17,3,0,1,99,48,34
1,2,0,400,396,6,https://resultados2019.blob.core.windows.net/201901/078034.jpg,OK,0,13,SANTA ROSA,PUEBLO NUEVO VIÑAS,7803,CORPORACIÓN MUNICIPAL,12,2,2,0,1,4,283,283,269,269,1,5,15,11,1,1,129,71,35
1,6,0,380,399,6,https://resultados2019.blob.core.windows.net/201901/078114.jpg,OK,0,13,SANTA ROSA,PUEBLO NUEVO VIÑAS,7811,CORPORACIÓN MUNICIPAL,16,2,2,0,1,4,232,232,210,210,1,20,21,5,11,1,83,62,6
1,0,0,226,226,6,https://resultados2019.blob.core.windows.net/201901/078104.jpg,OK,0,13,SANTA ROSA,PUEBLO NUEVO VIÑAS,7810,CORPORACIÓN MUNICIPAL,2,2,2,0,1,4,168,168,166,166,1,4,19,5,1,0,72,39,25
1,3,0,400,399,6,https://resultados2019.blob.core.windows.net/201901/078274.jpg,OK,4,13,SANTA ROSA,PUEBLO NUEVO VIÑAS,7827,CORPORACIÓN MUNICIPAL,8,2,2,0,1,4,258,258,247,247,3,5,14,24,0,1,99,88,13
1,3,0,400,400,6,https://resultados2019.blob.core.windows.net/201901/077994.jpg,OK,2,13,SANTA ROSA,PUEBLO NUEVO VIÑAS,7799,CORPORACIÓN MUNICIPAL,14,2,1,0,1,4,300,300,283,283,0,6,37,9,3,2,111,87,28
1,4,0,400,400,6,https://resultados2019.blob.core.windows.net/201901/078054.jpg,OK,0,13,SANTA ROSA,PUEBLO NUEVO VIÑAS,7805,CORPORACIÓN MUNICIPAL,9,2,2,0,1,4,251,251,238,238,3,8,25,4,1,2,94,69,32
1,4,0,400,400,6,https://resultados2019.blob.core.windows.net/201901/078254.jpg,OK,0,13,SANTA ROSA,PUEBLO NUEVO VIÑAS,7825,CORPORACIÓN MUNICIPAL,29,2,2,0,1,4,303,303,270,270,0,7,17,14,1,1,120,95,15
1,2,0,400,400,6,https://resultados2019.blob.core.windows.net/201901/077934.jpg,OK,0,13,SANTA ROSA,PUEBLO NUEVO VIÑAS,7793,CORPORACIÓN MUNICIPAL,12,2,2,0,1,4,281,281,267,267,0,5,19,7,0,0,118,90,28
1,9,0,380,380,6,https://resultados2019.blob.core.windows.net/201901/078204.jpg,OK,0,13,SANTA ROSA,PUEBLO NUEVO VIÑAS,7820,CORPORACIÓN MUNICIPAL,16,2,2,0,1,4,237,237,212,212,1,14,1,10,0,3,90,87,6
1,8,0,600,600,6,https://resultados2019.blob.core.windows.net/201901/078314.jpg,OK,0,13,SANTA ROSA,PUEBLO NUEVO VIÑAS,7831,CORPORACIÓN MUNICIPAL,18,2,2,0,1,4,175,175,149,149,1,3,9,7,1,2,63,49,14
1,2,0,247,247,6,https://resultados2019.blob.core.windows.net/201901/078144.jpg,OK,0,13,SANTA ROSA,PUEBLO NUEVO VIÑAS,7814,CORPORACIÓN MUNICIPAL,8,2,2,0,1,4,133,133,123,123,0,5,6,2,1,2,51,44,12
1,6,0,400,376,6,https://resultados2019.blob.core.windows.net/201901/078284.jpg,OK,0,13,SANTA ROSA,PUEBLO NUEVO VIÑAS,7828,CORPORACIÓN MUNICIPAL,10,2,2,0,1,4,253,253,237,237,0,1,20,27,0,0,86,87,16
1,6,0,248,248,6,https://resultados2019.blob.core.windows.net/201901/078134.jpg,OK,0,13,SANTA ROSA,PUEBLO NUEVO VIÑAS,7813,CORPORACIÓN MUNICIPAL,12,2,2,0,1,4,134,134,116,116,1,7,13,2,8,2,44,29,10
1,4,0,251,251,6,https://resultados2019.blob.core.windows.net/201901/078294.jpg,OK,1,13,SANTA ROSA,PUEBLO NUEVO VIÑAS,7829,CORPORACIÓN MUNICIPAL,7,2,2,0,1,4,144,144,133,133,0,3,6,12,2,0,61,36,13
1,7,0,380,380,6,https://resultados2019.blob.core.windows.net/201901/078164.jpg,OK,1,13,SANTA ROSA,PUEBLO NUEVO VIÑAS,7816,CORPORACIÓN MUNICIPAL,19,2,2,0,1,4,278,278,252,252,0,9,3,9,2,1,109,110,9
1,10,0,380,395,6,https://resultados2019.blob.core.windows.net/201901/078154.jpg,OK,0,13,SANTA ROSA,PUEBLO NUEVO VIÑAS,7815,CORPORACIÓN MUNICIPAL,16,2,2,0,1,4,257,257,231,231,0,12,3,8,2,1,91,108,6
1,8,0,400,400,6,https://resultados2019.blob.core.windows.net/201901/077944.jpg,OK,0,13,SANTA ROSA,PUEBLO NUEVO VIÑAS,7794,CORPORACIÓN MUNICIPAL,12,2,2,0,1,4,281,281,261,261,0,3,31,14,3,2,99,80,29
1,6,0,400,400,6,https://resultados2019.blob.core.windows.net/201901/078064.jpg,OK,0,13,SANTA ROSA,PUEBLO NUEVO VIÑAS,7806,CORPORACIÓN MUNICIPAL,13,2,2,0,1,4,256,256,237,237,0,3,27,4,2,0,97,65,39
1,5,0,400,400,6,https://resultados2019.blob.core.windows.net/201901/077974.jpg,OK,0,13,SANTA ROSA,PUEBLO NUEVO VIÑAS,7797,CORPORACIÓN MUNICIPAL,16,2,1,0,1,4,309,309,288,288,2,7,28,6,1,3,141,85,15
1,1,0,307,306,6,https://resultados2019.blob.core.windows.net/201901/078334.jpg,OK,0,13,SANTA ROSA,PUEBLO NUEVO VIÑAS,7833,CORPORACIÓN MUNICIPAL,5,2,2,0,1,4,48,48,42,42,0,3,2,0,0,1,13,15,8
1,9,0,318,318,6,https://resultados2019.blob.core.windows.net/201901/078214.jpg,OK,0,13,SANTA ROSA,PUEBLO NUEVO VIÑAS,7821,CORPORACIÓN MUNICIPAL,5,2,2,0,1,4,187,187,173,173,0,9,2,9,0,1,84,63,5
1,5,0,400,400,6,https://resultados2019.blob.core.windows.net/201901/078014.jpg,OK,0,13,SANTA ROSA,PUEBLO NUEVO VIÑAS,7801,CORPORACIÓN MUNICIPAL,9,2,2,0,1,4,289,289,275,275,0,0,20,11,5,2,113,87,37
1,4,0,318,317,6,https://resultados2019.blob.core.windows.net/201901/078224.jpg,OK,0,13,SANTA ROSA,PUEBLO NUEVO VIÑAS,7822,CORPORACIÓN MUNICIPAL,0,2,2,0,1,4,229,229,225,225,0,14,2,14,0,0,105,78,12
