ACTACUADRA,BLANCOS,CNTIMPUGNA,CNTINSCRITOS,CNTPAPELETAS,DEP,IMGSRC,IMGSTATUS,INVALIDOS,MUN,NDEP,NMUN,NROMESA,NTE,NULOS,STACTA,STESCAN,STFISIC,STTRANS,TIPOELECCION,TOTALACTA,TOTALVOTOS,VOTOSVALIDOS,VOTOSVALIDOSACTA,voto_CCM,voto_CREO,voto_PC,voto_PHG,voto_SEMILLA,voto_TODOS,voto_UCN,voto_UNE,voto_UNIONISTA,voto_VAMOS,voto_VICTORIA
1,6,0,380,376,6,https://resultados2019.blob.core.windows.net/201901/073964.jpg,OK,0,2,SANTA ROSA,BARBERENA,7396,CORPORACIÓN MUNICIPAL,26,2,2,0,1,4,226,226,194,194,71,1,1,0,5,4,7,34,58,3,10
1,6,0,380,380,6,https://resultados2019.blob.core.windows.net/201901/073904.jpg,OK,0,2,SANTA ROSA,BARBERENA,7390,CORPORACIÓN MUNICIPAL,23,2,2,0,1,4,255,255,226,226,86,1,4,0,4,11,14,34,57,7,8
1,5,0,380,380,6,https://resultados2019.blob.core.windows.net/201901/074044.jpg,OK,0,2,SANTA ROSA,BARBERENA,7404,CORPORACIÓN MUNICIPAL,30,2,2,0,1,4,281,281,246,246,51,8,13,1,1,5,58,15,79,3,12
1,0,0,223,223,6,https://resultados2019.blob.core.windows.net/201901/073654.jpg,OK,0,2,SANTA ROSA,BARBERENA,7365,CORPORACIÓN MUNICIPAL,10,2,2,0,1,4,113,113,103,103,8,3,4,1,1,5,21,10,22,1,27
1,0,0,380,377,6,https://resultados2019.blob.core.windows.net/201901/073804.jpg,OK,0,2,SANTA ROSA,BARBERENA,7380,CORPORACIÓN MUNICIPAL,9,2,2,0,1,4,238,238,229,229,83,4,5,1,4,10,12,32,58,3,17
1,2,0,380,380,6,https://resultados2019.blob.core.windows.net/201901/074004.jpg,OK,0,2,SANTA ROSA,BARBERENA,7400,CORPORACIÓN MUNICIPAL,13,2,2,0,1,4,233,233,218,218,82,7,3,1,5,8,12,20,50,2,28
1,3,0,400,400,6,https://resultados2019.blob.core.windows.net/201901/073534.jpg,OK,0,2,SANTA ROSA,BARBERENA,7353,CORPORACIÓN MUNICIPAL,17,2,2,0,1,4,255,255,235,235,17,9,7,0,2,19,45,20,67,3,46
1,5,2,400,400,6,https://resultados2019.blob.core.windows.net/201901/073574.jpg,OK,2,2,SANTA ROSA,BARBERENA,7357,CORPORACIÓN MUNICIPAL,7,2,2,0,1,4,266,266,254,254,25,9,11,1,0,11,45,24,63,4,61
1,1,0,400,396,6,https://resultados2019.blob.core.windows.net/201901/073564.jpg,OK,0,2,SANTA ROSA,BARBERENA,7356,CORPORACIÓN MUNICIPAL,12,2,2,0,1,4,279,279,266,266,25,10,6,2,2,17,42,30,67,4,61
1,3,0,380,377,6,https://resultados2019.blob.core.windows.net/201901/073734.jpg,OK,0,2,SANTA ROSA,BARBERENA,7373,CORPORACIÓN MUNICIPAL,31,2,2,0,1,4,255,255,221,221,86,5,1,1,6,10,20,27,48,2,15
1,8,0,400,396,6,https://resultados2019.blob.core.windows.net/201901/073414.jpg,OK,1,2,SANTA ROSA,BARBERENA,7341,CORPORACIÓN MUNICIPAL,22,2,2,0,1,4,285,285,255,255,27,5,9,1,3,14,61,18,65,0,52
1,4,0,380,376,6,https://resultados2019.blob.core.windows.net/201901/073954.jpg,OK,0,2,SANTA ROSA,BARBERENA,7395,CORPORACIÓN MUNICIPAL,25,2,2,0,1,4,222,222,193,193,66,7,4,0,5,6,8,27,55,1,14
1,0,0,380,276,6,https://resultados2019.blob.core.windows.net/201901/073724.jpg,OK,2,2,SANTA ROSA,BARBERENA,7372,CORPORACIÓN MUNICIPAL,28,2,2,0,1,4,274,274,246,246,89,3,2,1,5,6,24,42,60,4,10
1,3,0,400,396,6,https://resultados2019.blob.core.windows.net/201901/073464.jpg,OK,0,2,SANTA ROSA,BARBERENA,7346,CORPORACIÓN MUNICIPAL,16,2,2,0,1,4,275,275,256,256,18,7,14,3,2,10,42,34,72,2,52
1,8,0,380,380,6,https://resultados2019.blob.core.windows.net/201901/073754.jpg,OK,0,2,SANTA ROSA,BARBERENA,7375,CORPORACIÓN MUNICIPAL,24,2,2,0,1,4,261,261,229,229,87,4,3,2,4,9,20,40,46,0,14
1,3,0,400,400,6,https://resultados2019.blob.core.windows.net/201901/073394.jpg,OK,1,2,SANTA ROSA,BARBERENA,7339,CORPORACIÓN MUNICIPAL,29,2,2,0,1,4,264,264,232,232,15,9,13,2,2,7,39,33,63,3,46
1,2,0,380,380,6,https://resultados2019.blob.core.windows.net/201901/074064.jpg,OK,0,2,SANTA ROSA,BARBERENA,7406,CORPORACIÓN MUNICIPAL,25,2,2,0,1,4,247,247,220,220,49,7,10,0,1,1,53,12,69,1,17
1,1,0,380,380,6,https://resultados2019.blob.core.windows.net/201901/073744.jpg,OK,0,2,SANTA ROSA,BARBERENA,7374,CORPORACIÓN MUNICIPAL,27,2,2,0,1,4,243,243,215,215,71,3,5,1,7,5,19,36,45,3,20
1,2,0,400,400,6,https://resultados2019.blob.core.windows.net/201901/073554.jpg,OK,0,2,SANTA ROSA,BARBERENA,7355,CORPORACIÓN MUNICIPAL,10,2,2,0,1,4,263,263,251,251,24,4,11,2,4,5,57,30,60,3,51
1,2,0,400,400,6,https://resultados2019.blob.core.windows.net/201901/073434.jpg,OK,0,2,SANTA ROSA,BARBERENA,7343,CORPORACIÓN MUNICIPAL,21,2,2,0,1,4,280,280,257,257,24,12,10,1,0,16,45,36,71,2,40
1,5,0,380,380,6,https://resultados2019.blob.core.windows.net/201901/073914.jpg,OK,0,2,SANTA ROSA,BARBERENA,7391,CORPORACIÓN MUNICIPAL,17,2,2,0,1,4,235,235,213,213,73,4,3,3,2,4,17,29,58,2,18
1,5,0,380,376,6,https://resultados2019.blob.core.windows.net/201901/073894.jpg,OK,0,2,SANTA ROSA,BARBERENA,7389,CORPORACIÓN MUNICIPAL,22,2,2,0,1,4,266,266,239,239,95,3,2,2,7,10,12,40,54,2,12
0,4,0,380,373,6,https://resultados2019.blob.core.windows.net/201901/073794.jpg,OK,1,2,SANTA ROSA,BARBERENA,7379,CORPORACIÓN MUNICIPAL,25,2,2,0,1,4,268,267,238,238,95,7,5,2,7,5,14,36,50,0,17
1,1,1,380,380,6,https://resultados2019.blob.core.windows.net/201901/073944.jpg,OK,0,2,SANTA ROSA,BARBERENA,7394,CORPORACIÓN MUNICIPAL,17,2,2,0,1,4,236,236,218,218,84,6,6,1,2,7,16,25,54,0,17
1,4,0,380,376,6,https://resultados2019.blob.core.windows.net/201901/073824.jpg,OK,0,2,SANTA ROSA,BARBERENA,7382,CORPORACIÓN MUNICIPAL,18,2,2,0,1,4,268,268,246,246,96,11,3,1,3,5,13,47,52,1,14
1,3,0,400,400,6,https://resultados2019.blob.core.windows.net/201901/073594.jpg,OK,0,2,SANTA ROSA,BARBERENA,7359,CORPORACIÓN MUNICIPAL,13,2,2,0,1,4,245,245,229,229,23,4,9,0,2,10,32,27,74,1,47
1,2,0,400,398,6,https://resultados2019.blob.core.windows.net/201901/073474.jpg,OK,1,2,SANTA ROSA,BARBERENA,7347,CORPORACIÓN MUNICIPAL,19,2,2,0,1,4,273,273,252,252,21,6,14,1,3,14,50,21,82,1,39
1,5,0,380,375,6,https://resultados2019.blob.core.windows.net/201901/073984.jpg,OK,0,2,SANTA ROSA,BARBERENA,7398,CORPORACIÓN MUNICIPAL,20,2,2,0,1,4,212,212,187,187,76,3,1,2,3,1,13,34,44,1,9
1,6,0,380,376,6,https://resultados2019.blob.core.windows.net/201901/073774.jpg,OK,0,2,SANTA ROSA,BARBERENA,7377,CORPORACIÓN MUNICIPAL,21,2,2,0,1,4,257,257,230,230,94,3,4,1,5,7,17,34,53,3,9
1,1,0,380,376,6,https://resultados2019.blob.core.windows.net/201901/073674.jpg,OK,0,2,SANTA ROSA,BARBERENA,7367,CORPORACIÓN MUNICIPAL,27,2,2,0,1,4,266,266,238,238,95,6,3,4,3,4,8,42,59,2,12
1,1,0,380,375,6,https://resultados2019.blob.core.windows.net/201901/073864.jpg,OK,0,2,SANTA ROSA,BARBERENA,7386,CORPORACIÓN MUNICIPAL,27,2,2,0,1,4,285,285,257,257,86,8,5,2,5,7,13,53,69,2,7
1,3,0,380,380,6,https://resultados2019.blob.core.windows.net/201901/073994.jpg,OK,0,2,SANTA ROSA,BARBERENA,7399,CORPORACIÓN MUNICIPAL,18,2,2,0,1,4,227,227,206,206,62,1,3,0,4,9,12,39,58,2,16
1,0,0,400,400,6,https://resultados2019.blob.core.windows.net/201901/073634.jpg,OK,0,2,SANTA ROSA,BARBERENA,7363,CORPORACIÓN MUNICIPAL,3,2,2,0,1,4,274,274,271,271,19,4,12,0,2,9,42,24,88,1,70
1,2,0,380,376,6,https://resultados2019.blob.core.windows.net/201901/073854.jpg,OK,0,2,SANTA ROSA,BARBERENA,7385,CORPORACIÓN MUNICIPAL,26,2,2,0,1,4,303,303,275,275,93,3,5,2,5,8,16,50,78,4,11
1,1,0,276,276,6,https://resultados2019.blob.core.windows.net/201901/074154.jpg,OK,0,2,SANTA ROSA,BARBERENA,7415,CORPORACIÓN MUNICIPAL,9,2,2,0,1,4,202,202,192,192,20,3,15,1,0,2,19,25,37,0,70
1,2,0,400,396,6,https://resultados2019.blob.core.windows.net/201901/073404.jpg,OK,0,2,SANTA ROSA,BARBERENA,7340,CORPORACIÓN MUNICIPAL,19,2,2,0,1,4,280,280,259,259,29,12,9,0,1,7,45,28,72,3,53
1,5,0,380,376,6,https://resultados2019.blob.core.windows.net/201901/073834.jpg,OK,0,2,SANTA ROSA,BARBERENA,7383,CORPORACIÓN MUNICIPAL,23,2,2,0,1,4,267,267,239,239,90,2,4,2,3,6,12,42,57,2,19
1,1,0,600,600,6,https://resultados2019.blob.core.windows.net/201901/074164.jpg,OK,0,2,SANTA ROSA,BARBERENA,7416,CORPORACIÓN MUNICIPAL,17,2,2,0,1,4,228,228,210,210,36,4,6,0,5,12,40,26,52,5,24
1,3,0,380,372,6,https://resultados2019.blob.core.windows.net/201901/073934.jpg,OK,0,2,SANTA ROSA,BARBERENA,7393,CORPORACIÓN MUNICIPAL,15,2,2,0,1,4,223,223,205,205,76,3,2,5,1,6,17,28,56,0,11
1,1,0,400,396,6,https://resultados2019.blob.core.windows.net/201901/073614.jpg,OK,0,2,SANTA ROSA,BARBERENA,7361,CORPORACIÓN MUNICIPAL,8,2,2,0,1,4,239,239,230,230,17,4,11,2,1,11,48,16,60,1,59
1,4,0,400,396,6,https://resultados2019.blob.core.windows.net/201901/074104.jpg,OK,0,2,SANTA ROSA,BARBERENA,7410,CORPORACIÓN MUNICIPAL,27,2,2,0,1,4,298,298,267,267,32,7,28,2,0,5,15,52,70,1,55
1,1,0,400,396,6,https://resultados2019.blob.core.windows.net/201901/073504.jpg,OK,0,2,SANTA ROSA,BARBERENA,7350,CORPORACIÓN MUNICIPAL,8,2,2,0,1,4,239,239,230,230,21,5,14,0,3,8,27,25,70,1,56
1,4,0,400,396,6,https://resultados2019.blob.core.windows.net/201901/074114.jpg,OK,0,2,SANTA ROSA,BARBERENA,7411,CORPORACIÓN MUNICIPAL,26,2,2,0,1,4,310,310,280,280,23,5,23,0,0,4,26,60,86,2,51
0,3,1,400,400,6,https://resultados2019.blob.core.windows.net/201901/073424.jpg,OK,0,2,SANTA ROSA,BARBERENA,7342,CORPORACIÓN MUNICIPAL,22,2,2,0,1,4,281,280,255,256,26,6,14,0,2,7,51,35,57,1,56
1,13,0,317,317,6,https://resultados2019.blob.core.windows.net/201901/074084.jpg,OK,0,2,SANTA ROSA,BARBERENA,7408,CORPORACIÓN MUNICIPAL,5,2,2,0,1,4,193,193,175,175,39,2,6,0,1,4,39,12,60,2,10
1,3,0,400,401,6,https://resultados2019.blob.core.windows.net/201901/073514.jpg,OK,0,2,SANTA ROSA,BARBERENA,7351,CORPORACIÓN MUNICIPAL,10,2,2,0,1,4,262,262,249,249,23,2,6,1,3,13,54,23,70,7,47
1,3,0,380,374,6,https://resultados2019.blob.core.windows.net/201901/073784.jpg,OK,0,2,SANTA ROSA,BARBERENA,7378,CORPORACIÓN MUNICIPAL,17,2,2,0,1,4,266,266,246,246,100,5,8,1,5,6,19,35,53,0,14
1,1,0,400,400,6,https://resultados2019.blob.core.windows.net/201901/073544.jpg,OK,2,2,SANTA ROSA,BARBERENA,7354,CORPORACIÓN MUNICIPAL,10,2,2,0,1,4,273,273,262,262,20,10,8,1,2,7,48,30,64,7,65
1,2,0,400,400,6,https://resultados2019.blob.core.windows.net/201901/073624.jpg,OK,0,2,SANTA ROSA,BARBERENA,7362,CORPORACIÓN MUNICIPAL,4,2,2,0,1,4,239,239,233,233,21,6,17,2,2,11,26,20,62,2,64
1,1,0,380,380,6,https://resultados2019.blob.core.windows.net/201901/074074.jpg,OK,0,2,SANTA ROSA,BARBERENA,7407,CORPORACIÓN MUNICIPAL,14,2,2,0,1,4,241,241,226,226,54,5,14,0,1,4,44,15,63,4,22
1,6,0,400,394,6,https://resultados2019.blob.core.windows.net/201901/073524.jpg,OK,2,2,SANTA ROSA,BARBERENA,7352,CORPORACIÓN MUNICIPAL,22,2,2,0,1,4,277,277,249,249,23,7,7,0,4,8,45,31,68,3,53
1,0,0,268,268,6,https://resultados2019.blob.core.windows.net/201901/074024.jpg,OK,0,2,SANTA ROSA,BARBERENA,7402,CORPORACIÓN MUNICIPAL,7,2,2,0,1,4,166,166,159,159,68,0,0,0,2,2,15,15,34,1,22
1,3,0,380,380,6,https://resultados2019.blob.core.windows.net/201901/073704.jpg,OK,0,2,SANTA ROSA,BARBERENA,7370,CORPORACIÓN MUNICIPAL,20,2,2,0,1,4,249,249,226,226,87,1,6,1,2,6,11,33,59,3,17
1,6,0,400,396,6,https://resultados2019.blob.core.windows.net/201901/073454.jpg,OK,0,2,SANTA ROSA,BARBERENA,7345,CORPORACIÓN MUNICIPAL,17,2,2,0,1,4,288,288,265,265,20,10,22,1,3,10,47,38,61,3,50
1,4,0,380,380,6,https://resultados2019.blob.core.windows.net/201901/073684.jpg,OK,0,2,SANTA ROSA,BARBERENA,7368,CORPORACIÓN MUNICIPAL,32,2,2,0,1,4,262,262,226,226,78,2,0,0,1,11,17,47,55,0,15
1,8,0,380,380,6,https://resultados2019.blob.core.windows.net/201901/073924.jpg,OK,0,2,SANTA ROSA,BARBERENA,7392,CORPORACIÓN MUNICIPAL,18,2,2,0,1,4,255,255,229,229,96,5,4,0,3,5,13,31,51,2,19
1,6,0,400,400,6,https://resultados2019.blob.core.windows.net/201901/073604.jpg,OK,0,2,SANTA ROSA,BARBERENA,7360,CORPORACIÓN MUNICIPAL,21,2,2,0,1,4,245,245,218,218,13,9,10,0,2,7,42,21,69,0,45
1,2,0,380,376,6,https://resultados2019.blob.core.windows.net/201901/074054.jpg,OK,0,2,SANTA ROSA,BARBERENA,7405,CORPORACIÓN MUNICIPAL,19,2,2,0,1,4,276,276,255,255,48,5,9,2,0,2,73,19,71,4,22
1,3,0,276,276,6,https://resultados2019.blob.core.windows.net/201901/074144.jpg,OK,0,2,SANTA ROSA,BARBERENA,7414,CORPORACIÓN MUNICIPAL,16,2,2,0,1,4,187,187,168,168,14,4,13,0,0,3,22,29,38,0,45
1,0,0,268,268,6,https://resultados2019.blob.core.windows.net/201901/074034.jpg,OK,1,2,SANTA ROSA,BARBERENA,7403,CORPORACIÓN MUNICIPAL,6,2,2,0,1,4,162,162,156,156,54,4,2,0,4,5,11,23,32,4,17
1,2,0,380,380,6,https://resultados2019.blob.core.windows.net/201901/073844.jpg,OK,0,2,SANTA ROSA,BARBERENA,7384,CORPORACIÓN MUNICIPAL,20,2,2,0,1,4,277,277,255,255,87,4,4,0,3,14,15,51,60,1,16
1,4,0,380,376,6,https://resultados2019.blob.core.windows.net/201901/073884.jpg,OK,0,2,SANTA ROSA,BARBERENA,7388,CORPORACIÓN MUNICIPAL,29,2,2,0,1,4,251,251,218,218,91,4,2,1,7,5,12,34,51,0,11
1,11,2,400,396,6,https://resultados2019.blob.core.windows.net/201901/074134.jpg,OK,0,2,SANTA ROSA,BARBERENA,7413,CORPORACIÓN MUNICIPAL,25,2,2,0,1,4,286,286,250,250,21,6,27,0,1,6,27,41,54,1,66
1,3,0,400,395,6,https://resultados2019.blob.core.windows.net/201901/073494.jpg,OK,0,2,SANTA ROSA,BARBERENA,7349,CORPORACIÓN MUNICIPAL,6,2,2,0,1,4,234,234,225,225,18,8,15,0,1,10,51,18,60,2,42
1,2,0,400,396,6,https://resultados2019.blob.core.windows.net/201901/074124.jpg,OK,0,2,SANTA ROSA,BARBERENA,7412,CORPORACIÓN MUNICIPAL,25,2,2,0,1,4,303,303,276,276,19,7,28,0,0,1,32,43,81,0,65
1,5,0,561,561,6,https://resultados2019.blob.core.windows.net/201901/074184.jpg,OK,0,2,SANTA ROSA,BARBERENA,7418,CORPORACIÓN MUNICIPAL,12,2,2,0,1,4,183,183,166,166,24,9,4,1,6,5,36,13,35,3,30
1,1,0,380,380,6,https://resultados2019.blob.core.windows.net/201901/074014.jpg,OK,0,2,SANTA ROSA,BARBERENA,7401,CORPORACIÓN MUNICIPAL,3,2,2,0,1,4,263,263,259,259,109,4,6,4,3,9,12,27,55,2,28
1,1,0,561,561,6,https://resultados2019.blob.core.windows.net/201901/074194.jpg,OK,1,2,SANTA ROSA,BARBERENA,7419,CORPORACIÓN MUNICIPAL,7,2,2,0,1,4,102,102,94,94,9,3,7,0,3,2,20,9,23,3,15
1,4,0,400,396,6,https://resultados2019.blob.core.windows.net/201901/073444.jpg,OK,0,2,SANTA ROSA,BARBERENA,7344,CORPORACIÓN MUNICIPAL,16,2,2,0,1,4,266,266,246,246,25,7,16,0,1,16,47,30,53,2,49
1,4,0,316,316,6,https://resultados2019.blob.core.windows.net/201901/074094.jpg,OK,0,2,SANTA ROSA,BARBERENA,7409,CORPORACIÓN MUNICIPAL,7,2,2,0,1,4,186,186,175,175,43,4,15,1,0,2,33,12,52,2,11
1,4,0,380,380,6,https://resultados2019.blob.core.windows.net/201901/073974.jpg,OK,0,2,SANTA ROSA,BARBERENA,7397,CORPORACIÓN MUNICIPAL,35,2,2,0,1,4,219,219,180,180,66,3,2,1,0,3,11,27,56,0,11
1,3,0,400,400,6,https://resultados2019.blob.core.windows.net/201901/073484.jpg,OK,0,2,SANTA ROSA,BARBERENA,7348,CORPORACIÓN MUNICIPAL,12,2,2,0,1,4,287,287,272,272,23,7,15,1,4,9,51,29,68,5,60
1,4,0,380,376,6,https://resultados2019.blob.core.windows.net/201901/073764.jpg,OK,0,2,SANTA ROSA,BARBERENA,7376,CORPORACIÓN MUNICIPAL,25,2,2,0,1,4,274,274,245,245,97,3,3,0,2,6,19,48,54,3,10
1,2,0,600,596,6,https://resultados2019.blob.core.windows.net/201901/074174.jpg,OK,0,2,SANTA ROSA,BARBERENA,7417,CORPORACIÓN MUNICIPAL,13,2,2,0,1,4,227,227,212,212,55,10,9,1,4,15,32,29,42,2,13
1,3,0,267,267,6,https://resultados2019.blob.core.windows.net/201901/073664.jpg,OK,1,2,SANTA ROSA,BARBERENA,7366,CORPORACIÓN MUNICIPAL,21,2,2,0,1,4,177,177,153,153,25,4,19,1,0,0,21,25,23,1,34
1,0,0,380,380,6,https://resultados2019.blob.core.windows.net/201901/073714.jpg,OK,0,2,SANTA ROSA,BARBERENA,7371,CORPORACIÓN MUNICIPAL,20,2,2,0,1,4,259,259,239,239,88,3,5,4,4,10,17,32,55,1,20
1,7,0,400,396,6,https://resultados2019.blob.core.windows.net/201901/073584.jpg,OK,0,2,SANTA ROSA,BARBERENA,7358,CORPORACIÓN MUNICIPAL,16,2,2,0,1,4,257,257,234,234,19,7,10,0,2,4,40,27,67,2,56
1,5,0,380,376,6,https://resultados2019.blob.core.windows.net/201901/073694.jpg,OK,0,2,SANTA ROSA,BARBERENA,7369,CORPORACIÓN MUNICIPAL,19,2,2,0,1,4,254,254,230,230,94,1,5,0,4,5,11,48,48,2,12
1,0,0,380,376,6,https://resultados2019.blob.core.windows.net/201901/073814.jpg,OK,0,2,SANTA ROSA,BARBERENA,7381,CORPORACIÓN MUNICIPAL,4,2,2,0,1,4,238,238,234,234,84,2,3,1,6,11,13,30,71,1,12
1,4,0,380,374,6,https://resultados2019.blob.core.windows.net/201901/073874.jpg,OK,0,2,SANTA ROSA,BARBERENA,7387,CORPORACIÓN MUNICIPAL,27,2,2,0,1,4,271,271,240,240,97,8,5,3,2,9,12,50,41,1,12
1,0,0,224,223,6,https://resultados2019.blob.core.windows.net/201901/073644.jpg,OK,0,2,SANTA ROSA,BARBERENA,7364,CORPORACIÓN MUNICIPAL,0,2,2,0,1,4,157,157,157,157,13,5,7,1,1,11,23,11,40,1,44
