ACTACUADRA,BLANCOS,CNTIMPUGNA,CNTINSCRITOS,CNTPAPELETAS,DEP,IMGSRC,IMGSTATUS,INVALIDOS,MUN,NDEP,NMUN,NROMESA,NTE,NULOS,STACTA,STESCAN,STFISIC,STTRANS,TIPOELECCION,TOTALACTA,TOTALVOTOS,VOTOSVALIDOS,VOTOSVALIDOSACTA,voto_C.C.E.S,voto_CREO,voto_FCN-NACION,voto_MLP,voto_PAN,voto_UCN,voto_UNE,voto_UNIONISTA,voto_VALOR,voto_VAMOS,voto_VICTORIA
1,1,0,380,380,6,https://resultados2019.blob.core.windows.net/201901/074764.jpg,OK,0,4,SANTA ROSA,CASILLAS,7476,CORPORACIÓN MUNICIPAL,5,2,2,0,1,4,192,192,186,186,16,1,10,3,0,100,25,1,23,4,3
1,1,0,400,397,6,https://resultados2019.blob.core.windows.net/201901/074544.jpg,OK,1,4,SANTA ROSA,CASILLAS,7454,CORPORACIÓN MUNICIPAL,7,2,2,0,1,4,203,203,195,195,43,5,31,0,0,10,43,0,13,45,5
1,6,0,380,375,6,https://resultados2019.blob.core.windows.net/201901/074714.jpg,OK,0,4,SANTA ROSA,CASILLAS,7471,CORPORACIÓN MUNICIPAL,15,2,2,0,1,4,228,228,207,207,11,2,10,15,0,98,40,2,23,6,0
1,5,0,380,380,6,https://resultados2019.blob.core.windows.net/201901/074754.jpg,OK,0,4,SANTA ROSA,CASILLAS,7475,CORPORACIÓN MUNICIPAL,11,2,2,0,1,4,216,216,200,200,17,2,7,4,0,102,26,3,26,5,8
1,1,0,400,400,6,https://resultados2019.blob.core.windows.net/201901/074564.jpg,OK,0,4,SANTA ROSA,CASILLAS,7456,CORPORACIÓN MUNICIPAL,10,2,2,0,1,4,243,243,232,232,49,6,15,2,2,15,46,1,28,57,11
1,8,0,400,400,6,https://resultados2019.blob.core.windows.net/201901/074634.jpg,OK,0,4,SANTA ROSA,CASILLAS,7463,CORPORACIÓN MUNICIPAL,6,2,2,0,1,4,207,207,193,193,35,6,26,2,4,11,42,2,18,39,8
1,4,0,380,376,6,https://resultados2019.blob.core.windows.net/201901/074744.jpg,OK,0,4,SANTA ROSA,CASILLAS,7474,CORPORACIÓN MUNICIPAL,4,2,2,0,1,4,180,180,172,172,13,1,4,0,0,98,22,3,23,6,2
1,5,0,380,380,6,https://resultados2019.blob.core.windows.net/201901/074804.jpg,OK,0,4,SANTA ROSA,CASILLAS,7480,CORPORACIÓN MUNICIPAL,23,2,2,0,1,4,211,211,183,183,38,12,13,1,9,27,58,3,12,9,1
1,7,0,380,376,6,https://resultados2019.blob.core.windows.net/201901/074694.jpg,OK,0,4,SANTA ROSA,CASILLAS,7469,CORPORACIÓN MUNICIPAL,26,2,2,0,1,4,242,242,209,209,31,1,12,6,0,101,18,6,23,7,4
1,3,0,380,376,6,https://resultados2019.blob.core.windows.net/201901/074844.jpg,OK,1,4,SANTA ROSA,CASILLAS,7484,CORPORACIÓN MUNICIPAL,9,2,2,0,1,4,170,170,158,158,48,6,12,0,5,23,36,2,16,8,2
1,1,0,400,400,6,https://resultados2019.blob.core.windows.net/201901/074624.jpg,OK,0,4,SANTA ROSA,CASILLAS,7462,CORPORACIÓN MUNICIPAL,7,2,2,0,1,4,231,231,223,223,53,6,20,0,2,25,49,5,20,37,6
1,6,0,380,380,6,https://resultados2019.blob.core.windows.net/201901/074704.jpg,OK,0,4,SANTA ROSA,CASILLAS,7470,CORPORACIÓN MUNICIPAL,22,2,2,0,1,4,233,233,205,205,17,3,10,6,2,92,39,6,18,6,6
1,0,0,236,236,6,https://resultados2019.blob.core.windows.net/201901/074654.jpg,OK,0,4,SANTA ROSA,CASILLAS,7465,CORPORACIÓN MUNICIPAL,1,2,2,0,1,4,150,150,149,149,29,5,12,2,0,15,36,1,7,38,4
1,6,0,380,380,6,https://resultados2019.blob.core.windows.net/201901/074724.jpg,OK,0,4,SANTA ROSA,CASILLAS,7472,CORPORACIÓN MUNICIPAL,20,2,2,0,1,4,258,258,232,232,13,1,10,5,0,83,56,2,44,16,2
1,4,0,338,388,6,https://resultados2019.blob.core.windows.net/201901/074884.jpg,OK,0,4,SANTA ROSA,CASILLAS,7488,CORPORACIÓN MUNICIPAL,3,2,2,0,1,4,40,40,33,33,5,1,1,2,1,4,8,1,3,5,2
1,2,0,338,338,6,https://resultados2019.blob.core.windows.net/201901/074894.jpg,OK,0,4,SANTA ROSA,CASILLAS,7489,CORPORACIÓN MUNICIPAL,0,2,2,0,1,4,27,27,25,25,3,0,1,0,0,4,7,1,5,4,0
1,2,0,348,348,6,https://resultados2019.blob.core.windows.net/201901/074784.jpg,OK,0,4,SANTA ROSA,CASILLAS,7478,CORPORACIÓN MUNICIPAL,7,2,2,0,1,4,171,171,162,162,14,2,8,4,0,87,16,0,24,4,3
1,7,0,380,376,6,https://resultados2019.blob.core.windows.net/201901/074794.jpg,OK,0,4,SANTA ROSA,CASILLAS,7479,CORPORACIÓN MUNICIPAL,17,2,2,0,1,4,216,216,192,192,47,7,11,0,9,27,67,2,14,8,0
1,5,0,400,400,6,https://resultados2019.blob.core.windows.net/201901/074584.jpg,OK,0,4,SANTA ROSA,CASILLAS,7458,CORPORACIÓN MUNICIPAL,14,2,2,0,1,4,250,250,231,231,56,6,19,5,4,21,59,3,15,36,7
1,5,0,400,400,6,https://resultados2019.blob.core.windows.net/201901/074574.jpg,OK,0,4,SANTA ROSA,CASILLAS,7457,CORPORACIÓN MUNICIPAL,17,2,2,0,1,4,261,261,239,239,51,4,21,0,5,22,59,4,16,48,9
1,6,0,380,377,6,https://resultados2019.blob.core.windows.net/201901/074684.jpg,OK,0,4,SANTA ROSA,CASILLAS,7468,CORPORACIÓN MUNICIPAL,18,2,2,0,1,4,235,235,211,211,28,2,7,11,1,101,31,2,21,6,1
1,4,0,380,376,6,https://resultados2019.blob.core.windows.net/201901/074734.jpg,OK,0,4,SANTA ROSA,CASILLAS,7473,CORPORACIÓN MUNICIPAL,9,2,2,0,1,4,207,207,194,194,12,1,10,1,1,104,26,8,19,9,3
1,4,0,600,599,6,https://resultados2019.blob.core.windows.net/201901/074874.jpg,OK,0,4,SANTA ROSA,CASILLAS,7487,CORPORACIÓN MUNICIPAL,10,2,2,0,1,4,108,108,94,94,19,1,4,4,2,14,31,2,5,11,1
1,2,0,380,380,6,https://resultados2019.blob.core.windows.net/201901/074814.jpg,OK,0,4,SANTA ROSA,CASILLAS,7481,CORPORACIÓN MUNICIPAL,13,2,2,0,1,4,216,216,201,201,47,9,12,0,11,24,54,0,24,18,2
1,2,0,380,380,6,https://resultados2019.blob.core.windows.net/201901/074674.jpg,OK,0,4,SANTA ROSA,CASILLAS,7467,CORPORACIÓN MUNICIPAL,17,2,2,0,1,4,229,229,210,210,29,0,11,6,1,101,19,6,28,6,3
1,1,0,400,400,6,https://resultados2019.blob.core.windows.net/201901/074604.jpg,OK,0,4,SANTA ROSA,CASILLAS,7460,CORPORACIÓN MUNICIPAL,10,2,2,0,1,4,241,241,230,230,39,4,32,0,4,21,60,0,17,41,12
1,8,0,380,375,6,https://resultados2019.blob.core.windows.net/201901/074824.jpg,OK,0,4,SANTA ROSA,CASILLAS,7482,CORPORACIÓN MUNICIPAL,8,2,2,0,1,4,200,200,184,184,64,12,5,0,14,13,42,4,20,9,1
1,6,0,400,400,6,https://resultados2019.blob.core.windows.net/201901/074554.jpg,OK,0,4,SANTA ROSA,CASILLAS,7455,CORPORACIÓN MUNICIPAL,15,2,2,0,1,4,237,237,216,216,48,6,22,3,3,10,53,1,20,42,8
1,0,0,236,236,6,https://resultados2019.blob.core.windows.net/201901/074644.jpg,OK,0,4,SANTA ROSA,CASILLAS,7464,CORPORACIÓN MUNICIPAL,1,2,2,0,1,4,165,165,164,164,34,9,16,1,4,18,33,0,14,28,7
1,12,0,400,396,6,https://resultados2019.blob.core.windows.net/201901/074594.jpg,OK,1,4,SANTA ROSA,CASILLAS,7459,CORPORACIÓN MUNICIPAL,5,2,2,0,1,4,253,253,236,236,50,6,22,2,4,32,63,0,21,27,9
1,2,0,400,400,6,https://resultados2019.blob.core.windows.net/201901/074614.jpg,OK,0,4,SANTA ROSA,CASILLAS,7461,CORPORACIÓN MUNICIPAL,4,2,2,0,1,4,212,212,206,206,45,8,28,1,1,18,53,0,15,32,5
1,8,0,380,375,6,https://resultados2019.blob.core.windows.net/201901/074664.jpg,OK,0,4,SANTA ROSA,CASILLAS,7466,CORPORACIÓN MUNICIPAL,18,2,2,0,1,4,220,220,194,194,19,3,3,4,2,101,22,10,22,5,3
1,0,0,281,281,6,https://resultados2019.blob.core.windows.net/201901/074864.jpg,OK,0,4,SANTA ROSA,CASILLAS,7486,CORPORACIÓN MUNICIPAL,2,2,2,0,1,4,143,143,141,141,44,5,7,1,11,14,39,0,14,4,2
1,3,0,281,281,6,https://resultados2019.blob.core.windows.net/201901/074854.jpg,OK,0,4,SANTA ROSA,CASILLAS,7485,CORPORACIÓN MUNICIPAL,6,2,2,0,1,4,142,142,133,133,33,8,6,0,5,17,33,0,15,14,2
1,6,0,349,349,6,https://resultados2019.blob.core.windows.net/201901/074774.jpg,OK,0,4,SANTA ROSA,CASILLAS,7477,CORPORACIÓN MUNICIPAL,6,2,2,0,1,4,174,174,162,162,14,3,3,3,1,86,21,3,23,4,1
1,4,0,380,380,6,https://resultados2019.blob.core.windows.net/201901/074834.jpg,OK,0,4,SANTA ROSA,CASILLAS,7483,CORPORACIÓN MUNICIPAL,13,2,2,0,1,4,227,227,210,210,52,13,19,2,6,26,61,0,16,12,3
