ACTACUADRA,BLANCOS,CNTIMPUGNA,CNTINSCRITOS,CNTPAPELETAS,DEP,IMGSRC,IMGSTATUS,INVALIDOS,MUN,NDEP,NMUN,NROMESA,NTE,NULOS,STACTA,STESCAN,STFISIC,STTRANS,TIPOELECCION,TOTALACTA,TOTALVOTOS,VOTOSVALIDOS,VOTOSVALIDOSACTA,voto_CCA,voto_EG,voto_MLP,voto_UNE,voto_VAMOS
1,3,0,400,400,6,https://resultados2019.blob.core.windows.net/201901/074914.jpg,OK,0,5,SANTA ROSA,SAN RAFAEL LAS FLORES,7491,CORPORACIÓN MUNICIPAL,12,2,2,0,1,4,275,275,260,260,70,3,5,101,81
1,2,0,445,444,6,https://resultados2019.blob.core.windows.net/201901/075084.jpg,OK,0,5,SANTA ROSA,SAN RAFAEL LAS FLORES,7508,CORPORACIÓN MUNICIPAL,5,2,2,0,1,4,91,91,84,84,30,1,1,25,27
1,1,0,379,378,6,https://resultados2019.blob.core.windows.net/201901/075064.jpg,OK,0,5,SANTA ROSA,SAN RAFAEL LAS FLORES,7506,CORPORACIÓN MUNICIPAL,1,2,2,0,1,4,332,332,330,330,114,1,0,125,90
1,5,0,400,400,6,https://resultados2019.blob.core.windows.net/201901/074954.jpg,OK,0,5,SANTA ROSA,SAN RAFAEL LAS FLORES,7495,CORPORACIÓN MUNICIPAL,10,2,2,0,1,4,313,313,298,298,92,1,1,113,91
1,10,0,400,400,6,https://resultados2019.blob.core.windows.net/201901/074934.jpg,OK,0,5,SANTA ROSA,SAN RAFAEL LAS FLORES,7493,CORPORACIÓN MUNICIPAL,11,2,2,0,1,4,315,315,294,294,103,2,2,103,84
1,5,0,400,400,6,https://resultados2019.blob.core.windows.net/201901/075014.jpg,OK,0,5,SANTA ROSA,SAN RAFAEL LAS FLORES,7501,CORPORACIÓN MUNICIPAL,3,2,2,0,1,4,240,240,232,232,86,1,1,80,64
1,2,0,400,400,6,https://resultados2019.blob.core.windows.net/201901/075044.jpg,OK,0,5,SANTA ROSA,SAN RAFAEL LAS FLORES,7504,CORPORACIÓN MUNICIPAL,10,2,2,0,1,4,273,273,261,261,79,0,2,116,64
1,5,0,400,400,6,https://resultados2019.blob.core.windows.net/201901/074964.jpg,OK,0,5,SANTA ROSA,SAN RAFAEL LAS FLORES,7496,CORPORACIÓN MUNICIPAL,8,2,2,0,1,4,325,325,312,312,89,0,1,126,96
1,5,0,400,400,6,https://resultados2019.blob.core.windows.net/201901/075024.jpg,OK,0,5,SANTA ROSA,SAN RAFAEL LAS FLORES,7502,CORPORACIÓN MUNICIPAL,3,2,2,0,1,4,271,271,263,263,100,1,4,83,75
1,1,0,400,400,6,https://resultados2019.blob.core.windows.net/201901/074924.jpg,OK,2,5,SANTA ROSA,SAN RAFAEL LAS FLORES,7492,CORPORACIÓN MUNICIPAL,11,2,2,0,1,4,296,296,284,284,100,4,5,105,70
1,2,0,400,400,6,https://resultados2019.blob.core.windows.net/201901/074904.jpg,OK,0,5,SANTA ROSA,SAN RAFAEL LAS FLORES,7490,CORPORACIÓN MUNICIPAL,16,2,2,0,1,4,255,255,237,237,80,2,2,75,78
1,2,0,400,400,6,https://resultados2019.blob.core.windows.net/201901/075004.jpg,OK,0,5,SANTA ROSA,SAN RAFAEL LAS FLORES,7500,CORPORACIÓN MUNICIPAL,4,2,2,0,1,4,274,274,268,268,93,1,3,100,71
1,2,0,400,397,6,https://resultados2019.blob.core.windows.net/201901/074984.jpg,OK,0,5,SANTA ROSA,SAN RAFAEL LAS FLORES,7498,CORPORACIÓN MUNICIPAL,10,2,2,0,1,4,327,327,315,315,127,0,1,149,38
1,0,0,400,400,6,https://resultados2019.blob.core.windows.net/201901/075054.jpg,OK,0,5,SANTA ROSA,SAN RAFAEL LAS FLORES,7505,CORPORACIÓN MUNICIPAL,2,2,2,0,1,4,310,310,308,308,103,2,0,125,78
1,4,0,400,400,6,https://resultados2019.blob.core.windows.net/201901/074994.jpg,OK,0,5,SANTA ROSA,SAN RAFAEL LAS FLORES,7499,CORPORACIÓN MUNICIPAL,11,2,2,0,1,4,308,308,293,293,83,0,1,136,73
1,5,0,400,400,6,https://resultados2019.blob.core.windows.net/201901/074974.jpg,OK,0,5,SANTA ROSA,SAN RAFAEL LAS FLORES,7497,CORPORACIÓN MUNICIPAL,5,2,2,0,1,4,307,307,297,297,93,3,2,149,50
1,3,0,379,379,6,https://resultados2019.blob.core.windows.net/201901/075074.jpg,OK,1,5,SANTA ROSA,SAN RAFAEL LAS FLORES,7507,CORPORACIÓN MUNICIPAL,4,2,2,0,1,4,286,286,279,279,76,0,2,104,97
1,6,0,400,400,6,https://resultados2019.blob.core.windows.net/201901/074944.jpg,OK,0,5,SANTA ROSA,SAN RAFAEL LAS FLORES,7494,CORPORACIÓN MUNICIPAL,8,2,2,0,1,4,308,308,294,294,106,3,1,94,90
1,1,0,400,400,6,https://resultados2019.blob.core.windows.net/201901/075034.jpg,OK,0,5,SANTA ROSA,SAN RAFAEL LAS FLORES,7503,CORPORACIÓN MUNICIPAL,3,2,2,0,1,4,260,260,256,256,96,1,3,88,68
