ACTACUADRA,BLANCOS,CNTIMPUGNA,CNTINSCRITOS,CNTPAPELETAS,DEP,IMGSRC,IMGSTATUS,INVALIDOS,MUN,NDEP,NMUN,NROMESA,NTE,NULOS,STACTA,STESCAN,STFISIC,STTRANS,TIPOELECCION,TOTALACTA,TOTALVOTOS,VOTOSVALIDOS,VOTOSVALIDOSACTA,voto_AVANZA,voto_CREO,voto_FCN-NACION,voto_MLP,voto_PC,voto_SEMILLA,voto_UCN,voto_UNE,voto_UNIONISTA,voto_VAMOS
1,3,0,400,400,6,https://resultados2019.blob.core.windows.net/201901/075174.jpg,OK,0,6,SANTA ROSA,ORATORIO,7517,CORPORACIÓN MUNICIPAL,25,2,2,0,1,4,259,259,231,231,19,6,22,1,75,1,34,21,33,19
1,4,0,233,233,6,https://resultados2019.blob.core.windows.net/201901/075264.jpg,OK,0,6,SANTA ROSA,ORATORIO,7526,CORPORACIÓN MUNICIPAL,9,2,2,0,1,4,140,140,127,127,1,7,16,0,27,1,5,15,41,14
1,5,0,380,380,6,https://resultados2019.blob.core.windows.net/201901/075344.jpg,OK,1,6,SANTA ROSA,ORATORIO,7534,CORPORACIÓN MUNICIPAL,29,2,2,0,1,4,256,256,222,222,0,11,12,4,36,6,65,12,54,22
1,7,0,380,380,6,https://resultados2019.blob.core.windows.net/201901/075404.jpg,OK,0,6,SANTA ROSA,ORATORIO,7540,CORPORACIÓN MUNICIPAL,21,2,2,0,1,4,279,279,251,251,11,24,37,0,60,2,23,19,43,32
1,0,0,258,258,6,https://resultados2019.blob.core.windows.net/201901/075374.jpg,OK,0,6,SANTA ROSA,ORATORIO,7537,CORPORACIÓN MUNICIPAL,5,2,2,0,1,4,210,210,205,205,1,2,11,1,24,3,72,2,76,13
1,8,0,400,400,6,https://resultados2019.blob.core.windows.net/201901/075144.jpg,OK,0,6,SANTA ROSA,ORATORIO,7514,CORPORACIÓN MUNICIPAL,21,2,2,0,1,4,307,307,278,278,11,8,30,0,112,5,53,23,27,9
1,3,0,400,400,6,https://resultados2019.blob.core.windows.net/201901/075104.jpg,OK,0,6,SANTA ROSA,ORATORIO,7510,CORPORACIÓN MUNICIPAL,37,2,2,0,1,4,275,275,235,235,15,6,16,1,79,2,39,21,26,30
1,0,0,232,232,6,https://resultados2019.blob.core.windows.net/201901/075274.jpg,OK,0,6,SANTA ROSA,ORATORIO,7527,CORPORACIÓN MUNICIPAL,10,2,2,0,1,4,136,136,126,126,0,4,21,1,28,1,5,11,42,13
1,2,0,353,353,6,https://resultados2019.blob.core.windows.net/201901/075434.jpg,OK,0,6,SANTA ROSA,ORATORIO,7543,CORPORACIÓN MUNICIPAL,13,2,2,0,1,4,221,221,206,206,13,15,23,1,49,7,7,7,46,38
1,7,0,400,400,6,https://resultados2019.blob.core.windows.net/201901/075194.jpg,OK,0,6,SANTA ROSA,ORATORIO,7519,CORPORACIÓN MUNICIPAL,15,2,2,0,1,4,258,258,236,236,21,7,18,0,85,1,51,14,22,17
1,8,0,380,377,6,https://resultados2019.blob.core.windows.net/201901/075284.jpg,OK,0,6,SANTA ROSA,ORATORIO,7528,CORPORACIÓN MUNICIPAL,30,2,2,0,1,4,283,283,245,245,1,8,12,3,32,6,82,13,64,24
1,9,0,380,380,6,https://resultados2019.blob.core.windows.net/201901/075314.jpg,OK,0,6,SANTA ROSA,ORATORIO,7531,CORPORACIÓN MUNICIPAL,39,2,2,0,1,4,297,297,249,249,1,11,20,5,26,3,89,13,65,16
1,7,0,380,380,6,https://resultados2019.blob.core.windows.net/201901/075394.jpg,OK,0,6,SANTA ROSA,ORATORIO,7539,CORPORACIÓN MUNICIPAL,21,2,2,0,1,4,248,248,220,220,17,20,37,1,40,3,9,11,49,33
1,14,0,380,380,6,https://resultados2019.blob.core.windows.net/201901/075294.jpg,OK,0,6,SANTA ROSA,ORATORIO,7529,CORPORACIÓN MUNICIPAL,34,2,2,0,1,4,283,283,235,235,3,4,9,4,31,6,78,8,74,18
1,10,0,380,380,6,https://resultados2019.blob.core.windows.net/201901/075244.jpg,OK,0,6,SANTA ROSA,ORATORIO,7524,CORPORACIÓN MUNICIPAL,33,2,2,0,1,4,223,223,180,180,3,4,30,0,28,1,8,23,63,20
1,5,0,375,375,6,https://resultados2019.blob.core.windows.net/201901/075454.jpg,OK,0,6,SANTA ROSA,ORATORIO,7545,CORPORACIÓN MUNICIPAL,7,2,2,0,1,4,111,111,99,99,6,6,8,0,24,2,15,7,19,12
1,4,0,400,401,6,https://resultados2019.blob.core.windows.net/201901/075094.jpg,OK,0,6,SANTA ROSA,ORATORIO,7509,CORPORACIÓN MUNICIPAL,27,2,2,0,1,4,257,257,226,226,23,6,32,2,75,3,29,19,25,12
1,4,0,380,380,6,https://resultados2019.blob.core.windows.net/201901/075414.jpg,OK,16,6,SANTA ROSA,ORATORIO,7541,CORPORACIÓN MUNICIPAL,1,2,2,0,1,4,221,221,216,216,7,22,19,0,60,6,21,16,31,34
1,4,0,400,400,6,https://resultados2019.blob.core.windows.net/201901/075204.jpg,OK,0,6,SANTA ROSA,ORATORIO,7520,CORPORACIÓN MUNICIPAL,17,2,2,0,1,4,256,256,235,235,20,7,18,1,77,4,31,15,36,26
1,3,0,380,380,6,https://resultados2019.blob.core.windows.net/201901/075254.jpg,OK,0,6,SANTA ROSA,ORATORIO,7525,CORPORACIÓN MUNICIPAL,39,2,2,0,1,4,262,262,220,220,5,8,47,1,39,4,3,25,70,18
1,1,0,400,400,6,https://resultados2019.blob.core.windows.net/201901/075164.jpg,OK,0,6,SANTA ROSA,ORATORIO,7516,CORPORACIÓN MUNICIPAL,18,2,2,0,1,4,264,264,245,245,16,5,26,0,86,3,48,16,33,12
1,2,0,400,400,6,https://resultados2019.blob.core.windows.net/201901/075134.jpg,OK,0,6,SANTA ROSA,ORATORIO,7513,CORPORACIÓN MUNICIPAL,14,2,2,0,1,4,273,273,257,257,15,7,16,2,105,0,41,17,31,23
1,1,0,278,278,6,https://resultados2019.blob.core.windows.net/201901/075224.jpg,OK,0,6,SANTA ROSA,ORATORIO,7522,CORPORACIÓN MUNICIPAL,2,2,2,0,1,4,186,186,183,183,12,10,7,0,57,0,40,18,26,13
1,6,0,380,380,6,https://resultados2019.blob.core.windows.net/201901/075304.jpg,OK,0,6,SANTA ROSA,ORATORIO,7530,CORPORACIÓN MUNICIPAL,33,2,2,0,1,4,292,292,253,253,0,8,11,2,30,2,97,14,69,20
1,2,0,278,278,6,https://resultados2019.blob.core.windows.net/201901/075214.jpg,OK,0,6,SANTA ROSA,ORATORIO,7521,CORPORACIÓN MUNICIPAL,4,2,2,0,1,4,199,199,193,193,6,4,14,0,76,5,31,7,34,16
1,2,0,380,380,6,https://resultados2019.blob.core.windows.net/201901/075334.jpg,OK,0,6,SANTA ROSA,ORATORIO,7533,CORPORACIÓN MUNICIPAL,18,2,2,0,1,4,246,246,226,226,1,4,13,0,25,6,93,7,62,15
1,7,0,600,600,6,https://resultados2019.blob.core.windows.net/201901/075444.jpg,OK,0,6,SANTA ROSA,ORATORIO,7544,CORPORACIÓN MUNICIPAL,14,2,2,0,1,4,197,197,176,176,11,5,18,3,61,5,19,10,31,13
1,4,0,400,400,6,https://resultados2019.blob.core.windows.net/201901/075114.jpg,OK,0,6,SANTA ROSA,ORATORIO,7511,CORPORACIÓN MUNICIPAL,29,2,2,0,1,4,284,284,251,251,14,5,27,2,83,5,41,24,17,33
1,12,0,400,400,6,https://resultados2019.blob.core.windows.net/201901/075124.jpg,OK,0,6,SANTA ROSA,ORATORIO,7512,CORPORACIÓN MUNICIPAL,22,2,2,0,1,4,281,281,247,247,24,7,19,0,68,5,44,27,35,18
1,8,0,400,400,6,https://resultados2019.blob.core.windows.net/201901/075184.jpg,OK,0,6,SANTA ROSA,ORATORIO,7518,CORPORACIÓN MUNICIPAL,13,2,2,0,1,4,253,253,232,232,18,6,22,1,77,1,38,20,31,18
1,0,0,353,353,6,https://resultados2019.blob.core.windows.net/201901/075424.jpg,OK,0,6,SANTA ROSA,ORATORIO,7542,CORPORACIÓN MUNICIPAL,23,2,2,0,1,4,203,203,180,180,15,11,27,0,43,3,11,13,29,28
1,9,0,380,380,6,https://resultados2019.blob.core.windows.net/201901/075364.jpg,OK,0,6,SANTA ROSA,ORATORIO,7536,CORPORACIÓN MUNICIPAL,29,2,2,0,1,4,250,250,212,212,2,2,18,1,16,4,76,8,73,12
1,4,0,375,375,6,https://resultados2019.blob.core.windows.net/201901/075464.jpg,OK,0,6,SANTA ROSA,ORATORIO,7546,CORPORACIÓN MUNICIPAL,5,2,2,0,1,4,73,73,64,64,2,8,4,0,18,0,13,4,8,7
1,10,0,400,400,6,https://resultados2019.blob.core.windows.net/201901/075154.jpg,OK,0,6,SANTA ROSA,ORATORIO,7515,CORPORACIÓN MUNICIPAL,16,2,2,0,1,4,294,294,268,268,9,6,19,1,109,1,63,17,33,10
1,13,0,380,383,6,https://resultados2019.blob.core.windows.net/201901/075324.jpg,OK,0,6,SANTA ROSA,ORATORIO,7532,CORPORACIÓN MUNICIPAL,34,2,2,0,1,4,279,279,232,232,1,7,16,5,19,1,99,12,61,11
1,1,0,257,257,6,https://resultados2019.blob.core.windows.net/201901/075384.jpg,OK,0,6,SANTA ROSA,ORATORIO,7538,CORPORACIÓN MUNICIPAL,11,2,2,0,1,4,190,190,178,178,1,7,7,3,22,4,60,7,59,8
1,13,0,380,380,6,https://resultados2019.blob.core.windows.net/201901/075234.jpg,OK,0,6,SANTA ROSA,ORATORIO,7523,CORPORACIÓN MUNICIPAL,37,2,2,0,1,4,270,270,220,220,1,6,55,1,32,3,6,27,70,19
1,11,0,380,381,6,https://resultados2019.blob.core.windows.net/201901/075354.jpg,OK,0,6,SANTA ROSA,ORATORIO,7535,CORPORACIÓN MUNICIPAL,24,2,2,0,1,4,267,267,232,232,2,13,16,2,30,7,78,14,57,13
