ACTACUADRA,BLANCOS,CNTIMPUGNA,CNTINSCRITOS,CNTPAPELETAS,DEP,IMGSRC,IMGSTATUS,INVALIDOS,MUN,NDEP,NMUN,NROMESA,NTE,NULOS,STACTA,STESCAN,STFISIC,STTRANS,TIPOELECCION,TOTALACTA,TOTALVOTOS,VOTOSVALIDOS,VOTOSVALIDOSACTA,voto_CREO,voto_FCN-NACION,voto_UCN,voto_UNE,voto_VAMOS
1,2,0,380,380,6,https://resultados2019.blob.core.windows.net/201901/075624.jpg,OK,0,7,SANTA ROSA,SAN JUAN TECUACO,7562,CORPORACIÓN MUNICIPAL,5,2,2,0,1,4,298,298,291,291,48,30,117,93,3
1,6,0,400,400,6,https://resultados2019.blob.core.windows.net/201901/075524.jpg,OK,0,7,SANTA ROSA,SAN JUAN TECUACO,7552,CORPORACIÓN MUNICIPAL,17,2,2,0,1,4,353,353,330,330,114,5,132,75,4
1,2,0,325,321,6,https://resultados2019.blob.core.windows.net/201901/075594.jpg,OK,0,7,SANTA ROSA,SAN JUAN TECUACO,7559,CORPORACIÓN MUNICIPAL,2,2,2,0,1,4,243,243,239,239,93,4,82,55,5
1,0,0,380,380,6,https://resultados2019.blob.core.windows.net/201901/075604.jpg,OK,0,7,SANTA ROSA,SAN JUAN TECUACO,7560,CORPORACIÓN MUNICIPAL,11,2,2,0,1,4,320,320,309,309,52,28,132,94,3
1,2,0,292,293,6,https://resultados2019.blob.core.windows.net/201901/075644.jpg,OK,0,7,SANTA ROSA,SAN JUAN TECUACO,7564,CORPORACIÓN MUNICIPAL,3,2,2,0,1,4,239,239,234,234,37,32,101,63,1
1,1,0,326,326,6,https://resultados2019.blob.core.windows.net/201901/075584.jpg,OK,0,7,SANTA ROSA,SAN JUAN TECUACO,7558,CORPORACIÓN MUNICIPAL,1,2,2,0,1,4,294,294,292,292,109,7,115,60,1
1,3,0,400,400,6,https://resultados2019.blob.core.windows.net/201901/075534.jpg,OK,0,7,SANTA ROSA,SAN JUAN TECUACO,7553,CORPORACIÓN MUNICIPAL,6,2,2,0,1,4,294,294,285,285,108,7,98,68,4
1,0,0,400,400,6,https://resultados2019.blob.core.windows.net/201901/075574.jpg,OK,0,7,SANTA ROSA,SAN JUAN TECUACO,7557,CORPORACIÓN MUNICIPAL,5,2,2,0,1,4,315,315,310,310,130,6,109,62,3
1,5,0,400,400,6,https://resultados2019.blob.core.windows.net/201901/075484.jpg,OK,0,7,SANTA ROSA,SAN JUAN TECUACO,7548,CORPORACIÓN MUNICIPAL,14,2,2,0,1,4,320,320,301,301,91,4,137,63,6
1,1,0,400,400,6,https://resultados2019.blob.core.windows.net/201901/075494.jpg,OK,0,7,SANTA ROSA,SAN JUAN TECUACO,7549,CORPORACIÓN MUNICIPAL,15,2,2,0,1,4,322,322,306,306,110,5,112,75,4
1,3,0,400,400,6,https://resultados2019.blob.core.windows.net/201901/075514.jpg,OK,0,7,SANTA ROSA,SAN JUAN TECUACO,7551,CORPORACIÓN MUNICIPAL,12,2,2,0,1,4,342,342,327,327,112,7,122,84,2
1,2,0,400,400,6,https://resultados2019.blob.core.windows.net/201901/075564.jpg,OK,0,7,SANTA ROSA,SAN JUAN TECUACO,7556,CORPORACIÓN MUNICIPAL,15,2,2,0,1,4,269,269,252,252,87,4,99,58,4
1,3,0,400,401,6,https://resultados2019.blob.core.windows.net/201901/075544.jpg,OK,0,7,SANTA ROSA,SAN JUAN TECUACO,7554,CORPORACIÓN MUNICIPAL,13,2,2,0,1,4,280,280,264,264,90,8,109,56,1
1,3,0,400,400,6,https://resultados2019.blob.core.windows.net/201901/075474.jpg,OK,0,7,SANTA ROSA,SAN JUAN TECUACO,7547,CORPORACIÓN MUNICIPAL,9,2,2,0,1,4,286,286,274,274,79,6,115,73,1
1,1,0,400,400,6,https://resultados2019.blob.core.windows.net/201901/075554.jpg,OK,0,7,SANTA ROSA,SAN JUAN TECUACO,7555,CORPORACIÓN MUNICIPAL,11,2,2,0,1,4,286,286,274,274,90,9,118,55,2
1,5,0,400,400,6,https://resultados2019.blob.core.windows.net/201901/075504.jpg,OK,0,7,SANTA ROSA,SAN JUAN TECUACO,7550,CORPORACIÓN MUNICIPAL,19,2,2,0,1,4,363,363,339,339,137,9,116,73,4
1,2,0,380,380,6,https://resultados2019.blob.core.windows.net/201901/075614.jpg,OK,0,7,SANTA ROSA,SAN JUAN TECUACO,7561,CORPORACIÓN MUNICIPAL,8,2,2,0,1,4,345,345,335,335,60,15,154,103,3
1,2,0,293,293,6,https://resultados2019.blob.core.windows.net/201901/075634.jpg,OK,0,7,SANTA ROSA,SAN JUAN TECUACO,7563,CORPORACIÓN MUNICIPAL,12,2,2,0,1,4,235,235,221,221,36,17,99,65,4
