ACTACUADRA,BLANCOS,CNTIMPUGNA,CNTINSCRITOS,CNTPAPELETAS,DEP,IMGSRC,IMGSTATUS,INVALIDOS,MUN,NDEP,NMUN,NROMESA,NTE,NULOS,STACTA,STESCAN,STFISIC,STTRANS,TIPOELECCION,TOTALACTA,TOTALVOTOS,VOTOSVALIDOS,VOTOSVALIDOSACTA,voto_FCN-NACION,voto_MLP,voto_PAN,voto_PHG,voto_SEMILLA,voto_TUC,voto_UCN,voto_UNE,voto_WINAQ
1,2,0,380,382,6,https://resultados2019.blob.core.windows.net/201901/076904.jpg,OK,0,9,SANTA ROSA,TAXISCO,7690,CORPORACIÓN MUNICIPAL,12,2,2,0,1,4,280,280,266,266,5,3,5,6,0,34,94,119,0
1,3,0,400,400,6,https://resultados2019.blob.core.windows.net/201901/076644.jpg,OK,0,9,SANTA ROSA,TAXISCO,7664,CORPORACIÓN MUNICIPAL,4,2,2,0,1,4,270,270,263,263,10,1,3,9,3,64,86,87,0
1,0,0,400,400,6,https://resultados2019.blob.core.windows.net/201901/076684.jpg,OK,0,9,SANTA ROSA,TAXISCO,7668,CORPORACIÓN MUNICIPAL,9,2,2,0,1,4,260,260,251,251,6,0,1,6,4,54,92,85,3
1,3,0,400,381,6,https://resultados2019.blob.core.windows.net/201901/076734.jpg,OK,0,9,SANTA ROSA,TAXISCO,7673,CORPORACIÓN MUNICIPAL,11,2,2,0,1,4,231,231,217,217,7,2,0,9,1,32,69,96,1
1,2,0,400,396,6,https://resultados2019.blob.core.windows.net/201901/076704.jpg,OK,0,9,SANTA ROSA,TAXISCO,7670,CORPORACIÓN MUNICIPAL,11,2,2,0,1,4,261,261,248,248,5,1,2,7,4,50,99,78,2
1,2,0,400,396,6,https://resultados2019.blob.core.windows.net/201901/076694.jpg,OK,0,9,SANTA ROSA,TAXISCO,7669,CORPORACIÓN MUNICIPAL,11,2,2,0,1,4,265,265,252,252,7,4,0,10,3,58,99,70,1
1,3,0,400,396,6,https://resultados2019.blob.core.windows.net/201901/076674.jpg,OK,0,9,SANTA ROSA,TAXISCO,7667,CORPORACIÓN MUNICIPAL,6,2,2,0,1,4,252,252,243,243,7,1,1,8,0,55,86,83,2
1,3,0,395,395,6,https://resultados2019.blob.core.windows.net/201901/076974.jpg,OK,0,9,SANTA ROSA,TAXISCO,7697,CORPORACIÓN MUNICIPAL,7,2,2,0,1,4,302,302,292,292,1,0,0,1,4,54,82,150,0
1,3,0,380,380,6,https://resultados2019.blob.core.windows.net/201901/076844.jpg,OK,0,9,SANTA ROSA,TAXISCO,7684,CORPORACIÓN MUNICIPAL,7,2,2,0,1,4,327,327,317,317,1,14,1,6,1,93,50,151,0
1,4,0,380,380,6,https://resultados2019.blob.core.windows.net/201901/076794.jpg,OK,0,9,SANTA ROSA,TAXISCO,7679,CORPORACIÓN MUNICIPAL,3,2,2,0,1,4,309,309,302,302,3,17,1,5,1,83,34,157,1
1,1,0,239,239,6,https://resultados2019.blob.core.windows.net/201901/076774.jpg,OK,0,9,SANTA ROSA,TAXISCO,7677,CORPORACIÓN MUNICIPAL,3,2,2,0,1,4,189,189,185,185,3,1,1,5,2,34,74,65,0
1,4,0,400,400,6,https://resultados2019.blob.core.windows.net/201901/076714.jpg,OK,1,9,SANTA ROSA,TAXISCO,7671,CORPORACIÓN MUNICIPAL,13,2,2,0,1,4,252,252,235,235,9,2,0,13,2,54,70,85,0
1,3,0,600,593,6,https://resultados2019.blob.core.windows.net/201901/077004.jpg,OK,0,9,SANTA ROSA,TAXISCO,7700,CORPORACIÓN MUNICIPAL,6,2,2,0,1,4,181,181,172,172,8,0,2,5,2,40,64,49,2
1,2,0,239,236,6,https://resultados2019.blob.core.windows.net/201901/076784.jpg,OK,0,9,SANTA ROSA,TAXISCO,7678,CORPORACIÓN MUNICIPAL,2,2,2,0,1,4,141,141,137,137,2,1,1,4,0,31,33,64,1
1,1,0,341,338,6,https://resultados2019.blob.core.windows.net/201901/077024.jpg,OK,0,9,SANTA ROSA,TAXISCO,7702,CORPORACIÓN MUNICIPAL,6,2,2,0,1,4,109,109,102,102,2,1,1,4,1,19,31,43,0
1,2,0,400,396,6,https://resultados2019.blob.core.windows.net/201901/076604.jpg,OK,0,9,SANTA ROSA,TAXISCO,7660,CORPORACIÓN MUNICIPAL,13,2,2,0,1,4,275,275,260,260,12,1,3,8,2,53,95,83,3
1,3,0,400,396,6,https://resultados2019.blob.core.windows.net/201901/076554.jpg,OK,0,9,SANTA ROSA,TAXISCO,7655,CORPORACIÓN MUNICIPAL,14,2,2,0,1,4,255,255,238,238,8,5,1,6,5,58,88,64,3
1,1,0,400,396,6,https://resultados2019.blob.core.windows.net/201901/076754.jpg,OK,0,9,SANTA ROSA,TAXISCO,7675,CORPORACIÓN MUNICIPAL,3,2,2,0,1,4,290,290,286,286,14,0,0,9,0,70,82,109,2
1,1,0,341,341,6,https://resultados2019.blob.core.windows.net/201901/077034.jpg,OK,0,9,SANTA ROSA,TAXISCO,7703,CORPORACIÓN MUNICIPAL,4,2,2,0,1,4,51,51,46,46,1,1,1,2,0,13,16,12,0
1,5,0,400,396,6,https://resultados2019.blob.core.windows.net/201901/076724.jpg,OK,0,9,SANTA ROSA,TAXISCO,7672,CORPORACIÓN MUNICIPAL,7,2,2,0,1,4,241,241,229,229,7,2,3,4,3,53,69,87,1
1,4,0,380,380,6,https://resultados2019.blob.core.windows.net/201901/076934.jpg,OK,0,9,SANTA ROSA,TAXISCO,7693,CORPORACIÓN MUNICIPAL,11,2,2,0,1,4,232,232,217,217,5,1,3,16,0,22,58,112,0
1,2,0,400,398,6,https://resultados2019.blob.core.windows.net/201901/076624.jpg,OK,0,9,SANTA ROSA,TAXISCO,7662,CORPORACIÓN MUNICIPAL,18,2,2,0,1,4,304,304,284,284,14,3,1,10,2,52,97,104,1
1,4,0,400,396,6,https://resultados2019.blob.core.windows.net/201901/076664.jpg,OK,0,9,SANTA ROSA,TAXISCO,7666,CORPORACIÓN MUNICIPAL,10,2,2,0,1,4,264,264,250,250,12,1,2,7,6,45,88,86,3
1,4,0,400,400,6,https://resultados2019.blob.core.windows.net/201901/076544.jpg,OK,0,9,SANTA ROSA,TAXISCO,7654,CORPORACIÓN MUNICIPAL,18,2,2,0,1,4,254,254,232,232,10,4,0,8,4,62,74,69,1
1,4,0,400,400,6,https://resultados2019.blob.core.windows.net/201901/076964.jpg,OK,0,9,SANTA ROSA,TAXISCO,7696,CORPORACIÓN MUNICIPAL,20,2,2,0,1,4,325,325,301,301,1,0,1,1,2,50,74,171,1
1,0,0,380,380,6,https://resultados2019.blob.core.windows.net/201901/076824.jpg,OK,0,9,SANTA ROSA,TAXISCO,7682,CORPORACIÓN MUNICIPAL,4,2,2,0,1,4,296,296,292,292,2,7,0,4,2,71,45,161,0
1,5,0,380,380,6,https://resultados2019.blob.core.windows.net/201901/076854.jpg,OK,0,9,SANTA ROSA,TAXISCO,7685,CORPORACIÓN MUNICIPAL,9,2,2,0,1,4,296,296,282,282,3,9,1,5,2,85,36,140,1
1,4,0,400,396,6,https://resultados2019.blob.core.windows.net/201901/076574.jpg,OK,0,9,SANTA ROSA,TAXISCO,7657,CORPORACIÓN MUNICIPAL,9,2,2,0,1,4,274,274,261,261,12,0,0,8,5,53,94,88,1
1,1,0,400,400,6,https://resultados2019.blob.core.windows.net/201901/076634.jpg,OK,2,9,SANTA ROSA,TAXISCO,7663,CORPORACIÓN MUNICIPAL,7,2,2,0,1,4,300,300,292,292,8,1,2,9,5,73,107,86,1
1,5,0,600,598,6,https://resultados2019.blob.core.windows.net/201901/076994.jpg,OK,0,9,SANTA ROSA,TAXISCO,7699,CORPORACIÓN MUNICIPAL,7,2,2,0,1,4,188,188,176,176,10,2,3,3,3,22,71,62,0
1,5,0,400,399,6,https://resultados2019.blob.core.windows.net/201901/076744.jpg,OK,0,9,SANTA ROSA,TAXISCO,7674,CORPORACIÓN MUNICIPAL,9,2,2,0,1,4,250,250,236,236,8,0,2,8,1,45,94,78,0
1,1,0,380,380,6,https://resultados2019.blob.core.windows.net/201901/076814.jpg,OK,0,9,SANTA ROSA,TAXISCO,7681,CORPORACIÓN MUNICIPAL,3,2,2,0,1,4,314,314,310,310,2,10,2,2,3,91,51,149,0
1,3,0,259,259,6,https://resultados2019.blob.core.windows.net/201901/076944.jpg,OK,0,9,SANTA ROSA,TAXISCO,7694,CORPORACIÓN MUNICIPAL,2,2,2,0,1,4,150,150,145,145,2,2,4,5,1,24,38,69,0
1,7,0,380,380,6,https://resultados2019.blob.core.windows.net/201901/076864.jpg,OK,0,9,SANTA ROSA,TAXISCO,7686,CORPORACIÓN MUNICIPAL,8,2,2,0,1,4,308,308,293,293,2,19,1,6,3,70,59,133,0
1,2,0,380,380,6,https://resultados2019.blob.core.windows.net/201901/076834.jpg,OK,0,9,SANTA ROSA,TAXISCO,7683,CORPORACIÓN MUNICIPAL,14,2,2,0,1,4,323,323,307,307,1,16,2,2,1,89,39,157,0
1,3,2,400,400,6,https://resultados2019.blob.core.windows.net/201901/076564.jpg,OK,0,9,SANTA ROSA,TAXISCO,7656,CORPORACIÓN MUNICIPAL,14,2,2,0,1,4,274,274,257,257,6,7,2,11,4,58,89,79,1
1,4,0,400,400,6,https://resultados2019.blob.core.windows.net/201901/076594.jpg,OK,0,9,SANTA ROSA,TAXISCO,7659,CORPORACIÓN MUNICIPAL,22,2,2,0,1,4,283,283,257,257,16,0,1,13,4,50,81,88,4
1,1,0,400,400,6,https://resultados2019.blob.core.windows.net/201901/076764.jpg,OK,0,9,SANTA ROSA,TAXISCO,7676,CORPORACIÓN MUNICIPAL,2,2,2,0,1,4,319,319,316,316,8,3,0,11,5,68,101,118,2
1,4,0,400,400,6,https://resultados2019.blob.core.windows.net/201901/076614.jpg,OK,0,9,SANTA ROSA,TAXISCO,7661,CORPORACIÓN MUNICIPAL,16,2,2,0,1,4,282,282,262,262,13,3,0,11,1,62,91,81,0
1,0,0,213,213,6,https://resultados2019.blob.core.windows.net/201901/076874.jpg,OK,0,9,SANTA ROSA,TAXISCO,7687,CORPORACIÓN MUNICIPAL,1,2,2,0,1,4,188,188,187,187,1,8,0,1,0,56,27,93,1
1,5,0,380,379,6,https://resultados2019.blob.core.windows.net/201901/076914.jpg,OK,0,9,SANTA ROSA,TAXISCO,7691,CORPORACIÓN MUNICIPAL,10,2,2,0,1,4,282,282,267,267,5,2,5,14,0,33,86,119,3
1,5,0,380,380,6,https://resultados2019.blob.core.windows.net/201901/076894.jpg,OK,0,9,SANTA ROSA,TAXISCO,7689,CORPORACIÓN MUNICIPAL,15,2,2,0,1,4,252,252,232,232,8,2,4,8,0,23,72,111,4
1,2,0,380,380,6,https://resultados2019.blob.core.windows.net/201901/076924.jpg,OK,0,9,SANTA ROSA,TAXISCO,7692,CORPORACIÓN MUNICIPAL,17,2,2,0,1,4,244,244,225,225,2,1,2,6,0,32,71,111,0
1,3,0,400,396,6,https://resultados2019.blob.core.windows.net/201901/076584.jpg,OK,0,9,SANTA ROSA,TAXISCO,7658,CORPORACIÓN MUNICIPAL,17,2,2,0,1,4,287,287,267,267,13,4,3,6,3,40,91,105,2
1,1,0,212,212,6,https://resultados2019.blob.core.windows.net/201901/076884.jpg,OK,0,9,SANTA ROSA,TAXISCO,7688,CORPORACIÓN MUNICIPAL,0,2,2,0,1,4,183,183,182,182,1,4,0,1,1,50,34,90,1
1,0,0,400,400,6,https://resultados2019.blob.core.windows.net/201901/076654.jpg,OK,0,9,SANTA ROSA,TAXISCO,7665,CORPORACIÓN MUNICIPAL,10,2,2,0,1,4,248,248,238,238,13,1,1,6,3,49,81,81,3
1,2,0,394,394,6,https://resultados2019.blob.core.windows.net/201901/076984.jpg,OK,0,9,SANTA ROSA,TAXISCO,7698,CORPORACIÓN MUNICIPAL,8,2,2,0,1,4,301,301,291,291,1,1,4,1,1,41,63,179,0
1,2,0,380,380,6,https://resultados2019.blob.core.windows.net/201901/076804.jpg,OK,0,9,SANTA ROSA,TAXISCO,7680,CORPORACIÓN MUNICIPAL,3,2,2,0,1,4,311,311,306,306,1,16,0,4,1,93,55,135,1
1,2,0,600,598,6,https://resultados2019.blob.core.windows.net/201901/077014.jpg,OK,0,9,SANTA ROSA,TAXISCO,7701,CORPORACIÓN MUNICIPAL,8,2,2,0,1,4,191,191,181,181,8,0,0,6,1,30,57,78,1
1,1,0,258,258,6,https://resultados2019.blob.core.windows.net/201901/076954.jpg,OK,0,9,SANTA ROSA,TAXISCO,7695,CORPORACIÓN MUNICIPAL,1,2,2,0,1,4,171,171,169,169,2,0,1,1,0,24,54,87,0
