ACTACUADRA,BLANCOS,CNTIMPUGNA,CNTINSCRITOS,CNTPAPELETAS,DEP,IMGSRC,IMGSTATUS,INVALIDOS,MUN,NDEP,NMUN,NROMESA,NTE,NULOS,STACTA,STESCAN,STFISIC,STTRANS,TIPOELECCION,TOTALACTA,TOTALVOTOS,VOTOSVALIDOS,VOTOSVALIDOSACTA,voto_-ATS-,voto_FUERZA,voto_PC,voto_PODEMOS,voto_SEMILLA,voto_SUD,voto_URNG_MAIZ
1,1,0,497,497,7,https://resultados2019.blob.core.windows.net/201901/080024.jpg,OK,0,1,SOLOLÁ,SOLOLÁ,8002,CORPORACIÓN MUNICIPAL,6,2,2,0,1,4,184,184,177,177,13,4,0,20,6,66,68
1,3,0,400,396,7,https://resultados2019.blob.core.windows.net/201901/079024.jpg,OK,0,1,SOLOLÁ,SOLOLÁ,7902,CORPORACIÓN MUNICIPAL,10,2,2,0,1,4,303,303,290,290,25,1,1,2,3,102,156
1,6,0,380,275,7,https://resultados2019.blob.core.windows.net/201901/079884.jpg,OK,1,1,SOLOLÁ,SOLOLÁ,7988,CORPORACIÓN MUNICIPAL,17,2,2,0,1,4,299,299,276,276,101,0,1,0,0,159,15
1,4,0,380,376,7,https://resultados2019.blob.core.windows.net/201901/079454.jpg,OK,0,1,SOLOLÁ,SOLOLÁ,7945,CORPORACIÓN MUNICIPAL,6,2,2,0,1,4,292,292,282,282,26,1,0,1,1,131,122
1,4,0,380,376,7,https://resultados2019.blob.core.windows.net/201901/079474.jpg,OK,0,1,SOLOLÁ,SOLOLÁ,7947,CORPORACIÓN MUNICIPAL,8,2,2,0,1,4,275,275,263,263,15,4,0,0,3,135,106
1,1,0,400,400,7,https://resultados2019.blob.core.windows.net/201901/079044.jpg,OK,0,1,SOLOLÁ,SOLOLÁ,7904,CORPORACIÓN MUNICIPAL,5,2,2,0,1,4,319,319,313,313,18,2,0,1,2,80,210
1,4,0,380,375,7,https://resultados2019.blob.core.windows.net/201901/079624.jpg,OK,0,1,SOLOLÁ,SOLOLÁ,7962,CORPORACIÓN MUNICIPAL,14,2,2,0,1,4,273,273,255,255,25,1,2,1,0,109,117
1,0,0,380,380,7,https://resultados2019.blob.core.windows.net/201901/079944.jpg,OK,0,1,SOLOLÁ,SOLOLÁ,7994,CORPORACIÓN MUNICIPAL,2,2,2,0,1,4,244,244,242,242,90,1,0,0,0,136,15
1,1,0,380,376,7,https://resultados2019.blob.core.windows.net/201901/079674.jpg,OK,0,1,SOLOLÁ,SOLOLÁ,7967,CORPORACIÓN MUNICIPAL,4,2,2,0,1,4,217,217,212,212,17,1,3,1,0,95,95
1,3,0,600,600,7,https://resultados2019.blob.core.windows.net/201901/080014.jpg,OK,0,1,SOLOLÁ,SOLOLÁ,8001,CORPORACIÓN MUNICIPAL,15,2,2,0,1,4,240,240,222,222,11,3,1,21,2,82,102
1,7,0,380,377,7,https://resultados2019.blob.core.windows.net/201901/079644.jpg,OK,0,1,SOLOLÁ,SOLOLÁ,7964,CORPORACIÓN MUNICIPAL,15,2,2,0,1,4,260,260,238,238,28,0,0,2,0,96,112
1,3,0,380,373,7,https://resultados2019.blob.core.windows.net/201901/079634.jpg,OK,0,1,SOLOLÁ,SOLOLÁ,7963,CORPORACIÓN MUNICIPAL,7,2,2,0,1,4,259,259,249,249,46,0,0,1,1,103,98
1,3,0,400,400,7,https://resultados2019.blob.core.windows.net/201901/078944.jpg,OK,0,1,SOLOLÁ,SOLOLÁ,7894,CORPORACIÓN MUNICIPAL,5,2,2,0,1,4,288,288,280,280,25,5,2,26,2,102,118
1,2,0,400,400,7,https://resultados2019.blob.core.windows.net/201901/079124.jpg,OK,0,1,SOLOLÁ,SOLOLÁ,7912,CORPORACIÓN MUNICIPAL,6,2,2,0,1,4,336,336,328,328,19,1,1,2,0,131,174
1,6,0,380,377,7,https://resultados2019.blob.core.windows.net/201901/079434.jpg,OK,0,1,SOLOLÁ,SOLOLÁ,7943,CORPORACIÓN MUNICIPAL,7,2,2,0,1,4,272,272,259,259,7,1,1,1,0,147,102
1,1,0,400,400,7,https://resultados2019.blob.core.windows.net/201901/079164.jpg,OK,0,1,SOLOLÁ,SOLOLÁ,7916,CORPORACIÓN MUNICIPAL,11,2,2,0,1,4,326,326,314,314,21,6,1,8,2,113,163
1,3,0,400,396,7,https://resultados2019.blob.core.windows.net/201901/079274.jpg,OK,0,1,SOLOLÁ,SOLOLÁ,7927,CORPORACIÓN MUNICIPAL,3,2,2,0,1,4,302,302,296,296,34,5,1,6,2,91,157
1,7,0,380,377,7,https://resultados2019.blob.core.windows.net/201901/079654.jpg,OK,0,1,SOLOLÁ,SOLOLÁ,7965,CORPORACIÓN MUNICIPAL,8,2,2,0,1,4,277,277,262,262,17,1,0,0,2,108,134
1,3,0,380,376,7,https://resultados2019.blob.core.windows.net/201901/079774.jpg,OK,0,1,SOLOLÁ,SOLOLÁ,7977,CORPORACIÓN MUNICIPAL,11,2,1,0,1,4,276,276,262,262,15,4,0,0,1,121,121
1,0,0,380,380,7,https://resultados2019.blob.core.windows.net/201901/079514.jpg,OK,0,1,SOLOLÁ,SOLOLÁ,7951,CORPORACIÓN MUNICIPAL,3,2,2,0,1,4,254,254,251,251,26,0,0,1,2,110,112
1,1,0,400,400,7,https://resultados2019.blob.core.windows.net/201901/079204.jpg,OK,0,1,SOLOLÁ,SOLOLÁ,7920,CORPORACIÓN MUNICIPAL,11,2,2,0,1,4,334,334,322,322,63,4,3,4,2,111,135
1,3,0,400,400,7,https://resultados2019.blob.core.windows.net/201901/079114.jpg,OK,0,1,SOLOLÁ,SOLOLÁ,7911,CORPORACIÓN MUNICIPAL,7,2,2,0,1,4,335,335,325,325,22,1,1,2,2,97,200
1,6,0,380,376,7,https://resultados2019.blob.core.windows.net/201901/079604.jpg,OK,0,1,SOLOLÁ,SOLOLÁ,7960,CORPORACIÓN MUNICIPAL,13,2,2,0,1,4,271,271,252,252,22,2,0,1,0,128,99
1,4,0,400,400,7,https://resultados2019.blob.core.windows.net/201901/079034.jpg,OK,96,1,SOLOLÁ,SOLOLÁ,7903,CORPORACIÓN MUNICIPAL,4,2,2,0,1,4,304,304,296,296,29,2,4,8,1,86,166
1,3,0,400,393,7,https://resultados2019.blob.core.windows.net/201901/079134.jpg,OK,0,1,SOLOLÁ,SOLOLÁ,7913,CORPORACIÓN MUNICIPAL,11,2,2,0,1,4,339,339,325,325,83,4,2,2,3,103,128
1,7,0,380,376,7,https://resultados2019.blob.core.windows.net/201901/079724.jpg,OK,0,1,SOLOLÁ,SOLOLÁ,7972,CORPORACIÓN MUNICIPAL,7,2,1,0,1,4,306,306,292,292,17,3,1,2,0,127,142
1,2,0,497,497,7,https://resultados2019.blob.core.windows.net/201901/080034.jpg,OK,0,1,SOLOLÁ,SOLOLÁ,8003,CORPORACIÓN MUNICIPAL,6,2,2,0,1,4,127,127,119,119,12,0,2,6,0,46,53
1,3,0,400,396,7,https://resultados2019.blob.core.windows.net/201901/078934.jpg,OK,91,1,SOLOLÁ,SOLOLÁ,7893,CORPORACIÓN MUNICIPAL,13,2,2,0,1,4,305,305,289,289,21,6,1,48,5,109,99
1,3,0,400,398,7,https://resultados2019.blob.core.windows.net/201901/079324.jpg,OK,0,1,SOLOLÁ,SOLOLÁ,7932,CORPORACIÓN MUNICIPAL,8,2,2,0,1,4,300,300,289,289,29,6,2,20,3,88,141
1,6,0,400,396,7,https://resultados2019.blob.core.windows.net/201901/078904.jpg,OK,0,1,SOLOLÁ,SOLOLÁ,7890,CORPORACIÓN MUNICIPAL,14,2,2,0,1,4,331,331,311,311,18,9,4,29,11,95,145
1,5,0,380,376,7,https://resultados2019.blob.core.windows.net/201901/079894.jpg,OK,0,1,SOLOLÁ,SOLOLÁ,7989,CORPORACIÓN MUNICIPAL,13,2,2,0,1,4,312,312,294,294,141,1,0,0,0,136,16
1,4,0,400,400,7,https://resultados2019.blob.core.windows.net/201901/079304.jpg,OK,0,1,SOLOLÁ,SOLOLÁ,7930,CORPORACIÓN MUNICIPAL,7,2,2,0,1,4,276,276,265,265,26,4,6,10,3,88,128
1,1,0,194,194,7,https://resultados2019.blob.core.windows.net/201901/079714.jpg,OK,0,1,SOLOLÁ,SOLOLÁ,7971,CORPORACIÓN MUNICIPAL,4,2,2,0,1,4,131,131,126,126,8,0,0,1,0,55,62
1,2,0,600,597,7,https://resultados2019.blob.core.windows.net/201901/079974.jpg,OK,0,1,SOLOLÁ,SOLOLÁ,7997,CORPORACIÓN MUNICIPAL,3,2,2,0,1,4,211,211,206,206,18,4,1,6,2,73,102
1,1,0,246,246,7,https://resultados2019.blob.core.windows.net/201901/079524.jpg,OK,0,1,SOLOLÁ,SOLOLÁ,7952,CORPORACIÓN MUNICIPAL,4,2,2,0,1,4,176,176,171,171,10,2,0,2,1,77,79
1,3,0,400,400,7,https://resultados2019.blob.core.windows.net/201901/079314.jpg,OK,0,1,SOLOLÁ,SOLOLÁ,7931,CORPORACIÓN MUNICIPAL,8,2,2,0,1,4,297,297,286,286,37,3,2,9,3,89,143
1,6,0,400,400,7,https://resultados2019.blob.core.windows.net/201901/079094.jpg,OK,0,1,SOLOLÁ,SOLOLÁ,7909,CORPORACIÓN MUNICIPAL,16,2,2,0,1,4,346,346,324,324,12,1,0,2,1,116,192
1,3,0,380,386,7,https://resultados2019.blob.core.windows.net/201901/079814.jpg,OK,0,1,SOLOLÁ,SOLOLÁ,7981,CORPORACIÓN MUNICIPAL,10,2,1,0,1,4,300,300,287,287,11,4,0,1,1,124,146
1,4,0,380,376,7,https://resultados2019.blob.core.windows.net/201901/079584.jpg,OK,0,1,SOLOLÁ,SOLOLÁ,7958,CORPORACIÓN MUNICIPAL,20,2,2,0,1,4,290,290,266,266,23,0,0,0,0,111,132
1,1,0,380,380,7,https://resultados2019.blob.core.windows.net/201901/079924.jpg,OK,86,1,SOLOLÁ,SOLOLÁ,7992,CORPORACIÓN MUNICIPAL,23,2,2,0,1,4,294,294,270,270,87,2,2,1,2,123,53
1,0,0,380,376,7,https://resultados2019.blob.core.windows.net/201901/079694.jpg,OK,0,1,SOLOLÁ,SOLOLÁ,7969,CORPORACIÓN MUNICIPAL,7,2,2,0,1,4,246,246,239,239,30,0,1,1,0,113,94
1,0,0,400,400,7,https://resultados2019.blob.core.windows.net/201901/078974.jpg,OK,0,1,SOLOLÁ,SOLOLÁ,7897,CORPORACIÓN MUNICIPAL,8,2,2,0,1,4,293,293,285,285,17,12,6,38,8,96,108
1,0,0,400,396,7,https://resultados2019.blob.core.windows.net/201901/079334.jpg,OK,0,1,SOLOLÁ,SOLOLÁ,7933,CORPORACIÓN MUNICIPAL,4,2,2,0,1,4,298,298,294,294,21,8,1,22,4,100,138
1,2,0,400,400,7,https://resultados2019.blob.core.windows.net/201901/079244.jpg,OK,0,1,SOLOLÁ,SOLOLÁ,7924,CORPORACIÓN MUNICIPAL,14,2,2,0,1,4,340,340,324,324,21,6,1,9,3,116,168
1,0,0,380,378,7,https://resultados2019.blob.core.windows.net/201901/079784.jpg,OK,0,1,SOLOLÁ,SOLOLÁ,7978,CORPORACIÓN MUNICIPAL,2,2,1,0,1,4,275,275,273,273,14,2,0,2,1,131,123
1,3,0,380,376,7,https://resultados2019.blob.core.windows.net/201901/079834.jpg,OK,0,1,SOLOLÁ,SOLOLÁ,7983,CORPORACIÓN MUNICIPAL,6,2,1,0,1,4,259,259,250,250,25,1,1,0,2,100,121
1,0,0,400,400,7,https://resultados2019.blob.core.windows.net/201901/079364.jpg,OK,0,1,SOLOLÁ,SOLOLÁ,7936,CORPORACIÓN MUNICIPAL,8,2,2,0,1,4,288,288,280,280,22,5,0,11,3,104,135
1,3,0,233,233,7,https://resultados2019.blob.core.windows.net/201901/079964.jpg,OK,0,1,SOLOLÁ,SOLOLÁ,7996,CORPORACIÓN MUNICIPAL,3,2,2,0,1,4,175,175,169,169,63,0,0,0,0,97,9
1,3,0,380,380,7,https://resultados2019.blob.core.windows.net/201901/079424.jpg,OK,0,1,SOLOLÁ,SOLOLÁ,7942,CORPORACIÓN MUNICIPAL,19,2,2,0,1,4,310,310,288,288,15,2,0,0,1,138,132
1,2,0,380,380,7,https://resultados2019.blob.core.windows.net/201901/079464.jpg,OK,0,1,SOLOLÁ,SOLOLÁ,7946,CORPORACIÓN MUNICIPAL,10,2,2,0,1,4,285,285,273,273,12,3,1,1,0,167,89
1,6,0,400,396,7,https://resultados2019.blob.core.windows.net/201901/078894.jpg,OK,0,1,SOLOLÁ,SOLOLÁ,7889,CORPORACIÓN MUNICIPAL,20,2,2,0,1,4,319,319,293,293,16,11,4,25,4,97,136
1,2,1,380,380,7,https://resultados2019.blob.core.windows.net/201901/079934.jpg,OK,0,1,SOLOLÁ,SOLOLÁ,7993,CORPORACIÓN MUNICIPAL,10,2,2,0,1,4,244,244,232,232,75,2,0,0,0,133,22
1,2,0,380,376,7,https://resultados2019.blob.core.windows.net/201901/079824.jpg,OK,0,1,SOLOLÁ,SOLOLÁ,7982,CORPORACIÓN MUNICIPAL,5,2,1,0,1,4,229,229,222,222,14,1,1,0,0,89,117
1,2,0,274,204,7,https://resultados2019.blob.core.windows.net/201901/079004.jpg,OK,0,1,SOLOLÁ,SOLOLÁ,7900,CORPORACIÓN MUNICIPAL,2,2,2,0,1,4,204,204,200,200,16,3,0,27,7,78,69
1,8,0,380,380,7,https://resultados2019.blob.core.windows.net/201901/079564.jpg,OK,0,1,SOLOLÁ,SOLOLÁ,7956,CORPORACIÓN MUNICIPAL,8,2,2,0,1,4,243,243,227,227,15,1,2,0,2,96,111
1,4,0,400,400,7,https://resultados2019.blob.core.windows.net/201901/079174.jpg,OK,0,1,SOLOLÁ,SOLOLÁ,7917,CORPORACIÓN MUNICIPAL,8,2,2,0,1,4,313,313,301,301,36,9,3,8,2,96,147
1,4,0,400,393,7,https://resultados2019.blob.core.windows.net/201901/078994.jpg,OK,0,1,SOLOLÁ,SOLOLÁ,7899,CORPORACIÓN MUNICIPAL,10,2,2,0,1,4,281,281,267,267,25,8,2,21,7,107,97
1,8,0,400,400,7,https://resultados2019.blob.core.windows.net/201901/079224.jpg,OK,0,1,SOLOLÁ,SOLOLÁ,7922,CORPORACIÓN MUNICIPAL,14,2,2,0,1,4,314,314,292,292,24,5,1,3,1,89,169
1,1,0,400,400,7,https://resultados2019.blob.core.windows.net/201901/078954.jpg,OK,0,1,SOLOLÁ,SOLOLÁ,7895,CORPORACIÓN MUNICIPAL,6,2,2,0,1,4,290,290,283,283,24,13,1,29,2,117,97
1,0,0,274,207,7,https://resultados2019.blob.core.windows.net/201901/079014.jpg,OK,0,1,SOLOLÁ,SOLOLÁ,7901,CORPORACIÓN MUNICIPAL,4,2,2,0,1,4,190,190,186,186,15,6,2,11,3,78,71
1,3,0,400,400,7,https://resultados2019.blob.core.windows.net/201901/079344.jpg,OK,0,1,SOLOLÁ,SOLOLÁ,7934,CORPORACIÓN MUNICIPAL,9,2,2,0,1,4,293,293,281,281,23,11,0,15,5,99,128
1,4,0,380,376,7,https://resultados2019.blob.core.windows.net/201901/079484.jpg,OK,0,1,SOLOLÁ,SOLOLÁ,7948,CORPORACIÓN MUNICIPAL,13,2,2,0,1,4,314,314,297,297,9,4,0,0,1,124,159
1,6,0,600,600,7,https://resultados2019.blob.core.windows.net/201901/080004.jpg,OK,0,1,SOLOLÁ,SOLOLÁ,8000,CORPORACIÓN MUNICIPAL,14,2,2,0,1,4,277,277,257,257,22,3,0,13,4,99,116
1,1,0,600,594,7,https://resultados2019.blob.core.windows.net/201901/079984.jpg,OK,0,1,SOLOLÁ,SOLOLÁ,7998,CORPORACIÓN MUNICIPAL,8,2,2,0,1,4,261,261,252,252,14,2,1,7,2,72,154
1,4,0,400,398,7,https://resultados2019.blob.core.windows.net/201901/079194.jpg,OK,0,1,SOLOLÁ,SOLOLÁ,7919,CORPORACIÓN MUNICIPAL,11,2,2,0,1,4,330,330,315,315,35,1,2,4,1,116,156
1,5,0,380,376,7,https://resultados2019.blob.core.windows.net/201901/079614.jpg,OK,0,1,SOLOLÁ,SOLOLÁ,7961,CORPORACIÓN MUNICIPAL,20,2,2,0,1,4,294,294,269,269,32,6,1,0,0,122,108
1,7,0,380,376,7,https://resultados2019.blob.core.windows.net/201901/079874.jpg,OK,0,1,SOLOLÁ,SOLOLÁ,7987,CORPORACIÓN MUNICIPAL,10,2,2,0,1,4,310,310,293,293,96,2,1,1,1,180,12
1,4,0,400,396,7,https://resultados2019.blob.core.windows.net/201901/079234.jpg,OK,0,1,SOLOLÁ,SOLOLÁ,7923,CORPORACIÓN MUNICIPAL,4,2,2,0,1,4,341,341,333,333,28,4,3,6,2,135,155
1,5,0,400,396,7,https://resultados2019.blob.core.windows.net/201901/079214.jpg,OK,0,1,SOLOLÁ,SOLOLÁ,7921,CORPORACIÓN MUNICIPAL,6,2,2,0,1,4,328,328,317,317,71,3,4,9,1,91,138
1,9,0,400,398,7,https://resultados2019.blob.core.windows.net/201901/079184.jpg,OK,0,1,SOLOLÁ,SOLOLÁ,7918,CORPORACIÓN MUNICIPAL,7,2,2,0,1,4,330,330,314,314,29,6,4,7,1,108,159
1,1,0,400,400,7,https://resultados2019.blob.core.windows.net/201901/079254.jpg,OK,0,1,SOLOLÁ,SOLOLÁ,7925,CORPORACIÓN MUNICIPAL,9,2,2,0,1,4,318,318,308,308,29,5,2,23,5,77,167
1,3,0,400,400,7,https://resultados2019.blob.core.windows.net/201901/079264.jpg,OK,0,1,SOLOLÁ,SOLOLÁ,7926,CORPORACIÓN MUNICIPAL,7,2,2,0,1,4,328,328,318,318,26,4,2,16,5,109,156
1,1,0,320,320,7,https://resultados2019.blob.core.windows.net/201901/079394.jpg,OK,0,1,SOLOLÁ,SOLOLÁ,7939,CORPORACIÓN MUNICIPAL,4,2,2,0,1,4,259,259,254,254,20,9,2,9,3,87,124
1,1,0,380,376,7,https://resultados2019.blob.core.windows.net/201901/079504.jpg,OK,0,1,SOLOLÁ,SOLOLÁ,7950,CORPORACIÓN MUNICIPAL,6,2,2,0,1,4,245,245,238,238,8,1,0,0,1,114,114
1,7,0,380,374,7,https://resultados2019.blob.core.windows.net/201901/079544.jpg,OK,0,1,SOLOLÁ,SOLOLÁ,7954,CORPORACIÓN MUNICIPAL,13,2,2,0,1,4,236,236,216,216,20,0,2,0,1,108,85
1,2,0,400,400,7,https://resultados2019.blob.core.windows.net/201901/078914.jpg,OK,0,1,SOLOLÁ,SOLOLÁ,7891,CORPORACIÓN MUNICIPAL,7,2,2,0,1,4,320,320,311,311,28,8,6,32,6,106,125
1,3,0,380,377,7,https://resultados2019.blob.core.windows.net/201901/079664.jpg,OK,0,1,SOLOLÁ,SOLOLÁ,7966,CORPORACIÓN MUNICIPAL,7,2,2,0,1,4,227,227,217,217,9,0,1,3,0,110,94
1,8,0,400,396,7,https://resultados2019.blob.core.windows.net/201901/079104.jpg,OK,0,1,SOLOLÁ,SOLOLÁ,7910,CORPORACIÓN MUNICIPAL,11,2,2,0,1,4,322,322,303,303,17,0,2,6,0,114,164
1,8,0,380,379,7,https://resultados2019.blob.core.windows.net/201901/079864.jpg,OK,0,1,SOLOLÁ,SOLOLÁ,7986,CORPORACIÓN MUNICIPAL,13,2,2,0,1,4,288,288,267,267,85,2,3,1,0,166,10
1,5,0,400,400,7,https://resultados2019.blob.core.windows.net/201901/078964.jpg,OK,0,1,SOLOLÁ,SOLOLÁ,7896,CORPORACIÓN MUNICIPAL,6,2,2,0,1,4,310,310,299,299,21,12,3,32,9,118,104
1,8,0,380,376,7,https://resultados2019.blob.core.windows.net/201901/079554.jpg,OK,0,1,SOLOLÁ,SOLOLÁ,7955,CORPORACIÓN MUNICIPAL,9,2,2,0,1,4,265,265,248,248,18,0,0,1,0,139,90
1,2,0,337,337,7,https://resultados2019.blob.core.windows.net/201901/079844.jpg,OK,1,1,SOLOLÁ,SOLOLÁ,7984,CORPORACIÓN MUNICIPAL,3,2,1,0,1,4,229,229,224,224,14,2,0,1,0,97,110
1,2,0,380,369,7,https://resultados2019.blob.core.windows.net/201901/079684.jpg,OK,0,1,SOLOLÁ,SOLOLÁ,7968,CORPORACIÓN MUNICIPAL,7,2,2,0,1,4,226,226,217,217,23,0,0,2,1,99,92
1,3,0,400,396,7,https://resultados2019.blob.core.windows.net/201901/079064.jpg,OK,0,1,SOLOLÁ,SOLOLÁ,7906,CORPORACIÓN MUNICIPAL,13,2,2,0,1,4,338,338,322,322,11,0,0,2,0,82,227
1,7,0,380,376,7,https://resultados2019.blob.core.windows.net/201901/079794.jpg,OK,0,1,SOLOLÁ,SOLOLÁ,7979,CORPORACIÓN MUNICIPAL,11,2,1,0,1,4,308,308,290,290,12,1,0,3,1,121,152
1,1,0,400,396,7,https://resultados2019.blob.core.windows.net/201901/078874.jpg,OK,0,1,SOLOLÁ,SOLOLÁ,7887,CORPORACIÓN MUNICIPAL,5,2,2,0,1,4,304,304,298,298,25,12,5,17,2,121,116
1,2,0,400,400,7,https://resultados2019.blob.core.windows.net/201901/079054.jpg,OK,0,1,SOLOLÁ,SOLOLÁ,7905,CORPORACIÓN MUNICIPAL,7,2,2,0,1,4,326,326,317,317,21,1,0,2,2,106,185
1,4,0,380,377,7,https://resultados2019.blob.core.windows.net/201901/079804.jpg,OK,0,1,SOLOLÁ,SOLOLÁ,7980,CORPORACIÓN MUNICIPAL,5,2,1,0,1,4,307,307,298,298,17,2,0,1,1,133,144
1,0,0,400,396,7,https://resultados2019.blob.core.windows.net/201901/079374.jpg,OK,0,1,SOLOLÁ,SOLOLÁ,7937,CORPORACIÓN MUNICIPAL,2,2,2,0,1,4,296,296,294,294,33,1,2,6,3,94,155
1,3,0,380,377,7,https://resultados2019.blob.core.windows.net/201901/079914.jpg,OK,0,1,SOLOLÁ,SOLOLÁ,7991,CORPORACIÓN MUNICIPAL,23,2,2,0,1,4,296,296,270,270,76,2,2,1,0,114,75
1,1,0,380,376,7,https://resultados2019.blob.core.windows.net/201901/079494.jpg,OK,0,1,SOLOLÁ,SOLOLÁ,7949,CORPORACIÓN MUNICIPAL,7,2,2,0,1,4,257,257,249,249,19,3,1,2,1,104,119
1,0,0,246,380,7,https://resultados2019.blob.core.windows.net/201901/079534.jpg,OK,0,1,SOLOLÁ,SOLOLÁ,7953,CORPORACIÓN MUNICIPAL,1,2,2,0,1,4,184,184,183,183,7,3,1,1,2,86,83
1,5,0,380,380,7,https://resultados2019.blob.core.windows.net/201901/079764.jpg,OK,0,1,SOLOLÁ,SOLOLÁ,7976,CORPORACIÓN MUNICIPAL,6,2,1,0,1,4,275,275,264,264,11,1,2,1,0,114,135
1,2,0,400,400,7,https://resultados2019.blob.core.windows.net/201901/078984.jpg,OK,0,1,SOLOLÁ,SOLOLÁ,7898,CORPORACIÓN MUNICIPAL,6,2,2,0,1,4,304,304,296,296,22,13,2,24,6,126,103
1,4,0,380,380,7,https://resultados2019.blob.core.windows.net/201901/079594.jpg,OK,0,1,SOLOLÁ,SOLOLÁ,7959,CORPORACIÓN MUNICIPAL,7,2,2,0,1,4,276,276,265,265,11,1,1,2,1,148,101
1,3,0,400,396,7,https://resultados2019.blob.core.windows.net/201901/079084.jpg,OK,0,1,SOLOLÁ,SOLOLÁ,7908,CORPORACIÓN MUNICIPAL,5,2,2,0,1,4,321,321,313,313,11,1,1,1,0,100,199
1,4,0,600,600,7,https://resultados2019.blob.core.windows.net/201901/079994.jpg,OK,0,1,SOLOLÁ,SOLOLÁ,7999,CORPORACIÓN MUNICIPAL,24,2,2,0,1,4,251,251,223,223,15,2,0,9,2,80,115
1,2,0,234,234,7,https://resultados2019.blob.core.windows.net/201901/079954.jpg,OK,0,1,SOLOLÁ,SOLOLÁ,7995,CORPORACIÓN MUNICIPAL,4,2,2,0,1,4,153,153,147,147,65,0,0,0,0,68,14
1,2,0,380,378,7,https://resultados2019.blob.core.windows.net/201901/079754.jpg,OK,0,1,SOLOLÁ,SOLOLÁ,7975,CORPORACIÓN MUNICIPAL,10,2,1,0,1,4,300,300,288,288,16,2,1,2,0,61,206
1,2,0,380,376,7,https://resultados2019.blob.core.windows.net/201901/079734.jpg,OK,0,1,SOLOLÁ,SOLOLÁ,7973,CORPORACIÓN MUNICIPAL,9,2,1,0,1,4,284,284,273,273,13,0,0,1,0,107,152
1,6,0,380,380,7,https://resultados2019.blob.core.windows.net/201901/079414.jpg,OK,0,1,SOLOLÁ,SOLOLÁ,7941,CORPORACIÓN MUNICIPAL,3,2,2,0,1,4,298,298,289,289,22,3,2,0,2,127,133
1,6,0,380,380,7,https://resultados2019.blob.core.windows.net/201901/079744.jpg,OK,0,1,SOLOLÁ,SOLOLÁ,7974,CORPORACIÓN MUNICIPAL,5,2,1,0,1,4,306,306,295,295,44,6,0,1,0,129,115
1,1,0,400,400,7,https://resultados2019.blob.core.windows.net/201901/079354.jpg,OK,0,1,SOLOLÁ,SOLOLÁ,7935,CORPORACIÓN MUNICIPAL,8,2,2,0,1,4,302,302,293,293,29,5,4,11,3,85,156
1,2,0,400,400,7,https://resultados2019.blob.core.windows.net/201901/079284.jpg,OK,0,1,SOLOLÁ,SOLOLÁ,7928,CORPORACIÓN MUNICIPAL,3,2,2,0,1,4,284,284,279,279,21,3,1,3,6,94,151
1,4,0,400,400,7,https://resultados2019.blob.core.windows.net/201901/078884.jpg,OK,0,1,SOLOLÁ,SOLOLÁ,7888,CORPORACIÓN MUNICIPAL,11,2,2,0,1,4,317,317,302,302,19,8,0,17,5,116,137
1,2,0,380,376,7,https://resultados2019.blob.core.windows.net/201901/079904.jpg,OK,0,1,SOLOLÁ,SOLOLÁ,7990,CORPORACIÓN MUNICIPAL,19,2,2,0,1,4,277,277,256,256,106,0,0,2,0,125,23
1,5,0,400,400,7,https://resultados2019.blob.core.windows.net/201901/079144.jpg,OK,0,1,SOLOLÁ,SOLOLÁ,7914,CORPORACIÓN MUNICIPAL,13,2,2,0,1,4,323,323,305,305,43,4,1,9,3,110,135
1,0,0,319,319,7,https://resultados2019.blob.core.windows.net/201901/079404.jpg,OK,0,1,SOLOLÁ,SOLOLÁ,7940,CORPORACIÓN MUNICIPAL,1,2,2,0,1,4,240,240,239,239,19,1,0,5,3,77,134
1,6,0,400,396,7,https://resultados2019.blob.core.windows.net/201901/079154.jpg,OK,0,1,SOLOLÁ,SOLOLÁ,7915,CORPORACIÓN MUNICIPAL,12,2,2,0,1,4,319,319,301,301,40,6,2,7,4,98,144
1,2,0,380,376,7,https://resultados2019.blob.core.windows.net/201901/079444.jpg,OK,0,1,SOLOLÁ,SOLOLÁ,7944,CORPORACIÓN MUNICIPAL,5,2,2,0,1,4,305,305,298,298,18,2,1,3,1,100,173
1,1,0,400,396,7,https://resultados2019.blob.core.windows.net/201901/079384.jpg,OK,0,1,SOLOLÁ,SOLOLÁ,7938,CORPORACIÓN MUNICIPAL,3,2,2,0,1,4,340,340,336,336,18,3,3,7,2,108,195
1,1,0,400,396,7,https://resultados2019.blob.core.windows.net/201901/079294.jpg,OK,0,1,SOLOLÁ,SOLOLÁ,7929,CORPORACIÓN MUNICIPAL,3,2,2,0,1,4,293,293,289,289,18,5,1,8,1,98,158
1,0,0,336,336,7,https://resultados2019.blob.core.windows.net/201901/079854.jpg,OK,0,1,SOLOLÁ,SOLOLÁ,7985,CORPORACIÓN MUNICIPAL,0,2,1,0,1,4,259,259,259,259,17,0,1,0,0,92,149
1,2,0,400,400,7,https://resultados2019.blob.core.windows.net/201901/079074.jpg,OK,0,1,SOLOLÁ,SOLOLÁ,7907,CORPORACIÓN MUNICIPAL,5,2,2,0,1,4,335,335,328,328,14,0,0,1,0,105,208
1,7,0,380,380,7,https://resultados2019.blob.core.windows.net/201901/079574.jpg,OK,0,1,SOLOLÁ,SOLOLÁ,7957,CORPORACIÓN MUNICIPAL,16,2,2,0,1,4,277,277,254,254,26,2,0,5,0,116,105
1,0,0,194,194,7,https://resultados2019.blob.core.windows.net/201901/079704.jpg,OK,0,1,SOLOLÁ,SOLOLÁ,7970,CORPORACIÓN MUNICIPAL,1,2,2,0,1,4,143,143,142,142,16,0,0,2,2,48,74
1,1,0,400,400,7,https://resultados2019.blob.core.windows.net/201901/078924.jpg,OK,0,1,SOLOLÁ,SOLOLÁ,7892,CORPORACIÓN MUNICIPAL,9,2,2,0,1,4,311,311,301,301,30,10,3,28,10,107,113
