ACTACUADRA,BLANCOS,CNTIMPUGNA,CNTINSCRITOS,CNTPAPELETAS,DEP,IMGSRC,IMGSTATUS,INVALIDOS,MUN,NDEP,NMUN,NROMESA,NTE,NULOS,STACTA,STESCAN,STFISIC,STTRANS,TIPOELECCION,TOTALACTA,TOTALVOTOS,VOTOSVALIDOS,VOTOSVALIDOSACTA,voto_BIEN,voto_FCN-NACION,voto_FUERZA,voto_PC,voto_UCN,voto_VAMOS,voto_VIVA
1,5,0,400,400,7,https://resultados2019.blob.core.windows.net/201901/082984.jpg,OK,1,11,SOLOLÁ,SANTA CATARINA PALOPÓ,8298,CORPORACIÓN MUNICIPAL,8,2,2,0,1,4,361,361,348,348,6,8,88,26,105,105,10
1,3,0,400,400,7,https://resultados2019.blob.core.windows.net/201901/083014.jpg,OK,0,11,SOLOLÁ,SANTA CATARINA PALOPÓ,8301,CORPORACIÓN MUNICIPAL,3,2,2,0,1,4,365,365,359,359,6,8,104,32,76,126,7
1,6,0,400,400,7,https://resultados2019.blob.core.windows.net/201901/083004.jpg,OK,0,11,SOLOLÁ,SANTA CATARINA PALOPÓ,8300,CORPORACIÓN MUNICIPAL,13,2,2,0,1,4,356,356,337,337,1,11,94,22,93,111,5
1,7,0,400,400,7,https://resultados2019.blob.core.windows.net/201901/082994.jpg,OK,0,11,SOLOLÁ,SANTA CATARINA PALOPÓ,8299,CORPORACIÓN MUNICIPAL,8,2,2,0,1,4,366,366,351,351,4,3,96,28,111,103,6
1,7,0,400,400,7,https://resultados2019.blob.core.windows.net/201901/083024.jpg,OK,0,11,SOLOLÁ,SANTA CATARINA PALOPÓ,8302,CORPORACIÓN MUNICIPAL,3,2,2,0,1,4,344,344,334,334,5,6,99,22,98,102,2
1,1,0,309,313,7,https://resultados2019.blob.core.windows.net/201901/083044.jpg,OK,0,11,SOLOLÁ,SANTA CATARINA PALOPÓ,8304,CORPORACIÓN MUNICIPAL,1,2,2,0,1,4,283,283,281,281,2,2,84,21,89,77,6
1,1,0,310,315,7,https://resultados2019.blob.core.windows.net/201901/083034.jpg,OK,0,11,SOLOLÁ,SANTA CATARINA PALOPÓ,8303,CORPORACIÓN MUNICIPAL,2,2,2,0,1,4,290,290,287,287,3,5,82,22,74,94,7
