ACTACUADRA,BLANCOS,CNTIMPUGNA,CNTINSCRITOS,CNTPAPELETAS,DEP,IMGSRC,IMGSTATUS,INVALIDOS,MUN,NDEP,NMUN,NROMESA,NTE,NULOS,STACTA,STESCAN,STFISIC,STTRANS,TIPOELECCION,TOTALACTA,TOTALVOTOS,VOTOSVALIDOS,VOTOSVALIDOSACTA,voto_CREO,voto_FUERZA,voto_LIBRE,voto_PC,voto_UCN,voto_UNE,voto_UNIONISTA,voto_VAMOS,voto_WINAQ
1,7,0,400,396,7,https://resultados2019.blob.core.windows.net/201901/083084.jpg,OK,0,12,SOLOLÁ,SAN ANTONIO PALOPÓ,8308,CORPORACIÓN MUNICIPAL,9,2,1,0,1,4,327,327,311,311,74,20,34,63,7,4,51,52,6
1,9,0,380,376,7,https://resultados2019.blob.core.windows.net/201901/083134.jpg,OK,0,12,SOLOLÁ,SAN ANTONIO PALOPÓ,8313,CORPORACIÓN MUNICIPAL,12,2,2,0,1,4,287,287,266,266,112,41,2,10,7,11,8,74,1
0,9,0,380,380,7,https://resultados2019.blob.core.windows.net/201901/083184.jpg,OK,0,12,SOLOLÁ,SAN ANTONIO PALOPÓ,8318,CORPORACIÓN MUNICIPAL,17,2,2,0,1,4,314,306,280,288,132,54,6,0,3,21,5,58,1
1,1,0,205,205,7,https://resultados2019.blob.core.windows.net/201901/083114.jpg,OK,0,12,SOLOLÁ,SAN ANTONIO PALOPÓ,8311,CORPORACIÓN MUNICIPAL,2,2,2,0,1,4,161,161,158,158,42,14,22,18,2,3,27,26,4
1,13,0,400,400,7,https://resultados2019.blob.core.windows.net/201901/083094.jpg,OK,0,12,SOLOLÁ,SAN ANTONIO PALOPÓ,8309,CORPORACIÓN MUNICIPAL,8,2,2,0,1,4,330,330,309,309,70,16,30,63,10,4,57,49,10
1,8,0,400,400,7,https://resultados2019.blob.core.windows.net/201901/083054.jpg,OK,0,12,SOLOLÁ,SAN ANTONIO PALOPÓ,8305,CORPORACIÓN MUNICIPAL,10,2,2,0,1,4,269,269,251,251,55,15,24,32,8,2,61,53,1
1,13,0,380,380,7,https://resultados2019.blob.core.windows.net/201901/083204.jpg,OK,0,12,SOLOLÁ,SAN ANTONIO PALOPÓ,8320,CORPORACIÓN MUNICIPAL,11,2,2,0,1,4,317,317,293,293,137,25,2,12,22,17,19,56,3
1,7,0,380,380,7,https://resultados2019.blob.core.windows.net/201901/083144.jpg,OK,0,12,SOLOLÁ,SAN ANTONIO PALOPÓ,8314,CORPORACIÓN MUNICIPAL,11,2,2,0,1,4,283,283,265,265,125,35,4,14,2,13,7,64,1
0,2,0,380,380,7,https://resultados2019.blob.core.windows.net/201901/083194.jpg,OK,1,12,SOLOLÁ,SAN ANTONIO PALOPÓ,8319,CORPORACIÓN MUNICIPAL,22,2,1,0,1,4,311,310,286,286,131,53,8,4,5,11,5,64,5
1,13,0,400,396,7,https://resultados2019.blob.core.windows.net/201901/083074.jpg,OK,0,12,SOLOLÁ,SAN ANTONIO PALOPÓ,8307,CORPORACIÓN MUNICIPAL,10,2,2,0,1,4,301,301,278,278,65,22,36,47,6,2,46,51,3
1,15,0,380,378,7,https://resultados2019.blob.core.windows.net/201901/083164.jpg,OK,0,12,SOLOLÁ,SAN ANTONIO PALOPÓ,8316,CORPORACIÓN MUNICIPAL,20,2,2,0,1,4,287,287,252,252,106,20,4,26,11,20,13,51,1
0,2,0,330,330,7,https://resultados2019.blob.core.windows.net/201901/083234.jpg,OK,122,12,SOLOLÁ,SAN ANTONIO PALOPÓ,8323,CORPORACIÓN MUNICIPAL,4,2,2,0,1,4,208,202,196,202,82,24,5,12,1,18,3,50,1
1,14,0,380,376,7,https://resultados2019.blob.core.windows.net/201901/083174.jpg,OK,0,12,SOLOLÁ,SAN ANTONIO PALOPÓ,8317,CORPORACIÓN MUNICIPAL,20,2,2,0,1,4,289,289,255,255,114,30,8,7,7,17,3,66,3
1,10,0,349,349,7,https://resultados2019.blob.core.windows.net/201901/083254.jpg,OK,0,12,SOLOLÁ,SAN ANTONIO PALOPÓ,8325,CORPORACIÓN MUNICIPAL,4,2,2,0,1,4,84,84,70,70,18,9,7,5,3,0,8,17,3
1,2,0,380,376,7,https://resultados2019.blob.core.windows.net/201901/083224.jpg,OK,0,12,SOLOLÁ,SAN ANTONIO PALOPÓ,8322,CORPORACIÓN MUNICIPAL,5,2,1,0,1,4,261,261,254,254,119,34,6,8,4,13,8,58,4
1,2,0,380,380,7,https://resultados2019.blob.core.windows.net/201901/083214.jpg,OK,0,12,SOLOLÁ,SAN ANTONIO PALOPÓ,8321,CORPORACIÓN MUNICIPAL,3,2,1,0,1,4,236,236,231,231,106,31,4,9,4,15,8,53,1
1,7,0,380,376,7,https://resultados2019.blob.core.windows.net/201901/083154.jpg,OK,0,12,SOLOLÁ,SAN ANTONIO PALOPÓ,8315,CORPORACIÓN MUNICIPAL,15,2,2,0,1,4,286,286,264,264,114,40,4,10,2,12,5,74,3
1,9,0,400,400,7,https://resultados2019.blob.core.windows.net/201901/083064.jpg,OK,0,12,SOLOLÁ,SAN ANTONIO PALOPÓ,8306,CORPORACIÓN MUNICIPAL,9,2,1,0,1,4,326,326,308,308,60,31,45,42,5,2,85,36,2
1,2,0,204,204,7,https://resultados2019.blob.core.windows.net/201901/083124.jpg,OK,0,12,SOLOLÁ,SAN ANTONIO PALOPÓ,8312,CORPORACIÓN MUNICIPAL,0,2,2,0,1,4,168,168,166,166,34,11,27,32,8,1,27,25,1
1,7,0,400,396,7,https://resultados2019.blob.core.windows.net/201901/083104.jpg,OK,0,12,SOLOLÁ,SAN ANTONIO PALOPÓ,8310,CORPORACIÓN MUNICIPAL,7,2,1,0,1,4,288,288,274,274,60,18,39,51,8,1,47,49,1
1,2,0,330,330,7,https://resultados2019.blob.core.windows.net/201901/083244.jpg,OK,0,12,SOLOLÁ,SAN ANTONIO PALOPÓ,8324,CORPORACIÓN MUNICIPAL,3,2,1,0,1,4,229,229,224,224,105,26,4,10,6,6,6,61,0
