ACTACUADRA,BLANCOS,CNTIMPUGNA,CNTINSCRITOS,CNTPAPELETAS,DEP,IMGSRC,IMGSTATUS,INVALIDOS,MUN,NDEP,NMUN,NROMESA,NTE,NULOS,STACTA,STESCAN,STFISIC,STTRANS,TIPOELECCION,TOTALACTA,TOTALVOTOS,VOTOSVALIDOS,VOTOSVALIDOSACTA,voto_CCEA,voto_CREO,voto_FCN-NACION,voto_FUERZA,voto_LOY,voto_PC,voto_PHG,voto_PODEMOS,voto_UNE,voto_VAMOS
1,4,0,444,445,7,https://resultados2019.blob.core.windows.net/201901/083704.jpg,OK,0,13,SOLOLÁ,SAN LUCAS TOLIMÁN,8370,CORPORACIÓN MUNICIPAL,7,2,2,0,1,4,206,206,195,195,68,6,25,1,10,17,17,1,16,34
1,1,0,367,367,7,https://resultados2019.blob.core.windows.net/201901/083564.jpg,OK,0,13,SOLOLÁ,SAN LUCAS TOLIMÁN,8356,CORPORACIÓN MUNICIPAL,2,2,2,0,1,4,319,319,316,316,14,1,54,17,15,29,2,0,82,102
1,3,0,400,400,7,https://resultados2019.blob.core.windows.net/201901/083474.jpg,OK,0,13,SOLOLÁ,SAN LUCAS TOLIMÁN,8347,CORPORACIÓN MUNICIPAL,4,2,2,0,1,4,310,310,303,303,93,14,43,8,17,32,31,5,17,43
1,3,0,400,400,7,https://resultados2019.blob.core.windows.net/201901/083384.jpg,OK,0,13,SOLOLÁ,SAN LUCAS TOLIMÁN,8338,CORPORACIÓN MUNICIPAL,7,2,2,0,1,4,344,344,334,334,113,14,50,13,27,27,29,4,18,39
1,2,0,400,400,7,https://resultados2019.blob.core.windows.net/201901/083444.jpg,OK,0,13,SOLOLÁ,SAN LUCAS TOLIMÁN,8344,CORPORACIÓN MUNICIPAL,7,2,2,0,1,4,323,323,314,314,97,10,60,10,18,29,18,8,22,42
1,2,0,400,400,7,https://resultados2019.blob.core.windows.net/201901/083424.jpg,OK,0,13,SOLOLÁ,SAN LUCAS TOLIMÁN,8342,CORPORACIÓN MUNICIPAL,3,2,2,0,1,4,323,323,318,318,89,12,59,10,22,46,23,2,13,42
1,2,0,400,400,7,https://resultados2019.blob.core.windows.net/201901/083434.jpg,OK,0,13,SOLOLÁ,SAN LUCAS TOLIMÁN,8343,CORPORACIÓN MUNICIPAL,5,2,2,0,1,4,317,317,310,310,79,9,60,9,21,39,26,9,17,41
1,5,0,400,396,7,https://resultados2019.blob.core.windows.net/201901/083264.jpg,OK,0,13,SOLOLÁ,SAN LUCAS TOLIMÁN,8326,CORPORACIÓN MUNICIPAL,7,2,2,0,1,4,316,316,304,304,103,10,52,9,16,40,13,5,16,40
1,4,0,400,400,7,https://resultados2019.blob.core.windows.net/201901/083304.jpg,OK,0,13,SOLOLÁ,SAN LUCAS TOLIMÁN,8330,CORPORACIÓN MUNICIPAL,13,2,2,0,1,4,339,339,322,322,102,11,58,8,23,31,22,4,21,42
1,0,0,400,396,7,https://resultados2019.blob.core.windows.net/201901/083494.jpg,OK,0,13,SOLOLÁ,SAN LUCAS TOLIMÁN,8349,CORPORACIÓN MUNICIPAL,0,2,2,0,1,4,337,337,337,337,113,17,61,19,15,25,17,6,20,44
1,1,0,400,400,7,https://resultados2019.blob.core.windows.net/201901/083404.jpg,OK,0,13,SOLOLÁ,SAN LUCAS TOLIMÁN,8340,CORPORACIÓN MUNICIPAL,3,2,2,0,1,4,332,332,328,328,106,6,68,13,18,21,18,3,18,57
1,5,0,239,239,7,https://resultados2019.blob.core.windows.net/201901/083614.jpg,OK,0,13,SOLOLÁ,SAN LUCAS TOLIMÁN,8361,CORPORACIÓN MUNICIPAL,0,2,2,0,1,4,205,205,200,200,18,1,44,2,1,10,4,0,59,61
1,5,0,400,400,7,https://resultados2019.blob.core.windows.net/201901/083314.jpg,OK,0,13,SOLOLÁ,SAN LUCAS TOLIMÁN,8331,CORPORACIÓN MUNICIPAL,14,2,2,0,1,4,344,344,325,325,122,2,87,12,9,30,8,2,8,45
1,2,0,370,369,7,https://resultados2019.blob.core.windows.net/201901/083504.jpg,OK,0,13,SOLOLÁ,SAN LUCAS TOLIMÁN,8350,CORPORACIÓN MUNICIPAL,4,2,2,0,1,4,326,326,320,320,92,10,67,8,13,29,23,5,17,56
1,4,0,400,400,7,https://resultados2019.blob.core.windows.net/201901/083334.jpg,OK,0,13,SOLOLÁ,SAN LUCAS TOLIMÁN,8333,CORPORACIÓN MUNICIPAL,10,2,2,0,1,4,340,340,326,326,111,10,46,19,18,29,21,2,14,56
1,1,0,400,400,7,https://resultados2019.blob.core.windows.net/201901/083394.jpg,OK,0,13,SOLOLÁ,SAN LUCAS TOLIMÁN,8339,CORPORACIÓN MUNICIPAL,16,2,2,0,1,4,339,339,322,322,112,5,52,10,22,33,16,4,13,55
1,2,0,222,222,7,https://resultados2019.blob.core.windows.net/201901/083674.jpg,OK,0,13,SOLOLÁ,SAN LUCAS TOLIMÁN,8367,CORPORACIÓN MUNICIPAL,2,2,2,0,1,4,183,183,179,179,19,2,37,4,5,27,1,4,51,29
1,5,0,380,380,7,https://resultados2019.blob.core.windows.net/201901/083584.jpg,OK,0,13,SOLOLÁ,SAN LUCAS TOLIMÁN,8358,CORPORACIÓN MUNICIPAL,15,2,2,0,1,4,345,345,325,325,16,2,71,8,3,23,2,0,92,108
1,4,0,380,380,7,https://resultados2019.blob.core.windows.net/201901/083654.jpg,OK,0,13,SOLOLÁ,SAN LUCAS TOLIMÁN,8365,CORPORACIÓN MUNICIPAL,20,2,2,0,1,4,321,321,297,297,18,1,64,4,7,29,3,2,105,64
1,10,0,380,380,7,https://resultados2019.blob.core.windows.net/201901/083524.jpg,OK,0,13,SOLOLÁ,SAN LUCAS TOLIMÁN,8352,CORPORACIÓN MUNICIPAL,5,2,2,0,1,4,335,335,320,320,15,2,53,10,14,28,0,0,104,94
1,3,0,400,400,7,https://resultados2019.blob.core.windows.net/201901/083274.jpg,OK,0,13,SOLOLÁ,SAN LUCAS TOLIMÁN,8327,CORPORACIÓN MUNICIPAL,9,2,2,0,1,4,341,341,329,329,101,2,70,19,7,29,26,6,15,54
1,2,0,400,400,7,https://resultados2019.blob.core.windows.net/201901/083294.jpg,OK,0,13,SOLOLÁ,SAN LUCAS TOLIMÁN,8329,CORPORACIÓN MUNICIPAL,16,2,2,0,1,4,330,330,312,312,87,10,60,12,17,25,35,9,16,41
1,1,0,380,380,7,https://resultados2019.blob.core.windows.net/201901/083604.jpg,OK,0,13,SOLOLÁ,SAN LUCAS TOLIMÁN,8360,CORPORACIÓN MUNICIPAL,6,2,2,0,1,4,326,326,319,319,13,1,56,6,2,28,4,3,82,124
1,1,0,400,400,7,https://resultados2019.blob.core.windows.net/201901/083374.jpg,OK,0,13,SOLOLÁ,SAN LUCAS TOLIMÁN,8337,CORPORACIÓN MUNICIPAL,7,2,2,0,1,4,345,345,337,337,110,9,84,13,9,37,14,3,11,47
1,5,0,380,380,7,https://resultados2019.blob.core.windows.net/201901/083574.jpg,OK,0,13,SOLOLÁ,SAN LUCAS TOLIMÁN,8357,CORPORACIÓN MUNICIPAL,9,2,2,0,1,4,345,345,331,331,18,1,54,12,5,29,1,2,92,117
1,2,0,444,444,7,https://resultados2019.blob.core.windows.net/201901/083694.jpg,OK,0,13,SOLOLÁ,SAN LUCAS TOLIMÁN,8369,CORPORACIÓN MUNICIPAL,8,2,2,0,1,4,201,201,191,191,85,8,23,2,8,11,17,1,12,24
1,1,0,400,396,7,https://resultados2019.blob.core.windows.net/201901/083464.jpg,OK,0,13,SOLOLÁ,SAN LUCAS TOLIMÁN,8346,CORPORACIÓN MUNICIPAL,9,2,2,0,1,4,315,315,305,305,98,7,53,17,16,26,25,5,17,41
1,2,0,368,368,7,https://resultados2019.blob.core.windows.net/201901/083554.jpg,OK,0,13,SOLOLÁ,SAN LUCAS TOLIMÁN,8355,CORPORACIÓN MUNICIPAL,2,2,2,0,1,4,320,320,316,316,24,4,58,9,12,31,1,1,76,100
1,2,0,400,396,7,https://resultados2019.blob.core.windows.net/201901/083414.jpg,OK,0,13,SOLOLÁ,SAN LUCAS TOLIMÁN,8341,CORPORACIÓN MUNICIPAL,6,2,2,0,1,4,318,318,310,310,97,8,69,9,17,26,16,6,6,56
1,7,0,380,380,7,https://resultados2019.blob.core.windows.net/201901/083634.jpg,OK,0,13,SOLOLÁ,SAN LUCAS TOLIMÁN,8363,CORPORACIÓN MUNICIPAL,10,2,2,0,1,4,323,323,306,306,21,3,96,3,10,24,3,3,86,57
1,4,0,400,411,7,https://resultados2019.blob.core.windows.net/201901/083354.jpg,OK,0,13,SOLOLÁ,SAN LUCAS TOLIMÁN,8335,CORPORACIÓN MUNICIPAL,9,2,2,0,1,4,338,338,325,325,102,10,73,9,9,26,23,4,22,47
1,5,0,400,396,7,https://resultados2019.blob.core.windows.net/201901/083344.jpg,OK,0,13,SOLOLÁ,SAN LUCAS TOLIMÁN,8334,CORPORACIÓN MUNICIPAL,15,2,2,0,1,4,332,332,312,312,89,15,65,15,9,33,19,6,16,45
1,1,0,400,400,7,https://resultados2019.blob.core.windows.net/201901/083484.jpg,OK,0,13,SOLOLÁ,SAN LUCAS TOLIMÁN,8348,CORPORACIÓN MUNICIPAL,3,2,2,0,1,4,355,355,351,351,86,12,68,12,22,36,49,5,14,47
1,2,0,380,380,7,https://resultados2019.blob.core.windows.net/201901/083664.jpg,OK,0,13,SOLOLÁ,SAN LUCAS TOLIMÁN,8366,CORPORACIÓN MUNICIPAL,7,2,2,0,1,4,303,303,294,294,30,0,77,8,7,32,0,1,81,58
1,1,0,238,239,7,https://resultados2019.blob.core.windows.net/201901/083624.jpg,OK,0,13,SOLOLÁ,SAN LUCAS TOLIMÁN,8362,CORPORACIÓN MUNICIPAL,1,2,2,0,1,4,220,220,218,218,8,2,55,6,8,16,3,2,59,59
1,3,0,400,400,7,https://resultados2019.blob.core.windows.net/201901/083364.jpg,OK,0,13,SOLOLÁ,SAN LUCAS TOLIMÁN,8336,CORPORACIÓN MUNICIPAL,19,2,2,0,1,4,348,348,326,326,118,3,71,15,15,24,17,3,12,48
1,8,0,380,380,7,https://resultados2019.blob.core.windows.net/201901/083594.jpg,OK,0,13,SOLOLÁ,SAN LUCAS TOLIMÁN,8359,CORPORACIÓN MUNICIPAL,12,2,2,0,1,4,349,349,329,329,11,1,80,6,1,30,2,2,105,91
1,3,0,369,370,7,https://resultados2019.blob.core.windows.net/201901/083514.jpg,OK,0,13,SOLOLÁ,SAN LUCAS TOLIMÁN,8351,CORPORACIÓN MUNICIPAL,1,2,2,0,1,4,291,291,287,287,94,11,46,14,8,30,17,2,19,46
1,5,0,400,396,7,https://resultados2019.blob.core.windows.net/201901/083284.jpg,OK,0,13,SOLOLÁ,SAN LUCAS TOLIMÁN,8328,CORPORACIÓN MUNICIPAL,8,2,2,0,1,4,334,334,321,321,119,7,46,10,15,29,28,4,9,54
1,1,0,400,396,7,https://resultados2019.blob.core.windows.net/201901/083454.jpg,OK,0,13,SOLOLÁ,SAN LUCAS TOLIMÁN,8345,CORPORACIÓN MUNICIPAL,3,2,2,0,1,4,324,324,320,320,87,9,76,14,23,34,24,3,11,39
1,4,0,400,400,7,https://resultados2019.blob.core.windows.net/201901/083324.jpg,OK,0,13,SOLOLÁ,SAN LUCAS TOLIMÁN,8332,CORPORACIÓN MUNICIPAL,4,2,2,0,1,4,347,347,339,339,113,8,72,8,15,36,17,1,20,49
1,4,0,380,380,7,https://resultados2019.blob.core.windows.net/201901/083644.jpg,OK,0,13,SOLOLÁ,SAN LUCAS TOLIMÁN,8364,CORPORACIÓN MUNICIPAL,11,2,2,0,1,4,337,337,322,322,11,3,87,5,14,24,5,2,108,63
1,2,0,380,380,7,https://resultados2019.blob.core.windows.net/201901/083544.jpg,OK,0,13,SOLOLÁ,SAN LUCAS TOLIMÁN,8354,CORPORACIÓN MUNICIPAL,15,2,2,0,1,4,352,352,335,335,13,1,69,8,16,26,1,1,72,128
1,4,0,380,380,7,https://resultados2019.blob.core.windows.net/201901/083534.jpg,OK,0,13,SOLOLÁ,SAN LUCAS TOLIMÁN,8353,CORPORACIÓN MUNICIPAL,13,2,2,0,1,4,358,358,341,341,17,1,78,4,10,33,0,1,133,64
1,0,0,222,222,7,https://resultados2019.blob.core.windows.net/201901/083684.jpg,OK,0,13,SOLOLÁ,SAN LUCAS TOLIMÁN,8368,CORPORACIÓN MUNICIPAL,3,2,2,0,1,4,188,188,185,185,15,2,50,4,5,24,1,0,51,33
