ACTACUADRA,BLANCOS,CNTIMPUGNA,CNTINSCRITOS,CNTPAPELETAS,DEP,IMGSRC,IMGSTATUS,INVALIDOS,MUN,NDEP,NMUN,NROMESA,NTE,NULOS,STACTA,STESCAN,STFISIC,STTRANS,TIPOELECCION,TOTALACTA,TOTALVOTOS,VOTOSVALIDOS,VOTOSVALIDOSACTA,voto_CREO,voto_FCN-NACION,voto_FUERZA,voto_PHG,voto_SEMILLA,voto_UNE,voto_VAMOS,voto_VIVA,voto_WINAQ
1,7,0,400,394,7,https://resultados2019.blob.core.windows.net/201901/083854.jpg,OK,0,15,SOLOLÁ,SAN PABLO LA LAGUNA,8385,CORPORACIÓN MUNICIPAL,4,2,2,0,1,4,372,372,361,361,14,3,4,1,40,143,140,16,0
1,4,0,400,394,7,https://resultados2019.blob.core.windows.net/201901/083814.jpg,OK,0,15,SOLOLÁ,SAN PABLO LA LAGUNA,8381,CORPORACIÓN MUNICIPAL,7,2,2,0,1,4,357,357,346,346,17,0,4,1,36,160,110,18,0
1,11,0,400,400,7,https://resultados2019.blob.core.windows.net/201901/083804.jpg,OK,0,15,SOLOLÁ,SAN PABLO LA LAGUNA,8380,CORPORACIÓN MUNICIPAL,3,2,2,0,1,4,353,353,339,339,10,1,5,0,28,145,123,25,2
1,2,0,400,394,7,https://resultados2019.blob.core.windows.net/201901/083874.jpg,OK,0,15,SOLOLÁ,SAN PABLO LA LAGUNA,8387,CORPORACIÓN MUNICIPAL,3,2,1,0,1,4,369,369,364,364,17,1,4,1,32,155,142,11,1
1,4,0,400,394,7,https://resultados2019.blob.core.windows.net/201901/083824.jpg,OK,0,15,SOLOLÁ,SAN PABLO LA LAGUNA,8382,CORPORACIÓN MUNICIPAL,6,2,2,0,1,4,356,356,346,346,6,3,7,0,21,137,156,15,1
1,1,0,400,400,7,https://resultados2019.blob.core.windows.net/201901/083884.jpg,OK,0,15,SOLOLÁ,SAN PABLO LA LAGUNA,8388,CORPORACIÓN MUNICIPAL,0,2,2,0,1,4,354,354,353,353,20,4,5,0,31,128,148,15,2
1,1,0,285,285,7,https://resultados2019.blob.core.windows.net/201901/083924.jpg,OK,0,15,SOLOLÁ,SAN PABLO LA LAGUNA,8392,CORPORACIÓN MUNICIPAL,1,2,2,0,1,4,264,264,262,262,5,0,8,0,24,109,108,7,1
0,4,1,400,394,7,https://resultados2019.blob.core.windows.net/201901/083864.jpg,OK,0,15,SOLOLÁ,SAN PABLO LA LAGUNA,8386,CORPORACIÓN MUNICIPAL,9,2,1,0,1,4,376,375,362,362,21,1,11,0,25,138,157,7,2
1,0,0,285,282,7,https://resultados2019.blob.core.windows.net/201901/083914.jpg,OK,0,15,SOLOLÁ,SAN PABLO LA LAGUNA,8391,CORPORACIÓN MUNICIPAL,0,2,2,0,1,4,277,277,277,277,7,2,9,0,23,123,101,10,2
1,6,0,400,394,7,https://resultados2019.blob.core.windows.net/201901/083844.jpg,OK,0,15,SOLOLÁ,SAN PABLO LA LAGUNA,8384,CORPORACIÓN MUNICIPAL,4,2,2,0,1,4,356,356,346,346,24,1,7,0,26,138,144,5,1
1,9,0,400,394,7,https://resultados2019.blob.core.windows.net/201901/083834.jpg,OK,0,15,SOLOLÁ,SAN PABLO LA LAGUNA,8383,CORPORACIÓN MUNICIPAL,7,2,2,0,1,4,376,376,360,360,22,3,5,0,32,138,140,19,1
1,7,0,400,394,7,https://resultados2019.blob.core.windows.net/201901/083894.jpg,OK,0,15,SOLOLÁ,SAN PABLO LA LAGUNA,8389,CORPORACIÓN MUNICIPAL,0,2,1,0,1,4,353,353,346,346,11,1,5,2,32,146,133,15,1
1,5,0,400,400,7,https://resultados2019.blob.core.windows.net/201901/083904.jpg,OK,0,15,SOLOLÁ,SAN PABLO LA LAGUNA,8390,CORPORACIÓN MUNICIPAL,2,2,2,0,1,4,367,367,360,360,14,1,6,2,38,152,131,11,5
