ACTACUADRA,BLANCOS,CNTIMPUGNA,CNTINSCRITOS,CNTPAPELETAS,DEP,IMGSRC,IMGSTATUS,INVALIDOS,MUN,NDEP,NMUN,NROMESA,NTE,NULOS,STACTA,STESCAN,STFISIC,STTRANS,TIPOELECCION,TOTALACTA,TOTALVOTOS,VOTOSVALIDOS,VOTOSVALIDOSACTA,voto_FUERZA,voto_PHG,voto_TODOS,voto_UCN,voto_VAMOS
1,2,0,270,270,7,https://resultados2019.blob.core.windows.net/201901/083964.jpg,OK,0,16,SOLOLÁ,SAN MARCOS LA LAGUNA,8396,CORPORACIÓN MUNICIPAL,1,2,2,0,1,4,244,244,241,241,9,95,73,10,54
1,1,0,400,400,7,https://resultados2019.blob.core.windows.net/201901/083944.jpg,OK,0,16,SOLOLÁ,SAN MARCOS LA LAGUNA,8394,CORPORACIÓN MUNICIPAL,7,2,2,0,1,4,374,374,366,366,21,120,121,18,86
0,8,1,400,401,7,https://resultados2019.blob.core.windows.net/201901/083934.jpg,OK,0,16,SOLOLÁ,SAN MARCOS LA LAGUNA,8393,CORPORACIÓN MUNICIPAL,5,2,2,0,1,4,370,369,356,356,21,112,120,14,89
1,4,0,400,400,7,https://resultados2019.blob.core.windows.net/201901/083954.jpg,OK,0,16,SOLOLÁ,SAN MARCOS LA LAGUNA,8395,CORPORACIÓN MUNICIPAL,1,2,2,0,1,4,382,382,377,377,23,161,97,17,79
1,4,0,269,269,7,https://resultados2019.blob.core.windows.net/201901/083974.jpg,OK,0,16,SOLOLÁ,SAN MARCOS LA LAGUNA,8397,CORPORACIÓN MUNICIPAL,0,2,2,0,1,4,254,254,250,250,16,94,69,9,62
