ACTACUADRA,BLANCOS,CNTIMPUGNA,CNTINSCRITOS,CNTPAPELETAS,DEP,IMGSRC,IMGSTATUS,INVALIDOS,MUN,NDEP,NMUN,NROMESA,NTE,NULOS,STACTA,STESCAN,STFISIC,STTRANS,TIPOELECCION,TOTALACTA,TOTALVOTOS,VOTOSVALIDOS,VOTOSVALIDOSACTA,voto_FCN-NACION,voto_FUERZA,voto_PHG,voto_PODEMOS,voto_SEMILLA,voto_UCN,voto_VAMOS
1,2,0,400,400,7,https://resultados2019.blob.core.windows.net/201901/084014.jpg,OK,0,17,SOLOLÁ,SAN JUAN LA LAGUNA,8401,CORPORACIÓN MUNICIPAL,5,2,2,0,1,4,380,380,373,373,108,4,31,0,1,63,166
0,0,0,400,400,7,https://resultados2019.blob.core.windows.net/201901/084024.jpg,OK,0,17,SOLOLÁ,SAN JUAN LA LAGUNA,8402,CORPORACIÓN MUNICIPAL,2,2,2,0,1,4,170,370,368,368,125,9,26,0,0,94,114
1,1,0,400,400,7,https://resultados2019.blob.core.windows.net/201901/084054.jpg,OK,0,17,SOLOLÁ,SAN JUAN LA LAGUNA,8405,CORPORACIÓN MUNICIPAL,1,1,2,0,1,4,336,336,334,334,122,7,22,2,4,76,101
1,0,0,211,211,7,https://resultados2019.blob.core.windows.net/201901/084164.jpg,OK,0,17,SOLOLÁ,SAN JUAN LA LAGUNA,8416,CORPORACIÓN MUNICIPAL,3,2,2,0,1,4,192,192,189,189,47,49,10,0,0,23,60
1,4,0,400,400,7,https://resultados2019.blob.core.windows.net/201901/084004.jpg,OK,0,17,SOLOLÁ,SAN JUAN LA LAGUNA,8400,CORPORACIÓN MUNICIPAL,5,2,2,0,1,4,379,379,370,370,106,5,29,0,2,65,163
1,7,0,400,400,7,https://resultados2019.blob.core.windows.net/201901/083994.jpg,OK,0,17,SOLOLÁ,SAN JUAN LA LAGUNA,8399,CORPORACIÓN MUNICIPAL,5,2,2,0,1,4,377,377,365,365,113,4,38,0,4,61,145
1,0,0,352,355,7,https://resultados2019.blob.core.windows.net/201901/084064.jpg,OK,0,17,SOLOLÁ,SAN JUAN LA LAGUNA,8406,CORPORACIÓN MUNICIPAL,1,1,2,0,1,4,321,321,320,320,111,3,23,1,1,72,109
1,1,0,380,388,7,https://resultados2019.blob.core.windows.net/201901/084124.jpg,OK,0,17,SOLOLÁ,SAN JUAN LA LAGUNA,8412,CORPORACIÓN MUNICIPAL,6,2,2,0,1,4,322,322,315,315,60,188,8,0,4,23,32
1,0,0,294,298,7,https://resultados2019.blob.core.windows.net/201901/084144.jpg,OK,0,17,SOLOLÁ,SAN JUAN LA LAGUNA,8414,CORPORACIÓN MUNICIPAL,2,2,2,0,1,4,263,263,261,261,40,157,11,0,2,24,27
1,5,0,380,380,7,https://resultados2019.blob.core.windows.net/201901/084094.jpg,OK,0,17,SOLOLÁ,SAN JUAN LA LAGUNA,8409,CORPORACIÓN MUNICIPAL,4,2,2,0,1,4,355,355,346,346,71,185,11,1,3,37,38
1,6,0,400,397,7,https://resultados2019.blob.core.windows.net/201901/084034.jpg,OK,0,17,SOLOLÁ,SAN JUAN LA LAGUNA,8403,CORPORACIÓN MUNICIPAL,2,2,2,0,1,4,372,372,364,364,111,11,17,1,0,86,138
1,2,0,400,402,7,https://resultados2019.blob.core.windows.net/201901/083984.jpg,OK,0,17,SOLOLÁ,SAN JUAN LA LAGUNA,8398,CORPORACIÓN MUNICIPAL,4,2,2,0,1,4,367,367,361,361,140,7,33,4,3,55,119
1,7,0,380,377,7,https://resultados2019.blob.core.windows.net/201901/084114.jpg,OK,0,17,SOLOLÁ,SAN JUAN LA LAGUNA,8411,CORPORACIÓN MUNICIPAL,8,2,2,0,1,4,344,344,329,329,53,192,11,0,1,34,38
1,8,0,295,295,7,https://resultados2019.blob.core.windows.net/201901/084134.jpg,OK,0,17,SOLOLÁ,SAN JUAN LA LAGUNA,8413,CORPORACIÓN MUNICIPAL,4,2,2,0,1,4,258,258,246,246,35,144,8,0,5,29,25
1,0,0,400,400,7,https://resultados2019.blob.core.windows.net/201901/084044.jpg,OK,0,17,SOLOLÁ,SAN JUAN LA LAGUNA,8404,CORPORACIÓN MUNICIPAL,1,2,2,0,1,4,348,348,347,347,121,6,33,0,5,79,103
1,5,0,380,397,7,https://resultados2019.blob.core.windows.net/201901/084104.jpg,OK,0,17,SOLOLÁ,SAN JUAN LA LAGUNA,8410,CORPORACIÓN MUNICIPAL,3,2,2,0,1,4,358,358,350,350,65,173,18,2,2,46,44
1,6,0,380,376,7,https://resultados2019.blob.core.windows.net/201901/084154.jpg,OK,0,17,SOLOLÁ,SAN JUAN LA LAGUNA,8415,CORPORACIÓN MUNICIPAL,8,2,2,0,1,4,344,344,330,330,82,88,14,0,3,31,112
1,6,0,380,380,7,https://resultados2019.blob.core.windows.net/201901/084084.jpg,OK,0,17,SOLOLÁ,SAN JUAN LA LAGUNA,8408,CORPORACIÓN MUNICIPAL,4,2,2,0,1,4,352,352,342,342,55,187,16,0,2,37,45
1,2,0,210,208,7,https://resultados2019.blob.core.windows.net/201901/084174.jpg,OK,0,17,SOLOLÁ,SAN JUAN LA LAGUNA,8417,CORPORACIÓN MUNICIPAL,0,2,2,0,1,4,190,190,188,188,39,42,13,0,1,29,64
1,1,0,351,354,7,https://resultados2019.blob.core.windows.net/201901/084074.jpg,OK,0,17,SOLOLÁ,SAN JUAN LA LAGUNA,8407,CORPORACIÓN MUNICIPAL,1,1,2,0,1,4,317,317,315,315,103,7,33,2,4,45,121
