ACTACUADRA,BLANCOS,CNTIMPUGNA,CNTINSCRITOS,CNTPAPELETAS,DEP,IMGSRC,IMGSTATUS,INVALIDOS,MUN,NDEP,NMUN,NROMESA,NTE,NULOS,STACTA,STESCAN,STFISIC,STTRANS,TIPOELECCION,TOTALACTA,TOTALVOTOS,VOTOSVALIDOS,VOTOSVALIDOSACTA,voto_SEMILLA,voto_UCN,voto_URNG_MAIZ,voto_VAMOS,voto_VIVA,voto_WINAQ
1,4,0,400,396,7,https://resultados2019.blob.core.windows.net/201901/084194.jpg,OK,0,18,SOLOLÁ,SAN PEDRO LA LAGUNA,8419,CORPORACIÓN MUNICIPAL,5,2,2,0,1,4,348,348,339,339,50,66,75,69,55,24
1,0,0,400,396,7,https://resultados2019.blob.core.windows.net/201901/084304.jpg,OK,0,18,SOLOLÁ,SAN PEDRO LA LAGUNA,8430,CORPORACIÓN MUNICIPAL,3,2,2,0,1,4,349,349,346,346,60,53,70,62,82,19
1,3,0,400,399,7,https://resultados2019.blob.core.windows.net/201901/084294.jpg,OK,0,18,SOLOLÁ,SAN PEDRO LA LAGUNA,8429,CORPORACIÓN MUNICIPAL,3,2,2,0,1,4,366,366,360,360,50,55,92,76,68,19
1,9,0,400,400,7,https://resultados2019.blob.core.windows.net/201901/084254.jpg,OK,0,18,SOLOLÁ,SAN PEDRO LA LAGUNA,8425,CORPORACIÓN MUNICIPAL,7,2,2,0,1,4,384,384,368,368,42,59,87,72,94,14
1,1,0,400,400,7,https://resultados2019.blob.core.windows.net/201901/084234.jpg,OK,0,18,SOLOLÁ,SAN PEDRO LA LAGUNA,8423,CORPORACIÓN MUNICIPAL,3,2,2,0,1,4,363,363,359,359,61,62,93,55,68,20
1,4,0,400,396,7,https://resultados2019.blob.core.windows.net/201901/084334.jpg,OK,0,18,SOLOLÁ,SAN PEDRO LA LAGUNA,8433,CORPORACIÓN MUNICIPAL,1,2,2,0,1,4,339,339,334,334,45,60,81,60,54,34
1,4,0,400,395,7,https://resultados2019.blob.core.windows.net/201901/084204.jpg,OK,0,18,SOLOLÁ,SAN PEDRO LA LAGUNA,8420,CORPORACIÓN MUNICIPAL,2,2,2,0,1,4,351,351,345,345,64,61,69,70,61,20
1,1,0,399,399,7,https://resultados2019.blob.core.windows.net/201901/084374.jpg,OK,0,18,SOLOLÁ,SAN PEDRO LA LAGUNA,8437,CORPORACIÓN MUNICIPAL,2,2,2,0,1,4,354,354,351,351,60,64,53,59,88,27
1,1,0,400,396,7,https://resultados2019.blob.core.windows.net/201901/084184.jpg,OK,0,18,SOLOLÁ,SAN PEDRO LA LAGUNA,8418,CORPORACIÓN MUNICIPAL,3,2,2,0,1,4,342,342,338,338,45,55,72,75,60,31
1,2,0,400,396,7,https://resultados2019.blob.core.windows.net/201901/084324.jpg,OK,0,18,SOLOLÁ,SAN PEDRO LA LAGUNA,8432,CORPORACIÓN MUNICIPAL,5,2,2,0,1,4,345,345,338,338,54,64,75,52,73,20
1,3,0,400,396,7,https://resultados2019.blob.core.windows.net/201901/084344.jpg,OK,0,18,SOLOLÁ,SAN PEDRO LA LAGUNA,8434,CORPORACIÓN MUNICIPAL,1,2,2,0,1,4,339,339,335,335,54,62,73,60,65,21
1,6,0,400,396,7,https://resultados2019.blob.core.windows.net/201901/084314.jpg,OK,0,18,SOLOLÁ,SAN PEDRO LA LAGUNA,8431,CORPORACIÓN MUNICIPAL,3,2,2,0,1,4,346,346,337,337,63,57,76,64,51,26
1,1,0,400,400,7,https://resultados2019.blob.core.windows.net/201901/084364.jpg,OK,0,18,SOLOLÁ,SAN PEDRO LA LAGUNA,8436,CORPORACIÓN MUNICIPAL,2,2,2,0,1,4,377,377,374,374,59,62,67,56,96,34
1,3,0,400,400,7,https://resultados2019.blob.core.windows.net/201901/084244.jpg,OK,0,18,SOLOLÁ,SAN PEDRO LA LAGUNA,8424,CORPORACIÓN MUNICIPAL,2,2,2,0,1,4,368,368,363,363,51,55,90,64,81,22
1,7,0,400,400,7,https://resultados2019.blob.core.windows.net/201901/084284.jpg,OK,0,18,SOLOLÁ,SAN PEDRO LA LAGUNA,8428,CORPORACIÓN MUNICIPAL,2,2,2,0,1,4,369,369,360,360,48,61,83,72,72,24
1,2,0,400,400,7,https://resultados2019.blob.core.windows.net/201901/084264.jpg,OK,0,18,SOLOLÁ,SAN PEDRO LA LAGUNA,8426,CORPORACIÓN MUNICIPAL,0,2,2,0,1,4,375,375,373,373,46,57,78,91,92,9
1,5,0,400,396,7,https://resultados2019.blob.core.windows.net/201901/084274.jpg,OK,0,18,SOLOLÁ,SAN PEDRO LA LAGUNA,8427,CORPORACIÓN MUNICIPAL,2,2,2,0,1,4,370,370,363,363,46,65,79,66,80,27
1,1,0,400,400,7,https://resultados2019.blob.core.windows.net/201901/084354.jpg,OK,0,18,SOLOLÁ,SAN PEDRO LA LAGUNA,8435,CORPORACIÓN MUNICIPAL,5,2,2,0,1,4,347,347,341,341,56,54,75,65,62,29
1,6,0,400,400,7,https://resultados2019.blob.core.windows.net/201901/084224.jpg,OK,0,18,SOLOLÁ,SAN PEDRO LA LAGUNA,8422,CORPORACIÓN MUNICIPAL,1,2,2,0,1,4,372,372,365,365,54,59,94,76,65,17
1,4,0,400,401,7,https://resultados2019.blob.core.windows.net/201901/084214.jpg,OK,0,18,SOLOLÁ,SAN PEDRO LA LAGUNA,8421,CORPORACIÓN MUNICIPAL,4,2,2,0,1,4,361,361,353,353,56,59,79,65,77,17
