ACTACUADRA,BLANCOS,CNTIMPUGNA,CNTINSCRITOS,CNTPAPELETAS,DEP,IMGSRC,IMGSTATUS,INVALIDOS,MUN,NDEP,NMUN,NROMESA,NTE,NULOS,STACTA,STESCAN,STFISIC,STTRANS,TIPOELECCION,TOTALACTA,TOTALVOTOS,VOTOSVALIDOS,VOTOSVALIDOSACTA,voto_FCN-NACION,voto_FUERZA,voto_PHG,voto_PODEMOS,voto_TODOS,voto_UNE,voto_URNG_MAIZ,voto_VAMOS
1,6,0,600,600,7,https://resultados2019.blob.core.windows.net/201901/084974.jpg,OK,0,19,SOLOLÁ,SANTIAGO ATITLÁN,8497,CORPORACIÓN MUNICIPAL,4,2,2,0,1,4,378,378,368,368,8,23,23,59,73,2,2,178
1,6,0,400,401,7,https://resultados2019.blob.core.windows.net/201901/084744.jpg,OK,0,19,SOLOLÁ,SANTIAGO ATITLÁN,8474,CORPORACIÓN MUNICIPAL,8,2,2,0,1,4,335,335,321,321,3,3,21,85,55,0,5,149
1,6,0,400,400,7,https://resultados2019.blob.core.windows.net/201901/084524.jpg,OK,0,19,SOLOLÁ,SANTIAGO ATITLÁN,8452,CORPORACIÓN MUNICIPAL,16,2,2,0,1,4,345,345,323,323,3,5,23,98,73,2,1,118
1,7,0,400,400,7,https://resultados2019.blob.core.windows.net/201901/084764.jpg,OK,0,19,SOLOLÁ,SANTIAGO ATITLÁN,8476,CORPORACIÓN MUNICIPAL,11,2,2,0,1,4,336,336,318,318,1,5,11,94,66,2,5,134
1,2,0,400,400,7,https://resultados2019.blob.core.windows.net/201901/084554.jpg,OK,0,19,SOLOLÁ,SANTIAGO ATITLÁN,8455,CORPORACIÓN MUNICIPAL,10,2,2,0,1,4,358,358,346,346,3,2,26,122,53,3,1,136
0,9,0,400,400,7,https://resultados2019.blob.core.windows.net/201901/084444.jpg,OK,0,19,SOLOLÁ,SANTIAGO ATITLÁN,8444,CORPORACIÓN MUNICIPAL,12,2,2,0,1,4,355,355,334,331,5,6,14,83,69,1,2,154
1,3,0,400,400,7,https://resultados2019.blob.core.windows.net/201901/084464.jpg,OK,0,19,SOLOLÁ,SANTIAGO ATITLÁN,8446,CORPORACIÓN MUNICIPAL,4,2,2,0,1,4,338,338,331,331,3,3,20,84,72,4,1,144
1,8,1,595,595,7,https://resultados2019.blob.core.windows.net/201901/084984.jpg,OK,0,19,SOLOLÁ,SANTIAGO ATITLÁN,8498,CORPORACIÓN MUNICIPAL,7,2,2,0,1,4,371,371,356,356,4,11,23,56,67,2,4,189
1,6,0,400,400,7,https://resultados2019.blob.core.windows.net/201901/084724.jpg,OK,0,19,SOLOLÁ,SANTIAGO ATITLÁN,8472,CORPORACIÓN MUNICIPAL,10,2,2,0,1,4,334,334,318,318,0,8,12,86,57,3,2,150
1,7,0,400,400,7,https://resultados2019.blob.core.windows.net/201901/084684.jpg,OK,0,19,SOLOLÁ,SANTIAGO ATITLÁN,8468,CORPORACIÓN MUNICIPAL,10,2,2,0,1,4,340,340,323,323,1,5,17,91,66,0,3,140
1,5,0,400,400,7,https://resultados2019.blob.core.windows.net/201901/084514.jpg,OK,0,19,SOLOLÁ,SANTIAGO ATITLÁN,8451,CORPORACIÓN MUNICIPAL,13,2,2,0,1,4,351,351,333,333,2,5,17,92,86,3,6,122
1,5,0,380,380,7,https://resultados2019.blob.core.windows.net/201901/084914.jpg,OK,0,19,SOLOLÁ,SANTIAGO ATITLÁN,8491,CORPORACIÓN MUNICIPAL,10,2,2,0,1,4,315,315,300,300,2,164,45,26,23,2,2,36
1,3,0,400,400,7,https://resultados2019.blob.core.windows.net/201901/084394.jpg,OK,0,19,SOLOLÁ,SANTIAGO ATITLÁN,8439,CORPORACIÓN MUNICIPAL,5,2,2,0,1,4,342,342,334,334,3,3,17,81,85,5,2,138
1,8,0,380,380,7,https://resultados2019.blob.core.windows.net/201901/084874.jpg,OK,0,19,SOLOLÁ,SANTIAGO ATITLÁN,8487,CORPORACIÓN MUNICIPAL,14,2,2,0,1,4,298,298,276,276,1,159,43,14,30,0,1,28
1,5,0,400,400,7,https://resultados2019.blob.core.windows.net/201901/084424.jpg,OK,0,19,SOLOLÁ,SANTIAGO ATITLÁN,8442,CORPORACIÓN MUNICIPAL,7,2,2,0,1,4,346,346,334,334,2,2,16,68,84,4,1,157
1,2,0,253,253,7,https://resultados2019.blob.core.windows.net/201901/084854.jpg,OK,0,19,SOLOLÁ,SANTIAGO ATITLÁN,8485,CORPORACIÓN MUNICIPAL,3,2,2,0,1,4,213,213,208,208,0,5,21,59,38,0,2,83
1,5,0,400,399,7,https://resultados2019.blob.core.windows.net/201901/084484.jpg,OK,0,19,SOLOLÁ,SANTIAGO ATITLÁN,8448,CORPORACIÓN MUNICIPAL,8,2,2,0,1,4,349,349,336,336,1,4,25,89,78,1,3,135
1,5,0,380,376,7,https://resultados2019.blob.core.windows.net/201901/084884.jpg,OK,0,19,SOLOLÁ,SANTIAGO ATITLÁN,8488,CORPORACIÓN MUNICIPAL,20,2,2,0,1,4,321,321,296,296,5,163,40,28,35,1,1,23
1,0,0,203,200,7,https://resultados2019.blob.core.windows.net/201901/084954.jpg,OK,0,19,SOLOLÁ,SANTIAGO ATITLÁN,8495,CORPORACIÓN MUNICIPAL,1,2,2,0,1,4,173,173,172,172,1,96,33,13,9,0,1,19
1,1,0,400,400,7,https://resultados2019.blob.core.windows.net/201901/084604.jpg,OK,0,19,SOLOLÁ,SANTIAGO ATITLÁN,8460,CORPORACIÓN MUNICIPAL,8,2,2,0,1,4,355,355,346,346,4,6,17,80,74,1,8,156
1,4,0,380,381,7,https://resultados2019.blob.core.windows.net/201901/084934.jpg,OK,0,19,SOLOLÁ,SANTIAGO ATITLÁN,8493,CORPORACIÓN MUNICIPAL,11,2,2,0,1,4,302,302,287,287,3,158,38,31,24,1,2,30
1,4,0,400,400,7,https://resultados2019.blob.core.windows.net/201901/084454.jpg,OK,0,19,SOLOLÁ,SANTIAGO ATITLÁN,8445,CORPORACIÓN MUNICIPAL,4,2,2,0,1,4,345,345,337,337,4,7,18,89,77,3,2,137
1,3,0,400,400,7,https://resultados2019.blob.core.windows.net/201901/084474.jpg,OK,0,19,SOLOLÁ,SANTIAGO ATITLÁN,8447,CORPORACIÓN MUNICIPAL,8,2,2,0,1,4,358,358,347,347,2,4,19,111,65,5,3,138
1,7,1,380,380,7,https://resultados2019.blob.core.windows.net/201901/084894.jpg,OK,0,19,SOLOLÁ,SANTIAGO ATITLÁN,8489,CORPORACIÓN MUNICIPAL,23,2,2,0,1,4,332,332,302,302,2,166,39,25,25,3,2,40
1,5,0,400,400,7,https://resultados2019.blob.core.windows.net/201901/084614.jpg,OK,0,19,SOLOLÁ,SANTIAGO ATITLÁN,8461,CORPORACIÓN MUNICIPAL,5,2,2,0,1,4,343,343,333,333,3,4,25,71,78,5,3,144
1,1,0,400,400,7,https://resultados2019.blob.core.windows.net/201901/084564.jpg,OK,0,19,SOLOLÁ,SANTIAGO ATITLÁN,8456,CORPORACIÓN MUNICIPAL,4,2,2,0,1,4,334,334,329,329,5,4,25,92,80,1,3,119
1,3,0,380,380,7,https://resultados2019.blob.core.windows.net/201901/084924.jpg,OK,0,19,SOLOLÁ,SANTIAGO ATITLÁN,8492,CORPORACIÓN MUNICIPAL,4,2,2,0,1,4,328,328,321,321,3,163,36,34,44,0,1,40
1,2,0,203,203,7,https://resultados2019.blob.core.windows.net/201901/084964.jpg,OK,0,19,SOLOLÁ,SANTIAGO ATITLÁN,8496,CORPORACIÓN MUNICIPAL,2,2,2,0,1,4,177,177,173,173,1,91,25,15,22,1,0,18
1,2,0,400,400,7,https://resultados2019.blob.core.windows.net/201901/084644.jpg,OK,0,19,SOLOLÁ,SANTIAGO ATITLÁN,8464,CORPORACIÓN MUNICIPAL,3,2,2,0,1,4,330,330,325,325,1,1,25,71,84,0,5,138
1,5,0,400,400,7,https://resultados2019.blob.core.windows.net/201901/084494.jpg,OK,0,19,SOLOLÁ,SANTIAGO ATITLÁN,8449,CORPORACIÓN MUNICIPAL,8,2,2,0,1,4,360,360,347,347,1,4,20,95,90,1,0,136
1,2,0,400,400,7,https://resultados2019.blob.core.windows.net/201901/084434.jpg,OK,0,19,SOLOLÁ,SANTIAGO ATITLÁN,8443,CORPORACIÓN MUNICIPAL,6,2,2,0,1,4,350,350,342,342,4,3,27,82,78,1,2,145
1,2,0,400,400,7,https://resultados2019.blob.core.windows.net/201901/084694.jpg,OK,0,19,SOLOLÁ,SANTIAGO ATITLÁN,8469,CORPORACIÓN MUNICIPAL,3,2,2,0,1,4,339,339,334,334,1,5,20,84,90,3,2,129
1,0,0,400,400,7,https://resultados2019.blob.core.windows.net/201901/084634.jpg,OK,0,19,SOLOLÁ,SANTIAGO ATITLÁN,8463,CORPORACIÓN MUNICIPAL,3,2,2,0,1,4,328,328,325,325,0,4,20,70,85,0,0,146
1,4,0,400,400,7,https://resultados2019.blob.core.windows.net/201901/084674.jpg,OK,0,19,SOLOLÁ,SANTIAGO ATITLÁN,8467,CORPORACIÓN MUNICIPAL,9,2,2,0,1,4,331,331,318,318,5,5,23,70,86,0,3,126
1,2,0,400,400,7,https://resultados2019.blob.core.windows.net/201901/084804.jpg,OK,0,19,SOLOLÁ,SANTIAGO ATITLÁN,8480,CORPORACIÓN MUNICIPAL,11,2,2,0,1,4,320,320,307,307,2,5,20,88,72,3,0,117
1,5,0,400,400,7,https://resultados2019.blob.core.windows.net/201901/084594.jpg,OK,0,19,SOLOLÁ,SANTIAGO ATITLÁN,8459,CORPORACIÓN MUNICIPAL,10,2,2,0,1,4,341,341,326,326,1,9,25,70,90,0,2,129
1,7,0,380,380,7,https://resultados2019.blob.core.windows.net/201901/084944.jpg,OK,0,19,SOLOLÁ,SANTIAGO ATITLÁN,8494,CORPORACIÓN MUNICIPAL,19,2,2,0,1,4,296,296,270,270,4,137,40,39,26,0,0,24
1,5,1,400,400,7,https://resultados2019.blob.core.windows.net/201901/084734.jpg,OK,0,19,SOLOLÁ,SANTIAGO ATITLÁN,8473,CORPORACIÓN MUNICIPAL,8,2,2,0,1,4,333,333,320,320,1,3,18,86,65,3,2,142
1,5,1,400,400,7,https://resultados2019.blob.core.windows.net/201901/084774.jpg,OK,0,19,SOLOLÁ,SANTIAGO ATITLÁN,8477,CORPORACIÓN MUNICIPAL,8,2,2,0,1,4,330,330,317,317,5,2,17,78,66,1,3,145
1,1,0,400,400,7,https://resultados2019.blob.core.windows.net/201901/084844.jpg,OK,0,19,SOLOLÁ,SANTIAGO ATITLÁN,8484,CORPORACIÓN MUNICIPAL,2,2,2,0,1,4,363,363,360,360,1,3,23,104,74,3,1,151
1,0,0,400,400,7,https://resultados2019.blob.core.windows.net/201901/084794.jpg,OK,0,19,SOLOLÁ,SANTIAGO ATITLÁN,8479,CORPORACIÓN MUNICIPAL,8,2,2,0,1,4,311,311,303,303,3,3,12,72,59,3,0,151
1,7,0,400,400,7,https://resultados2019.blob.core.windows.net/201901/084574.jpg,OK,0,19,SOLOLÁ,SANTIAGO ATITLÁN,8457,CORPORACIÓN MUNICIPAL,10,2,2,0,1,4,346,346,329,329,5,4,19,94,79,3,4,121
1,5,0,400,400,7,https://resultados2019.blob.core.windows.net/201901/084544.jpg,OK,0,19,SOLOLÁ,SANTIAGO ATITLÁN,8454,CORPORACIÓN MUNICIPAL,7,2,2,0,1,4,352,352,340,340,1,4,21,82,75,2,2,153
1,2,0,400,400,7,https://resultados2019.blob.core.windows.net/201901/084584.jpg,OK,0,19,SOLOLÁ,SANTIAGO ATITLÁN,8458,CORPORACIÓN MUNICIPAL,1,2,2,0,1,4,318,318,315,315,2,6,18,85,78,1,3,122
1,6,0,400,400,7,https://resultados2019.blob.core.windows.net/201901/084414.jpg,OK,0,19,SOLOLÁ,SANTIAGO ATITLÁN,8441,CORPORACIÓN MUNICIPAL,6,2,2,0,1,4,341,341,329,329,2,9,23,74,74,4,2,141
1,1,0,253,253,7,https://resultados2019.blob.core.windows.net/201901/084864.jpg,OK,0,19,SOLOLÁ,SANTIAGO ATITLÁN,8486,CORPORACIÓN MUNICIPAL,6,2,2,0,1,4,207,207,200,200,0,5,6,74,36,0,2,77
1,3,0,400,400,7,https://resultados2019.blob.core.windows.net/201901/084404.jpg,OK,0,19,SOLOLÁ,SANTIAGO ATITLÁN,8440,CORPORACIÓN MUNICIPAL,8,2,2,0,1,4,343,343,332,332,6,9,17,67,78,1,2,152
1,1,0,400,400,7,https://resultados2019.blob.core.windows.net/201901/084714.jpg,OK,0,19,SOLOLÁ,SANTIAGO ATITLÁN,8471,CORPORACIÓN MUNICIPAL,3,2,2,0,1,4,323,323,319,319,0,4,13,88,80,2,2,130
1,10,0,400,400,7,https://resultados2019.blob.core.windows.net/201901/084504.jpg,OK,0,19,SOLOLÁ,SANTIAGO ATITLÁN,8450,CORPORACIÓN MUNICIPAL,21,2,2,0,1,4,350,350,319,319,3,2,17,114,57,2,2,122
1,3,0,400,400,7,https://resultados2019.blob.core.windows.net/201901/084704.jpg,OK,0,19,SOLOLÁ,SANTIAGO ATITLÁN,8470,CORPORACIÓN MUNICIPAL,5,2,2,0,1,4,344,344,336,336,2,6,21,70,73,4,0,160
1,0,0,400,400,7,https://resultados2019.blob.core.windows.net/201901/084624.jpg,OK,0,19,SOLOLÁ,SANTIAGO ATITLÁN,8462,CORPORACIÓN MUNICIPAL,2,2,2,0,1,4,336,336,334,334,0,4,16,72,102,1,1,138
1,3,0,400,400,7,https://resultados2019.blob.core.windows.net/201901/084784.jpg,OK,86,19,SOLOLÁ,SANTIAGO ATITLÁN,8478,CORPORACIÓN MUNICIPAL,4,2,2,0,1,4,315,315,308,308,0,5,14,98,64,2,2,123
1,1,0,400,401,7,https://resultados2019.blob.core.windows.net/201901/084824.jpg,OK,0,19,SOLOLÁ,SANTIAGO ATITLÁN,8482,CORPORACIÓN MUNICIPAL,0,2,2,0,1,4,334,334,333,333,0,3,30,100,52,2,4,142
1,3,0,400,400,7,https://resultados2019.blob.core.windows.net/201901/084384.jpg,OK,0,19,SOLOLÁ,SANTIAGO ATITLÁN,8438,CORPORACIÓN MUNICIPAL,6,2,2,0,1,4,348,348,339,339,5,8,19,87,92,2,2,124
1,7,0,400,400,7,https://resultados2019.blob.core.windows.net/201901/084534.jpg,OK,0,19,SOLOLÁ,SANTIAGO ATITLÁN,8453,CORPORACIÓN MUNICIPAL,8,2,2,0,1,4,358,358,343,343,10,3,25,95,75,2,4,129
1,6,0,380,376,7,https://resultados2019.blob.core.windows.net/201901/084904.jpg,OK,0,19,SOLOLÁ,SANTIAGO ATITLÁN,8490,CORPORACIÓN MUNICIPAL,20,2,2,0,1,4,334,334,308,308,8,136,48,48,32,5,0,31
0,2,1,400,400,7,https://resultados2019.blob.core.windows.net/201901/084834.jpg,OK,0,19,SOLOLÁ,SANTIAGO ATITLÁN,8483,CORPORACIÓN MUNICIPAL,0,2,2,0,1,4,354,353,351,351,4,1,11,91,88,4,2,150
1,9,0,595,595,7,https://resultados2019.blob.core.windows.net/201901/084994.jpg,OK,0,19,SOLOLÁ,SANTIAGO ATITLÁN,8499,CORPORACIÓN MUNICIPAL,10,2,2,0,1,4,335,335,316,316,3,10,22,43,51,2,5,180
1,1,0,400,400,7,https://resultados2019.blob.core.windows.net/201901/084654.jpg,OK,0,19,SOLOLÁ,SANTIAGO ATITLÁN,8465,CORPORACIÓN MUNICIPAL,5,2,2,0,1,4,327,327,321,321,1,3,19,74,79,2,0,143
1,0,0,400,400,7,https://resultados2019.blob.core.windows.net/201901/084814.jpg,OK,0,19,SOLOLÁ,SANTIAGO ATITLÁN,8481,CORPORACIÓN MUNICIPAL,4,2,2,0,1,4,324,324,320,320,2,8,19,82,87,3,1,118
1,1,0,400,400,7,https://resultados2019.blob.core.windows.net/201901/084664.jpg,OK,0,19,SOLOLÁ,SANTIAGO ATITLÁN,8466,CORPORACIÓN MUNICIPAL,8,2,2,0,1,4,349,349,340,340,1,3,15,86,90,3,0,142
1,9,0,400,400,7,https://resultados2019.blob.core.windows.net/201901/084754.jpg,OK,0,19,SOLOLÁ,SANTIAGO ATITLÁN,8475,CORPORACIÓN MUNICIPAL,9,2,2,0,1,4,338,338,320,320,3,0,11,70,69,1,1,165
