ACTACUADRA,BLANCOS,CNTIMPUGNA,CNTINSCRITOS,CNTPAPELETAS,DEP,IMGSRC,IMGSTATUS,INVALIDOS,MUN,NDEP,NMUN,NROMESA,NTE,NULOS,STACTA,STESCAN,STFISIC,STTRANS,TIPOELECCION,TOTALACTA,TOTALVOTOS,VOTOSVALIDOS,VOTOSVALIDOSACTA,voto_FUERZA,voto_SEMILLA,voto_URNG_MAIZ,voto_VAMOS,voto_VIVA
1,2,0,396,392,7,https://resultados2019.blob.core.windows.net/201901/080134.jpg,OK,0,3,SOLOLÁ,SANTA MARÍA VISITACIÓN,8013,CORPORACIÓN MUNICIPAL,6,2,2,0,1,4,335,335,327,327,13,8,108,111,87
1,8,0,400,396,7,https://resultados2019.blob.core.windows.net/201901/080114.jpg,OK,0,3,SOLOLÁ,SANTA MARÍA VISITACIÓN,8011,CORPORACIÓN MUNICIPAL,2,2,2,0,1,4,363,363,353,353,18,17,106,141,71
1,1,0,400,394,7,https://resultados2019.blob.core.windows.net/201901/080124.jpg,OK,0,3,SOLOLÁ,SANTA MARÍA VISITACIÓN,8012,CORPORACIÓN MUNICIPAL,4,2,2,0,1,4,375,375,370,370,13,21,123,133,80
1,0,0,395,394,7,https://resultados2019.blob.core.windows.net/201901/080144.jpg,OK,0,3,SOLOLÁ,SANTA MARÍA VISITACIÓN,8014,CORPORACIÓN MUNICIPAL,2,2,2,0,1,4,345,345,343,343,23,18,119,110,73
