ACTACUADRA,BLANCOS,CNTIMPUGNA,CNTINSCRITOS,CNTPAPELETAS,DEP,IMGSRC,IMGSTATUS,INVALIDOS,MUN,NDEP,NMUN,NROMESA,NTE,NULOS,STACTA,STESCAN,STFISIC,STTRANS,TIPOELECCION,TOTALACTA,TOTALVOTOS,VOTOSVALIDOS,VOTOSVALIDOSACTA,voto_FCN-NACION,voto_FUERZA,voto_MLP,voto_PHG,voto_PODEMOS,voto_UNE,voto_VAMOS,voto_WINAQ
1,3,0,343,343,7,https://resultados2019.blob.core.windows.net/201901/081624.jpg,OK,0,6,SOLOLÁ,SANTA CATARINA IXTAHUACÁN,8162,CORPORACIÓN MUNICIPAL,2,2,2,0,1,4,250,250,245,245,27,2,2,1,3,107,103,0
1,9,0,400,400,7,https://resultados2019.blob.core.windows.net/201901/081594.jpg,OK,0,6,SOLOLÁ,SANTA CATARINA IXTAHUACÁN,8159,CORPORACIÓN MUNICIPAL,8,2,2,0,1,4,360,360,343,343,44,6,3,0,1,136,153,0
1,9,0,319,327,7,https://resultados2019.blob.core.windows.net/201901/082324.jpg,OK,0,6,SOLOLÁ,SANTA CATARINA IXTAHUACÁN,8232,CORPORACIÓN MUNICIPAL,14,2,2,0,1,4,274,274,251,251,32,14,8,0,1,133,63,0
1,0,0,380,380,7,https://resultados2019.blob.core.windows.net/201901/082074.jpg,OK,0,6,SOLOLÁ,SANTA CATARINA IXTAHUACÁN,8207,CORPORACIÓN MUNICIPAL,5,2,2,0,1,4,305,305,300,300,46,6,0,0,0,192,56,0
1,2,0,380,379,7,https://resultados2019.blob.core.windows.net/201901/081684.jpg,OK,0,6,SOLOLÁ,SANTA CATARINA IXTAHUACÁN,8168,CORPORACIÓN MUNICIPAL,5,2,2,0,1,4,307,307,300,300,87,18,1,4,0,139,51,0
1,0,0,282,292,7,https://resultados2019.blob.core.windows.net/201901/081924.jpg,OK,0,6,SOLOLÁ,SANTA CATARINA IXTAHUACÁN,8192,CORPORACIÓN MUNICIPAL,1,2,2,0,1,4,219,219,218,218,56,6,0,0,0,112,44,0
1,1,0,400,400,7,https://resultados2019.blob.core.windows.net/201901/081584.jpg,OK,0,6,SOLOLÁ,SANTA CATARINA IXTAHUACÁN,8158,CORPORACIÓN MUNICIPAL,9,2,2,0,1,4,350,350,340,340,47,13,3,1,0,195,81,0
1,9,0,380,380,7,https://resultados2019.blob.core.windows.net/201901/081664.jpg,OK,0,6,SOLOLÁ,SANTA CATARINA IXTAHUACÁN,8166,CORPORACIÓN MUNICIPAL,10,2,2,0,1,4,328,328,309,309,62,24,2,2,0,189,30,0
1,3,0,380,382,7,https://resultados2019.blob.core.windows.net/201901/081864.jpg,OK,0,6,SOLOLÁ,SANTA CATARINA IXTAHUACÁN,8186,CORPORACIÓN MUNICIPAL,4,2,2,0,1,4,311,311,304,304,57,9,0,2,1,178,57,0
1,1,0,380,380,7,https://resultados2019.blob.core.windows.net/201901/081824.jpg,OK,0,6,SOLOLÁ,SANTA CATARINA IXTAHUACÁN,8182,CORPORACIÓN MUNICIPAL,4,2,1,0,1,4,309,309,304,304,59,9,1,0,0,198,37,0
0,10,1,380,380,7,https://resultados2019.blob.core.windows.net/201901/082014.jpg,OK,0,6,SOLOLÁ,SANTA CATARINA IXTAHUACÁN,8201,CORPORACIÓN MUNICIPAL,8,2,2,0,1,4,324,323,305,305,93,7,4,0,2,146,52,1
1,3,0,330,330,7,https://resultados2019.blob.core.windows.net/201901/081834.jpg,OK,0,6,SOLOLÁ,SANTA CATARINA IXTAHUACÁN,8183,CORPORACIÓN MUNICIPAL,3,2,1,0,1,4,264,264,258,258,53,10,0,0,0,171,24,0
0,9,1,380,381,7,https://resultados2019.blob.core.windows.net/201901/081814.jpg,OK,0,6,SOLOLÁ,SANTA CATARINA IXTAHUACÁN,8181,CORPORACIÓN MUNICIPAL,8,2,1,0,1,4,278,279,262,262,62,12,0,1,0,146,40,1
1,9,2,380,380,7,https://resultados2019.blob.core.windows.net/201901/081644.jpg,OK,0,6,SOLOLÁ,SANTA CATARINA IXTAHUACÁN,8164,CORPORACIÓN MUNICIPAL,13,2,2,0,1,4,333,333,311,311,88,21,2,0,2,172,26,0
1,4,0,214,214,7,https://resultados2019.blob.core.windows.net/201901/082024.jpg,OK,0,6,SOLOLÁ,SANTA CATARINA IXTAHUACÁN,8202,CORPORACIÓN MUNICIPAL,2,2,2,0,1,4,187,187,181,181,50,2,0,1,0,98,30,0
1,1,0,366,367,7,https://resultados2019.blob.core.windows.net/201901/082144.jpg,OK,0,6,SOLOLÁ,SANTA CATARINA IXTAHUACÁN,8214,CORPORACIÓN MUNICIPAL,1,2,2,0,1,4,324,324,322,322,43,0,0,0,0,230,49,0
1,0,0,380,381,7,https://resultados2019.blob.core.windows.net/201901/081854.jpg,OK,0,6,SOLOLÁ,SANTA CATARINA IXTAHUACÁN,8185,CORPORACIÓN MUNICIPAL,2,2,2,0,1,4,298,298,296,296,70,5,1,0,2,166,51,1
1,4,0,380,380,7,https://resultados2019.blob.core.windows.net/201901/082054.jpg,OK,0,6,SOLOLÁ,SANTA CATARINA IXTAHUACÁN,8205,CORPORACIÓN MUNICIPAL,1,2,2,0,1,4,331,331,326,326,54,5,0,0,0,217,50,0
1,6,0,380,380,7,https://resultados2019.blob.core.windows.net/201901/081734.jpg,OK,0,6,SOLOLÁ,SANTA CATARINA IXTAHUACÁN,8173,CORPORACIÓN MUNICIPAL,12,2,2,0,1,4,306,306,288,288,82,10,4,1,1,154,35,1
1,1,0,380,379,7,https://resultados2019.blob.core.windows.net/201901/082104.jpg,OK,0,6,SOLOLÁ,SANTA CATARINA IXTAHUACÁN,8210,CORPORACIÓN MUNICIPAL,7,2,2,0,1,4,344,344,336,336,71,3,0,0,0,218,44,0
1,8,0,380,379,7,https://resultados2019.blob.core.windows.net/201901/082064.jpg,OK,0,6,SOLOLÁ,SANTA CATARINA IXTAHUACÁN,8206,CORPORACIÓN MUNICIPAL,6,2,2,0,1,4,308,308,294,294,41,3,2,0,0,208,40,0
1,6,0,380,380,7,https://resultados2019.blob.core.windows.net/201901/081794.jpg,OK,0,6,SOLOLÁ,SANTA CATARINA IXTAHUACÁN,8179,CORPORACIÓN MUNICIPAL,10,2,2,0,1,4,299,299,283,283,60,8,5,0,0,165,45,0
1,4,0,380,380,7,https://resultados2019.blob.core.windows.net/201901/082274.jpg,OK,0,6,SOLOLÁ,SANTA CATARINA IXTAHUACÁN,8227,CORPORACIÓN MUNICIPAL,15,2,2,0,1,4,351,351,332,332,56,8,3,0,1,145,119,0
1,7,0,380,380,7,https://resultados2019.blob.core.windows.net/201901/081954.jpg,OK,0,6,SOLOLÁ,SANTA CATARINA IXTAHUACÁN,8195,CORPORACIÓN MUNICIPAL,16,2,2,0,1,4,344,344,321,321,130,9,1,3,0,91,86,1
1,3,0,380,383,7,https://resultados2019.blob.core.windows.net/201901/081994.jpg,OK,0,6,SOLOLÁ,SANTA CATARINA IXTAHUACÁN,8199,CORPORACIÓN MUNICIPAL,5,2,2,0,1,4,312,312,304,304,98,4,2,0,1,129,70,0
1,13,0,380,379,7,https://resultados2019.blob.core.windows.net/201901/082284.jpg,OK,0,6,SOLOLÁ,SANTA CATARINA IXTAHUACÁN,8228,CORPORACIÓN MUNICIPAL,11,2,2,0,1,4,326,326,302,302,50,6,8,1,0,155,82,0
1,1,0,221,222,7,https://resultados2019.blob.core.windows.net/201901/082304.jpg,OK,0,6,SOLOLÁ,SANTA CATARINA IXTAHUACÁN,8230,CORPORACIÓN MUNICIPAL,2,2,2,0,1,4,181,181,178,178,35,2,5,0,0,62,74,0
0,1,1,380,381,7,https://resultados2019.blob.core.windows.net/201901/082094.jpg,OK,0,6,SOLOLÁ,SANTA CATARINA IXTAHUACÁN,8209,CORPORACIÓN MUNICIPAL,7,2,2,0,1,4,338,337,329,329,54,1,1,0,0,225,48,0
1,8,0,380,380,7,https://resultados2019.blob.core.windows.net/201901/082134.jpg,OK,0,6,SOLOLÁ,SANTA CATARINA IXTAHUACÁN,8213,CORPORACIÓN MUNICIPAL,3,2,2,0,1,4,310,310,299,299,47,3,1,0,0,202,46,0
1,0,0,220,221,7,https://resultados2019.blob.core.windows.net/201901/082314.jpg,OK,0,6,SOLOLÁ,SANTA CATARINA IXTAHUACÁN,8231,CORPORACIÓN MUNICIPAL,2,2,2,0,1,4,177,177,175,175,37,1,1,0,0,66,70,0
1,4,0,380,380,7,https://resultados2019.blob.core.windows.net/201901/082124.jpg,OK,0,6,SOLOLÁ,SANTA CATARINA IXTAHUACÁN,8212,CORPORACIÓN MUNICIPAL,7,2,2,0,1,4,338,338,327,327,68,4,0,0,0,214,41,0
1,10,0,380,382,7,https://resultados2019.blob.core.windows.net/201901/081944.jpg,OK,0,6,SOLOLÁ,SANTA CATARINA IXTAHUACÁN,8194,CORPORACIÓN MUNICIPAL,7,2,2,0,1,4,334,334,317,317,123,3,3,1,0,77,110,0
1,2,1,380,379,7,https://resultados2019.blob.core.windows.net/201901/081874.jpg,OK,0,6,SOLOLÁ,SANTA CATARINA IXTAHUACÁN,8187,CORPORACIÓN MUNICIPAL,3,2,2,0,1,4,323,323,318,318,61,11,1,0,5,185,55,0
1,8,0,380,380,7,https://resultados2019.blob.core.windows.net/201901/081774.jpg,OK,0,6,SOLOLÁ,SANTA CATARINA IXTAHUACÁN,8177,CORPORACIÓN MUNICIPAL,5,2,2,0,1,4,309,309,296,296,51,13,1,2,0,190,39,0
1,6,0,400,400,7,https://resultados2019.blob.core.windows.net/201901/081614.jpg,OK,0,6,SOLOLÁ,SANTA CATARINA IXTAHUACÁN,8161,CORPORACIÓN MUNICIPAL,2,2,2,0,1,4,293,293,285,285,40,6,0,0,0,132,107,0
1,2,0,364,365,7,https://resultados2019.blob.core.windows.net/201901/082244.jpg,OK,0,6,SOLOLÁ,SANTA CATARINA IXTAHUACÁN,8224,CORPORACIÓN MUNICIPAL,4,2,2,0,1,4,293,293,287,287,96,3,9,0,0,132,47,0
1,9,0,380,380,7,https://resultados2019.blob.core.windows.net/201901/081744.jpg,OK,0,6,SOLOLÁ,SANTA CATARINA IXTAHUACÁN,8174,CORPORACIÓN MUNICIPAL,11,2,2,0,1,4,323,323,303,303,85,11,1,1,2,166,36,1
1,10,0,380,380,7,https://resultados2019.blob.core.windows.net/201901/081784.jpg,OK,0,6,SOLOLÁ,SANTA CATARINA IXTAHUACÁN,8178,CORPORACIÓN MUNICIPAL,5,2,1,0,1,4,292,292,277,277,66,15,1,0,0,170,24,1
1,5,0,380,380,7,https://resultados2019.blob.core.windows.net/201901/081704.jpg,OK,0,6,SOLOLÁ,SANTA CATARINA IXTAHUACÁN,8170,CORPORACIÓN MUNICIPAL,8,2,2,0,1,4,273,273,260,260,50,9,1,0,1,148,51,0
1,4,0,380,380,7,https://resultados2019.blob.core.windows.net/201901/081754.jpg,OK,0,6,SOLOLÁ,SANTA CATARINA IXTAHUACÁN,8175,CORPORACIÓN MUNICIPAL,7,2,2,0,1,4,312,312,301,301,73,19,2,0,1,162,44,0
1,1,0,330,330,7,https://resultados2019.blob.core.windows.net/201901/081844.jpg,OK,0,6,SOLOLÁ,SANTA CATARINA IXTAHUACÁN,8184,CORPORACIÓN MUNICIPAL,3,2,2,0,1,4,237,237,233,233,57,10,0,1,0,141,24,0
1,10,0,380,380,7,https://resultados2019.blob.core.windows.net/201901/082164.jpg,OK,0,6,SOLOLÁ,SANTA CATARINA IXTAHUACÁN,8216,CORPORACIÓN MUNICIPAL,13,2,2,0,1,4,322,322,299,299,54,35,20,1,1,107,81,0
1,7,4,380,380,7,https://resultados2019.blob.core.windows.net/201901/081804.jpg,OK,0,6,SOLOLÁ,SANTA CATARINA IXTAHUACÁN,8180,CORPORACIÓN MUNICIPAL,6,2,1,0,1,4,271,271,258,258,43,9,2,3,0,168,32,1
1,1,0,380,381,7,https://resultados2019.blob.core.windows.net/201901/081694.jpg,OK,0,6,SOLOLÁ,SANTA CATARINA IXTAHUACÁN,8169,CORPORACIÓN MUNICIPAL,5,2,2,0,1,4,284,284,278,278,48,13,1,1,0,162,52,1
1,18,0,380,381,7,https://resultados2019.blob.core.windows.net/201901/082174.jpg,OK,0,6,SOLOLÁ,SANTA CATARINA IXTAHUACÁN,8217,CORPORACIÓN MUNICIPAL,14,2,2,0,1,4,343,343,311,311,43,72,10,0,1,123,62,0
1,7,0,400,400,7,https://resultados2019.blob.core.windows.net/201901/081604.jpg,OK,0,6,SOLOLÁ,SANTA CATARINA IXTAHUACÁN,8160,CORPORACIÓN MUNICIPAL,6,2,2,0,1,4,344,344,331,331,37,8,3,0,2,163,118,0
0,2,0,380,380,7,https://resultados2019.blob.core.windows.net/201901/081904.jpg,OK,0,6,SOLOLÁ,SANTA CATARINA IXTAHUACÁN,8190,CORPORACIÓN MUNICIPAL,5,2,2,0,1,4,310,308,301,301,71,4,2,0,1,160,63,0
1,2,1,239,239,7,https://resultados2019.blob.core.windows.net/201901/081964.jpg,OK,0,6,SOLOLÁ,SANTA CATARINA IXTAHUACÁN,8196,CORPORACIÓN MUNICIPAL,5,2,2,0,1,4,187,187,180,180,57,6,1,0,0,64,52,0
1,4,0,380,382,7,https://resultados2019.blob.core.windows.net/201901/081914.jpg,OK,0,6,SOLOLÁ,SANTA CATARINA IXTAHUACÁN,8191,CORPORACIÓN MUNICIPAL,4,2,2,0,1,4,302,302,294,294,60,9,0,1,3,161,60,0
0,5,2,380,380,7,https://resultados2019.blob.core.windows.net/201901/082184.jpg,OK,0,6,SOLOLÁ,SANTA CATARINA IXTAHUACÁN,8218,CORPORACIÓN MUNICIPAL,22,2,2,0,1,4,314,312,285,285,51,23,9,0,1,108,93,0
0,3,0,380,380,7,https://resultados2019.blob.core.windows.net/201901/081894.jpg,OK,2,6,SOLOLÁ,SANTA CATARINA IXTAHUACÁN,8189,CORPORACIÓN MUNICIPAL,0,2,2,0,1,4,289,288,285,286,54,7,0,0,0,173,51,0
0,3,0,380,380,7,https://resultados2019.blob.core.windows.net/201901/081674.jpg,OK,0,6,SOLOLÁ,SANTA CATARINA IXTAHUACÁN,8167,CORPORACIÓN MUNICIPAL,4,2,2,0,1,4,309,310,303,302,83,10,1,2,0,171,36,0
1,3,0,281,281,7,https://resultados2019.blob.core.windows.net/201901/081934.jpg,OK,0,6,SOLOLÁ,SANTA CATARINA IXTAHUACÁN,8193,CORPORACIÓN MUNICIPAL,0,2,2,0,1,4,231,231,228,228,59,4,0,0,0,103,62,0
1,1,0,380,380,7,https://resultados2019.blob.core.windows.net/201901/082044.jpg,OK,0,6,SOLOLÁ,SANTA CATARINA IXTAHUACÁN,8204,CORPORACIÓN MUNICIPAL,3,2,2,0,1,4,317,317,313,313,45,2,0,0,1,212,52,1
1,10,0,380,380,7,https://resultados2019.blob.core.windows.net/201901/081654.jpg,OK,0,6,SOLOLÁ,SANTA CATARINA IXTAHUACÁN,8165,CORPORACIÓN MUNICIPAL,7,2,2,0,1,4,300,300,283,283,74,7,3,0,0,160,39,0
0,2,1,380,380,7,https://resultados2019.blob.core.windows.net/201901/081884.jpg,OK,0,6,SOLOLÁ,SANTA CATARINA IXTAHUACÁN,8188,CORPORACIÓN MUNICIPAL,1,2,2,0,1,4,277,276,273,273,58,5,1,0,0,150,59,0
1,6,0,380,380,7,https://resultados2019.blob.core.windows.net/201901/082264.jpg,OK,0,6,SOLOLÁ,SANTA CATARINA IXTAHUACÁN,8226,CORPORACIÓN MUNICIPAL,5,2,2,0,1,4,344,344,333,333,84,5,1,1,0,121,121,0
1,4,0,380,380,7,https://resultados2019.blob.core.windows.net/201901/082254.jpg,OK,0,6,SOLOLÁ,SANTA CATARINA IXTAHUACÁN,8225,CORPORACIÓN MUNICIPAL,14,2,2,0,1,4,324,324,306,306,99,4,5,3,1,71,122,1
1,3,0,366,358,7,https://resultados2019.blob.core.windows.net/201901/082154.jpg,OK,0,6,SOLOLÁ,SANTA CATARINA IXTAHUACÁN,8215,CORPORACIÓN MUNICIPAL,3,2,2,0,1,4,301,301,295,295,72,2,0,0,0,185,36,0
1,4,0,364,364,7,https://resultados2019.blob.core.windows.net/201901/082234.jpg,OK,0,6,SOLOLÁ,SANTA CATARINA IXTAHUACÁN,8223,CORPORACIÓN MUNICIPAL,4,2,2,0,1,4,315,315,307,307,114,1,9,0,0,138,45,0
1,2,0,213,213,7,https://resultados2019.blob.core.windows.net/201901/082034.jpg,OK,0,6,SOLOLÁ,SANTA CATARINA IXTAHUACÁN,8203,CORPORACIÓN MUNICIPAL,3,2,2,0,1,4,191,191,186,186,63,6,0,0,0,83,34,0
1,3,0,380,381,7,https://resultados2019.blob.core.windows.net/201901/082294.jpg,OK,0,6,SOLOLÁ,SANTA CATARINA IXTAHUACÁN,8229,CORPORACIÓN MUNICIPAL,3,2,2,0,1,4,299,299,293,293,64,10,3,2,0,102,112,0
1,8,0,319,319,7,https://resultados2019.blob.core.windows.net/201901/082334.jpg,OK,0,6,SOLOLÁ,SANTA CATARINA IXTAHUACÁN,8233,CORPORACIÓN MUNICIPAL,2,2,2,0,1,4,257,257,247,247,37,13,3,2,0,125,65,2
1,8,0,380,380,7,https://resultados2019.blob.core.windows.net/201901/081724.jpg,OK,0,6,SOLOLÁ,SANTA CATARINA IXTAHUACÁN,8172,CORPORACIÓN MUNICIPAL,8,2,2,0,1,4,299,299,283,283,56,5,0,3,1,170,48,0
1,6,0,380,380,7,https://resultados2019.blob.core.windows.net/201901/082114.jpg,OK,0,6,SOLOLÁ,SANTA CATARINA IXTAHUACÁN,8211,CORPORACIÓN MUNICIPAL,2,2,2,0,1,4,339,339,331,331,75,4,0,1,0,214,37,0
1,4,0,380,380,7,https://resultados2019.blob.core.windows.net/201901/081984.jpg,OK,0,6,SOLOLÁ,SANTA CATARINA IXTAHUACÁN,8198,CORPORACIÓN MUNICIPAL,9,2,2,0,1,4,343,343,330,330,104,7,3,0,1,154,61,0
1,2,0,360,360,7,https://resultados2019.blob.core.windows.net/201901/082344.jpg,OK,0,6,SOLOLÁ,SANTA CATARINA IXTAHUACÁN,8234,CORPORACIÓN MUNICIPAL,7,2,2,0,1,4,87,87,78,78,13,4,2,0,0,38,21,0
1,10,0,380,380,7,https://resultados2019.blob.core.windows.net/201901/081764.jpg,OK,0,6,SOLOLÁ,SANTA CATARINA IXTAHUACÁN,8176,CORPORACIÓN MUNICIPAL,9,2,2,0,1,4,305,305,286,286,56,9,1,1,0,180,39,0
1,4,0,380,383,7,https://resultados2019.blob.core.windows.net/201901/082084.jpg,OK,0,6,SOLOLÁ,SANTA CATARINA IXTAHUACÁN,8208,CORPORACIÓN MUNICIPAL,6,2,2,0,1,4,325,325,315,315,52,3,1,2,0,220,37,0
1,7,0,400,403,7,https://resultados2019.blob.core.windows.net/201901/081574.jpg,OK,0,6,SOLOLÁ,SANTA CATARINA IXTAHUACÁN,8157,CORPORACIÓN MUNICIPAL,0,2,2,0,1,4,329,329,322,322,54,10,6,1,0,163,87,1
1,4,0,222,222,7,https://resultados2019.blob.core.windows.net/201901/082204.jpg,OK,0,6,SOLOLÁ,SANTA CATARINA IXTAHUACÁN,8220,CORPORACIÓN MUNICIPAL,3,2,2,0,1,4,189,189,182,182,27,19,6,0,0,53,74,3
1,2,1,223,223,7,https://resultados2019.blob.core.windows.net/201901/082194.jpg,OK,0,6,SOLOLÁ,SANTA CATARINA IXTAHUACÁN,8219,CORPORACIÓN MUNICIPAL,5,2,2,0,1,4,179,179,172,172,23,19,11,1,1,42,72,3
1,1,0,238,238,7,https://resultados2019.blob.core.windows.net/201901/081974.jpg,OK,0,6,SOLOLÁ,SANTA CATARINA IXTAHUACÁN,8197,CORPORACIÓN MUNICIPAL,3,2,2,0,1,4,178,178,174,174,62,1,1,1,0,53,56,0
1,3,0,380,380,7,https://resultados2019.blob.core.windows.net/201901/081714.jpg,OK,0,6,SOLOLÁ,SANTA CATARINA IXTAHUACÁN,8171,CORPORACIÓN MUNICIPAL,6,2,2,0,1,4,274,274,265,265,64,8,2,1,1,162,27,0
1,2,0,342,342,7,https://resultados2019.blob.core.windows.net/201901/081634.jpg,OK,0,6,SOLOLÁ,SANTA CATARINA IXTAHUACÁN,8163,CORPORACIÓN MUNICIPAL,4,2,2,0,1,4,283,283,277,277,32,3,1,2,0,136,103,0
1,5,0,380,378,7,https://resultados2019.blob.core.windows.net/201901/082214.jpg,OK,1,6,SOLOLÁ,SANTA CATARINA IXTAHUACÁN,8221,CORPORACIÓN MUNICIPAL,3,2,2,0,1,4,345,345,337,337,115,8,11,0,0,169,34,0
1,3,1,380,380,7,https://resultados2019.blob.core.windows.net/201901/082004.jpg,OK,0,6,SOLOLÁ,SANTA CATARINA IXTAHUACÁN,8200,CORPORACIÓN MUNICIPAL,3,2,2,0,1,4,319,319,313,313,104,8,3,0,0,143,55,0
1,5,0,380,380,7,https://resultados2019.blob.core.windows.net/201901/082224.jpg,OK,0,6,SOLOLÁ,SANTA CATARINA IXTAHUACÁN,8222,CORPORACIÓN MUNICIPAL,3,2,2,0,1,4,340,340,332,332,122,2,13,1,3,156,35,0
