ACTACUADRA,BLANCOS,CNTIMPUGNA,CNTINSCRITOS,CNTPAPELETAS,DEP,IMGSRC,IMGSTATUS,INVALIDOS,MUN,NDEP,NMUN,NROMESA,NTE,NULOS,STACTA,STESCAN,STFISIC,STTRANS,TIPOELECCION,TOTALACTA,TOTALVOTOS,VOTOSVALIDOS,VOTOSVALIDOSACTA,voto_CREO,voto_FCN-NACION,voto_FUERZA,voto_PC,voto_PODEMOS,voto_URNG_MAIZ
1,2,0,400,396,7,https://resultados2019.blob.core.windows.net/201901/082514.jpg,OK,0,8,SOLOLÁ,CONCEPCIÓN,8251,CORPORACIÓN MUNICIPAL,2,2,2,0,1,4,364,364,360,360,124,24,108,65,7,32
1,2,0,398,405,7,https://resultados2019.blob.core.windows.net/201901/082564.jpg,OK,0,8,SOLOLÁ,CONCEPCIÓN,8256,CORPORACIÓN MUNICIPAL,5,2,2,0,1,4,334,334,327,327,100,28,102,72,0,25
1,9,0,400,396,7,https://resultados2019.blob.core.windows.net/201901/082494.jpg,OK,0,8,SOLOLÁ,CONCEPCIÓN,8249,CORPORACIÓN MUNICIPAL,2,2,2,0,1,4,329,329,318,318,100,30,92,65,4,27
1,7,1,400,400,7,https://resultados2019.blob.core.windows.net/201901/082554.jpg,OK,0,8,SOLOLÁ,CONCEPCIÓN,8255,CORPORACIÓN MUNICIPAL,1,2,2,0,1,4,312,312,304,304,81,21,90,78,2,32
1,2,1,400,392,7,https://resultados2019.blob.core.windows.net/201901/082534.jpg,OK,0,8,SOLOLÁ,CONCEPCIÓN,8253,CORPORACIÓN MUNICIPAL,5,2,2,0,1,4,367,367,360,360,94,47,111,74,2,32
1,8,0,400,396,7,https://resultados2019.blob.core.windows.net/201901/082504.jpg,OK,0,8,SOLOLÁ,CONCEPCIÓN,8250,CORPORACIÓN MUNICIPAL,2,2,2,0,1,4,355,355,345,345,102,36,112,77,4,14
1,1,0,398,406,7,https://resultados2019.blob.core.windows.net/201901/082574.jpg,OK,0,8,SOLOLÁ,CONCEPCIÓN,8257,CORPORACIÓN MUNICIPAL,0,2,2,0,1,4,344,344,343,343,103,27,102,85,4,22
1,10,0,400,400,7,https://resultados2019.blob.core.windows.net/201901/082524.jpg,OK,0,8,SOLOLÁ,CONCEPCIÓN,8252,CORPORACIÓN MUNICIPAL,5,2,2,0,1,4,359,359,344,344,104,25,127,69,0,19
1,1,0,400,400,7,https://resultados2019.blob.core.windows.net/201901/082544.jpg,OK,0,8,SOLOLÁ,CONCEPCIÓN,8254,CORPORACIÓN MUNICIPAL,0,2,2,0,1,4,323,323,322,322,121,20,88,62,6,25
