ACTACUADRA,BLANCOS,CNTIMPUGNA,CNTINSCRITOS,CNTPAPELETAS,DEP,IMGSRC,IMGSTATUS,INVALIDOS,MUN,NDEP,NMUN,NROMESA,NTE,NULOS,STACTA,STESCAN,STFISIC,STTRANS,TIPOELECCION,TOTALACTA,TOTALVOTOS,VOTOSVALIDOS,VOTOSVALIDOSACTA,voto_FCN-NACION,voto_FUERZA,voto_TODOS,voto_URNG_MAIZ,voto_VAMOS
1,1,0,328,328,7,https://resultados2019.blob.core.windows.net/201901/082654.jpg,OK,0,9,SOLOLÁ,SAN ANDRÉS SEMETABAJ,8265,CORPORACIÓN MUNICIPAL,1,2,2,0,1,4,262,262,260,260,10,43,5,121,81
1,0,0,400,395,7,https://resultados2019.blob.core.windows.net/201901/082634.jpg,OK,1,9,SOLOLÁ,SAN ANDRÉS SEMETABAJ,8263,CORPORACIÓN MUNICIPAL,4,2,2,0,1,4,324,324,320,320,13,53,6,137,111
1,10,0,380,376,7,https://resultados2019.blob.core.windows.net/201901/082724.jpg,OK,0,9,SOLOLÁ,SAN ANDRÉS SEMETABAJ,8272,CORPORACIÓN MUNICIPAL,12,2,2,0,1,4,327,327,305,305,10,69,26,76,124
1,2,0,248,248,7,https://resultados2019.blob.core.windows.net/201901/082764.jpg,OK,0,9,SOLOLÁ,SAN ANDRÉS SEMETABAJ,8276,CORPORACIÓN MUNICIPAL,7,2,2,0,1,4,111,111,102,102,1,21,8,44,28
1,3,0,341,338,7,https://resultados2019.blob.core.windows.net/201901/082754.jpg,OK,0,9,SOLOLÁ,SAN ANDRÉS SEMETABAJ,8275,CORPORACIÓN MUNICIPAL,7,2,2,0,1,4,268,268,258,258,3,43,18,116,78
1,9,0,380,376,7,https://resultados2019.blob.core.windows.net/201901/082734.jpg,OK,0,9,SOLOLÁ,SAN ANDRÉS SEMETABAJ,8273,CORPORACIÓN MUNICIPAL,5,2,2,0,1,4,319,319,305,305,10,36,8,177,74
1,1,0,254,254,7,https://resultados2019.blob.core.windows.net/201901/082694.jpg,OK,0,9,SOLOLÁ,SAN ANDRÉS SEMETABAJ,8269,CORPORACIÓN MUNICIPAL,7,1,0,0,1,4,215,215,207,207,2,141,7,35,22
1,1,0,400,400,7,https://resultados2019.blob.core.windows.net/201901/082624.jpg,OK,0,9,SOLOLÁ,SAN ANDRÉS SEMETABAJ,8262,CORPORACIÓN MUNICIPAL,5,2,2,0,1,4,307,307,301,301,8,27,10,150,106
0,4,0,400,398,7,https://resultados2019.blob.core.windows.net/201901/082594.jpg,OK,2,9,SOLOLÁ,SAN ANDRÉS SEMETABAJ,8259,CORPORACIÓN MUNICIPAL,5,2,2,0,1,4,344,342,333,333,10,61,11,130,121
1,9,0,342,342,7,https://resultados2019.blob.core.windows.net/201901/082744.jpg,OK,0,9,SOLOLÁ,SAN ANDRÉS SEMETABAJ,8274,CORPORACIÓN MUNICIPAL,7,2,2,0,1,4,264,264,248,248,6,42,18,91,91
0,0,0,380,0,7,https://resultados2019.blob.core.windows.net/201901/082684.jpg,OK,0,9,SOLOLÁ,SAN ANDRÉS SEMETABAJ,8268,CORPORACIÓN MUNICIPAL,0,0,0,0,0,4,0,0,0,0,0,0,0,0,0
1,1,0,329,329,7,https://resultados2019.blob.core.windows.net/201901/082644.jpg,OK,2,9,SOLOLÁ,SAN ANDRÉS SEMETABAJ,8264,CORPORACIÓN MUNICIPAL,1,2,2,0,1,4,270,270,268,268,2,34,7,124,101
1,15,0,380,380,7,https://resultados2019.blob.core.windows.net/201901/082714.jpg,OK,0,9,SOLOLÁ,SAN ANDRÉS SEMETABAJ,8271,CORPORACIÓN MUNICIPAL,22,2,2,0,1,4,332,332,295,295,6,57,26,91,115
1,3,0,400,396,7,https://resultados2019.blob.core.windows.net/201901/082614.jpg,OK,0,9,SOLOLÁ,SAN ANDRÉS SEMETABAJ,8261,CORPORACIÓN MUNICIPAL,9,2,2,0,1,4,309,309,297,297,14,48,13,110,112
1,10,0,400,396,7,https://resultados2019.blob.core.windows.net/201901/082604.jpg,OK,0,9,SOLOLÁ,SAN ANDRÉS SEMETABAJ,8260,CORPORACIÓN MUNICIPAL,10,2,2,0,1,4,341,341,321,321,13,42,13,139,114
1,0,0,400,400,7,https://resultados2019.blob.core.windows.net/201901/082584.jpg,OK,0,9,SOLOLÁ,SAN ANDRÉS SEMETABAJ,8258,CORPORACIÓN MUNICIPAL,5,2,2,0,1,4,336,336,331,331,9,43,10,155,114
1,0,0,254,254,7,https://resultados2019.blob.core.windows.net/201901/082704.jpg,OK,0,9,SOLOLÁ,SAN ANDRÉS SEMETABAJ,8270,CORPORACIÓN MUNICIPAL,1,1,0,0,1,4,222,222,221,221,4,154,4,29,30
1,2,0,380,376,7,https://resultados2019.blob.core.windows.net/201901/082674.jpg,OK,0,9,SOLOLÁ,SAN ANDRÉS SEMETABAJ,8267,CORPORACIÓN MUNICIPAL,11,1,0,0,1,4,336,336,323,323,12,210,8,54,39
1,3,0,380,376,7,https://resultados2019.blob.core.windows.net/201901/082664.jpg,OK,0,9,SOLOLÁ,SAN ANDRÉS SEMETABAJ,8266,CORPORACIÓN MUNICIPAL,14,1,0,0,1,4,342,342,325,325,7,211,8,47,52
