ACTACUADRA,BLANCOS,CNTIMPUGNA,CNTINSCRITOS,CNTPAPELETAS,DEP,IMGSRC,IMGSTATUS,INVALIDOS,MUN,NDEP,NMUN,NROMESA,NTE,NULOS,STACTA,STESCAN,STFISIC,STTRANS,TIPOELECCION,TOTALACTA,TOTALVOTOS,VOTOSVALIDOS,VOTOSVALIDOSACTA,voto_BIEN,voto_COMCICH,voto_CONVERGENCIA,voto_EG,voto_FCN-NACION,voto_FUERZA,voto_LIBRE,voto_MLP,voto_PC,voto_PHG,voto_PODEMOS,voto_SEMILLA,voto_TODOS,voto_UCN,voto_UNE,voto_UNIONISTA,voto_VALOR,voto_VAMOS
1,5,0,371,375,8,https://resultados2019.blob.core.windows.net/201901/086504.jpg,OK,0,1,TOTONICAPÁN,TOTONICAPÁN,8650,CORPORACIÓN MUNICIPAL,6,2,2,0,1,4,226,226,215,215,7,11,1,4,9,10,4,15,0,10,3,8,57,8,55,1,3,9
1,4,0,400,397,8,https://resultados2019.blob.core.windows.net/201901/085064.jpg,OK,21,1,TOTONICAPÁN,TOTONICAPÁN,8506,CORPORACIÓN MUNICIPAL,17,2,2,0,1,4,305,305,284,284,4,21,4,3,8,12,2,9,1,4,23,11,57,6,91,10,4,14
1,7,0,600,600,8,https://resultados2019.blob.core.windows.net/201901/086514.jpg,OK,0,1,TOTONICAPÁN,TOTONICAPÁN,8651,CORPORACIÓN MUNICIPAL,12,2,2,0,1,4,217,217,198,198,2,8,1,4,4,17,3,7,1,5,8,7,40,6,69,3,1,12
1,8,0,400,400,8,https://resultados2019.blob.core.windows.net/201901/085704.jpg,OK,0,1,TOTONICAPÁN,TOTONICAPÁN,8570,CORPORACIÓN MUNICIPAL,7,2,2,0,1,4,254,254,239,239,3,12,3,1,6,17,2,5,3,8,8,2,28,21,102,2,5,11
1,17,0,380,380,8,https://resultados2019.blob.core.windows.net/201901/086444.jpg,OK,0,1,TOTONICAPÁN,TOTONICAPÁN,8644,CORPORACIÓN MUNICIPAL,25,2,2,0,1,4,287,287,245,245,0,5,19,1,3,5,0,0,2,1,23,0,7,0,174,1,1,3
1,4,0,400,400,8,https://resultados2019.blob.core.windows.net/201901/085024.jpg,OK,0,1,TOTONICAPÁN,TOTONICAPÁN,8502,CORPORACIÓN MUNICIPAL,9,2,2,0,1,4,271,271,258,258,5,17,7,3,2,12,4,10,2,9,16,10,44,2,88,4,4,19
1,3,0,400,400,8,https://resultados2019.blob.core.windows.net/201901/085854.jpg,OK,173,1,TOTONICAPÁN,TOTONICAPÁN,8585,CORPORACIÓN MUNICIPAL,10,2,2,0,1,4,227,227,214,214,0,20,2,1,4,11,1,9,2,9,16,5,51,1,63,2,4,13
1,12,0,380,377,8,https://resultados2019.blob.core.windows.net/201901/086424.jpg,OK,0,1,TOTONICAPÁN,TOTONICAPÁN,8642,CORPORACIÓN MUNICIPAL,28,2,2,0,1,4,251,251,211,211,0,5,4,0,0,2,0,1,0,3,35,0,6,1,148,0,0,6
1,16,0,380,380,8,https://resultados2019.blob.core.windows.net/201901/086054.jpg,OK,0,1,TOTONICAPÁN,TOTONICAPÁN,8605,CORPORACIÓN MUNICIPAL,5,2,2,0,1,4,273,273,252,252,1,3,3,0,1,2,0,2,2,0,38,0,34,2,164,0,0,0
1,3,0,400,400,8,https://resultados2019.blob.core.windows.net/201901/085654.jpg,OK,167,1,TOTONICAPÁN,TOTONICAPÁN,8565,CORPORACIÓN MUNICIPAL,11,2,2,0,1,4,233,233,219,219,2,16,3,9,7,15,7,3,4,7,0,5,36,4,72,3,9,17
1,11,0,400,400,8,https://resultados2019.blob.core.windows.net/201901/085834.jpg,OK,0,1,TOTONICAPÁN,TOTONICAPÁN,8583,CORPORACIÓN MUNICIPAL,11,2,2,0,1,4,227,227,205,205,2,6,3,1,14,10,3,3,3,12,13,7,31,2,78,3,4,10
1,1,0,234,234,8,https://resultados2019.blob.core.windows.net/201901/085794.jpg,OK,0,1,TOTONICAPÁN,TOTONICAPÁN,8579,CORPORACIÓN MUNICIPAL,4,2,2,0,1,4,132,132,127,127,2,8,0,2,5,20,7,0,4,3,5,2,16,2,44,3,2,2
1,6,0,400,398,8,https://resultados2019.blob.core.windows.net/201901/085384.jpg,OK,0,1,TOTONICAPÁN,TOTONICAPÁN,8538,CORPORACIÓN MUNICIPAL,17,2,2,0,1,4,262,262,239,239,5,13,3,5,3,9,0,1,2,7,15,2,36,9,112,3,2,12
1,2,0,390,390,8,https://resultados2019.blob.core.windows.net/201901/085244.jpg,OK,0,1,TOTONICAPÁN,TOTONICAPÁN,8524,CORPORACIÓN MUNICIPAL,6,2,2,0,1,4,236,236,228,228,5,5,5,4,3,16,5,4,0,13,15,17,46,1,66,4,2,17
1,6,0,380,380,8,https://resultados2019.blob.core.windows.net/201901/086204.jpg,OK,0,1,TOTONICAPÁN,TOTONICAPÁN,8620,CORPORACIÓN MUNICIPAL,8,2,1,0,1,4,177,177,163,163,0,1,1,3,4,4,3,8,1,5,4,6,47,7,60,0,1,8
1,10,0,400,400,8,https://resultados2019.blob.core.windows.net/201901/085574.jpg,OK,0,1,TOTONICAPÁN,TOTONICAPÁN,8557,CORPORACIÓN MUNICIPAL,9,2,2,0,1,4,225,225,206,206,0,19,1,1,5,14,2,9,3,2,12,6,40,6,70,2,4,10
0,7,0,260,260,8,https://resultados2019.blob.core.windows.net/201901/086034.jpg,OK,0,1,TOTONICAPÁN,TOTONICAPÁN,8603,CORPORACIÓN MUNICIPAL,3,2,2,0,1,4,127,125,115,117,0,5,2,0,2,15,2,2,1,1,9,1,17,4,45,1,1,7
1,10,0,600,600,8,https://resultados2019.blob.core.windows.net/201901/086584.jpg,OK,0,1,TOTONICAPÁN,TOTONICAPÁN,8658,CORPORACIÓN MUNICIPAL,10,2,2,0,1,4,194,194,174,174,4,11,2,1,3,8,4,5,1,9,10,13,36,2,44,1,6,14
1,13,0,400,400,8,https://resultados2019.blob.core.windows.net/201901/085944.jpg,OK,0,1,TOTONICAPÁN,TOTONICAPÁN,8594,CORPORACIÓN MUNICIPAL,20,2,2,0,1,4,271,271,238,238,3,17,1,1,0,13,1,9,3,4,42,2,41,7,69,1,6,18
1,12,0,400,399,8,https://resultados2019.blob.core.windows.net/201901/085824.jpg,OK,0,1,TOTONICAPÁN,TOTONICAPÁN,8582,CORPORACIÓN MUNICIPAL,20,2,2,0,1,4,218,218,186,186,7,6,1,2,9,11,3,0,2,5,11,8,32,4,71,4,6,4
1,11,0,400,400,8,https://resultados2019.blob.core.windows.net/201901/085844.jpg,OK,6,1,TOTONICAPÁN,TOTONICAPÁN,8584,CORPORACIÓN MUNICIPAL,6,2,2,0,1,4,255,255,238,238,5,22,4,0,2,10,8,10,3,3,11,6,49,2,93,3,5,2
1,6,0,400,400,8,https://resultados2019.blob.core.windows.net/201901/085634.jpg,OK,0,1,TOTONICAPÁN,TOTONICAPÁN,8563,CORPORACIÓN MUNICIPAL,5,2,2,0,1,4,242,242,231,231,5,17,1,0,11,14,3,4,8,0,16,5,48,2,71,7,2,17
1,8,0,400,400,8,https://resultados2019.blob.core.windows.net/201901/085754.jpg,OK,0,1,TOTONICAPÁN,TOTONICAPÁN,8575,CORPORACIÓN MUNICIPAL,7,2,2,0,1,4,260,260,245,245,7,9,2,1,8,47,6,7,4,8,14,5,39,5,69,4,1,9
1,39,0,380,380,8,https://resultados2019.blob.core.windows.net/201901/086244.jpg,OK,0,1,TOTONICAPÁN,TOTONICAPÁN,8624,CORPORACIÓN MUNICIPAL,9,2,2,0,1,4,266,266,218,218,2,1,1,1,0,1,1,1,0,1,0,0,1,2,186,0,0,20
1,9,0,400,400,8,https://resultados2019.blob.core.windows.net/201901/085954.jpg,OK,0,1,TOTONICAPÁN,TOTONICAPÁN,8595,CORPORACIÓN MUNICIPAL,17,2,2,0,1,4,238,238,212,212,2,13,1,2,4,9,5,6,2,6,11,3,32,6,99,1,0,10
1,10,0,400,401,8,https://resultados2019.blob.core.windows.net/201901/085524.jpg,OK,0,1,TOTONICAPÁN,TOTONICAPÁN,8552,CORPORACIÓN MUNICIPAL,15,2,2,0,1,4,266,266,241,241,8,28,6,2,5,13,1,2,3,9,20,3,49,1,71,2,3,15
1,10,0,380,380,8,https://resultados2019.blob.core.windows.net/201901/086294.jpg,OK,0,1,TOTONICAPÁN,TOTONICAPÁN,8629,CORPORACIÓN MUNICIPAL,15,2,1,0,1,4,220,220,195,195,3,2,2,4,29,8,6,3,0,1,3,0,18,1,101,5,3,6
1,15,0,400,400,8,https://resultados2019.blob.core.windows.net/201901/085934.jpg,OK,0,1,TOTONICAPÁN,TOTONICAPÁN,8593,CORPORACIÓN MUNICIPAL,17,2,2,0,1,4,287,287,255,255,4,13,2,7,5,14,3,6,1,7,52,3,31,4,65,2,10,26
1,11,0,348,348,8,https://resultados2019.blob.core.windows.net/201901/086154.jpg,OK,0,1,TOTONICAPÁN,TOTONICAPÁN,8615,CORPORACIÓN MUNICIPAL,12,2,2,0,1,4,194,194,171,171,2,2,2,2,3,3,2,3,1,3,1,1,31,0,109,1,2,3
1,7,0,380,380,8,https://resultados2019.blob.core.windows.net/201901/086074.jpg,OK,1,1,TOTONICAPÁN,TOTONICAPÁN,8607,CORPORACIÓN MUNICIPAL,17,2,2,0,1,4,270,270,246,246,1,0,0,0,3,1,0,1,0,1,51,0,45,1,132,0,1,9
1,3,0,600,600,8,https://resultados2019.blob.core.windows.net/201901/086524.jpg,OK,0,1,TOTONICAPÁN,TOTONICAPÁN,8652,CORPORACIÓN MUNICIPAL,6,2,2,0,1,4,175,175,166,166,3,16,3,3,1,9,3,7,4,5,7,4,27,6,50,6,1,11
1,3,0,232,232,8,https://resultados2019.blob.core.windows.net/201901/086474.jpg,OK,0,1,TOTONICAPÁN,TOTONICAPÁN,8647,CORPORACIÓN MUNICIPAL,7,2,2,0,1,4,130,130,120,120,0,2,7,0,0,3,0,0,0,1,13,0,7,2,82,0,1,2
1,5,0,400,400,8,https://resultados2019.blob.core.windows.net/201901/085454.jpg,OK,0,1,TOTONICAPÁN,TOTONICAPÁN,8545,CORPORACIÓN MUNICIPAL,9,2,2,0,1,4,198,198,184,184,3,11,5,1,3,13,2,4,1,1,6,6,46,2,68,2,1,9
1,4,0,331,331,8,https://resultados2019.blob.core.windows.net/201901/085364.jpg,OK,7,1,TOTONICAPÁN,TOTONICAPÁN,8536,CORPORACIÓN MUNICIPAL,3,2,2,0,1,4,178,178,171,171,3,11,3,3,3,49,3,6,2,3,7,3,35,0,36,1,0,3
1,6,0,400,400,8,https://resultados2019.blob.core.windows.net/201901/085074.jpg,OK,0,1,TOTONICAPÁN,TOTONICAPÁN,8507,CORPORACIÓN MUNICIPAL,12,2,2,0,1,4,301,301,283,283,5,23,4,3,1,18,6,5,4,10,25,12,47,9,81,2,3,25
1,4,0,276,277,8,https://resultados2019.blob.core.windows.net/201901/086214.jpg,OK,0,1,TOTONICAPÁN,TOTONICAPÁN,8621,CORPORACIÓN MUNICIPAL,9,2,1,0,1,4,140,140,127,127,3,2,3,1,4,3,1,8,1,6,1,7,26,5,50,1,3,2
1,8,0,400,400,8,https://resultados2019.blob.core.windows.net/201901/085284.jpg,OK,0,1,TOTONICAPÁN,TOTONICAPÁN,8528,CORPORACIÓN MUNICIPAL,4,2,2,0,1,4,273,273,261,261,6,10,3,2,4,28,5,6,1,11,15,5,88,6,64,2,1,4
1,5,0,390,387,8,https://resultados2019.blob.core.windows.net/201901/085904.jpg,OK,0,1,TOTONICAPÁN,TOTONICAPÁN,8590,CORPORACIÓN MUNICIPAL,8,2,2,0,1,4,217,217,204,204,1,13,3,1,6,19,3,10,1,10,9,7,33,1,71,3,3,10
1,3,0,235,235,8,https://resultados2019.blob.core.windows.net/201901/085784.jpg,OK,0,1,TOTONICAPÁN,TOTONICAPÁN,8578,CORPORACIÓN MUNICIPAL,3,2,2,0,1,4,132,132,126,126,3,6,2,1,2,34,2,1,3,3,4,3,15,0,38,0,4,5
1,6,0,240,237,8,https://resultados2019.blob.core.windows.net/201901/086414.jpg,OK,0,1,TOTONICAPÁN,TOTONICAPÁN,8641,CORPORACIÓN MUNICIPAL,5,2,2,0,1,4,114,114,103,103,0,6,1,1,1,4,3,1,1,1,5,0,9,2,65,0,0,3
1,4,0,400,399,8,https://resultados2019.blob.core.windows.net/201901/085204.jpg,OK,0,1,TOTONICAPÁN,TOTONICAPÁN,8520,CORPORACIÓN MUNICIPAL,10,2,2,0,1,4,273,273,259,259,3,22,6,3,7,11,1,3,4,10,16,15,35,3,90,3,4,23
1,18,0,400,400,8,https://resultados2019.blob.core.windows.net/201901/085274.jpg,OK,0,1,TOTONICAPÁN,TOTONICAPÁN,8527,CORPORACIÓN MUNICIPAL,19,2,2,0,1,4,278,278,241,241,0,4,2,2,2,8,1,4,2,5,5,1,102,6,85,6,0,6
1,2,0,400,396,8,https://resultados2019.blob.core.windows.net/201901/085174.jpg,OK,0,1,TOTONICAPÁN,TOTONICAPÁN,8517,CORPORACIÓN MUNICIPAL,15,2,2,0,1,4,296,296,279,279,2,21,6,5,2,16,5,4,4,10,17,12,57,4,78,3,5,28
1,4,0,400,400,8,https://resultados2019.blob.core.windows.net/201901/085114.jpg,OK,0,1,TOTONICAPÁN,TOTONICAPÁN,8511,CORPORACIÓN MUNICIPAL,8,2,2,0,1,4,257,257,245,245,3,17,3,1,3,18,5,3,1,13,14,14,45,1,76,2,2,24
1,13,0,400,400,8,https://resultados2019.blob.core.windows.net/201901/085434.jpg,OK,0,1,TOTONICAPÁN,TOTONICAPÁN,8543,CORPORACIÓN MUNICIPAL,15,2,2,0,1,4,232,232,204,204,3,10,1,3,5,7,1,3,2,7,6,1,49,5,79,3,0,19
0,7,0,241,241,8,https://resultados2019.blob.core.windows.net/201901/086404.jpg,OK,2,1,TOTONICAPÁN,TOTONICAPÁN,8640,CORPORACIÓN MUNICIPAL,9,2,2,0,1,4,133,131,115,115,3,6,0,0,2,4,1,4,0,3,4,2,12,1,66,1,0,6
0,14,1,400,400,8,https://resultados2019.blob.core.windows.net/201901/085694.jpg,OK,0,1,TOTONICAPÁN,TOTONICAPÁN,8569,CORPORACIÓN MUNICIPAL,14,2,2,0,1,4,280,279,251,251,3,14,5,1,11,60,3,9,0,5,5,5,28,1,88,4,2,7
1,12,0,380,379,8,https://resultados2019.blob.core.windows.net/201901/086124.jpg,OK,0,1,TOTONICAPÁN,TOTONICAPÁN,8612,CORPORACIÓN MUNICIPAL,18,2,2,0,1,4,224,224,194,194,1,2,1,2,2,6,0,2,1,2,1,1,56,1,109,1,1,5
1,6,0,400,397,8,https://resultados2019.blob.core.windows.net/201901/085554.jpg,OK,0,1,TOTONICAPÁN,TOTONICAPÁN,8555,CORPORACIÓN MUNICIPAL,13,2,2,0,1,4,267,267,248,248,4,24,2,3,10,14,3,4,0,3,41,5,36,3,76,2,1,17
1,13,0,400,400,8,https://resultados2019.blob.core.windows.net/201901/085604.jpg,OK,0,1,TOTONICAPÁN,TOTONICAPÁN,8560,CORPORACIÓN MUNICIPAL,19,2,2,0,1,4,272,272,240,240,1,42,3,5,8,15,1,4,1,4,10,3,52,4,66,3,3,15
1,14,0,600,599,8,https://resultados2019.blob.core.windows.net/201901/086574.jpg,OK,0,1,TOTONICAPÁN,TOTONICAPÁN,8657,CORPORACIÓN MUNICIPAL,10,2,2,0,1,4,194,194,170,170,3,16,4,2,1,7,6,4,2,6,12,3,33,4,49,0,1,17
1,3,0,348,348,8,https://resultados2019.blob.core.windows.net/201901/086164.jpg,OK,0,1,TOTONICAPÁN,TOTONICAPÁN,8616,CORPORACIÓN MUNICIPAL,6,2,2,0,1,4,189,189,180,180,3,3,0,2,7,4,2,7,0,1,0,5,18,1,123,0,0,4
1,5,0,362,359,8,https://resultados2019.blob.core.windows.net/201901/085474.jpg,OK,5,1,TOTONICAPÁN,TOTONICAPÁN,8547,CORPORACIÓN MUNICIPAL,6,2,2,0,1,4,162,162,151,151,2,8,2,5,4,8,3,0,2,8,5,5,32,2,51,1,3,10
1,1,0,423,423,8,https://resultados2019.blob.core.windows.net/201901/086604.jpg,OK,0,1,TOTONICAPÁN,TOTONICAPÁN,8660,CORPORACIÓN MUNICIPAL,6,2,2,0,1,4,87,87,80,80,1,7,2,0,0,7,0,3,0,3,6,4,16,0,21,1,3,6
1,5,0,195,197,8,https://resultados2019.blob.core.windows.net/201901/086264.jpg,OK,0,1,TOTONICAPÁN,TOTONICAPÁN,8626,CORPORACIÓN MUNICIPAL,2,2,2,0,1,4,90,90,83,83,1,0,0,0,0,1,0,1,1,1,1,0,0,0,67,0,0,10
1,5,0,400,400,8,https://resultados2019.blob.core.windows.net/201901/085994.jpg,OK,0,1,TOTONICAPÁN,TOTONICAPÁN,8599,CORPORACIÓN MUNICIPAL,6,2,2,0,1,4,245,245,234,234,3,6,4,3,4,16,4,1,1,4,11,4,50,7,96,2,3,15
1,3,0,400,400,8,https://resultados2019.blob.core.windows.net/201901/085614.jpg,OK,0,1,TOTONICAPÁN,TOTONICAPÁN,8561,CORPORACIÓN MUNICIPAL,27,2,2,0,1,4,258,258,228,228,4,25,6,2,8,9,3,0,0,4,26,6,58,2,53,5,4,13
1,4,0,400,400,8,https://resultados2019.blob.core.windows.net/201901/085484.jpg,OK,0,1,TOTONICAPÁN,TOTONICAPÁN,8548,CORPORACIÓN MUNICIPAL,15,2,2,0,1,4,256,256,237,237,2,18,7,7,7,15,4,4,1,6,24,3,37,9,78,3,6,6
1,11,0,380,380,8,https://resultados2019.blob.core.windows.net/201901/086354.jpg,OK,0,1,TOTONICAPÁN,TOTONICAPÁN,8635,CORPORACIÓN MUNICIPAL,15,2,2,0,1,4,195,195,169,169,3,1,5,2,2,4,2,4,0,8,15,0,60,2,52,2,1,6
1,9,0,400,418,8,https://resultados2019.blob.core.windows.net/201901/085334.jpg,OK,0,1,TOTONICAPÁN,TOTONICAPÁN,8533,CORPORACIÓN MUNICIPAL,10,2,2,0,1,4,269,269,250,250,3,12,5,2,6,55,4,2,2,4,11,4,74,3,50,1,1,11
1,13,0,400,400,8,https://resultados2019.blob.core.windows.net/201901/085194.jpg,OK,0,1,TOTONICAPÁN,TOTONICAPÁN,8519,CORPORACIÓN MUNICIPAL,20,2,2,0,1,4,267,267,234,234,4,15,4,1,1,11,2,3,2,8,15,13,42,1,76,4,6,26
1,14,0,400,396,8,https://resultados2019.blob.core.windows.net/201901/085984.jpg,OK,0,1,TOTONICAPÁN,TOTONICAPÁN,8598,CORPORACIÓN MUNICIPAL,10,2,2,0,1,4,245,245,221,221,3,7,3,3,5,17,3,3,0,5,6,2,44,6,98,0,2,14
1,16,0,400,398,8,https://resultados2019.blob.core.windows.net/201901/085534.jpg,OK,0,1,TOTONICAPÁN,TOTONICAPÁN,8553,CORPORACIÓN MUNICIPAL,17,2,2,0,1,4,256,256,223,223,1,21,4,2,7,23,5,8,2,7,10,3,28,3,85,0,4,10
1,6,0,400,400,8,https://resultados2019.blob.core.windows.net/201901/085034.jpg,OK,0,1,TOTONICAPÁN,TOTONICAPÁN,8503,CORPORACIÓN MUNICIPAL,14,2,2,0,1,4,286,286,266,266,5,17,6,3,6,16,5,7,5,14,13,8,39,9,81,3,3,26
1,4,0,400,400,8,https://resultados2019.blob.core.windows.net/201901/085044.jpg,OK,0,1,TOTONICAPÁN,TOTONICAPÁN,8504,CORPORACIÓN MUNICIPAL,12,2,2,0,1,4,298,298,282,282,6,10,6,3,1,8,4,9,2,9,27,9,64,6,84,7,4,23
1,0,0,423,423,8,https://resultados2019.blob.core.windows.net/201901/086614.jpg,OK,0,1,TOTONICAPÁN,TOTONICAPÁN,8661,CORPORACIÓN MUNICIPAL,5,2,2,0,1,4,60,60,55,55,3,7,1,0,0,2,1,1,0,2,8,1,7,1,18,0,0,3
1,11,0,400,395,8,https://resultados2019.blob.core.windows.net/201901/085404.jpg,OK,0,1,TOTONICAPÁN,TOTONICAPÁN,8540,CORPORACIÓN MUNICIPAL,19,2,2,0,1,4,261,261,231,231,5,7,4,3,6,3,4,7,1,8,19,5,33,3,115,1,5,2
1,5,0,332,332,8,https://resultados2019.blob.core.windows.net/201901/085354.jpg,OK,0,1,TOTONICAPÁN,TOTONICAPÁN,8535,CORPORACIÓN MUNICIPAL,5,2,2,0,1,4,187,187,177,177,3,9,2,2,2,39,1,1,0,4,13,4,45,1,45,0,0,6
1,9,0,400,396,8,https://resultados2019.blob.core.windows.net/201901/085584.jpg,OK,0,1,TOTONICAPÁN,TOTONICAPÁN,8558,CORPORACIÓN MUNICIPAL,25,2,2,0,1,4,257,257,223,223,3,27,2,5,8,8,2,3,0,8,11,6,49,5,68,1,1,16
1,8,0,380,380,8,https://resultados2019.blob.core.windows.net/201901/086304.jpg,OK,0,1,TOTONICAPÁN,TOTONICAPÁN,8630,CORPORACIÓN MUNICIPAL,15,2,2,0,1,4,221,221,198,198,1,5,2,1,33,14,5,5,2,4,9,0,18,1,87,1,6,4
1,11,0,400,400,8,https://resultados2019.blob.core.windows.net/201901/085494.jpg,OK,0,1,TOTONICAPÁN,TOTONICAPÁN,8549,CORPORACIÓN MUNICIPAL,17,2,2,0,1,4,238,238,210,210,2,4,2,2,14,9,3,4,1,2,21,6,37,2,95,3,2,1
1,8,0,400,400,8,https://resultados2019.blob.core.windows.net/201901/085254.jpg,OK,0,1,TOTONICAPÁN,TOTONICAPÁN,8525,CORPORACIÓN MUNICIPAL,19,2,2,0,1,4,245,245,218,218,8,13,4,2,4,28,1,6,0,8,13,4,34,3,68,3,5,14
1,6,0,400,400,8,https://resultados2019.blob.core.windows.net/201901/085344.jpg,OK,0,1,TOTONICAPÁN,TOTONICAPÁN,8534,CORPORACIÓN MUNICIPAL,8,2,2,0,1,4,234,234,220,220,1,7,3,1,3,43,4,6,3,8,8,13,34,2,58,7,1,18
1,8,0,380,380,8,https://resultados2019.blob.core.windows.net/201901/086174.jpg,OK,8,1,TOTONICAPÁN,TOTONICAPÁN,8617,CORPORACIÓN MUNICIPAL,0,2,2,0,1,4,180,180,172,172,6,1,7,1,4,2,1,7,1,9,4,1,39,4,71,3,2,9
1,4,0,380,380,8,https://resultados2019.blob.core.windows.net/201901/086144.jpg,OK,0,1,TOTONICAPÁN,TOTONICAPÁN,8614,CORPORACIÓN MUNICIPAL,9,2,2,0,1,4,221,221,208,208,0,2,1,1,4,5,4,5,0,4,3,4,31,1,139,0,0,4
1,1,0,400,398,8,https://resultados2019.blob.core.windows.net/201901/085124.jpg,OK,1,1,TOTONICAPÁN,TOTONICAPÁN,8512,CORPORACIÓN MUNICIPAL,7,2,2,0,1,4,284,284,276,276,3,14,3,2,5,21,4,1,8,20,18,12,43,3,77,2,7,33
1,20,0,380,380,8,https://resultados2019.blob.core.windows.net/201901/086274.jpg,OK,0,1,TOTONICAPÁN,TOTONICAPÁN,8627,CORPORACIÓN MUNICIPAL,17,2,2,0,1,4,259,259,222,222,3,2,1,6,39,17,6,3,1,0,4,4,17,2,110,3,2,2
1,17,0,380,380,8,https://resultados2019.blob.core.windows.net/201901/086454.jpg,OK,0,1,TOTONICAPÁN,TOTONICAPÁN,8645,CORPORACIÓN MUNICIPAL,18,2,2,0,1,4,251,251,216,216,1,2,5,0,1,3,1,2,1,0,22,2,2,0,169,0,0,5
1,1,0,363,363,8,https://resultados2019.blob.core.windows.net/201901/085464.jpg,OK,0,1,TOTONICAPÁN,TOTONICAPÁN,8546,CORPORACIÓN MUNICIPAL,11,2,2,0,1,4,194,194,182,182,3,10,5,2,2,13,5,7,1,7,6,4,34,3,65,1,4,10
1,1,0,400,400,8,https://resultados2019.blob.core.windows.net/201901/085164.jpg,OK,0,1,TOTONICAPÁN,TOTONICAPÁN,8516,CORPORACIÓN MUNICIPAL,13,2,2,0,1,4,303,303,289,289,2,17,3,6,4,13,4,4,0,16,25,11,56,3,86,4,3,32
1,14,0,380,380,8,https://resultados2019.blob.core.windows.net/201901/086114.jpg,OK,0,1,TOTONICAPÁN,TOTONICAPÁN,8611,CORPORACIÓN MUNICIPAL,18,2,2,0,1,4,252,252,220,220,6,1,2,2,3,3,0,6,0,4,3,0,28,0,156,0,0,6
1,11,0,400,400,8,https://resultados2019.blob.core.windows.net/201901/085054.jpg,OK,0,1,TOTONICAPÁN,TOTONICAPÁN,8505,CORPORACIÓN MUNICIPAL,11,2,2,0,1,4,291,291,269,269,1,18,1,5,5,9,6,6,1,2,19,10,65,6,71,8,5,31
1,6,1,400,400,8,https://resultados2019.blob.core.windows.net/201901/086004.jpg,OK,0,1,TOTONICAPÁN,TOTONICAPÁN,8600,CORPORACIÓN MUNICIPAL,6,2,2,0,1,4,249,249,237,237,3,12,2,7,2,24,4,4,1,13,25,5,42,7,62,5,2,17
1,2,0,400,400,8,https://resultados2019.blob.core.windows.net/201901/085144.jpg,OK,0,1,TOTONICAPÁN,TOTONICAPÁN,8514,CORPORACIÓN MUNICIPAL,9,2,2,0,1,4,311,311,300,300,6,19,2,3,1,17,3,6,12,18,18,17,44,6,83,5,8,32
1,7,0,275,275,8,https://resultados2019.blob.core.windows.net/201901/086224.jpg,OK,0,1,TOTONICAPÁN,TOTONICAPÁN,8622,CORPORACIÓN MUNICIPAL,1,2,1,0,1,4,121,121,113,113,1,2,3,0,2,2,0,5,0,7,1,2,32,3,44,0,1,8
1,6,0,379,379,8,https://resultados2019.blob.core.windows.net/201901/086364.jpg,OK,0,1,TOTONICAPÁN,TOTONICAPÁN,8636,CORPORACIÓN MUNICIPAL,8,2,2,0,1,4,173,173,159,159,0,1,5,4,2,7,3,3,0,6,12,4,39,2,62,1,0,8
1,3,0,400,400,8,https://resultados2019.blob.core.windows.net/201901/085134.jpg,OK,0,1,TOTONICAPÁN,TOTONICAPÁN,8513,CORPORACIÓN MUNICIPAL,9,2,2,0,1,4,283,283,271,271,6,15,4,2,2,16,2,4,5,18,20,14,39,6,89,2,6,21
1,5,0,400,400,8,https://resultados2019.blob.core.windows.net/201901/085294.jpg,OK,18,1,TOTONICAPÁN,TOTONICAPÁN,8529,CORPORACIÓN MUNICIPAL,13,2,2,0,1,4,254,254,236,236,10,6,1,1,3,41,5,6,1,8,16,2,56,0,60,3,2,15
1,11,0,400,398,8,https://resultados2019.blob.core.windows.net/201901/085444.jpg,OK,0,1,TOTONICAPÁN,TOTONICAPÁN,8544,CORPORACIÓN MUNICIPAL,12,2,2,0,1,4,243,243,220,220,2,10,2,2,1,22,7,7,0,6,11,6,58,4,70,2,1,9
1,9,0,400,400,8,https://resultados2019.blob.core.windows.net/201901/085894.jpg,OK,0,1,TOTONICAPÁN,TOTONICAPÁN,8589,CORPORACIÓN MUNICIPAL,11,2,2,0,1,4,252,252,232,232,3,12,2,2,6,14,10,6,2,17,11,8,45,2,69,2,7,14
1,10,0,380,380,8,https://resultados2019.blob.core.windows.net/201901/086314.jpg,OK,0,1,TOTONICAPÁN,TOTONICAPÁN,8631,CORPORACIÓN MUNICIPAL,15,2,2,0,1,4,218,218,193,193,6,1,0,7,26,13,2,2,0,3,3,3,22,3,93,1,4,4
1,15,0,400,400,8,https://resultados2019.blob.core.windows.net/201901/085264.jpg,OK,0,1,TOTONICAPÁN,TOTONICAPÁN,8526,CORPORACIÓN MUNICIPAL,13,2,2,0,1,4,270,270,242,242,6,17,2,3,6,16,0,7,3,7,9,2,65,2,82,1,3,11
1,8,0,380,380,8,https://resultados2019.blob.core.windows.net/201901/086284.jpg,OK,0,1,TOTONICAPÁN,TOTONICAPÁN,8628,CORPORACIÓN MUNICIPAL,26,2,2,0,1,4,245,245,211,211,2,7,2,12,26,9,4,5,1,3,5,3,20,3,101,2,2,4
1,12,0,400,400,8,https://resultados2019.blob.core.windows.net/201901/085394.jpg,OK,0,1,TOTONICAPÁN,TOTONICAPÁN,8539,CORPORACIÓN MUNICIPAL,16,2,2,0,1,4,263,263,235,235,2,8,3,5,5,8,0,6,0,7,14,1,38,4,125,1,3,5
1,20,0,380,380,8,https://resultados2019.blob.core.windows.net/201901/086234.jpg,OK,0,1,TOTONICAPÁN,TOTONICAPÁN,8623,CORPORACIÓN MUNICIPAL,21,2,2,0,1,4,252,252,211,211,5,2,0,0,1,6,0,1,0,2,4,0,4,1,174,1,0,10
1,6,0,600,600,8,https://resultados2019.blob.core.windows.net/201901/086564.jpg,OK,0,1,TOTONICAPÁN,TOTONICAPÁN,8656,CORPORACIÓN MUNICIPAL,16,2,2,0,1,4,219,219,197,197,2,9,1,2,2,15,1,6,3,9,12,6,39,7,68,1,1,13
1,15,0,380,380,8,https://resultados2019.blob.core.windows.net/201901/086394.jpg,OK,0,1,TOTONICAPÁN,TOTONICAPÁN,8639,CORPORACIÓN MUNICIPAL,12,2,2,0,1,4,210,210,183,183,2,5,1,3,1,8,2,3,0,1,7,1,19,3,113,2,2,10
1,8,0,380,380,8,https://resultados2019.blob.core.windows.net/201901/086484.jpg,OK,0,1,TOTONICAPÁN,TOTONICAPÁN,8648,CORPORACIÓN MUNICIPAL,16,2,2,0,1,4,222,222,198,198,10,9,2,4,4,3,5,11,1,6,4,3,38,8,80,0,1,9
1,7,0,400,400,8,https://resultados2019.blob.core.windows.net/201901/085084.jpg,OK,0,1,TOTONICAPÁN,TOTONICAPÁN,8508,CORPORACIÓN MUNICIPAL,10,2,2,0,1,4,303,303,286,286,7,16,5,3,4,15,4,8,3,11,16,11,40,9,96,5,7,26
1,8,0,400,400,8,https://resultados2019.blob.core.windows.net/201901/085724.jpg,OK,0,1,TOTONICAPÁN,TOTONICAPÁN,8572,CORPORACIÓN MUNICIPAL,27,2,2,0,1,4,270,270,235,235,11,12,9,7,11,17,3,5,2,5,10,3,56,9,62,2,4,7
1,3,0,400,402,8,https://resultados2019.blob.core.windows.net/201901/085224.jpg,OK,0,1,TOTONICAPÁN,TOTONICAPÁN,8522,CORPORACIÓN MUNICIPAL,14,2,2,0,1,4,254,254,237,237,5,19,3,2,2,12,4,5,1,11,20,11,35,2,79,3,3,20
0,8,0,251,251,8,https://resultados2019.blob.core.windows.net/201901/086084.jpg,OK,0,1,TOTONICAPÁN,TOTONICAPÁN,8608,CORPORACIÓN MUNICIPAL,6,2,2,0,1,4,163,162,148,149,1,0,1,0,2,1,0,0,0,1,29,1,31,0,75,0,1,5
1,9,0,600,600,8,https://resultados2019.blob.core.windows.net/201901/086534.jpg,OK,0,1,TOTONICAPÁN,TOTONICAPÁN,8653,CORPORACIÓN MUNICIPAL,17,2,2,0,1,4,231,231,205,205,1,8,2,4,4,10,1,7,1,9,21,5,47,4,63,1,2,15
1,4,0,261,261,8,https://resultados2019.blob.core.windows.net/201901/086024.jpg,OK,0,1,TOTONICAPÁN,TOTONICAPÁN,8602,CORPORACIÓN MUNICIPAL,3,2,2,0,1,4,132,132,125,125,2,7,1,3,0,17,3,4,1,3,12,5,15,3,30,1,8,10
1,7,0,600,600,8,https://resultados2019.blob.core.windows.net/201901/086594.jpg,OK,0,1,TOTONICAPÁN,TOTONICAPÁN,8659,CORPORACIÓN MUNICIPAL,8,2,2,0,1,4,173,173,158,158,2,9,1,2,2,12,1,1,1,7,13,5,23,4,51,3,3,18
1,16,0,400,400,8,https://resultados2019.blob.core.windows.net/201901/085594.jpg,OK,0,1,TOTONICAPÁN,TOTONICAPÁN,8559,CORPORACIÓN MUNICIPAL,42,2,2,0,1,4,249,249,191,191,1,30,2,4,10,2,3,3,0,11,16,3,27,0,57,1,4,17
1,2,0,400,400,8,https://resultados2019.blob.core.windows.net/201901/085424.jpg,OK,0,1,TOTONICAPÁN,TOTONICAPÁN,8542,CORPORACIÓN MUNICIPAL,3,2,2,0,1,4,212,212,207,207,1,11,4,4,4,18,3,4,1,11,5,5,42,3,75,1,5,10
1,9,0,600,608,8,https://resultados2019.blob.core.windows.net/201901/086554.jpg,OK,0,1,TOTONICAPÁN,TOTONICAPÁN,8655,CORPORACIÓN MUNICIPAL,15,2,2,0,1,4,202,202,178,178,1,26,3,0,2,20,1,6,2,10,13,2,31,0,44,2,1,14
1,10,0,400,400,8,https://resultados2019.blob.core.windows.net/201901/085884.jpg,OK,0,1,TOTONICAPÁN,TOTONICAPÁN,8588,CORPORACIÓN MUNICIPAL,13,2,2,0,1,4,257,257,234,234,2,20,2,0,3,23,3,4,0,8,18,5,36,8,90,1,1,10
1,5,0,380,380,8,https://resultados2019.blob.core.windows.net/201901/086064.jpg,OK,0,1,TOTONICAPÁN,TOTONICAPÁN,8606,CORPORACIÓN MUNICIPAL,10,2,2,0,1,4,240,240,225,225,0,2,4,2,1,2,0,0,0,2,27,0,44,0,138,0,1,2
1,1,0,400,396,8,https://resultados2019.blob.core.windows.net/201901/085094.jpg,OK,4,1,TOTONICAPÁN,TOTONICAPÁN,8509,CORPORACIÓN MUNICIPAL,14,2,2,0,1,4,323,323,308,308,4,24,11,2,2,20,4,7,4,15,26,13,41,9,83,7,4,32
1,23,0,380,380,8,https://resultados2019.blob.core.windows.net/201901/086384.jpg,OK,0,1,TOTONICAPÁN,TOTONICAPÁN,8638,CORPORACIÓN MUNICIPAL,12,2,2,0,1,4,214,214,179,179,1,8,2,3,3,7,2,3,1,0,2,2,23,1,108,2,0,11
1,9,0,232,230,8,https://resultados2019.blob.core.windows.net/201901/086464.jpg,OK,0,1,TOTONICAPÁN,TOTONICAPÁN,8646,CORPORACIÓN MUNICIPAL,11,2,2,0,1,4,129,129,109,109,0,2,4,0,0,1,0,0,1,2,16,0,5,0,74,2,0,2
1,6,0,400,436,8,https://resultados2019.blob.core.windows.net/201901/085314.jpg,OK,0,1,TOTONICAPÁN,TOTONICAPÁN,8531,CORPORACIÓN MUNICIPAL,24,2,2,0,1,4,275,275,245,245,0,6,4,1,7,55,2,8,3,5,14,2,51,4,65,3,3,12
1,7,0,400,400,8,https://resultados2019.blob.core.windows.net/201901/085014.jpg,OK,0,1,TOTONICAPÁN,TOTONICAPÁN,8501,CORPORACIÓN MUNICIPAL,18,2,2,0,1,4,280,280,255,255,3,16,8,5,0,14,13,6,4,15,7,10,46,6,77,1,4,20
1,12,0,380,380,8,https://resultados2019.blob.core.windows.net/201901/086044.jpg,OK,0,1,TOTONICAPÁN,TOTONICAPÁN,8604,CORPORACIÓN MUNICIPAL,22,2,2,0,1,4,293,293,259,259,2,2,0,0,4,3,0,1,0,2,58,1,41,2,136,1,1,5
1,4,0,400,400,8,https://resultados2019.blob.core.windows.net/201901/085804.jpg,OK,0,1,TOTONICAPÁN,TOTONICAPÁN,8580,CORPORACIÓN MUNICIPAL,9,2,2,0,1,4,246,246,233,233,4,18,5,4,2,11,4,6,1,8,12,10,43,5,88,1,1,10
1,8,0,380,380,8,https://resultados2019.blob.core.windows.net/201901/086104.jpg,OK,0,1,TOTONICAPÁN,TOTONICAPÁN,8610,CORPORACIÓN MUNICIPAL,21,2,2,0,1,4,263,263,234,234,3,3,0,0,2,2,1,1,1,1,3,1,9,5,195,1,1,5
1,15,0,400,400,8,https://resultados2019.blob.core.windows.net/201901/085684.jpg,OK,0,1,TOTONICAPÁN,TOTONICAPÁN,8568,CORPORACIÓN MUNICIPAL,22,2,2,0,1,4,269,269,232,232,4,11,7,1,2,51,1,5,0,4,9,0,47,5,79,1,1,4
1,11,0,400,400,8,https://resultados2019.blob.core.windows.net/201901/085514.jpg,OK,0,1,TOTONICAPÁN,TOTONICAPÁN,8551,CORPORACIÓN MUNICIPAL,14,2,2,0,1,4,237,237,212,212,9,14,4,0,1,8,10,7,3,9,17,4,45,3,60,0,2,16
1,8,0,400,400,8,https://resultados2019.blob.core.windows.net/201901/085764.jpg,OK,135,1,TOTONICAPÁN,TOTONICAPÁN,8576,CORPORACIÓN MUNICIPAL,7,2,2,0,1,4,265,265,250,250,4,7,4,1,4,46,3,3,1,9,11,6,31,3,94,4,8,11
1,7,0,400,396,8,https://resultados2019.blob.core.windows.net/201901/085964.jpg,OK,0,1,TOTONICAPÁN,TOTONICAPÁN,8596,CORPORACIÓN MUNICIPAL,8,2,2,0,1,4,227,227,212,212,1,8,0,6,6,29,3,3,1,7,20,3,32,5,69,4,1,14
0,14,0,400,400,8,https://resultados2019.blob.core.windows.net/201901/085734.jpg,OK,0,1,TOTONICAPÁN,TOTONICAPÁN,8573,CORPORACIÓN MUNICIPAL,14,2,2,0,1,4,265,264,236,237,4,9,0,4,1,25,3,2,5,4,13,7,60,6,69,2,13,9
1,6,0,400,400,8,https://resultados2019.blob.core.windows.net/201901/085814.jpg,OK,0,1,TOTONICAPÁN,TOTONICAPÁN,8581,CORPORACIÓN MUNICIPAL,11,2,2,0,1,4,244,244,227,227,5,18,3,1,7,10,6,11,3,10,18,4,34,1,78,1,5,12
1,12,0,251,251,8,https://resultados2019.blob.core.windows.net/201901/086094.jpg,OK,0,1,TOTONICAPÁN,TOTONICAPÁN,8609,CORPORACIÓN MUNICIPAL,2,2,2,0,1,4,162,162,148,148,0,0,1,1,1,1,0,3,1,0,33,1,28,1,73,0,0,4
0,5,0,400,400,8,https://resultados2019.blob.core.windows.net/201901/086014.jpg,OK,0,1,TOTONICAPÁN,TOTONICAPÁN,8601,CORPORACIÓN MUNICIPAL,7,2,2,0,1,4,224,224,212,213,4,9,1,7,6,35,1,5,0,2,19,4,40,4,62,0,3,10
1,12,0,380,380,8,https://resultados2019.blob.core.windows.net/201901/086434.jpg,OK,0,1,TOTONICAPÁN,TOTONICAPÁN,8643,CORPORACIÓN MUNICIPAL,17,2,2,0,1,4,243,243,214,214,0,5,6,0,0,6,1,0,2,3,22,0,3,0,158,1,1,6
1,19,0,400,400,8,https://resultados2019.blob.core.windows.net/201901/085504.jpg,OK,0,1,TOTONICAPÁN,TOTONICAPÁN,8550,CORPORACIÓN MUNICIPAL,25,2,2,0,1,4,243,243,199,199,3,15,2,1,9,6,1,3,1,13,12,2,31,1,89,0,3,7
1,5,0,400,416,8,https://resultados2019.blob.core.windows.net/201901/085744.jpg,OK,0,1,TOTONICAPÁN,TOTONICAPÁN,8574,CORPORACIÓN MUNICIPAL,6,2,2,0,1,4,242,242,231,231,4,11,2,5,5,46,5,6,5,3,6,7,34,5,75,1,2,9
1,8,0,380,380,8,https://resultados2019.blob.core.windows.net/201901/086134.jpg,OK,0,1,TOTONICAPÁN,TOTONICAPÁN,8613,CORPORACIÓN MUNICIPAL,22,2,2,0,1,4,234,234,204,204,4,0,1,0,3,2,1,4,0,1,1,3,65,2,108,0,1,8
1,0,0,391,392,8,https://resultados2019.blob.core.windows.net/201901/085234.jpg,OK,0,1,TOTONICAPÁN,TOTONICAPÁN,8523,CORPORACIÓN MUNICIPAL,8,2,2,0,1,4,252,252,244,244,2,14,4,5,3,15,5,5,1,13,16,8,48,4,68,11,4,18
1,0,0,334,334,8,https://resultados2019.blob.core.windows.net/201901/085664.jpg,OK,0,1,TOTONICAPÁN,TOTONICAPÁN,8566,CORPORACIÓN MUNICIPAL,1,2,2,0,1,4,191,191,190,190,2,16,2,3,5,13,2,4,3,7,13,4,30,3,62,0,4,17
1,14,0,196,196,8,https://resultados2019.blob.core.windows.net/201901/086254.jpg,OK,0,1,TOTONICAPÁN,TOTONICAPÁN,8625,CORPORACIÓN MUNICIPAL,8,2,2,0,1,4,122,122,100,100,3,1,0,1,0,5,0,0,0,0,0,1,4,0,73,0,1,11
1,5,0,400,400,8,https://resultados2019.blob.core.windows.net/201901/085154.jpg,OK,0,1,TOTONICAPÁN,TOTONICAPÁN,8515,CORPORACIÓN MUNICIPAL,9,2,2,0,1,4,292,292,278,278,5,16,3,3,5,17,3,5,9,18,23,14,45,8,59,7,0,38
1,11,0,400,400,8,https://resultados2019.blob.core.windows.net/201901/085974.jpg,OK,154,1,TOTONICAPÁN,TOTONICAPÁN,8597,CORPORACIÓN MUNICIPAL,13,2,2,0,1,4,246,246,222,222,4,8,3,5,6,18,1,4,3,2,13,3,32,3,90,1,3,23
1,15,0,400,400,8,https://resultados2019.blob.core.windows.net/201901/085924.jpg,OK,129,1,TOTONICAPÁN,TOTONICAPÁN,8592,CORPORACIÓN MUNICIPAL,17,2,2,0,1,4,271,271,239,239,4,16,3,1,10,13,2,6,0,3,42,3,34,8,69,1,4,20
1,19,0,400,400,8,https://resultados2019.blob.core.windows.net/201901/085374.jpg,OK,0,1,TOTONICAPÁN,TOTONICAPÁN,8537,CORPORACIÓN MUNICIPAL,15,2,2,0,1,4,306,306,272,272,4,12,1,10,3,11,5,3,2,4,6,4,49,3,135,5,3,12
1,6,0,400,396,8,https://resultados2019.blob.core.windows.net/201901/085624.jpg,OK,0,1,TOTONICAPÁN,TOTONICAPÁN,8562,CORPORACIÓN MUNICIPAL,15,2,2,0,1,4,255,255,234,234,3,28,3,1,5,17,3,3,3,10,17,9,40,4,71,1,3,13
1,4,0,290,291,8,https://resultados2019.blob.core.windows.net/201901/086324.jpg,OK,0,1,TOTONICAPÁN,TOTONICAPÁN,8632,CORPORACIÓN MUNICIPAL,10,2,2,0,1,4,163,163,149,149,3,2,0,2,24,12,9,1,1,1,1,1,16,2,67,1,3,3
1,3,0,400,400,8,https://resultados2019.blob.core.windows.net/201901/085004.jpg,OK,0,1,TOTONICAPÁN,TOTONICAPÁN,8500,CORPORACIÓN MUNICIPAL,10,2,2,0,1,4,307,307,294,294,8,11,5,5,2,13,2,7,4,9,26,19,46,5,85,12,6,29
1,5,0,400,400,8,https://resultados2019.blob.core.windows.net/201901/085564.jpg,OK,0,1,TOTONICAPÁN,TOTONICAPÁN,8556,CORPORACIÓN MUNICIPAL,8,2,2,0,1,4,219,219,206,206,1,20,3,1,4,18,7,2,2,6,9,7,36,2,65,3,1,19
1,10,0,380,394,8,https://resultados2019.blob.core.windows.net/201901/086184.jpg,OK,0,1,TOTONICAPÁN,TOTONICAPÁN,8618,CORPORACIÓN MUNICIPAL,16,2,2,0,1,4,224,224,198,198,2,3,2,3,4,5,3,6,0,9,6,3,61,7,73,0,2,9
0,21,0,400,398,8,https://resultados2019.blob.core.windows.net/201901/085714.jpg,OK,0,1,TOTONICAPÁN,TOTONICAPÁN,8571,CORPORACIÓN MUNICIPAL,26,2,2,0,1,4,275,275,228,128,5,8,4,5,3,8,2,4,9,2,9,2,38,18,103,1,2,5
1,13,0,400,400,8,https://resultados2019.blob.core.windows.net/201901/085324.jpg,OK,0,1,TOTONICAPÁN,TOTONICAPÁN,8532,CORPORACIÓN MUNICIPAL,12,2,2,0,1,4,268,268,243,243,17,13,2,3,4,6,2,4,2,10,18,1,117,0,33,0,2,9
1,3,0,400,395,8,https://resultados2019.blob.core.windows.net/201901/085184.jpg,OK,0,1,TOTONICAPÁN,TOTONICAPÁN,8518,CORPORACIÓN MUNICIPAL,11,2,2,0,1,4,265,265,251,251,7,16,1,2,2,15,3,3,1,8,17,10,54,2,72,2,7,29
1,7,0,400,400,8,https://resultados2019.blob.core.windows.net/201901/085874.jpg,OK,0,1,TOTONICAPÁN,TOTONICAPÁN,8587,CORPORACIÓN MUNICIPAL,6,2,2,0,1,4,259,259,246,246,3,18,0,2,4,22,5,13,0,9,12,8,41,6,84,9,2,8
1,18,0,400,400,8,https://resultados2019.blob.core.windows.net/201901/085544.jpg,OK,0,1,TOTONICAPÁN,TOTONICAPÁN,8554,CORPORACIÓN MUNICIPAL,19,2,2,0,1,4,255,255,218,218,3,10,5,4,9,11,5,3,2,4,43,5,31,1,52,1,11,18
1,5,0,400,396,8,https://resultados2019.blob.core.windows.net/201901/085864.jpg,OK,0,1,TOTONICAPÁN,TOTONICAPÁN,8586,CORPORACIÓN MUNICIPAL,5,2,2,0,1,4,203,203,193,193,0,8,3,1,4,22,5,6,3,12,10,5,31,0,65,1,4,13
1,3,0,290,290,8,https://resultados2019.blob.core.windows.net/201901/086334.jpg,OK,0,1,TOTONICAPÁN,TOTONICAPÁN,8633,CORPORACIÓN MUNICIPAL,3,2,2,0,1,4,134,134,128,128,0,0,0,3,24,13,2,3,0,4,3,2,14,1,52,1,5,1
0,2,0,378,378,8,https://resultados2019.blob.core.windows.net/201901/086374.jpg,OK,0,1,TOTONICAPÁN,TOTONICAPÁN,8637,CORPORACIÓN MUNICIPAL,4,2,2,0,1,4,150,149,143,144,1,4,5,2,2,8,3,5,0,13,12,1,40,2,39,0,1,5
0,2,0,400,400,8,https://resultados2019.blob.core.windows.net/201901/085774.jpg,OK,0,1,TOTONICAPÁN,TOTONICAPÁN,8577,CORPORACIÓN MUNICIPAL,6,2,2,0,1,4,239,239,231,221,8,11,4,0,4,48,4,5,2,8,7,4,29,4,78,1,3,11
1,0,0,389,393,8,https://resultados2019.blob.core.windows.net/201901/085914.jpg,OK,0,1,TOTONICAPÁN,TOTONICAPÁN,8591,CORPORACIÓN MUNICIPAL,3,2,2,0,1,4,167,167,164,164,3,12,1,4,4,19,2,4,0,7,7,4,28,2,58,1,2,6
1,8,0,380,380,8,https://resultados2019.blob.core.windows.net/201901/086194.jpg,OK,0,1,TOTONICAPÁN,TOTONICAPÁN,8619,CORPORACIÓN MUNICIPAL,21,2,1,0,1,4,210,210,181,181,4,4,1,1,9,3,1,4,0,6,5,2,43,7,77,1,2,11
1,14,0,400,400,8,https://resultados2019.blob.core.windows.net/201901/085304.jpg,OK,0,1,TOTONICAPÁN,TOTONICAPÁN,8530,CORPORACIÓN MUNICIPAL,20,2,2,0,1,4,290,290,256,256,2,15,0,4,5,82,5,7,0,12,15,5,30,6,53,1,1,13
1,3,0,400,400,8,https://resultados2019.blob.core.windows.net/201901/085214.jpg,OK,3,1,TOTONICAPÁN,TOTONICAPÁN,8521,CORPORACIÓN MUNICIPAL,3,2,2,0,1,4,241,241,235,235,4,14,1,2,1,16,3,5,2,9,19,10,33,5,66,6,4,35
1,7,0,600,600,8,https://resultados2019.blob.core.windows.net/201901/086544.jpg,OK,1,1,TOTONICAPÁN,TOTONICAPÁN,8654,CORPORACIÓN MUNICIPAL,17,2,2,0,1,4,181,181,157,157,2,10,3,2,3,13,1,3,2,5,12,4,36,1,47,1,3,9
1,1,0,400,400,8,https://resultados2019.blob.core.windows.net/201901/085104.jpg,OK,0,1,TOTONICAPÁN,TOTONICAPÁN,8510,CORPORACIÓN MUNICIPAL,12,2,2,0,1,4,270,270,257,257,4,16,1,0,4,14,3,3,1,8,23,14,34,3,90,3,2,34
1,11,0,371,371,8,https://resultados2019.blob.core.windows.net/201901/086494.jpg,OK,0,1,TOTONICAPÁN,TOTONICAPÁN,8649,CORPORACIÓN MUNICIPAL,7,2,2,0,1,4,220,220,202,202,9,9,4,3,1,2,6,16,2,4,2,2,42,5,85,1,2,7
1,10,0,380,376,8,https://resultados2019.blob.core.windows.net/201901/086344.jpg,OK,0,1,TOTONICAPÁN,TOTONICAPÁN,8634,CORPORACIÓN MUNICIPAL,9,2,2,0,1,4,188,188,169,169,1,6,6,5,6,8,5,0,0,3,14,1,44,2,58,4,1,5
1,9,0,400,400,8,https://resultados2019.blob.core.windows.net/201901/085414.jpg,OK,0,1,TOTONICAPÁN,TOTONICAPÁN,8541,CORPORACIÓN MUNICIPAL,12,2,2,0,1,4,269,269,248,248,4,13,2,3,3,7,3,2,3,12,11,7,45,6,111,1,10,5
1,9,0,400,392,8,https://resultados2019.blob.core.windows.net/201901/085644.jpg,OK,0,1,TOTONICAPÁN,TOTONICAPÁN,8564,CORPORACIÓN MUNICIPAL,7,2,2,0,1,4,237,237,221,221,6,25,2,2,8,6,2,5,1,8,18,4,39,2,73,2,3,15
1,1,0,333,333,8,https://resultados2019.blob.core.windows.net/201901/085674.jpg,OK,0,1,TOTONICAPÁN,TOTONICAPÁN,8567,CORPORACIÓN MUNICIPAL,2,2,2,0,1,4,150,150,147,147,3,10,3,1,6,13,2,6,2,2,20,0,15,1,51,0,3,9
