ACTACUADRA,BLANCOS,CNTIMPUGNA,CNTINSCRITOS,CNTPAPELETAS,DEP,IMGSRC,IMGSTATUS,INVALIDOS,MUN,NDEP,NMUN,NROMESA,NTE,NULOS,STACTA,STESCAN,STFISIC,STTRANS,TIPOELECCION,TOTALACTA,TOTALVOTOS,VOTOSVALIDOS,VOTOSVALIDOSACTA,voto_BIEN,voto_CONVERGENCIA,voto_CREO,voto_EG,voto_FCN-NACION,voto_FUERZA,voto_PC,voto_PHG,voto_PODEMOS,voto_PPT,voto_SEMILLA,voto_TODOS,voto_UCN,voto_UNE,voto_VALOR,voto_VAMOS,voto_VICTORIA,voto_VIVA
1,7,0,380,401,8,https://resultados2019.blob.core.windows.net/201901/089304.jpg,OK,0,5,TOTONICAPÁN,MOMOSTENANGO,8930,CORPORACIÓN MUNICIPAL,15,2,2,0,1,4,180,180,158,158,12,2,2,0,5,0,0,5,66,5,1,20,0,12,3,23,0,2
1,4,0,303,303,8,https://resultados2019.blob.core.windows.net/201901/089384.jpg,OK,0,5,TOTONICAPÁN,MOMOSTENANGO,8938,CORPORACIÓN MUNICIPAL,10,2,2,0,1,4,153,153,139,139,4,7,2,1,3,2,4,1,21,1,1,66,1,6,14,3,0,2
1,9,0,400,400,8,https://resultados2019.blob.core.windows.net/201901/088404.jpg,OK,0,5,TOTONICAPÁN,MOMOSTENANGO,8840,CORPORACIÓN MUNICIPAL,12,2,2,0,1,4,242,242,221,221,19,26,10,4,5,9,8,4,12,6,8,64,1,25,1,17,1,1
1,19,0,380,370,8,https://resultados2019.blob.core.windows.net/201901/089184.jpg,OK,0,5,TOTONICAPÁN,MOMOSTENANGO,8918,CORPORACIÓN MUNICIPAL,12,2,2,0,1,4,183,183,152,152,16,4,9,2,6,7,3,7,10,9,3,10,3,50,1,10,1,1
1,13,0,380,380,8,https://resultados2019.blob.core.windows.net/201901/089094.jpg,OK,0,5,TOTONICAPÁN,MOMOSTENANGO,8909,CORPORACIÓN MUNICIPAL,24,2,2,0,1,4,220,220,183,183,7,51,2,5,4,3,3,4,17,2,2,40,3,25,2,8,0,5
1,9,0,400,400,8,https://resultados2019.blob.core.windows.net/201901/088624.jpg,OK,178,5,TOTONICAPÁN,MOMOSTENANGO,8862,CORPORACIÓN MUNICIPAL,12,2,2,0,1,4,222,222,201,201,32,5,11,9,8,6,6,9,11,2,7,58,0,14,0,19,2,2
1,7,0,380,381,8,https://resultados2019.blob.core.windows.net/201901/088914.jpg,OK,0,5,TOTONICAPÁN,MOMOSTENANGO,8891,CORPORACIÓN MUNICIPAL,7,2,2,0,1,4,147,147,133,133,10,5,1,1,3,0,3,7,17,2,0,19,0,18,3,37,1,6
1,10,0,400,400,8,https://resultados2019.blob.core.windows.net/201901/088714.jpg,OK,0,5,TOTONICAPÁN,MOMOSTENANGO,8871,CORPORACIÓN MUNICIPAL,21,2,2,0,1,4,202,202,171,171,17,5,8,2,5,5,4,2,3,1,12,38,0,50,5,9,1,4
1,12,0,400,400,8,https://resultados2019.blob.core.windows.net/201901/088804.jpg,OK,0,5,TOTONICAPÁN,MOMOSTENANGO,8880,CORPORACIÓN MUNICIPAL,12,2,2,0,1,4,234,234,210,210,17,69,3,6,9,4,9,9,10,3,2,40,1,14,2,7,1,4
1,12,0,380,400,8,https://resultados2019.blob.core.windows.net/201901/089374.jpg,OK,1,5,TOTONICAPÁN,MOMOSTENANGO,8937,CORPORACIÓN MUNICIPAL,18,2,2,0,1,4,223,223,193,193,7,2,4,2,6,0,2,2,28,1,2,100,0,14,9,12,0,2
1,12,0,400,400,8,https://resultados2019.blob.core.windows.net/201901/088654.jpg,OK,0,5,TOTONICAPÁN,MOMOSTENANGO,8865,CORPORACIÓN MUNICIPAL,21,2,2,0,1,4,208,208,175,175,21,9,3,5,8,3,7,4,11,6,2,59,2,16,3,10,2,4
1,9,0,400,395,8,https://resultados2019.blob.core.windows.net/201901/088364.jpg,OK,0,5,TOTONICAPÁN,MOMOSTENANGO,8836,CORPORACIÓN MUNICIPAL,12,2,2,0,1,4,277,277,256,256,34,16,16,3,8,2,6,8,13,7,5,87,4,23,6,9,2,7
1,7,0,400,400,8,https://resultados2019.blob.core.windows.net/201901/088724.jpg,OK,223,5,TOTONICAPÁN,MOMOSTENANGO,8872,CORPORACIÓN MUNICIPAL,12,2,2,0,1,4,177,177,158,158,28,5,3,3,4,4,4,3,6,1,1,53,1,30,1,8,0,3
1,10,0,380,380,8,https://resultados2019.blob.core.windows.net/201901/089074.jpg,OK,1,5,TOTONICAPÁN,MOMOSTENANGO,8907,CORPORACIÓN MUNICIPAL,15,2,2,0,1,4,224,224,199,199,12,82,2,4,4,0,5,3,11,3,1,37,5,23,2,4,1,0
1,1,0,211,212,8,https://resultados2019.blob.core.windows.net/201901/089134.jpg,OK,0,5,TOTONICAPÁN,MOMOSTENANGO,8913,CORPORACIÓN MUNICIPAL,7,2,2,0,1,4,119,119,111,111,10,34,1,5,1,1,3,2,5,1,0,31,0,13,1,2,0,1
1,13,0,400,400,8,https://resultados2019.blob.core.windows.net/201901/088604.jpg,OK,0,5,TOTONICAPÁN,MOMOSTENANGO,8860,CORPORACIÓN MUNICIPAL,14,2,2,0,1,4,200,200,173,173,20,16,2,5,4,2,4,4,22,4,3,29,1,15,0,41,1,0
1,1,0,400,400,8,https://resultados2019.blob.core.windows.net/201901/088414.jpg,OK,0,5,TOTONICAPÁN,MOMOSTENANGO,8841,CORPORACIÓN MUNICIPAL,9,2,2,0,1,4,234,234,224,224,34,12,15,2,4,1,4,6,17,2,1,72,3,27,3,15,3,3
1,19,0,380,380,8,https://resultados2019.blob.core.windows.net/201901/089224.jpg,OK,0,5,TOTONICAPÁN,MOMOSTENANGO,8922,CORPORACIÓN MUNICIPAL,14,2,2,0,1,4,201,201,168,168,16,12,9,1,12,8,1,10,7,4,6,9,2,49,3,14,2,3
1,20,0,380,367,8,https://resultados2019.blob.core.windows.net/201901/088924.jpg,OK,0,5,TOTONICAPÁN,MOMOSTENANGO,8892,CORPORACIÓN MUNICIPAL,10,2,2,0,1,4,175,175,145,145,2,12,3,0,3,0,9,2,37,0,1,23,1,22,0,25,2,3
1,6,0,400,400,8,https://resultados2019.blob.core.windows.net/201901/088634.jpg,OK,0,5,TOTONICAPÁN,MOMOSTENANGO,8863,CORPORACIÓN MUNICIPAL,13,2,2,0,1,4,224,224,205,205,25,11,10,2,4,4,4,8,23,6,11,59,0,18,2,14,4,0
1,2,0,316,317,8,https://resultados2019.blob.core.windows.net/201901/088494.jpg,OK,0,5,TOTONICAPÁN,MOMOSTENANGO,8849,CORPORACIÓN MUNICIPAL,3,2,2,0,1,4,193,193,188,188,23,12,13,3,1,4,10,7,9,3,5,54,0,27,6,11,0,0
1,11,0,380,400,8,https://resultados2019.blob.core.windows.net/201901/089364.jpg,OK,0,5,TOTONICAPÁN,MOMOSTENANGO,8936,CORPORACIÓN MUNICIPAL,19,2,2,0,1,4,268,268,238,238,16,13,1,0,7,1,3,3,53,5,3,99,0,14,8,5,1,6
1,5,0,400,400,8,https://resultados2019.blob.core.windows.net/201901/088434.jpg,OK,0,5,TOTONICAPÁN,MOMOSTENANGO,8843,CORPORACIÓN MUNICIPAL,9,2,2,0,1,4,248,248,234,234,39,6,20,2,5,1,6,5,8,1,3,87,1,27,5,15,1,2
1,4,0,211,212,8,https://resultados2019.blob.core.windows.net/201901/089144.jpg,OK,0,5,TOTONICAPÁN,MOMOSTENANGO,8914,CORPORACIÓN MUNICIPAL,2,2,2,0,1,4,130,130,124,124,6,37,1,1,2,0,3,2,7,1,0,38,1,18,2,5,0,0
1,12,0,380,380,8,https://resultados2019.blob.core.windows.net/201901/089264.jpg,OK,0,5,TOTONICAPÁN,MOMOSTENANGO,8926,CORPORACIÓN MUNICIPAL,31,2,2,0,1,4,240,240,197,197,51,1,1,1,2,1,3,5,69,6,1,18,3,14,1,19,0,1
1,17,0,380,381,8,https://resultados2019.blob.core.windows.net/201901/088934.jpg,OK,0,5,TOTONICAPÁN,MOMOSTENANGO,8893,CORPORACIÓN MUNICIPAL,10,2,2,0,1,4,186,186,159,159,7,4,0,3,3,0,3,5,35,4,1,30,0,29,1,26,1,7
1,13,0,400,400,8,https://resultados2019.blob.core.windows.net/201901/088574.jpg,OK,189,5,TOTONICAPÁN,MOMOSTENANGO,8857,CORPORACIÓN MUNICIPAL,9,2,2,0,1,4,211,211,189,189,14,15,3,1,14,9,3,3,14,11,9,46,2,19,2,18,4,2
1,9,0,380,380,8,https://resultados2019.blob.core.windows.net/201901/089034.jpg,OK,0,5,TOTONICAPÁN,MOMOSTENANGO,8903,CORPORACIÓN MUNICIPAL,26,2,2,0,1,4,211,211,176,176,14,55,2,5,7,0,4,1,20,1,1,38,1,15,3,7,2,0
1,8,0,380,380,8,https://resultados2019.blob.core.windows.net/201901/089314.jpg,OK,0,5,TOTONICAPÁN,MOMOSTENANGO,8931,CORPORACIÓN MUNICIPAL,12,2,2,0,1,4,199,199,179,179,40,5,3,0,2,0,4,2,59,8,2,15,0,9,3,25,2,0
1,3,0,549,546,8,https://resultados2019.blob.core.windows.net/201901/089464.jpg,OK,0,5,TOTONICAPÁN,MOMOSTENANGO,8946,CORPORACIÓN MUNICIPAL,10,2,2,0,1,4,101,101,88,88,10,1,4,2,3,4,4,4,7,6,3,24,0,7,1,6,0,2
1,14,0,380,380,8,https://resultados2019.blob.core.windows.net/201901/089114.jpg,OK,0,5,TOTONICAPÁN,MOMOSTENANGO,8911,CORPORACIÓN MUNICIPAL,19,2,2,0,1,4,186,186,153,153,8,45,0,2,7,1,4,1,11,2,1,39,0,19,3,7,1,2
0,16,0,380,380,8,https://resultados2019.blob.core.windows.net/201901/089124.jpg,OK,0,5,TOTONICAPÁN,MOMOSTENANGO,8912,CORPORACIÓN MUNICIPAL,13,2,2,0,1,4,178,171,142,149,8,55,0,0,4,0,1,2,16,1,3,31,4,7,3,7,0,0
1,4,0,400,400,8,https://resultados2019.blob.core.windows.net/201901/088424.jpg,OK,0,5,TOTONICAPÁN,MOMOSTENANGO,8842,CORPORACIÓN MUNICIPAL,13,2,2,0,1,4,236,236,219,219,29,14,18,4,7,4,1,9,6,2,4,73,1,26,2,10,4,5
1,13,0,380,402,8,https://resultados2019.blob.core.windows.net/201901/089344.jpg,OK,0,5,TOTONICAPÁN,MOMOSTENANGO,8934,CORPORACIÓN MUNICIPAL,27,2,2,0,1,4,217,217,177,177,7,7,1,2,3,0,2,2,32,4,1,80,0,12,11,7,2,4
1,7,0,332,333,8,https://resultados2019.blob.core.windows.net/201901/088824.jpg,OK,0,5,TOTONICAPÁN,MOMOSTENANGO,8882,CORPORACIÓN MUNICIPAL,13,2,2,0,1,4,162,162,142,142,12,31,1,2,3,2,0,6,16,3,5,44,0,11,0,2,1,3
1,1,0,400,402,8,https://resultados2019.blob.core.windows.net/201901/088464.jpg,OK,0,5,TOTONICAPÁN,MOMOSTENANGO,8846,CORPORACIÓN MUNICIPAL,9,2,2,0,1,4,244,244,234,234,27,10,7,7,7,7,6,15,15,4,8,77,3,21,7,7,2,4
0,6,0,400,381,8,https://resultados2019.blob.core.windows.net/201901/088484.jpg,OK,1,5,TOTONICAPÁN,MOMOSTENANGO,8848,CORPORACIÓN MUNICIPAL,5,2,2,0,1,4,223,222,211,211,23,15,7,3,3,1,10,6,13,2,7,67,1,24,4,18,4,3
1,8,0,600,600,8,https://resultados2019.blob.core.windows.net/201901/089424.jpg,OK,0,5,TOTONICAPÁN,MOMOSTENANGO,8942,CORPORACIÓN MUNICIPAL,10,2,2,0,1,4,129,129,111,111,12,5,6,0,7,2,3,7,9,1,1,30,0,8,2,12,2,4
1,22,0,380,380,8,https://resultados2019.blob.core.windows.net/201901/089214.jpg,OK,0,5,TOTONICAPÁN,MOMOSTENANGO,8921,CORPORACIÓN MUNICIPAL,23,2,2,0,1,4,182,182,137,137,10,12,6,1,7,1,0,5,9,2,9,7,3,40,3,18,1,3
1,6,0,216,214,8,https://resultados2019.blob.core.windows.net/201901/089244.jpg,OK,0,5,TOTONICAPÁN,MOMOSTENANGO,8924,CORPORACIÓN MUNICIPAL,6,2,2,0,1,4,112,112,100,100,7,4,5,0,4,5,1,4,7,6,3,9,4,25,2,12,2,0
1,11,0,366,376,8,https://resultados2019.blob.core.windows.net/201901/088974.jpg,OK,0,5,TOTONICAPÁN,MOMOSTENANGO,8897,CORPORACIÓN MUNICIPAL,12,2,2,0,1,4,176,176,153,153,8,8,2,1,8,1,9,4,39,1,0,17,2,21,1,24,2,5
1,13,0,380,380,8,https://resultados2019.blob.core.windows.net/201901/088904.jpg,OK,0,5,TOTONICAPÁN,MOMOSTENANGO,8890,CORPORACIÓN MUNICIPAL,15,2,2,0,1,4,218,218,190,190,9,5,1,1,7,2,11,7,33,3,0,35,0,16,2,53,0,5
1,17,0,380,380,8,https://resultados2019.blob.core.windows.net/201901/088894.jpg,OK,0,5,TOTONICAPÁN,MOMOSTENANGO,8889,CORPORACIÓN MUNICIPAL,18,2,2,0,1,4,233,233,198,198,8,4,3,0,5,2,4,6,22,1,3,24,2,21,1,89,1,2
1,18,0,380,378,8,https://resultados2019.blob.core.windows.net/201901/089064.jpg,OK,0,5,TOTONICAPÁN,MOMOSTENANGO,8906,CORPORACIÓN MUNICIPAL,19,2,2,0,1,4,235,235,198,198,15,83,3,3,2,1,4,1,6,3,0,34,1,26,1,14,1,0
1,8,0,239,239,8,https://resultados2019.blob.core.windows.net/201901/088754.jpg,OK,0,5,TOTONICAPÁN,MOMOSTENANGO,8875,CORPORACIÓN MUNICIPAL,4,2,2,0,1,4,113,113,101,101,20,8,1,0,0,1,4,1,3,2,3,33,0,13,3,5,0,4
1,8,0,400,400,8,https://resultados2019.blob.core.windows.net/201901/088684.jpg,OK,202,5,TOTONICAPÁN,MOMOSTENANGO,8868,CORPORACIÓN MUNICIPAL,23,2,2,0,1,4,198,198,167,167,28,4,6,1,2,3,3,4,16,4,2,58,0,21,2,5,0,8
1,9,0,380,401,8,https://resultados2019.blob.core.windows.net/201901/089354.jpg,OK,0,5,TOTONICAPÁN,MOMOSTENANGO,8935,CORPORACIÓN MUNICIPAL,23,2,2,0,1,4,218,218,186,186,7,6,3,1,8,2,6,2,26,1,0,79,1,7,27,10,0,0
1,6,0,293,294,8,https://resultados2019.blob.core.windows.net/201901/089324.jpg,OK,0,5,TOTONICAPÁN,MOMOSTENANGO,8932,CORPORACIÓN MUNICIPAL,11,2,2,0,1,4,153,153,136,136,24,1,2,0,2,0,3,0,58,7,0,10,1,13,1,14,0,0
1,16,0,380,379,8,https://resultados2019.blob.core.windows.net/201901/089234.jpg,OK,0,5,TOTONICAPÁN,MOMOSTENANGO,8923,CORPORACIÓN MUNICIPAL,8,2,2,0,1,4,175,175,151,151,11,7,14,1,11,8,5,8,9,11,6,12,4,24,3,15,1,1
1,3,0,400,400,8,https://resultados2019.blob.core.windows.net/201901/088704.jpg,OK,0,5,TOTONICAPÁN,MOMOSTENANGO,8870,CORPORACIÓN MUNICIPAL,27,2,2,0,1,4,206,206,176,176,25,9,2,1,7,1,6,5,9,4,2,69,6,17,3,10,0,0
1,6,0,400,400,8,https://resultados2019.blob.core.windows.net/201901/088474.jpg,OK,0,5,TOTONICAPÁN,MOMOSTENANGO,8847,CORPORACIÓN MUNICIPAL,15,2,2,0,1,4,231,231,210,210,24,20,13,3,7,6,4,6,13,0,6,60,2,25,4,12,3,2
1,5,0,212,212,8,https://resultados2019.blob.core.windows.net/201901/089014.jpg,OK,0,5,TOTONICAPÁN,MOMOSTENANGO,8901,CORPORACIÓN MUNICIPAL,7,2,2,0,1,4,93,93,81,81,4,3,3,5,2,1,3,1,8,4,3,12,2,18,3,8,1,0
1,6,0,600,597,8,https://resultados2019.blob.core.windows.net/201901/089444.jpg,OK,0,5,TOTONICAPÁN,MOMOSTENANGO,8944,CORPORACIÓN MUNICIPAL,11,2,2,0,1,4,132,132,115,115,10,13,8,4,5,3,6,6,7,1,4,28,0,5,2,9,3,1
1,16,0,380,380,8,https://resultados2019.blob.core.windows.net/201901/088864.jpg,OK,22,5,TOTONICAPÁN,MOMOSTENANGO,8886,CORPORACIÓN MUNICIPAL,0,2,2,0,1,4,200,200,184,184,6,5,0,2,3,0,8,6,35,3,2,17,3,21,5,61,1,6
1,8,0,600,600,8,https://resultados2019.blob.core.windows.net/201901/089434.jpg,OK,0,5,TOTONICAPÁN,MOMOSTENANGO,8943,CORPORACIÓN MUNICIPAL,11,2,2,0,1,4,118,118,99,99,8,11,13,1,2,0,3,4,9,2,1,28,1,8,1,4,2,1
1,11,0,303,302,8,https://resultados2019.blob.core.windows.net/201901/089394.jpg,OK,0,5,TOTONICAPÁN,MOMOSTENANGO,8939,CORPORACIÓN MUNICIPAL,11,2,2,0,1,4,145,145,123,123,4,4,3,1,3,1,2,3,28,0,2,53,0,6,9,3,0,1
1,16,0,400,400,8,https://resultados2019.blob.core.windows.net/201901/088554.jpg,OK,3,5,TOTONICAPÁN,MOMOSTENANGO,8855,CORPORACIÓN MUNICIPAL,12,2,2,0,1,4,199,199,171,171,14,8,0,0,8,7,2,3,12,7,7,71,2,14,2,11,3,0
1,9,0,400,400,8,https://resultados2019.blob.core.windows.net/201901/088614.jpg,OK,0,5,TOTONICAPÁN,MOMOSTENANGO,8861,CORPORACIÓN MUNICIPAL,9,2,2,0,1,4,184,184,166,166,14,6,4,4,7,4,5,5,18,5,6,54,3,17,0,13,0,1
1,10,0,400,400,8,https://resultados2019.blob.core.windows.net/201901/088324.jpg,OK,0,5,TOTONICAPÁN,MOMOSTENANGO,8832,CORPORACIÓN MUNICIPAL,12,2,2,0,1,4,246,246,224,224,37,10,17,2,5,4,9,10,18,2,12,59,1,20,4,8,4,2
1,7,0,400,400,8,https://resultados2019.blob.core.windows.net/201901/088594.jpg,OK,0,5,TOTONICAPÁN,MOMOSTENANGO,8859,CORPORACIÓN MUNICIPAL,13,2,2,0,1,4,234,234,214,214,24,15,8,4,6,3,4,5,14,5,12,35,4,8,3,62,2,0
1,8,0,400,400,8,https://resultados2019.blob.core.windows.net/201901/088374.jpg,OK,0,5,TOTONICAPÁN,MOMOSTENANGO,8837,CORPORACIÓN MUNICIPAL,10,2,2,0,1,4,247,247,229,229,25,16,12,3,9,3,6,7,10,4,13,77,6,17,2,17,1,1
1,9,0,600,602,8,https://resultados2019.blob.core.windows.net/201901/089404.jpg,OK,0,5,TOTONICAPÁN,MOMOSTENANGO,8940,CORPORACIÓN MUNICIPAL,5,2,2,0,1,4,134,134,120,120,10,6,7,1,5,1,4,4,11,1,6,32,1,11,2,14,3,1
1,7,0,400,400,8,https://resultados2019.blob.core.windows.net/201901/088334.jpg,OK,0,5,TOTONICAPÁN,MOMOSTENANGO,8833,CORPORACIÓN MUNICIPAL,18,2,2,0,1,4,272,272,247,247,30,17,11,2,4,4,6,7,17,0,13,89,1,30,2,11,2,1
1,5,0,400,384,8,https://resultados2019.blob.core.windows.net/201901/088544.jpg,OK,174,5,TOTONICAPÁN,MOMOSTENANGO,8854,CORPORACIÓN MUNICIPAL,17,2,2,0,1,4,210,210,188,188,12,10,2,1,13,3,3,3,33,10,5,34,1,22,2,30,1,3
1,14,0,400,400,8,https://resultados2019.blob.core.windows.net/201901/088814.jpg,OK,0,5,TOTONICAPÁN,MOMOSTENANGO,8881,CORPORACIÓN MUNICIPAL,11,2,2,0,1,4,183,183,158,158,14,32,5,2,5,5,2,3,27,2,5,38,1,8,1,4,1,3
1,15,0,380,380,8,https://resultados2019.blob.core.windows.net/201901/088874.jpg,OK,0,5,TOTONICAPÁN,MOMOSTENANGO,8887,CORPORACIÓN MUNICIPAL,25,2,2,0,1,4,223,223,183,183,10,3,1,0,6,0,8,9,35,1,2,26,2,28,4,40,2,6
1,3,0,216,216,8,https://resultados2019.blob.core.windows.net/201901/089254.jpg,OK,0,5,TOTONICAPÁN,MOMOSTENANGO,8925,CORPORACIÓN MUNICIPAL,0,2,2,0,1,4,94,94,91,91,2,7,9,1,7,3,6,5,5,8,7,4,0,15,2,9,0,1
1,20,0,400,400,8,https://resultados2019.blob.core.windows.net/201901/088534.jpg,OK,0,5,TOTONICAPÁN,MOMOSTENANGO,8853,CORPORACIÓN MUNICIPAL,18,2,2,0,1,4,229,229,191,191,23,13,7,2,7,2,3,4,50,7,1,32,0,24,1,10,2,3
1,9,0,400,400,8,https://resultados2019.blob.core.windows.net/201901/088344.jpg,OK,0,5,TOTONICAPÁN,MOMOSTENANGO,8834,CORPORACIÓN MUNICIPAL,16,2,2,0,1,4,282,282,257,257,35,12,13,3,3,3,5,6,13,1,12,104,1,33,2,7,3,1
1,13,0,400,400,8,https://resultados2019.blob.core.windows.net/201901/088644.jpg,OK,0,5,TOTONICAPÁN,MOMOSTENANGO,8864,CORPORACIÓN MUNICIPAL,14,2,2,0,1,4,235,235,208,208,26,12,14,2,6,2,3,5,18,5,11,65,2,22,1,8,4,2
1,11,0,400,400,8,https://resultados2019.blob.core.windows.net/201901/088514.jpg,OK,0,5,TOTONICAPÁN,MOMOSTENANGO,8851,CORPORACIÓN MUNICIPAL,15,2,2,0,1,4,225,225,199,199,24,8,14,6,6,3,5,6,14,6,4,67,1,18,6,8,2,1
1,11,0,380,381,8,https://resultados2019.blob.core.windows.net/201901/089204.jpg,OK,0,5,TOTONICAPÁN,MOMOSTENANGO,8920,CORPORACIÓN MUNICIPAL,14,2,2,0,1,4,157,157,132,132,8,5,9,2,7,6,2,8,5,10,6,4,2,33,5,18,0,2
0,13,0,380,381,8,https://resultados2019.blob.core.windows.net/201901/088854.jpg,OK,0,5,TOTONICAPÁN,MOMOSTENANGO,8885,CORPORACIÓN MUNICIPAL,19,2,2,0,1,4,198,195,163,166,7,10,1,3,4,2,8,9,36,4,2,18,3,27,1,14,0,14
1,1,0,549,549,8,https://resultados2019.blob.core.windows.net/201901/089474.jpg,OK,0,5,TOTONICAPÁN,MOMOSTENANGO,8947,CORPORACIÓN MUNICIPAL,6,2,2,0,1,4,62,62,55,55,2,6,1,0,1,2,1,1,5,1,2,21,0,4,1,6,1,0
1,6,0,400,400,8,https://resultados2019.blob.core.windows.net/201901/088734.jpg,OK,0,5,TOTONICAPÁN,MOMOSTENANGO,8873,CORPORACIÓN MUNICIPAL,10,2,2,0,1,4,176,176,160,160,18,5,4,0,4,3,2,6,13,3,3,47,4,22,2,8,4,12
1,19,0,380,380,8,https://resultados2019.blob.core.windows.net/201901/089054.jpg,OK,0,5,TOTONICAPÁN,MOMOSTENANGO,8905,CORPORACIÓN MUNICIPAL,14,2,2,0,1,4,212,212,179,179,14,50,1,2,3,0,1,2,21,1,1,47,6,18,1,8,0,3
1,9,0,380,380,8,https://resultados2019.blob.core.windows.net/201901/088884.jpg,OK,0,5,TOTONICAPÁN,MOMOSTENANGO,8888,CORPORACIÓN MUNICIPAL,31,2,2,0,1,4,241,241,201,201,7,3,2,1,4,2,0,11,36,4,1,21,2,24,1,78,0,4
1,24,0,380,380,8,https://resultados2019.blob.core.windows.net/201901/089154.jpg,OK,0,5,TOTONICAPÁN,MOMOSTENANGO,8915,CORPORACIÓN MUNICIPAL,19,2,2,0,1,4,192,192,149,149,12,6,9,1,7,6,6,3,14,6,2,5,1,45,1,18,2,5
1,6,0,380,380,8,https://resultados2019.blob.core.windows.net/201901/088844.jpg,OK,0,5,TOTONICAPÁN,MOMOSTENANGO,8884,CORPORACIÓN MUNICIPAL,17,2,2,0,1,4,194,194,171,171,6,5,0,2,5,1,8,3,38,1,4,30,0,37,2,21,0,8
1,14,0,400,402,8,https://resultados2019.blob.core.windows.net/201901/088694.jpg,OK,0,5,TOTONICAPÁN,MOMOSTENANGO,8869,CORPORACIÓN MUNICIPAL,15,2,2,0,1,4,196,196,167,167,20,6,7,2,7,3,0,2,10,3,5,46,0,31,2,14,0,9
1,25,0,400,400,8,https://resultados2019.blob.core.windows.net/201901/088774.jpg,OK,0,5,TOTONICAPÁN,MOMOSTENANGO,8877,CORPORACIÓN MUNICIPAL,15,2,2,0,1,4,210,210,170,170,19,20,2,0,6,7,4,5,24,1,8,54,2,13,1,2,0,2
1,13,0,400,400,8,https://resultados2019.blob.core.windows.net/201901/088384.jpg,OK,0,5,TOTONICAPÁN,MOMOSTENANGO,8838,CORPORACIÓN MUNICIPAL,15,2,2,0,1,4,260,260,232,232,26,32,12,3,3,2,7,9,8,6,5,78,2,18,1,15,2,3
1,2,0,316,316,8,https://resultados2019.blob.core.windows.net/201901/088504.jpg,OK,0,5,TOTONICAPÁN,MOMOSTENANGO,8850,CORPORACIÓN MUNICIPAL,1,2,2,0,1,4,178,178,175,175,20,8,13,3,2,5,4,2,6,0,5,67,1,19,1,18,0,1
1,16,0,380,380,8,https://resultados2019.blob.core.windows.net/201901/089044.jpg,OK,165,5,TOTONICAPÁN,MOMOSTENANGO,8904,CORPORACIÓN MUNICIPAL,14,2,2,0,1,4,215,215,185,185,12,41,1,4,6,0,3,4,15,3,3,58,5,21,2,4,2,1
1,10,0,400,400,8,https://resultados2019.blob.core.windows.net/201901/088794.jpg,OK,182,5,TOTONICAPÁN,MOMOSTENANGO,8879,CORPORACIÓN MUNICIPAL,22,2,2,0,1,4,218,218,186,186,20,40,3,1,10,6,3,3,13,0,5,53,3,15,3,4,1,3
1,5,0,292,293,8,https://resultados2019.blob.core.windows.net/201901/089334.jpg,OK,0,5,TOTONICAPÁN,MOMOSTENANGO,8933,CORPORACIÓN MUNICIPAL,5,2,2,0,1,4,153,153,143,143,24,2,1,1,1,0,1,3,66,2,1,12,0,11,4,13,0,1
1,16,0,400,400,8,https://resultados2019.blob.core.windows.net/201901/088764.jpg,OK,0,5,TOTONICAPÁN,MOMOSTENANGO,8876,CORPORACIÓN MUNICIPAL,22,2,2,0,1,4,209,209,171,171,27,26,2,0,4,4,8,3,16,3,9,42,1,21,1,0,0,4
1,20,0,380,381,8,https://resultados2019.blob.core.windows.net/201901/089164.jpg,OK,0,5,TOTONICAPÁN,MOMOSTENANGO,8916,CORPORACIÓN MUNICIPAL,15,2,2,0,1,4,183,183,148,148,13,8,9,3,14,5,4,8,9,8,5,4,3,35,5,13,1,1
1,15,0,400,400,8,https://resultados2019.blob.core.windows.net/201901/088564.jpg,OK,0,5,TOTONICAPÁN,MOMOSTENANGO,8856,CORPORACIÓN MUNICIPAL,20,2,2,0,1,4,207,207,172,172,8,12,10,3,11,7,3,3,7,13,2,55,4,16,6,11,1,0
1,184,0,331,328,8,https://resultados2019.blob.core.windows.net/201901/088834.jpg,OK,0,5,TOTONICAPÁN,MOMOSTENANGO,8883,CORPORACIÓN MUNICIPAL,10,2,2,0,1,4,328,328,134,134,10,23,0,2,7,10,1,5,11,0,5,37,2,10,3,3,0,5
1,5,0,366,364,8,https://resultados2019.blob.core.windows.net/201901/088984.jpg,OK,0,5,TOTONICAPÁN,MOMOSTENANGO,8898,CORPORACIÓN MUNICIPAL,7,2,2,0,1,4,181,181,169,169,11,4,0,1,4,1,6,12,22,1,2,28,0,29,1,41,1,5
1,13,0,380,383,8,https://resultados2019.blob.core.windows.net/201901/088964.jpg,OK,0,5,TOTONICAPÁN,MOMOSTENANGO,8896,CORPORACIÓN MUNICIPAL,14,2,2,0,1,4,183,183,156,156,6,4,0,0,8,2,7,6,38,1,0,24,2,23,4,27,0,4
1,15,0,400,381,8,https://resultados2019.blob.core.windows.net/201901/088524.jpg,OK,0,5,TOTONICAPÁN,MOMOSTENANGO,8852,CORPORACIÓN MUNICIPAL,12,2,2,0,1,4,233,233,206,206,30,5,6,6,4,2,1,7,31,2,9,65,1,23,1,8,4,1
1,8,0,380,380,8,https://resultados2019.blob.core.windows.net/201901/089194.jpg,OK,0,5,TOTONICAPÁN,MOMOSTENANGO,8919,CORPORACIÓN MUNICIPAL,3,2,2,0,1,4,128,128,117,117,10,5,4,0,4,6,3,7,5,4,8,8,3,29,3,16,0,2
0,8,0,400,400,8,https://resultados2019.blob.core.windows.net/201901/088454.jpg,OK,20,5,TOTONICAPÁN,MOMOSTENANGO,8845,CORPORACIÓN MUNICIPAL,12,2,2,0,1,4,239,259,239,239,34,11,17,3,4,1,8,10,7,2,8,81,2,26,9,12,2,2
1,5,0,600,599,8,https://resultados2019.blob.core.windows.net/201901/089454.jpg,OK,0,5,TOTONICAPÁN,MOMOSTENANGO,8945,CORPORACIÓN MUNICIPAL,11,2,2,0,1,4,140,140,124,124,17,5,9,3,5,2,5,4,11,2,4,32,0,10,3,8,2,2
1,13,0,380,382,8,https://resultados2019.blob.core.windows.net/201901/089084.jpg,OK,0,5,TOTONICAPÁN,MOMOSTENANGO,8908,CORPORACIÓN MUNICIPAL,26,2,2,0,1,4,203,203,164,164,5,41,1,8,2,3,4,3,14,2,0,49,2,19,2,6,2,1
1,21,0,380,370,8,https://resultados2019.blob.core.windows.net/201901/089294.jpg,OK,0,5,TOTONICAPÁN,MOMOSTENANGO,8929,CORPORACIÓN MUNICIPAL,11,2,2,0,1,4,212,212,180,180,17,1,4,1,1,0,1,11,70,3,0,41,2,7,2,17,1,1
1,9,0,318,319,8,https://resultados2019.blob.core.windows.net/201901/088674.jpg,OK,0,5,TOTONICAPÁN,MOMOSTENANGO,8867,CORPORACIÓN MUNICIPAL,3,2,2,0,1,4,167,167,155,155,24,8,5,3,8,9,5,1,9,6,8,37,1,14,2,9,5,1
1,30,0,380,380,8,https://resultados2019.blob.core.windows.net/201901/088994.jpg,OK,0,5,TOTONICAPÁN,MOMOSTENANGO,8899,CORPORACIÓN MUNICIPAL,26,2,2,0,1,4,224,224,168,168,9,6,5,8,1,0,5,1,14,10,6,22,5,45,5,24,0,2
1,14,0,600,599,8,https://resultados2019.blob.core.windows.net/201901/089414.jpg,OK,0,5,TOTONICAPÁN,MOMOSTENANGO,8941,CORPORACIÓN MUNICIPAL,12,2,2,0,1,4,126,126,100,100,13,5,2,1,5,2,2,4,6,3,3,29,0,11,2,11,0,1
1,13,0,400,400,8,https://resultados2019.blob.core.windows.net/201901/088584.jpg,OK,208,5,TOTONICAPÁN,MOMOSTENANGO,8858,CORPORACIÓN MUNICIPAL,15,2,2,0,1,4,192,192,164,164,24,11,6,1,7,1,4,5,12,7,8,41,0,12,3,21,0,1
1,11,0,380,384,8,https://resultados2019.blob.core.windows.net/201901/089104.jpg,OK,0,5,TOTONICAPÁN,MOMOSTENANGO,8910,CORPORACIÓN MUNICIPAL,10,2,2,0,1,4,164,164,143,143,7,43,1,2,2,1,2,1,13,3,0,39,1,22,2,3,1,0
1,13,0,240,240,8,https://resultados2019.blob.core.windows.net/201901/088744.jpg,OK,0,5,TOTONICAPÁN,MOMOSTENANGO,8874,CORPORACIÓN MUNICIPAL,10,2,2,0,1,4,124,124,101,101,17,6,4,2,2,4,4,4,7,2,0,23,0,9,1,6,1,9
1,8,0,400,400,8,https://resultados2019.blob.core.windows.net/201901/088784.jpg,OK,0,5,TOTONICAPÁN,MOMOSTENANGO,8878,CORPORACIÓN MUNICIPAL,23,2,2,0,1,4,208,208,177,177,14,32,4,1,8,3,1,4,22,0,8,56,1,14,1,2,0,6
1,14,0,400,398,8,https://resultados2019.blob.core.windows.net/201901/088354.jpg,OK,0,5,TOTONICAPÁN,MOMOSTENANGO,8835,CORPORACIÓN MUNICIPAL,19,2,2,0,1,4,278,278,245,245,32,17,8,4,5,2,6,10,13,7,13,74,1,23,9,13,2,6
1,11,0,380,380,8,https://resultados2019.blob.core.windows.net/201901/089274.jpg,OK,0,5,TOTONICAPÁN,MOMOSTENANGO,8927,CORPORACIÓN MUNICIPAL,22,2,2,0,1,4,222,222,189,189,41,4,2,0,6,0,0,4,91,7,1,7,1,15,1,9,0,0
1,9,0,380,382,8,https://resultados2019.blob.core.windows.net/201901/088954.jpg,OK,0,5,TOTONICAPÁN,MOMOSTENANGO,8895,CORPORACIÓN MUNICIPAL,20,2,2,0,1,4,202,202,173,173,5,10,1,0,6,0,15,5,42,0,3,23,1,22,2,30,0,8
1,4,0,211,211,8,https://resultados2019.blob.core.windows.net/201901/089024.jpg,OK,0,5,TOTONICAPÁN,MOMOSTENANGO,8902,CORPORACIÓN MUNICIPAL,6,2,2,0,1,4,87,87,77,77,0,3,4,0,3,1,4,1,12,10,4,17,0,7,3,6,1,1
1,5,0,319,319,8,https://resultados2019.blob.core.windows.net/201901/088664.jpg,OK,0,5,TOTONICAPÁN,MOMOSTENANGO,8866,CORPORACIÓN MUNICIPAL,7,2,2,0,1,4,186,186,174,174,31,14,5,4,6,2,3,3,10,5,4,59,0,19,0,8,1,0
1,9,0,400,402,8,https://resultados2019.blob.core.windows.net/201901/088394.jpg,OK,0,5,TOTONICAPÁN,MOMOSTENANGO,8839,CORPORACIÓN MUNICIPAL,13,2,2,0,1,4,251,251,229,229,29,41,6,5,4,1,8,10,9,0,3,62,1,33,2,9,1,5
1,22,0,380,380,8,https://resultados2019.blob.core.windows.net/201901/089174.jpg,OK,0,5,TOTONICAPÁN,MOMOSTENANGO,8917,CORPORACIÓN MUNICIPAL,14,2,2,0,1,4,190,190,154,154,16,3,4,4,13,8,4,2,5,1,8,4,2,49,3,26,0,2
1,16,0,380,381,8,https://resultados2019.blob.core.windows.net/201901/088944.jpg,OK,0,5,TOTONICAPÁN,MOMOSTENANGO,8894,CORPORACIÓN MUNICIPAL,11,2,2,0,1,4,195,195,168,168,4,4,3,0,5,0,9,5,44,4,0,24,0,32,1,26,0,7
1,10,0,380,400,8,https://resultados2019.blob.core.windows.net/201901/089284.jpg,OK,0,5,TOTONICAPÁN,MOMOSTENANGO,8928,CORPORACIÓN MUNICIPAL,7,2,2,0,1,4,224,224,207,207,28,1,3,1,2,0,3,6,91,6,0,16,2,22,5,19,1,1
1,5,0,400,400,8,https://resultados2019.blob.core.windows.net/201901/088444.jpg,OK,0,5,TOTONICAPÁN,MOMOSTENANGO,8844,CORPORACIÓN MUNICIPAL,10,2,2,0,1,4,253,253,238,238,26,11,13,4,5,3,6,8,13,4,11,86,3,22,7,12,3,1
1,6,0,380,381,8,https://resultados2019.blob.core.windows.net/201901/089004.jpg,OK,0,5,TOTONICAPÁN,MOMOSTENANGO,8900,CORPORACIÓN MUNICIPAL,23,2,2,0,1,4,203,203,174,174,8,9,10,12,4,1,1,3,16,8,4,31,9,30,3,24,0,1
