ACTACUADRA,BLANCOS,CNTIMPUGNA,CNTINSCRITOS,CNTPAPELETAS,DEP,IMGSRC,IMGSTATUS,INVALIDOS,MUN,NDEP,NMUN,NROMESA,NTE,NULOS,STACTA,STESCAN,STFISIC,STTRANS,TIPOELECCION,TOTALACTA,TOTALVOTOS,VOTOSVALIDOS,VOTOSVALIDOSACTA,voto_BIEN,voto_PHG,voto_UNE,voto_VALOR,voto_VAMOS,voto_VICTORIA
1,2,0,400,400,8,https://resultados2019.blob.core.windows.net/201901/090464.jpg,OK,0,8,TOTONICAPÁN,SAN BARTOLO,9046,CORPORACIÓN MUNICIPAL,8,2,2,0,1,4,214,214,204,204,2,46,66,1,82,7
1,4,0,376,377,8,https://resultados2019.blob.core.windows.net/201901/090504.jpg,OK,0,8,TOTONICAPÁN,SAN BARTOLO,9050,CORPORACIÓN MUNICIPAL,3,2,2,0,1,4,261,261,254,254,3,63,92,1,92,3
1,11,0,400,394,8,https://resultados2019.blob.core.windows.net/201901/090394.jpg,OK,0,8,TOTONICAPÁN,SAN BARTOLO,9039,CORPORACIÓN MUNICIPAL,3,2,2,0,1,4,298,298,284,284,1,74,86,2,111,10
1,6,0,553,553,8,https://resultados2019.blob.core.windows.net/201901/090524.jpg,OK,0,8,TOTONICAPÁN,SAN BARTOLO,9052,CORPORACIÓN MUNICIPAL,6,2,2,0,1,4,121,121,109,109,3,42,23,0,38,3
1,13,0,400,396,8,https://resultados2019.blob.core.windows.net/201901/090404.jpg,OK,0,8,TOTONICAPÁN,SAN BARTOLO,9040,CORPORACIÓN MUNICIPAL,7,2,2,0,1,4,315,315,295,295,1,80,97,1,109,7
1,5,1,400,400,8,https://resultados2019.blob.core.windows.net/201901/090494.jpg,OK,0,8,TOTONICAPÁN,SAN BARTOLO,9049,CORPORACIÓN MUNICIPAL,17,2,2,0,1,4,246,246,224,224,4,62,58,1,88,11
1,6,0,400,397,8,https://resultados2019.blob.core.windows.net/201901/090424.jpg,OK,0,8,TOTONICAPÁN,SAN BARTOLO,9042,CORPORACIÓN MUNICIPAL,18,2,2,0,1,4,297,297,273,273,4,76,70,1,114,8
1,4,0,400,396,8,https://resultados2019.blob.core.windows.net/201901/090474.jpg,OK,0,8,TOTONICAPÁN,SAN BARTOLO,9047,CORPORACIÓN MUNICIPAL,2,2,2,0,1,4,265,265,259,259,1,70,79,2,97,10
1,9,0,400,396,8,https://resultados2019.blob.core.windows.net/201901/090414.jpg,OK,0,8,TOTONICAPÁN,SAN BARTOLO,9041,CORPORACIÓN MUNICIPAL,6,2,2,0,1,4,308,308,293,293,5,81,115,1,82,9
1,9,1,400,396,8,https://resultados2019.blob.core.windows.net/201901/090374.jpg,OK,1,8,TOTONICAPÁN,SAN BARTOLO,9037,CORPORACIÓN MUNICIPAL,8,2,2,0,1,4,240,240,223,223,3,56,70,3,82,9
1,14,0,400,400,8,https://resultados2019.blob.core.windows.net/201901/090434.jpg,OK,0,8,TOTONICAPÁN,SAN BARTOLO,9043,CORPORACIÓN MUNICIPAL,15,2,2,0,1,4,298,298,269,269,1,73,77,6,103,9
1,5,0,375,376,8,https://resultados2019.blob.core.windows.net/201901/090514.jpg,OK,0,8,TOTONICAPÁN,SAN BARTOLO,9051,CORPORACIÓN MUNICIPAL,5,2,2,0,1,4,267,267,257,257,6,66,63,0,113,9
1,9,0,400,398,8,https://resultados2019.blob.core.windows.net/201901/090444.jpg,OK,0,8,TOTONICAPÁN,SAN BARTOLO,9044,CORPORACIÓN MUNICIPAL,9,2,2,0,1,4,310,310,292,292,8,71,62,1,127,23
1,8,0,400,396,8,https://resultados2019.blob.core.windows.net/201901/090454.jpg,OK,0,8,TOTONICAPÁN,SAN BARTOLO,9045,CORPORACIÓN MUNICIPAL,13,2,2,0,1,4,295,295,274,274,3,71,76,3,111,10
1,7,0,400,400,8,https://resultados2019.blob.core.windows.net/201901/090384.jpg,OK,0,8,TOTONICAPÁN,SAN BARTOLO,9038,CORPORACIÓN MUNICIPAL,10,2,2,0,1,4,284,284,267,267,1,79,71,3,107,6
1,12,0,400,396,8,https://resultados2019.blob.core.windows.net/201901/090484.jpg,OK,0,8,TOTONICAPÁN,SAN BARTOLO,9048,CORPORACIÓN MUNICIPAL,15,2,2,0,1,4,266,266,239,239,2,62,52,2,115,6
