ACTACUADRA,BLANCOS,CNTIMPUGNA,CNTINSCRITOS,CNTPAPELETAS,DEP,IMGSRC,IMGSTATUS,INVALIDOS,MUN,NDEP,NMUN,NROMESA,NTE,NULOS,STACTA,STESCAN,STFISIC,STTRANS,TIPOELECCION,TOTALACTA,TOTALVOTOS,VOTOSVALIDOS,VOTOSVALIDOSACTA,voto_AVANZA,voto_BIEN,voto_CREO,voto_FCN-NACION,voto_FDA,voto_FUERZA,voto_LIBRE,voto_PAN,voto_PC,voto_PHG,voto_PODEMOS,voto_PPT,voto_SEMILLA,voto_TODOS,voto_UCN,voto_UNE,voto_UNIDOS,voto_UNIONISTA,voto_URNG_MAIZ,voto_VALOR,voto_VAMOS,voto_VIVA,voto_WINAQ
1,2,0,400,403,9,https://resultados2019.blob.core.windows.net/201901/091194.jpg,OK,0,1,QUETZALTENANGO,QUETZALTENANGO,9119,CORPORACIÓN MUNICIPAL,11,2,2,0,1,4,252,252,239,239,6,0,20,1,7,22,4,13,13,53,4,3,4,4,18,3,0,0,3,24,13,11,13
1,1,0,400,400,9,https://resultados2019.blob.core.windows.net/201901/091374.jpg,OK,0,1,QUETZALTENANGO,QUETZALTENANGO,9137,CORPORACIÓN MUNICIPAL,15,2,2,0,1,4,288,288,272,272,1,1,38,0,11,30,2,8,12,64,12,0,11,0,11,3,0,0,3,27,12,16,10
1,1,0,400,400,9,https://resultados2019.blob.core.windows.net/201901/090774.jpg,OK,9,1,QUETZALTENANGO,QUETZALTENANGO,9077,CORPORACIÓN MUNICIPAL,8,2,2,0,1,4,285,285,276,276,5,5,29,0,7,28,7,18,13,48,7,3,11,5,13,3,2,1,4,29,9,9,20
0,0,0,400,402,9,https://resultados2019.blob.core.windows.net/201901/091104.jpg,OK,0,1,QUETZALTENANGO,QUETZALTENANGO,9110,CORPORACIÓN MUNICIPAL,19,2,2,0,1,4,277,278,259,259,4,3,19,2,3,23,5,8,6,40,6,0,11,3,9,3,1,3,5,22,11,12,60
1,3,0,400,401,9,https://resultados2019.blob.core.windows.net/201901/091424.jpg,OK,0,1,QUETZALTENANGO,QUETZALTENANGO,9142,CORPORACIÓN MUNICIPAL,21,2,2,0,1,4,303,303,279,279,4,1,31,1,8,32,5,14,9,39,13,0,15,1,9,4,0,2,6,27,22,21,15
0,4,0,400,400,9,https://resultados2019.blob.core.windows.net/201901/092144.jpg,OK,0,1,QUETZALTENANGO,QUETZALTENANGO,9214,CORPORACIÓN MUNICIPAL,23,2,2,0,1,4,296,306,279,269,5,3,20,2,5,20,7,8,18,53,14,0,19,3,13,5,2,2,1,32,15,13,19
1,2,1,400,400,9,https://resultados2019.blob.core.windows.net/201901/091264.jpg,OK,0,1,QUETZALTENANGO,QUETZALTENANGO,9126,CORPORACIÓN MUNICIPAL,19,2,2,0,1,4,285,285,264,264,4,7,17,5,8,31,4,2,15,54,4,2,15,2,6,3,0,4,1,20,21,21,18
1,1,0,400,400,9,https://resultados2019.blob.core.windows.net/201901/091824.jpg,OK,0,1,QUETZALTENANGO,QUETZALTENANGO,9182,CORPORACIÓN MUNICIPAL,12,2,2,0,1,4,248,248,235,235,2,4,19,2,1,26,10,5,4,43,6,2,15,2,11,8,1,1,6,25,10,16,16
1,1,0,400,0,9,https://resultados2019.blob.core.windows.net/201901/091054.jpg,OK,0,1,QUETZALTENANGO,QUETZALTENANGO,9105,CORPORACIÓN MUNICIPAL,15,2,2,0,1,4,297,297,281,281,5,8,24,4,11,25,9,9,16,49,8,2,9,2,14,0,1,1,5,40,11,15,13
1,0,0,299,299,9,https://resultados2019.blob.core.windows.net/201901/091094.jpg,OK,0,1,QUETZALTENANGO,QUETZALTENANGO,9109,CORPORACIÓN MUNICIPAL,7,2,2,0,1,4,175,175,168,168,2,4,12,2,3,19,4,5,11,38,7,4,6,2,8,1,1,6,1,17,1,3,11
1,3,0,400,402,9,https://resultados2019.blob.core.windows.net/201901/092544.jpg,OK,0,1,QUETZALTENANGO,QUETZALTENANGO,9254,CORPORACIÓN MUNICIPAL,12,2,2,0,1,4,205,205,190,190,4,3,10,5,4,12,6,9,10,41,7,1,2,0,19,5,2,4,1,17,10,14,4
1,2,0,400,400,9,https://resultados2019.blob.core.windows.net/201901/091594.jpg,OK,0,1,QUETZALTENANGO,QUETZALTENANGO,9159,CORPORACIÓN MUNICIPAL,13,2,2,0,1,4,284,284,269,269,2,0,24,2,15,21,4,12,18,45,10,0,8,2,15,6,2,5,1,33,7,19,18
1,3,0,400,400,9,https://resultados2019.blob.core.windows.net/201901/091274.jpg,OK,0,1,QUETZALTENANGO,QUETZALTENANGO,9127,CORPORACIÓN MUNICIPAL,17,2,2,0,1,4,279,279,259,259,2,2,29,3,8,32,3,12,10,38,10,3,17,2,13,3,1,1,5,22,17,11,15
0,1,0,400,400,9,https://resultados2019.blob.core.windows.net/201901/091584.jpg,OK,0,1,QUETZALTENANGO,QUETZALTENANGO,9158,CORPORACIÓN MUNICIPAL,9,2,2,0,1,4,262,290,280,252,31,3,31,1,11,20,2,7,16,34,7,2,14,2,14,1,1,0,3,37,11,13,19
1,1,0,400,402,9,https://resultados2019.blob.core.windows.net/201901/090674.jpg,OK,0,1,QUETZALTENANGO,QUETZALTENANGO,9067,CORPORACIÓN MUNICIPAL,12,2,2,0,1,4,286,286,273,273,2,6,25,2,7,28,10,8,8,65,7,0,12,0,12,4,0,0,6,17,21,14,19
1,8,0,380,380,9,https://resultados2019.blob.core.windows.net/201901/092834.jpg,OK,0,1,QUETZALTENANGO,QUETZALTENANGO,9283,CORPORACIÓN MUNICIPAL,11,2,2,0,1,4,165,165,146,146,2,1,9,0,12,1,0,3,2,77,2,0,1,0,5,3,0,4,4,11,0,6,3
0,2,0,400,403,9,https://resultados2019.blob.core.windows.net/201901/090614.jpg,OK,1,1,QUETZALTENANGO,QUETZALTENANGO,9061,CORPORACIÓN MUNICIPAL,16,2,2,0,1,4,277,267,249,259,3,6,24,4,0,22,0,11,0,56,9,1,15,3,11,2,2,3,5,29,12,11,20
1,1,0,400,398,9,https://resultados2019.blob.core.windows.net/201901/091864.jpg,OK,0,1,QUETZALTENANGO,QUETZALTENANGO,9186,CORPORACIÓN MUNICIPAL,13,2,2,0,1,4,275,275,261,261,4,2,19,1,9,35,4,7,18,56,7,1,12,1,17,3,1,0,5,18,16,12,13
0,8,0,400,400,9,https://resultados2019.blob.core.windows.net/201901/092034.jpg,OK,0,1,QUETZALTENANGO,QUETZALTENANGO,9203,CORPORACIÓN MUNICIPAL,9,2,2,0,1,4,276,286,269,259,6,5,19,0,9,24,5,10,18,53,0,0,26,0,18,0,0,3,0,27,19,19,8
1,1,0,400,400,9,https://resultados2019.blob.core.windows.net/201901/092004.jpg,OK,0,1,QUETZALTENANGO,QUETZALTENANGO,9200,CORPORACIÓN MUNICIPAL,9,2,2,0,1,4,272,272,262,262,1,4,16,2,10,17,3,9,21,56,5,2,9,2,19,2,1,3,0,32,9,23,16
1,1,0,315,316,9,https://resultados2019.blob.core.windows.net/201901/092194.jpg,OK,0,1,QUETZALTENANGO,QUETZALTENANGO,9219,CORPORACIÓN MUNICIPAL,4,2,2,0,1,4,256,256,251,251,2,4,16,2,10,25,3,4,16,27,14,1,9,4,14,0,1,3,3,40,17,17,19
1,2,0,569,569,9,https://resultados2019.blob.core.windows.net/201901/093114.jpg,OK,0,1,QUETZALTENANGO,QUETZALTENANGO,9311,CORPORACIÓN MUNICIPAL,3,2,2,0,1,4,79,79,74,74,2,0,2,1,2,12,0,4,0,24,3,0,0,0,4,3,0,1,0,3,4,4,5
1,3,0,400,400,9,https://resultados2019.blob.core.windows.net/201901/091784.jpg,OK,0,1,QUETZALTENANGO,QUETZALTENANGO,9178,CORPORACIÓN MUNICIPAL,10,2,2,0,1,4,274,274,261,261,8,7,18,2,6,34,6,9,7,50,10,2,10,5,11,4,0,0,5,17,21,17,12
1,3,0,312,312,9,https://resultados2019.blob.core.windows.net/201901/092704.jpg,OK,0,1,QUETZALTENANGO,QUETZALTENANGO,9270,CORPORACIÓN MUNICIPAL,4,2,2,0,1,4,105,105,98,98,0,0,2,0,16,2,3,2,5,40,1,0,3,1,5,4,0,3,2,3,1,1,4
1,2,0,400,400,9,https://resultados2019.blob.core.windows.net/201901/090764.jpg,OK,0,1,QUETZALTENANGO,QUETZALTENANGO,9076,CORPORACIÓN MUNICIPAL,15,2,2,0,1,4,264,264,247,247,1,3,20,3,9,29,2,19,7,44,8,4,9,2,14,0,2,2,3,22,11,18,15
1,1,0,600,600,9,https://resultados2019.blob.core.windows.net/201901/092914.jpg,OK,0,1,QUETZALTENANGO,QUETZALTENANGO,9291,CORPORACIÓN MUNICIPAL,11,2,2,0,1,4,250,250,238,238,4,4,12,5,5,24,3,10,9,66,4,0,4,4,18,1,1,1,3,15,14,16,15
1,1,0,400,400,9,https://resultados2019.blob.core.windows.net/201901/091204.jpg,OK,0,1,QUETZALTENANGO,QUETZALTENANGO,9120,CORPORACIÓN MUNICIPAL,11,2,2,0,1,4,268,268,256,256,6,1,16,3,2,24,8,12,19,51,10,4,11,3,11,8,2,2,6,20,12,14,11
1,0,0,400,400,9,https://resultados2019.blob.core.windows.net/201901/090894.jpg,OK,0,1,QUETZALTENANGO,QUETZALTENANGO,9089,CORPORACIÓN MUNICIPAL,10,2,2,0,1,4,285,285,275,275,3,1,27,1,7,35,5,6,11,60,7,7,10,1,12,4,2,5,5,20,11,21,14
1,2,0,400,0,9,https://resultados2019.blob.core.windows.net/201901/091134.jpg,OK,1,1,QUETZALTENANGO,QUETZALTENANGO,9113,CORPORACIÓN MUNICIPAL,9,2,2,0,1,4,248,248,237,237,3,2,18,6,3,20,1,8,14,51,6,6,7,1,15,7,1,1,2,22,17,12,14
1,1,0,400,403,9,https://resultados2019.blob.core.windows.net/201901/092294.jpg,OK,0,1,QUETZALTENANGO,QUETZALTENANGO,9229,CORPORACIÓN MUNICIPAL,16,2,2,0,1,4,276,276,259,259,0,0,28,5,4,14,4,6,25,49,9,1,10,5,7,4,0,2,4,39,16,12,15
1,1,0,400,400,9,https://resultados2019.blob.core.windows.net/201901/090534.jpg,OK,0,1,QUETZALTENANGO,QUETZALTENANGO,9053,CORPORACIÓN MUNICIPAL,10,2,2,0,1,4,290,290,279,279,3,8,20,2,6,22,0,20,11,61,6,5,8,2,12,4,1,2,5,34,5,16,26
1,2,0,400,400,9,https://resultados2019.blob.core.windows.net/201901/090554.jpg,OK,0,1,QUETZALTENANGO,QUETZALTENANGO,9055,CORPORACIÓN MUNICIPAL,18,2,2,0,1,4,287,287,267,267,7,6,16,3,12,25,6,5,15,55,9,1,10,1,11,3,0,2,4,26,16,21,13
1,3,0,600,600,9,https://resultados2019.blob.core.windows.net/201901/092944.jpg,OK,0,1,QUETZALTENANGO,QUETZALTENANGO,9294,CORPORACIÓN MUNICIPAL,18,2,2,0,1,4,256,256,235,235,4,8,19,0,10,17,0,9,12,61,5,3,8,5,8,1,3,1,6,16,13,9,17
1,2,2,288,288,9,https://resultados2019.blob.core.windows.net/201901/092374.jpg,OK,0,1,QUETZALTENANGO,QUETZALTENANGO,9237,CORPORACIÓN MUNICIPAL,6,2,2,0,1,4,239,239,231,231,2,2,19,0,4,25,2,10,15,41,10,0,20,1,10,1,2,1,3,25,10,12,16
1,2,0,400,400,9,https://resultados2019.blob.core.windows.net/201901/091154.jpg,OK,0,1,QUETZALTENANGO,QUETZALTENANGO,9115,CORPORACIÓN MUNICIPAL,11,2,2,0,1,4,259,259,246,246,2,1,12,4,5,23,5,12,16,48,7,2,13,1,20,4,0,1,7,16,20,18,9
1,1,0,400,400,9,https://resultados2019.blob.core.windows.net/201901/090704.jpg,OK,0,1,QUETZALTENANGO,QUETZALTENANGO,9070,CORPORACIÓN MUNICIPAL,18,2,2,0,1,4,286,286,267,267,4,7,17,0,2,42,4,10,10,56,12,2,15,2,15,1,1,4,2,21,12,9,19
1,0,0,600,600,9,https://resultados2019.blob.core.windows.net/201901/092994.jpg,OK,0,1,QUETZALTENANGO,QUETZALTENANGO,9299,CORPORACIÓN MUNICIPAL,16,2,2,0,1,4,319,319,303,303,5,6,25,2,13,28,4,13,11,66,9,2,15,2,12,2,3,0,6,24,14,20,21
0,2,0,400,404,9,https://resultados2019.blob.core.windows.net/201901/092134.jpg,OK,0,1,QUETZALTENANGO,QUETZALTENANGO,9213,CORPORACIÓN MUNICIPAL,10,2,2,0,1,4,296,277,265,284,5,5,20,4,6,32,8,20,0,50,10,1,10,3,10,7,0,3,2,28,15,11,15
1,5,0,400,400,9,https://resultados2019.blob.core.windows.net/201901/092434.jpg,OK,0,1,QUETZALTENANGO,QUETZALTENANGO,9243,CORPORACIÓN MUNICIPAL,9,2,2,0,1,4,251,251,237,237,2,1,12,3,9,14,3,7,13,84,3,1,9,3,12,2,0,1,5,14,11,14,14
1,2,0,600,600,9,https://resultados2019.blob.core.windows.net/201901/092964.jpg,OK,0,1,QUETZALTENANGO,QUETZALTENANGO,9296,CORPORACIÓN MUNICIPAL,15,2,2,0,1,4,291,291,274,274,4,6,18,5,8,27,2,11,11,62,6,3,15,3,15,2,1,1,3,21,12,12,26
1,2,0,400,400,9,https://resultados2019.blob.core.windows.net/201901/091064.jpg,OK,0,1,QUETZALTENANGO,QUETZALTENANGO,9106,CORPORACIÓN MUNICIPAL,7,2,2,0,1,4,299,299,290,290,1,11,34,1,12,33,3,8,11,52,6,4,15,4,16,2,3,0,5,22,10,18,19
0,2,0,400,400,9,https://resultados2019.blob.core.windows.net/201901/090584.jpg,OK,0,1,QUETZALTENANGO,QUETZALTENANGO,9058,CORPORACIÓN MUNICIPAL,17,2,2,0,1,4,302,312,293,283,10,7,25,4,6,33,2,16,9,51,13,3,12,2,16,5,0,4,4,27,11,11,22
1,1,0,400,396,9,https://resultados2019.blob.core.windows.net/201901/090854.jpg,OK,0,1,QUETZALTENANGO,QUETZALTENANGO,9085,CORPORACIÓN MUNICIPAL,15,2,2,0,1,4,280,280,264,264,2,6,17,2,9,30,4,12,6,50,8,3,13,1,13,3,0,5,2,27,16,17,18
0,1,0,400,400,9,https://resultados2019.blob.core.windows.net/201901/091174.jpg,OK,1,1,QUETZALTENANGO,QUETZALTENANGO,9117,CORPORACIÓN MUNICIPAL,11,2,2,0,1,4,269,268,256,256,0,6,20,7,6,35,3,6,18,41,8,2,4,3,22,3,1,0,6,26,11,15,13
1,1,0,600,600,9,https://resultados2019.blob.core.windows.net/201901/093084.jpg,OK,0,1,QUETZALTENANGO,QUETZALTENANGO,9308,CORPORACIÓN MUNICIPAL,19,2,2,0,1,4,214,214,194,194,4,2,14,0,9,21,1,7,9,58,3,2,10,1,10,1,2,1,5,16,6,1,11
1,3,0,400,393,9,https://resultados2019.blob.core.windows.net/201901/092334.jpg,OK,0,1,QUETZALTENANGO,QUETZALTENANGO,9233,CORPORACIÓN MUNICIPAL,19,2,2,0,1,4,285,285,263,263,2,4,21,3,9,23,0,12,14,54,13,3,14,3,10,4,0,3,4,23,20,18,6
1,0,0,400,400,9,https://resultados2019.blob.core.windows.net/201901/090694.jpg,OK,0,1,QUETZALTENANGO,QUETZALTENANGO,9069,CORPORACIÓN MUNICIPAL,17,2,2,0,1,4,287,287,270,270,5,7,25,5,3,26,2,8,10,62,7,1,11,1,21,0,1,0,3,26,6,12,28
1,3,0,400,560,9,https://resultados2019.blob.core.windows.net/201901/092484.jpg,OK,1,1,QUETZALTENANGO,QUETZALTENANGO,9248,CORPORACIÓN MUNICIPAL,8,2,2,0,1,4,262,262,251,251,1,0,14,4,6,13,4,16,6,100,11,0,6,2,12,5,0,1,7,13,5,14,11
0,0,0,600,600,9,https://resultados2019.blob.core.windows.net/201901/092974.jpg,OK,0,1,QUETZALTENANGO,QUETZALTENANGO,9297,CORPORACIÓN MUNICIPAL,11,2,2,0,1,4,258,252,241,241,7,7,15,1,8,35,4,15,8,49,5,0,16,3,15,1,2,0,5,16,9,14,6
1,3,0,400,400,9,https://resultados2019.blob.core.windows.net/201901/092124.jpg,OK,0,1,QUETZALTENANGO,QUETZALTENANGO,9212,CORPORACIÓN MUNICIPAL,21,2,2,0,1,4,290,290,266,266,1,2,24,3,11,23,3,8,22,45,16,2,13,1,9,3,3,2,1,24,23,18,9
1,0,0,400,400,9,https://resultados2019.blob.core.windows.net/201901/092274.jpg,OK,0,1,QUETZALTENANGO,QUETZALTENANGO,9227,CORPORACIÓN MUNICIPAL,18,2,2,0,1,4,264,264,246,246,1,1,18,4,8,15,1,9,18,56,6,3,10,3,12,2,1,2,7,26,9,20,14
0,3,0,400,400,9,https://resultados2019.blob.core.windows.net/201901/091384.jpg,OK,0,1,QUETZALTENANGO,QUETZALTENANGO,9138,CORPORACIÓN MUNICIPAL,19,2,2,0,1,4,295,289,267,273,7,6,44,1,8,19,1,11,13,41,10,1,16,3,13,1,1,1,3,21,20,15,11
1,6,0,400,400,9,https://resultados2019.blob.core.windows.net/201901/092214.jpg,OK,0,1,QUETZALTENANGO,QUETZALTENANGO,9221,CORPORACIÓN MUNICIPAL,13,2,2,0,1,4,270,270,251,251,3,3,14,3,9,18,3,10,17,52,5,2,17,3,8,1,1,4,6,29,12,18,13
1,5,0,400,401,9,https://resultados2019.blob.core.windows.net/201901/092504.jpg,OK,0,1,QUETZALTENANGO,QUETZALTENANGO,9250,CORPORACIÓN MUNICIPAL,14,2,2,0,1,4,217,217,198,198,1,4,14,5,5,12,5,5,5,76,5,2,3,0,8,2,0,2,7,16,4,7,10
1,5,0,380,0,9,https://resultados2019.blob.core.windows.net/201901/092654.jpg,OK,0,1,QUETZALTENANGO,QUETZALTENANGO,9265,CORPORACIÓN MUNICIPAL,21,2,2,0,1,4,169,169,143,143,2,1,4,1,16,6,0,5,1,64,0,1,5,0,10,6,0,2,7,2,6,2,2
1,5,0,600,597,9,https://resultados2019.blob.core.windows.net/201901/093094.jpg,OK,1,1,QUETZALTENANGO,QUETZALTENANGO,9309,CORPORACIÓN MUNICIPAL,13,2,2,0,1,4,221,221,203,203,2,7,15,2,10,25,3,8,6,38,8,1,9,1,12,3,0,0,2,16,15,9,11
1,3,0,400,400,9,https://resultados2019.blob.core.windows.net/201901/091644.jpg,OK,0,1,QUETZALTENANGO,QUETZALTENANGO,9164,CORPORACIÓN MUNICIPAL,15,2,2,0,1,4,248,248,230,230,4,1,26,2,11,29,0,10,7,44,5,0,9,1,12,0,1,1,2,26,14,16,9
0,3,0,400,400,9,https://resultados2019.blob.core.windows.net/201901/091604.jpg,OK,0,1,QUETZALTENANGO,QUETZALTENANGO,9160,CORPORACIÓN MUNICIPAL,19,2,2,0,1,4,278,287,265,256,2,4,30,1,7,22,1,8,11,42,6,1,14,4,15,2,1,4,7,32,20,12,19
1,2,0,400,404,9,https://resultados2019.blob.core.windows.net/201901/091464.jpg,OK,0,1,QUETZALTENANGO,QUETZALTENANGO,9146,CORPORACIÓN MUNICIPAL,12,2,2,0,1,4,292,292,278,278,1,4,20,0,9,28,9,9,12,47,5,0,14,1,16,2,1,4,5,39,18,20,14
1,3,0,320,320,9,https://resultados2019.blob.core.windows.net/201901/092784.jpg,OK,0,1,QUETZALTENANGO,QUETZALTENANGO,9278,CORPORACIÓN MUNICIPAL,12,2,2,0,1,4,199,199,184,184,1,2,4,4,1,10,1,5,10,89,7,2,1,4,8,1,0,0,3,8,17,1,5
1,1,0,569,571,9,https://resultados2019.blob.core.windows.net/201901/093124.jpg,OK,0,1,QUETZALTENANGO,QUETZALTENANGO,9312,CORPORACIÓN MUNICIPAL,2,2,2,0,1,4,43,43,40,40,0,0,2,0,2,7,0,2,3,5,1,1,3,1,3,0,0,1,1,3,3,1,1
1,2,0,400,400,9,https://resultados2019.blob.core.windows.net/201901/091624.jpg,OK,0,1,QUETZALTENANGO,QUETZALTENANGO,9162,CORPORACIÓN MUNICIPAL,22,2,2,0,1,4,296,296,272,272,3,1,32,1,14,22,2,10,14,52,13,1,14,3,8,2,1,2,2,28,14,17,16
1,2,0,400,0,9,https://resultados2019.blob.core.windows.net/201901/090944.jpg,OK,0,1,QUETZALTENANGO,QUETZALTENANGO,9094,CORPORACIÓN MUNICIPAL,13,2,2,0,1,4,293,293,278,278,2,8,22,3,2,27,8,10,14,60,8,3,12,3,12,2,1,1,5,34,8,17,16
1,2,0,277,277,9,https://resultados2019.blob.core.windows.net/201901/091514.jpg,OK,0,1,QUETZALTENANGO,QUETZALTENANGO,9151,CORPORACIÓN MUNICIPAL,5,2,2,0,1,4,221,221,214,214,3,6,18,1,6,13,1,7,12,28,10,0,11,4,12,0,1,3,2,33,11,16,16
1,2,0,400,0,9,https://resultados2019.blob.core.windows.net/201901/091564.jpg,OK,0,1,QUETZALTENANGO,QUETZALTENANGO,9156,CORPORACIÓN MUNICIPAL,16,2,2,0,1,4,270,270,252,252,3,3,25,1,6,26,5,13,13,42,6,1,10,7,11,7,0,1,1,32,7,19,13
0,0,0,400,400,9,https://resultados2019.blob.core.windows.net/201901/090934.jpg,OK,0,1,QUETZALTENANGO,QUETZALTENANGO,9093,CORPORACIÓN MUNICIPAL,15,2,2,0,1,4,280,281,266,265,2,4,18,6,5,40,4,16,10,66,8,0,11,1,5,1,0,0,0,29,13,12,15
1,5,0,400,400,9,https://resultados2019.blob.core.windows.net/201901/091964.jpg,OK,0,1,QUETZALTENANGO,QUETZALTENANGO,9196,CORPORACIÓN MUNICIPAL,16,2,2,0,1,4,271,271,250,250,1,3,17,5,12,27,4,7,7,60,7,2,10,4,8,4,2,2,4,20,15,18,11
0,4,1,365,365,9,https://resultados2019.blob.core.windows.net/201901/091114.jpg,OK,0,1,QUETZALTENANGO,QUETZALTENANGO,9111,CORPORACIÓN MUNICIPAL,16,2,2,0,1,4,247,241,221,227,3,2,34,3,6,21,7,8,7,47,1,0,9,1,7,0,1,1,3,21,12,2,25
1,2,0,400,0,9,https://resultados2019.blob.core.windows.net/201901/091614.jpg,OK,0,1,QUETZALTENANGO,QUETZALTENANGO,9161,CORPORACIÓN MUNICIPAL,11,2,2,0,1,4,280,280,267,267,4,3,33,3,9,18,8,11,16,35,5,0,16,0,23,3,4,5,4,36,8,17,6
1,1,0,400,400,9,https://resultados2019.blob.core.windows.net/201901/091004.jpg,OK,0,1,QUETZALTENANGO,QUETZALTENANGO,9100,CORPORACIÓN MUNICIPAL,11,2,2,0,1,4,244,244,232,232,1,2,13,3,16,19,4,12,11,51,7,3,15,2,8,2,2,2,3,25,5,16,10
1,2,0,400,400,9,https://resultados2019.blob.core.windows.net/201901/090904.jpg,OK,0,1,QUETZALTENANGO,QUETZALTENANGO,9090,CORPORACIÓN MUNICIPAL,16,2,2,0,1,4,294,294,276,276,4,6,25,2,11,26,4,8,8,54,8,1,17,4,15,2,2,2,7,32,10,16,12
1,6,0,600,600,9,https://resultados2019.blob.core.windows.net/201901/092884.jpg,OK,0,1,QUETZALTENANGO,QUETZALTENANGO,9288,CORPORACIÓN MUNICIPAL,13,2,2,0,1,4,240,240,221,221,4,3,15,4,8,18,8,15,10,46,4,1,6,4,9,1,0,1,4,20,15,10,15
1,0,0,400,401,9,https://resultados2019.blob.core.windows.net/201901/092514.jpg,OK,0,1,QUETZALTENANGO,QUETZALTENANGO,9251,CORPORACIÓN MUNICIPAL,12,2,2,0,1,4,237,237,225,225,3,5,11,0,7,11,2,6,16,85,3,0,6,1,15,0,1,4,6,16,8,7,12
1,2,0,400,400,9,https://resultados2019.blob.core.windows.net/201901/091994.jpg,OK,0,1,QUETZALTENANGO,QUETZALTENANGO,9199,CORPORACIÓN MUNICIPAL,8,2,2,0,1,4,267,267,257,257,4,6,16,5,7,29,2,7,16,56,10,1,16,0,15,0,2,3,6,22,10,13,11
1,0,0,245,245,9,https://resultados2019.blob.core.windows.net/201901/091674.jpg,OK,0,1,QUETZALTENANGO,QUETZALTENANGO,9167,CORPORACIÓN MUNICIPAL,3,2,2,0,1,4,138,138,135,135,0,1,11,1,7,12,2,4,7,25,1,0,13,0,10,0,2,1,0,19,7,4,8
1,4,0,400,401,9,https://resultados2019.blob.core.windows.net/201901/091234.jpg,OK,0,1,QUETZALTENANGO,QUETZALTENANGO,9123,CORPORACIÓN MUNICIPAL,7,2,2,0,1,4,213,213,202,202,5,0,14,0,2,19,3,6,17,50,8,1,5,2,8,4,1,1,3,24,10,10,9
1,1,0,600,600,9,https://resultados2019.blob.core.windows.net/201901/093074.jpg,OK,0,1,QUETZALTENANGO,QUETZALTENANGO,9307,CORPORACIÓN MUNICIPAL,10,2,2,0,1,4,228,228,217,217,6,2,10,2,10,17,3,10,13,53,3,1,11,1,7,3,1,4,6,15,9,15,15
1,10,0,380,380,9,https://resultados2019.blob.core.windows.net/201901/092754.jpg,OK,0,1,QUETZALTENANGO,QUETZALTENANGO,9275,CORPORACIÓN MUNICIPAL,10,2,2,0,1,4,219,219,199,199,7,2,4,8,1,7,0,9,10,85,2,2,2,4,10,6,0,2,6,5,10,6,11
1,2,0,400,400,9,https://resultados2019.blob.core.windows.net/201901/090604.jpg,OK,0,1,QUETZALTENANGO,QUETZALTENANGO,9060,CORPORACIÓN MUNICIPAL,18,2,2,0,1,4,285,285,265,265,2,4,21,6,9,23,2,14,19,70,3,3,9,0,12,3,0,3,2,20,14,12,14
1,3,0,400,400,9,https://resultados2019.blob.core.windows.net/201901/091574.jpg,OK,0,1,QUETZALTENANGO,QUETZALTENANGO,9157,CORPORACIÓN MUNICIPAL,16,2,2,0,1,4,279,279,260,260,7,1,22,4,12,20,2,6,11,58,6,2,10,1,12,6,0,6,3,22,11,21,17
0,2,0,400,400,9,https://resultados2019.blob.core.windows.net/201901/091334.jpg,OK,112,1,QUETZALTENANGO,QUETZALTENANGO,9133,CORPORACIÓN MUNICIPAL,0,2,2,0,1,4,291,277,275,289,2,4,18,7,7,35,10,11,18,48,8,0,24,1,8,0,0,0,2,28,22,11,11
1,4,0,380,380,9,https://resultados2019.blob.core.windows.net/201901/092814.jpg,OK,0,1,QUETZALTENANGO,QUETZALTENANGO,9281,CORPORACIÓN MUNICIPAL,11,2,2,0,1,4,169,169,154,154,0,0,5,1,19,4,2,6,0,58,1,1,1,4,14,9,0,2,5,8,5,2,7
1,7,0,400,400,9,https://resultados2019.blob.core.windows.net/201901/091944.jpg,OK,0,1,QUETZALTENANGO,QUETZALTENANGO,9194,CORPORACIÓN MUNICIPAL,16,2,2,0,1,4,275,275,252,252,2,3,15,1,5,26,2,14,17,57,3,1,11,2,9,2,4,1,1,19,15,14,28
1,0,0,400,400,9,https://resultados2019.blob.core.windows.net/201901/092234.jpg,OK,0,1,QUETZALTENANGO,QUETZALTENANGO,9223,CORPORACIÓN MUNICIPAL,18,2,1,0,1,4,273,273,255,255,4,5,22,1,6,11,6,15,30,45,5,0,15,2,11,1,0,2,5,27,8,22,12
1,2,0,400,0,9,https://resultados2019.blob.core.windows.net/201901/091044.jpg,OK,0,1,QUETZALTENANGO,QUETZALTENANGO,9104,CORPORACIÓN MUNICIPAL,13,2,2,0,1,4,263,263,248,248,1,4,29,0,9,32,4,4,18,50,6,1,8,3,10,1,3,0,3,27,5,18,12
1,0,0,400,400,9,https://resultados2019.blob.core.windows.net/201901/090744.jpg,OK,0,1,QUETZALTENANGO,QUETZALTENANGO,9074,CORPORACIÓN MUNICIPAL,10,2,2,0,1,4,240,240,230,230,2,5,13,1,8,23,6,9,7,51,2,3,12,0,11,2,1,2,0,31,9,11,21
1,3,0,400,401,9,https://resultados2019.blob.core.windows.net/201901/090654.jpg,OK,0,1,QUETZALTENANGO,QUETZALTENANGO,9065,CORPORACIÓN MUNICIPAL,15,2,2,0,1,4,273,273,255,255,3,7,18,2,5,32,4,9,6,53,10,1,9,4,10,1,2,0,3,33,10,17,16
1,3,0,600,602,9,https://resultados2019.blob.core.windows.net/201901/093104.jpg,OK,0,1,QUETZALTENANGO,QUETZALTENANGO,9310,CORPORACIÓN MUNICIPAL,11,2,2,0,1,4,156,156,142,142,0,0,12,0,6,24,4,9,4,26,4,1,4,1,3,0,0,0,2,16,11,8,7
1,2,0,400,405,9,https://resultados2019.blob.core.windows.net/201901/092094.jpg,OK,0,1,QUETZALTENANGO,QUETZALTENANGO,9209,CORPORACIÓN MUNICIPAL,14,2,2,0,1,4,305,305,289,289,1,2,19,4,8,35,4,18,14,45,12,1,18,1,10,0,0,4,0,25,25,26,17
1,10,0,380,380,9,https://resultados2019.blob.core.windows.net/201901/092644.jpg,OK,0,1,QUETZALTENANGO,QUETZALTENANGO,9264,CORPORACIÓN MUNICIPAL,29,2,2,0,1,4,161,161,122,122,1,0,6,0,15,1,0,4,0,63,1,1,1,3,5,5,0,4,4,0,3,1,4
1,4,0,400,403,9,https://resultados2019.blob.core.windows.net/201901/091304.jpg,OK,0,1,QUETZALTENANGO,QUETZALTENANGO,9130,CORPORACIÓN MUNICIPAL,16,2,2,0,1,4,278,278,258,258,4,2,25,4,3,26,0,12,18,42,13,0,18,2,10,2,2,6,4,15,20,14,16
1,2,0,600,600,9,https://resultados2019.blob.core.windows.net/201901/093004.jpg,OK,0,1,QUETZALTENANGO,QUETZALTENANGO,9300,CORPORACIÓN MUNICIPAL,9,2,2,0,1,4,296,296,285,285,4,4,25,4,9,34,5,13,10,64,7,4,16,5,10,1,1,2,7,17,12,10,21
1,1,0,333,334,9,https://resultados2019.blob.core.windows.net/201901/091254.jpg,OK,0,1,QUETZALTENANGO,QUETZALTENANGO,9125,CORPORACIÓN MUNICIPAL,7,2,2,0,1,4,220,220,212,212,2,5,23,0,5,12,3,5,20,42,8,2,9,3,17,0,0,1,2,19,11,13,10
1,3,0,400,0,9,https://resultados2019.blob.core.windows.net/201901/090924.jpg,OK,0,1,QUETZALTENANGO,QUETZALTENANGO,9092,CORPORACIÓN MUNICIPAL,21,2,2,0,1,4,293,293,269,269,4,7,27,3,3,30,3,17,14,55,6,1,10,1,16,5,0,1,2,21,15,14,14
1,1,0,400,400,9,https://resultados2019.blob.core.windows.net/201901/092494.jpg,OK,0,1,QUETZALTENANGO,QUETZALTENANGO,9249,CORPORACIÓN MUNICIPAL,7,2,2,0,1,4,235,235,227,227,0,3,16,2,5,14,3,10,10,81,7,2,9,1,5,3,4,1,11,7,12,4,17
1,6,0,400,400,9,https://resultados2019.blob.core.windows.net/201901/092554.jpg,OK,0,1,QUETZALTENANGO,QUETZALTENANGO,9255,CORPORACIÓN MUNICIPAL,6,2,2,0,1,4,235,235,223,223,0,4,8,9,3,15,5,10,10,51,11,4,4,3,24,5,1,6,4,22,10,7,7
1,4,0,400,404,9,https://resultados2019.blob.core.windows.net/201901/092394.jpg,OK,0,1,QUETZALTENANGO,QUETZALTENANGO,9239,CORPORACIÓN MUNICIPAL,11,2,2,0,1,4,262,262,247,247,3,1,15,3,7,11,3,12,4,90,2,3,7,0,15,6,1,2,6,21,9,16,10
1,1,0,400,400,9,https://resultados2019.blob.core.windows.net/201901/091074.jpg,OK,0,1,QUETZALTENANGO,QUETZALTENANGO,9107,CORPORACIÓN MUNICIPAL,8,2,2,0,1,4,299,299,290,290,2,5,32,2,10,26,3,8,15,78,15,3,10,5,11,0,1,0,5,28,8,12,11
0,4,0,400,402,9,https://resultados2019.blob.core.windows.net/201901/092174.jpg,OK,0,1,QUETZALTENANGO,QUETZALTENANGO,9217,CORPORACIÓN MUNICIPAL,9,2,2,0,1,4,284,281,268,271,3,4,22,2,0,32,8,13,20,46,12,0,15,4,8,1,1,1,3,23,19,18,13
1,0,0,400,402,9,https://resultados2019.blob.core.windows.net/201901/091364.jpg,OK,0,1,QUETZALTENANGO,QUETZALTENANGO,9136,CORPORACIÓN MUNICIPAL,5,2,2,0,1,4,277,277,272,272,2,5,29,2,8,23,7,8,20,34,12,2,15,2,17,1,0,3,3,32,17,14,16
1,3,0,380,384,9,https://resultados2019.blob.core.windows.net/201901/092824.jpg,OK,0,1,QUETZALTENANGO,QUETZALTENANGO,9282,CORPORACIÓN MUNICIPAL,5,2,2,0,1,4,138,138,130,130,0,0,7,0,12,7,1,3,6,50,1,0,1,0,8,4,0,2,3,12,2,3,8
1,1,0,400,398,9,https://resultados2019.blob.core.windows.net/201901/091474.jpg,OK,0,1,QUETZALTENANGO,QUETZALTENANGO,9147,CORPORACIÓN MUNICIPAL,12,2,2,0,1,4,281,281,268,268,3,3,27,2,5,31,7,10,10,43,11,1,14,0,8,3,0,5,3,32,24,19,7
1,2,0,600,0,9,https://resultados2019.blob.core.windows.net/201901/093024.jpg,OK,0,1,QUETZALTENANGO,QUETZALTENANGO,9302,CORPORACIÓN MUNICIPAL,25,2,2,0,1,4,335,335,308,308,4,9,27,2,11,35,7,18,19,52,8,3,17,1,14,5,1,1,2,19,12,23,18
1,2,0,400,400,9,https://resultados2019.blob.core.windows.net/201901/091294.jpg,OK,0,1,QUETZALTENANGO,QUETZALTENANGO,9129,CORPORACIÓN MUNICIPAL,15,2,2,0,1,4,300,300,283,283,3,3,28,1,10,32,9,15,20,42,8,2,13,1,8,1,0,4,4,36,23,7,13
1,0,0,400,400,9,https://resultados2019.blob.core.windows.net/201901/090814.jpg,OK,0,1,QUETZALTENANGO,QUETZALTENANGO,9081,CORPORACIÓN MUNICIPAL,20,2,2,0,1,4,287,287,267,267,4,6,30,3,5,26,7,13,10,45,6,0,18,2,13,4,1,1,6,26,18,6,17
1,4,0,400,403,9,https://resultados2019.blob.core.windows.net/201901/091834.jpg,OK,157,1,QUETZALTENANGO,QUETZALTENANGO,9183,CORPORACIÓN MUNICIPAL,8,2,2,0,1,4,246,246,234,234,0,7,18,2,14,23,5,9,9,54,11,2,3,0,13,2,1,2,4,27,9,15,4
1,7,0,380,382,9,https://resultados2019.blob.core.windows.net/201901/092794.jpg,OK,0,1,QUETZALTENANGO,QUETZALTENANGO,9279,CORPORACIÓN MUNICIPAL,13,2,2,0,1,4,189,189,169,169,3,2,4,1,12,1,0,3,2,84,3,1,2,0,6,1,0,8,9,11,6,5,5
1,3,0,400,400,9,https://resultados2019.blob.core.windows.net/201901/092304.jpg,OK,0,1,QUETZALTENANGO,QUETZALTENANGO,9230,CORPORACIÓN MUNICIPAL,12,2,2,0,1,4,285,285,270,270,2,2,20,2,6,20,7,12,22,41,9,1,22,3,10,3,2,0,8,35,10,15,18
0,1,0,400,0,9,https://resultados2019.blob.core.windows.net/201901/090984.jpg,OK,0,1,QUETZALTENANGO,QUETZALTENANGO,9098,CORPORACIÓN MUNICIPAL,10,2,2,0,1,4,269,269,258,269,1,2,17,4,10,34,7,15,6,56,10,1,14,2,10,3,0,2,5,27,8,14,10
1,2,0,400,400,9,https://resultados2019.blob.core.windows.net/201901/091774.jpg,OK,0,1,QUETZALTENANGO,QUETZALTENANGO,9177,CORPORACIÓN MUNICIPAL,23,2,2,0,1,4,283,283,258,258,8,3,19,3,4,23,4,6,10,64,8,2,7,4,5,4,16,6,3,31,11,2,15
1,3,0,400,400,9,https://resultados2019.blob.core.windows.net/201901/092424.jpg,OK,0,1,QUETZALTENANGO,QUETZALTENANGO,9242,CORPORACIÓN MUNICIPAL,20,2,2,0,1,4,278,278,255,255,3,4,18,5,5,16,3,5,6,98,3,0,7,4,16,2,2,3,7,12,8,17,11
1,2,0,400,402,9,https://resultados2019.blob.core.windows.net/201901/092054.jpg,OK,0,1,QUETZALTENANGO,QUETZALTENANGO,9205,CORPORACIÓN MUNICIPAL,6,2,2,0,1,4,223,223,215,215,2,2,18,2,5,8,5,5,16,43,8,1,6,4,10,1,2,2,2,29,13,10,21
1,5,0,320,320,9,https://resultados2019.blob.core.windows.net/201901/092774.jpg,OK,0,1,QUETZALTENANGO,QUETZALTENANGO,9277,CORPORACIÓN MUNICIPAL,7,2,2,0,1,4,194,194,182,182,5,3,4,2,0,9,1,6,5,90,1,0,1,1,12,4,3,0,2,10,14,3,6
1,1,0,400,403,9,https://resultados2019.blob.core.windows.net/201901/091704.jpg,OK,0,1,QUETZALTENANGO,QUETZALTENANGO,9170,CORPORACIÓN MUNICIPAL,9,2,2,0,1,4,279,279,269,269,3,7,34,6,8,26,5,9,6,35,5,5,15,2,15,2,0,2,2,30,13,12,27
1,4,0,277,277,9,https://resultados2019.blob.core.windows.net/201901/091524.jpg,OK,0,1,QUETZALTENANGO,QUETZALTENANGO,9152,CORPORACIÓN MUNICIPAL,11,2,2,0,1,4,183,183,168,168,0,3,15,2,10,9,2,6,18,20,6,1,11,0,12,2,0,2,2,19,8,7,13
1,3,0,400,400,9,https://resultados2019.blob.core.windows.net/201901/091354.jpg,OK,0,1,QUETZALTENANGO,QUETZALTENANGO,9135,CORPORACIÓN MUNICIPAL,13,2,2,0,1,4,289,289,273,273,4,2,33,2,12,25,4,18,22,37,9,1,15,3,11,1,1,4,7,26,19,12,5
1,4,0,400,398,9,https://resultados2019.blob.core.windows.net/201901/092044.jpg,OK,0,1,QUETZALTENANGO,QUETZALTENANGO,9204,CORPORACIÓN MUNICIPAL,11,2,2,0,1,4,259,259,244,244,4,3,14,3,9,25,3,11,13,53,6,3,5,2,17,0,2,1,0,24,9,20,17
0,2,0,394,394,9,https://resultados2019.blob.core.windows.net/201901/092594.jpg,OK,0,1,QUETZALTENANGO,QUETZALTENANGO,9259,CORPORACIÓN MUNICIPAL,7,2,2,0,1,4,181,179,170,170,1,3,7,1,4,14,4,9,9,31,3,1,7,2,15,6,0,4,1,20,12,8,8
1,0,0,288,288,9,https://resultados2019.blob.core.windows.net/201901/092384.jpg,OK,0,1,QUETZALTENANGO,QUETZALTENANGO,9238,CORPORACIÓN MUNICIPAL,7,2,1,0,1,4,208,208,201,201,1,1,14,4,5,12,2,7,9,42,7,2,9,3,13,1,1,2,1,33,13,8,11
1,0,0,400,0,9,https://resultados2019.blob.core.windows.net/201901/091014.jpg,OK,0,1,QUETZALTENANGO,QUETZALTENANGO,9101,CORPORACIÓN MUNICIPAL,14,2,2,0,1,4,247,247,233,233,6,5,14,4,8,24,2,12,4,53,8,1,13,4,8,1,0,2,5,27,4,13,15
1,1,0,400,400,9,https://resultados2019.blob.core.windows.net/201901/090754.jpg,OK,0,1,QUETZALTENANGO,QUETZALTENANGO,9075,CORPORACIÓN MUNICIPAL,8,2,2,0,1,4,253,253,244,244,4,0,14,2,10,30,6,10,11,50,7,1,16,1,13,0,2,1,4,27,4,15,16
1,4,0,380,380,9,https://resultados2019.blob.core.windows.net/201901/092764.jpg,OK,1,1,QUETZALTENANGO,QUETZALTENANGO,9276,CORPORACIÓN MUNICIPAL,16,2,2,0,1,4,228,228,208,208,2,5,5,9,0,5,3,4,4,94,6,2,3,2,13,9,0,2,8,5,18,3,6
1,4,0,400,400,9,https://resultados2019.blob.core.windows.net/201901/092354.jpg,OK,0,1,QUETZALTENANGO,QUETZALTENANGO,9235,CORPORACIÓN MUNICIPAL,16,2,1,0,1,4,249,249,229,229,2,1,16,4,7,14,3,13,17,37,6,1,10,3,12,3,1,3,1,32,15,15,13
1,2,0,400,400,9,https://resultados2019.blob.core.windows.net/201901/092454.jpg,OK,0,1,QUETZALTENANGO,QUETZALTENANGO,9245,CORPORACIÓN MUNICIPAL,11,2,2,0,1,4,251,251,238,238,1,6,12,0,6,13,3,11,19,84,3,3,3,0,16,8,1,2,2,15,11,7,12
0,5,0,400,397,9,https://resultados2019.blob.core.windows.net/201901/092244.jpg,OK,0,1,QUETZALTENANGO,QUETZALTENANGO,9224,CORPORACIÓN MUNICIPAL,18,2,2,0,1,4,280,235,212,257,4,1,12,1,6,2,1,8,5,29,5,3,25,5,7,3,8,3,14,11,15,18,26
1,2,0,400,400,9,https://resultados2019.blob.core.windows.net/201901/091484.jpg,OK,0,1,QUETZALTENANGO,QUETZALTENANGO,9148,CORPORACIÓN MUNICIPAL,15,2,2,0,1,4,258,258,241,241,3,2,24,2,8,20,5,15,10,30,8,2,19,5,11,2,0,2,3,30,18,12,10
1,4,0,400,400,9,https://resultados2019.blob.core.windows.net/201901/090664.jpg,OK,0,1,QUETZALTENANGO,QUETZALTENANGO,9066,CORPORACIÓN MUNICIPAL,15,2,2,0,1,4,287,287,268,268,1,7,22,2,3,37,5,11,6,63,6,2,11,2,15,2,1,2,3,26,12,17,12
1,1,0,600,600,9,https://resultados2019.blob.core.windows.net/201901/092874.jpg,OK,0,1,QUETZALTENANGO,QUETZALTENANGO,9287,CORPORACIÓN MUNICIPAL,18,2,2,0,1,4,270,270,251,251,1,3,14,2,5,21,3,7,6,79,6,3,3,1,13,3,1,5,2,26,17,13,17
0,3,0,400,400,9,https://resultados2019.blob.core.windows.net/201901/091444.jpg,OK,0,1,QUETZALTENANGO,QUETZALTENANGO,9144,CORPORACIÓN MUNICIPAL,9,2,2,0,1,4,300,290,278,288,4,5,29,0,10,30,4,14,13,32,12,2,24,3,15,3,0,4,3,28,14,12,17
1,5,0,400,400,9,https://resultados2019.blob.core.windows.net/201901/091804.jpg,OK,0,1,QUETZALTENANGO,QUETZALTENANGO,9180,CORPORACIÓN MUNICIPAL,15,2,2,0,1,4,284,284,264,264,3,5,16,2,19,36,1,4,1,5,9,5,10,61,10,6,0,10,5,19,16,2,19
1,3,0,600,600,9,https://resultados2019.blob.core.windows.net/201901/093034.jpg,OK,0,1,QUETZALTENANGO,QUETZALTENANGO,9303,CORPORACIÓN MUNICIPAL,21,2,2,0,1,4,341,341,317,317,3,3,17,2,7,32,6,13,19,70,13,3,22,1,24,3,0,3,7,18,20,16,15
1,3,0,400,400,9,https://resultados2019.blob.core.windows.net/201901/091874.jpg,OK,0,1,QUETZALTENANGO,QUETZALTENANGO,9187,CORPORACIÓN MUNICIPAL,12,2,2,0,1,4,258,258,243,243,5,2,17,1,4,36,2,14,14,53,13,5,5,1,10,5,0,3,2,16,15,12,8
1,2,0,400,400,9,https://resultados2019.blob.core.windows.net/201901/091414.jpg,OK,0,1,QUETZALTENANGO,QUETZALTENANGO,9141,CORPORACIÓN MUNICIPAL,14,2,2,0,1,4,291,291,275,275,2,10,27,1,6,32,7,9,11,41,8,2,19,3,8,2,0,5,2,33,23,10,14
0,0,0,394,394,9,https://resultados2019.blob.core.windows.net/201901/092604.jpg,OK,0,1,QUETZALTENANGO,QUETZALTENANGO,9260,CORPORACIÓN MUNICIPAL,4,2,2,0,1,4,220,210,206,216,0,3,12,2,9,13,4,5,20,41,4,0,7,4,14,2,1,2,4,34,11,1,13
1,3,0,380,384,9,https://resultados2019.blob.core.windows.net/201901/092684.jpg,OK,0,1,QUETZALTENANGO,QUETZALTENANGO,9268,CORPORACIÓN MUNICIPAL,6,2,2,0,1,4,130,130,121,121,2,2,6,1,12,5,3,4,1,50,0,0,3,2,4,6,0,1,7,3,3,1,5
1,3,0,400,400,9,https://resultados2019.blob.core.windows.net/201901/090684.jpg,OK,0,1,QUETZALTENANGO,QUETZALTENANGO,9068,CORPORACIÓN MUNICIPAL,14,2,2,0,1,4,287,287,270,270,4,8,20,4,7,25,5,16,12,52,9,3,20,0,13,2,1,1,7,21,10,13,17
1,1,1,400,400,9,https://resultados2019.blob.core.windows.net/201901/091184.jpg,OK,0,1,QUETZALTENANGO,QUETZALTENANGO,9118,CORPORACIÓN MUNICIPAL,8,2,2,0,1,4,256,256,247,247,3,3,17,4,10,26,4,5,13,51,10,3,5,1,17,7,0,3,5,24,7,10,19
1,1,0,400,0,9,https://resultados2019.blob.core.windows.net/201901/090884.jpg,OK,0,1,QUETZALTENANGO,QUETZALTENANGO,9088,CORPORACIÓN MUNICIPAL,20,2,2,0,1,4,310,310,289,289,3,7,26,1,10,26,3,14,10,59,11,5,21,2,11,2,1,0,2,27,15,21,12
1,0,0,400,402,9,https://resultados2019.blob.core.windows.net/201901/090794.jpg,OK,0,1,QUETZALTENANGO,QUETZALTENANGO,9079,CORPORACIÓN MUNICIPAL,20,2,2,0,1,4,269,269,249,249,2,1,28,1,9,18,10,7,10,57,5,2,14,2,10,0,1,2,4,26,15,12,13
1,2,0,302,304,9,https://resultados2019.blob.core.windows.net/201901/091724.jpg,OK,0,1,QUETZALTENANGO,QUETZALTENANGO,9172,CORPORACIÓN MUNICIPAL,11,2,2,0,1,4,215,215,202,202,4,2,7,3,9,30,6,4,9,35,6,2,16,0,8,0,0,0,3,19,12,11,16
1,2,0,400,400,9,https://resultados2019.blob.core.windows.net/201901/092444.jpg,OK,0,1,QUETZALTENANGO,QUETZALTENANGO,9244,CORPORACIÓN MUNICIPAL,5,2,2,0,1,4,231,231,224,224,0,6,10,1,4,6,5,9,21,94,5,2,8,0,4,0,0,1,2,23,9,6,8
1,0,0,400,400,9,https://resultados2019.blob.core.windows.net/201901/090994.jpg,OK,0,1,QUETZALTENANGO,QUETZALTENANGO,9099,CORPORACIÓN MUNICIPAL,17,2,2,0,1,4,250,250,233,233,2,2,17,1,2,22,5,7,9,51,8,2,13,5,8,1,2,4,2,34,15,10,11
1,1,0,338,339,9,https://resultados2019.blob.core.windows.net/201901/092064.jpg,OK,0,1,QUETZALTENANGO,QUETZALTENANGO,9206,CORPORACIÓN MUNICIPAL,10,2,2,0,1,4,240,240,229,229,1,4,15,2,10,21,5,4,18,40,5,0,10,6,17,1,1,3,4,26,13,11,12
1,2,0,400,400,9,https://resultados2019.blob.core.windows.net/201901/091904.jpg,OK,0,1,QUETZALTENANGO,QUETZALTENANGO,9190,CORPORACIÓN MUNICIPAL,12,2,1,0,1,4,257,257,243,243,1,4,11,3,11,20,5,10,8,52,12,1,13,1,14,6,0,5,1,30,7,15,13
1,0,0,400,0,9,https://resultados2019.blob.core.windows.net/201901/090834.jpg,OK,0,1,QUETZALTENANGO,QUETZALTENANGO,9083,CORPORACIÓN MUNICIPAL,13,2,2,0,1,4,309,309,296,296,0,8,16,4,5,32,5,22,10,71,10,5,12,2,10,4,0,5,4,22,11,16,22
1,5,0,400,400,9,https://resultados2019.blob.core.windows.net/201901/091954.jpg,OK,0,1,QUETZALTENANGO,QUETZALTENANGO,9195,CORPORACIÓN MUNICIPAL,14,2,2,0,1,4,275,275,256,256,2,1,17,1,15,18,4,6,19,57,9,2,8,2,10,2,1,2,5,21,16,20,18
1,2,0,400,400,9,https://resultados2019.blob.core.windows.net/201901/091934.jpg,OK,0,1,QUETZALTENANGO,QUETZALTENANGO,9193,CORPORACIÓN MUNICIPAL,11,2,2,0,1,4,273,273,260,260,2,2,14,0,6,20,4,8,18,60,10,1,9,4,13,3,2,3,1,25,17,17,21
1,2,0,400,400,9,https://resultados2019.blob.core.windows.net/201901/091394.jpg,OK,0,1,QUETZALTENANGO,QUETZALTENANGO,9139,CORPORACIÓN MUNICIPAL,13,2,2,0,1,4,277,277,262,262,2,5,31,1,15,30,3,4,17,31,12,0,15,4,14,0,0,2,2,25,17,20,12
1,7,0,380,380,9,https://resultados2019.blob.core.windows.net/201901/092634.jpg,OK,1,1,QUETZALTENANGO,QUETZALTENANGO,9263,CORPORACIÓN MUNICIPAL,16,2,2,0,1,4,137,137,114,114,0,0,4,0,11,3,0,2,3,56,0,0,0,0,7,4,0,3,4,6,3,2,6
1,2,0,400,400,9,https://resultados2019.blob.core.windows.net/201901/091224.jpg,OK,0,1,QUETZALTENANGO,QUETZALTENANGO,9122,CORPORACIÓN MUNICIPAL,12,2,2,0,1,4,251,251,237,237,4,0,12,0,9,29,7,11,20,50,7,1,4,3,20,6,1,3,3,17,10,13,7
1,2,0,400,401,9,https://resultados2019.blob.core.windows.net/201901/090734.jpg,OK,0,1,QUETZALTENANGO,QUETZALTENANGO,9073,CORPORACIÓN MUNICIPAL,7,2,2,0,1,4,275,275,266,266,2,3,21,4,8,26,8,15,7,48,9,2,19,1,10,1,3,0,8,29,8,13,21
1,1,0,400,399,9,https://resultados2019.blob.core.windows.net/201901/092364.jpg,OK,0,1,QUETZALTENANGO,QUETZALTENANGO,9236,CORPORACIÓN MUNICIPAL,13,2,2,0,1,4,262,262,248,248,2,1,25,2,10,19,3,5,23,40,10,1,16,2,7,2,0,2,1,30,17,15,15
1,5,0,400,0,9,https://resultados2019.blob.core.windows.net/201901/092564.jpg,OK,0,1,QUETZALTENANGO,QUETZALTENANGO,9256,CORPORACIÓN MUNICIPAL,16,2,2,0,1,4,204,204,183,183,1,4,9,4,3,7,0,6,12,43,7,1,6,3,16,6,3,4,5,19,7,7,10
1,3,0,380,384,9,https://resultados2019.blob.core.windows.net/201901/092614.jpg,OK,0,1,QUETZALTENANGO,QUETZALTENANGO,9261,CORPORACIÓN MUNICIPAL,8,2,2,0,1,4,155,155,144,144,1,1,1,3,17,4,0,5,2,63,0,1,1,2,10,13,0,2,1,4,5,4,4
1,2,0,600,600,9,https://resultados2019.blob.core.windows.net/201901/092934.jpg,OK,0,1,QUETZALTENANGO,QUETZALTENANGO,9293,CORPORACIÓN MUNICIPAL,17,2,2,0,1,4,244,244,225,225,5,4,15,3,6,28,3,10,14,53,5,1,6,1,11,2,1,3,2,19,10,8,15
1,1,0,299,299,9,https://resultados2019.blob.core.windows.net/201901/091084.jpg,OK,0,1,QUETZALTENANGO,QUETZALTENANGO,9108,CORPORACIÓN MUNICIPAL,6,2,1,0,1,4,194,194,187,187,4,4,16,2,6,17,6,3,8,43,5,3,13,0,11,0,1,1,1,16,5,8,14
1,2,0,400,400,9,https://resultados2019.blob.core.windows.net/201901/091324.jpg,OK,0,1,QUETZALTENANGO,QUETZALTENANGO,9132,CORPORACIÓN MUNICIPAL,20,2,2,0,1,4,307,307,285,285,1,5,27,4,10,43,5,11,16,44,9,2,16,4,10,3,1,5,0,29,19,11,10
1,1,0,600,602,9,https://resultados2019.blob.core.windows.net/201901/093064.jpg,OK,0,1,QUETZALTENANGO,QUETZALTENANGO,9306,CORPORACIÓN MUNICIPAL,12,2,2,0,1,4,250,250,237,237,7,4,22,1,10,33,6,6,12,47,8,1,11,1,3,1,1,2,3,19,8,18,13
0,4,0,400,403,9,https://resultados2019.blob.core.windows.net/201901/092414.jpg,OK,0,1,QUETZALTENANGO,QUETZALTENANGO,9241,CORPORACIÓN MUNICIPAL,11,2,2,0,1,4,234,227,212,219,2,7,12,2,5,13,1,14,8,76,4,1,7,4,9,2,3,0,0,11,10,8,13
0,2,0,400,400,9,https://resultados2019.blob.core.windows.net/201901/091284.jpg,OK,0,1,QUETZALTENANGO,QUETZALTENANGO,9128,CORPORACIÓN MUNICIPAL,14,2,2,0,1,4,212,227,211,250,3,4,29,1,11,26,2,7,0,0,11,3,12,2,8,4,1,3,6,21,30,13,14
1,0,0,400,400,9,https://resultados2019.blob.core.windows.net/201901/091684.jpg,OK,0,1,QUETZALTENANGO,QUETZALTENANGO,9168,CORPORACIÓN MUNICIPAL,15,2,2,0,1,4,296,296,281,281,2,4,19,6,5,45,7,7,13,51,8,9,9,0,15,3,1,1,2,11,29,13,21
1,0,2,334,334,9,https://resultados2019.blob.core.windows.net/201901/091244.jpg,OK,1,1,QUETZALTENANGO,QUETZALTENANGO,9124,CORPORACIÓN MUNICIPAL,9,2,2,0,1,4,202,202,193,193,3,2,13,2,7,18,3,6,14,40,7,2,8,1,12,1,1,3,1,20,8,12,9
1,0,0,400,400,9,https://resultados2019.blob.core.windows.net/201901/091714.jpg,OK,0,1,QUETZALTENANGO,QUETZALTENANGO,9171,CORPORACIÓN MUNICIPAL,11,2,2,0,1,4,287,287,276,276,4,5,21,3,7,43,6,5,8,54,6,3,17,1,10,2,1,0,3,30,14,14,19
1,3,0,380,380,9,https://resultados2019.blob.core.windows.net/201901/092724.jpg,OK,0,1,QUETZALTENANGO,QUETZALTENANGO,9272,CORPORACIÓN MUNICIPAL,17,2,2,0,1,4,201,201,181,181,2,1,6,10,0,7,1,8,9,92,4,1,1,2,3,6,0,4,3,3,10,6,2
1,5,0,400,400,9,https://resultados2019.blob.core.windows.net/201901/090644.jpg,OK,0,1,QUETZALTENANGO,QUETZALTENANGO,9064,CORPORACIÓN MUNICIPAL,17,2,2,0,1,4,293,293,271,271,1,7,21,2,2,32,4,15,12,59,3,7,14,3,11,1,0,1,2,29,13,11,21
1,0,0,365,365,9,https://resultados2019.blob.core.windows.net/201901/091124.jpg,OK,0,1,QUETZALTENANGO,QUETZALTENANGO,9112,CORPORACIÓN MUNICIPAL,10,2,2,0,1,4,254,254,244,244,2,7,26,1,4,36,5,7,12,36,4,1,7,2,6,0,0,2,1,24,15,10,36
0,1,0,400,400,9,https://resultados2019.blob.core.windows.net/201901/090624.jpg,OK,0,1,QUETZALTENANGO,QUETZALTENANGO,9062,CORPORACIÓN MUNICIPAL,92,2,2,0,1,4,288,358,265,275,2,8,20,4,6,40,9,10,14,45,13,2,14,1,13,2,0,5,6,10,10,9,22
1,2,0,600,600,9,https://resultados2019.blob.core.windows.net/201901/092984.jpg,OK,0,1,QUETZALTENANGO,QUETZALTENANGO,9298,CORPORACIÓN MUNICIPAL,19,2,2,0,1,4,292,292,271,271,2,5,20,3,12,36,7,13,14,52,5,2,10,0,17,4,1,3,5,14,10,14,22
1,5,0,600,601,9,https://resultados2019.blob.core.windows.net/201901/093054.jpg,OK,0,1,QUETZALTENANGO,QUETZALTENANGO,9305,CORPORACIÓN MUNICIPAL,23,2,2,0,1,4,278,278,250,250,4,6,18,3,6,34,4,10,16,58,2,1,10,1,11,5,0,0,4,17,13,10,17
1,2,0,400,401,9,https://resultados2019.blob.core.windows.net/201901/091034.jpg,OK,0,1,QUETZALTENANGO,QUETZALTENANGO,9103,CORPORACIÓN MUNICIPAL,7,2,2,0,1,4,265,265,256,256,3,5,15,0,4,18,8,11,10,53,16,6,14,4,13,0,0,4,2,28,9,14,19
0,5,0,400,0,9,https://resultados2019.blob.core.windows.net/201901/090974.jpg,OK,0,1,QUETZALTENANGO,QUETZALTENANGO,9097,CORPORACIÓN MUNICIPAL,10,2,2,0,1,4,268,264,249,253,4,7,21,0,9,25,11,12,11,42,9,3,8,3,9,2,0,3,3,24,9,15,19
1,3,0,400,400,9,https://resultados2019.blob.core.windows.net/201901/091844.jpg,OK,0,1,QUETZALTENANGO,QUETZALTENANGO,9184,CORPORACIÓN MUNICIPAL,7,2,2,0,1,4,278,278,268,268,3,11,11,0,4,22,10,9,21,58,13,3,13,0,14,1,1,3,3,23,13,20,12
1,1,0,400,0,9,https://resultados2019.blob.core.windows.net/201901/090954.jpg,OK,0,1,QUETZALTENANGO,QUETZALTENANGO,9095,CORPORACIÓN MUNICIPAL,6,2,1,0,1,4,273,273,266,266,3,9,23,2,5,23,3,13,12,61,5,4,11,3,10,2,1,2,0,29,11,14,20
1,1,0,400,0,9,https://resultados2019.blob.core.windows.net/201901/091024.jpg,OK,0,1,QUETZALTENANGO,QUETZALTENANGO,9102,CORPORACIÓN MUNICIPAL,6,2,2,0,1,4,254,254,247,247,1,7,16,4,6,26,5,14,8,41,10,3,17,0,10,2,0,1,1,32,9,12,22
1,4,0,380,380,9,https://resultados2019.blob.core.windows.net/201901/092664.jpg,OK,0,1,QUETZALTENANGO,QUETZALTENANGO,9266,CORPORACIÓN MUNICIPAL,11,2,2,0,1,4,112,112,97,97,1,0,2,3,9,0,0,3,2,42,1,0,2,1,4,8,0,0,2,7,3,3,4
1,1,0,400,400,9,https://resultados2019.blob.core.windows.net/201901/091344.jpg,OK,0,1,QUETZALTENANGO,QUETZALTENANGO,9134,CORPORACIÓN MUNICIPAL,17,2,2,0,1,4,289,289,271,271,4,8,28,2,13,30,7,10,13,41,4,0,14,2,11,11,4,4,4,36,16,11,12
1,5,0,400,400,9,https://resultados2019.blob.core.windows.net/201901/091764.jpg,OK,0,1,QUETZALTENANGO,QUETZALTENANGO,9176,CORPORACIÓN MUNICIPAL,18,2,2,0,1,4,282,282,259,259,4,8,18,4,8,25,10,11,10,55,8,5,11,3,12,8,1,2,5,17,14,8,12
1,4,0,400,396,9,https://resultados2019.blob.core.windows.net/201901/091694.jpg,OK,0,1,QUETZALTENANGO,QUETZALTENANGO,9169,CORPORACIÓN MUNICIPAL,15,2,2,0,1,4,310,310,291,291,7,4,23,4,11,35,1,8,9,60,5,8,22,2,12,2,2,1,6,19,19,11,20
1,3,0,600,600,9,https://resultados2019.blob.core.windows.net/201901/092954.jpg,OK,0,1,QUETZALTENANGO,QUETZALTENANGO,9295,CORPORACIÓN MUNICIPAL,15,2,2,0,1,4,252,252,234,234,6,4,22,1,10,36,4,11,9,45,5,4,8,3,10,5,0,2,4,10,14,12,9
1,2,0,400,400,9,https://resultados2019.blob.core.windows.net/201901/091854.jpg,OK,0,1,QUETZALTENANGO,QUETZALTENANGO,9185,CORPORACIÓN MUNICIPAL,9,2,2,0,1,4,244,244,233,233,8,7,16,4,5,29,3,6,16,48,7,0,9,2,13,2,0,3,5,21,9,13,7
1,1,1,311,311,9,https://resultados2019.blob.core.windows.net/201901/092714.jpg,OK,1,1,QUETZALTENANGO,QUETZALTENANGO,9271,CORPORACIÓN MUNICIPAL,4,2,2,0,1,4,105,105,100,100,0,2,6,1,15,1,1,7,0,40,0,0,2,1,4,3,0,2,2,2,4,1,6
1,1,0,400,406,9,https://resultados2019.blob.core.windows.net/201901/091894.jpg,OK,4,1,QUETZALTENANGO,QUETZALTENANGO,9189,CORPORACIÓN MUNICIPAL,10,2,2,0,1,4,230,230,219,219,1,4,16,5,5,22,6,9,8,55,6,2,10,3,12,1,1,0,3,22,7,9,12
1,2,0,400,400,9,https://resultados2019.blob.core.windows.net/201901/091554.jpg,OK,0,1,QUETZALTENANGO,QUETZALTENANGO,9155,CORPORACIÓN MUNICIPAL,22,2,2,0,1,4,292,292,268,268,4,1,26,5,13,23,5,9,14,49,6,3,7,1,20,6,2,1,3,28,12,17,13
1,4,0,400,400,9,https://resultados2019.blob.core.windows.net/201901/092104.jpg,OK,0,1,QUETZALTENANGO,QUETZALTENANGO,9210,CORPORACIÓN MUNICIPAL,19,2,2,0,1,4,297,297,274,274,1,5,22,3,10,28,6,7,21,48,10,4,10,3,9,3,1,6,3,16,29,13,16
0,3,0,400,0,9,https://resultados2019.blob.core.windows.net/201901/090844.jpg,OK,0,1,QUETZALTENANGO,QUETZALTENANGO,9084,CORPORACIÓN MUNICIPAL,11,2,2,0,1,4,0,269,255,0,2,7,18,4,0,25,3,7,0,58,11,6,12,4,13,2,0,1,6,29,21,11,15
1,1,0,400,400,9,https://resultados2019.blob.core.windows.net/201901/091544.jpg,OK,0,1,QUETZALTENANGO,QUETZALTENANGO,9154,CORPORACIÓN MUNICIPAL,16,2,2,0,1,4,266,266,249,249,5,4,19,2,14,23,6,8,9,37,7,0,18,2,13,5,2,2,1,32,10,15,15
1,1,0,600,600,9,https://resultados2019.blob.core.windows.net/201901/093044.jpg,OK,0,1,QUETZALTENANGO,QUETZALTENANGO,9304,CORPORACIÓN MUNICIPAL,18,2,2,0,1,4,284,284,265,265,6,2,18,0,8,28,9,9,14,52,7,3,5,3,12,2,4,3,5,23,18,14,20
0,1,0,357,354,9,https://resultados2019.blob.core.windows.net/201901/091914.jpg,OK,0,1,QUETZALTENANGO,QUETZALTENANGO,9191,CORPORACIÓN MUNICIPAL,4,2,1,0,1,4,357,263,258,263,2,6,21,2,2,26,5,6,19,54,8,3,8,6,10,4,2,6,3,39,11,8,7
1,3,0,380,382,9,https://resultados2019.blob.core.windows.net/201901/092674.jpg,OK,0,1,QUETZALTENANGO,QUETZALTENANGO,9267,CORPORACIÓN MUNICIPAL,11,2,2,0,1,4,132,132,118,118,0,1,2,1,13,1,1,6,1,54,1,0,1,1,12,3,0,2,2,5,4,2,5
0,2,0,400,400,9,https://resultados2019.blob.core.windows.net/201901/090564.jpg,OK,0,1,QUETZALTENANGO,QUETZALTENANGO,9056,CORPORACIÓN MUNICIPAL,11,2,2,0,1,4,294,296,283,281,3,4,20,5,8,29,5,9,10,65,10,4,11,2,14,0,2,1,4,30,8,16,23
1,0,0,400,400,9,https://resultados2019.blob.core.windows.net/201901/091504.jpg,OK,0,1,QUETZALTENANGO,QUETZALTENANGO,9150,CORPORACIÓN MUNICIPAL,12,2,2,0,1,4,295,295,283,283,2,6,29,3,13,21,7,10,18,43,6,3,12,2,17,1,1,5,3,41,15,13,12
1,1,0,400,400,9,https://resultados2019.blob.core.windows.net/201901/090864.jpg,OK,0,1,QUETZALTENANGO,QUETZALTENANGO,9086,CORPORACIÓN MUNICIPAL,14,2,2,0,1,4,313,313,298,298,5,8,27,0,14,29,5,15,13,56,9,3,15,3,13,7,1,4,3,22,12,18,16
1,1,0,400,400,9,https://resultados2019.blob.core.windows.net/201901/090824.jpg,OK,0,1,QUETZALTENANGO,QUETZALTENANGO,9082,CORPORACIÓN MUNICIPAL,6,2,2,0,1,4,292,292,285,285,2,3,25,1,10,21,10,9,14,58,7,8,18,0,12,3,0,4,5,29,13,15,18
1,4,0,400,400,9,https://resultados2019.blob.core.windows.net/201901/092474.jpg,OK,0,1,QUETZALTENANGO,QUETZALTENANGO,9247,CORPORACIÓN MUNICIPAL,7,2,2,0,1,4,252,252,241,241,2,3,15,4,9,14,2,8,9,88,5,1,16,1,11,5,2,3,5,12,7,13,6
1,1,0,400,398,9,https://resultados2019.blob.core.windows.net/201901/091654.jpg,OK,0,1,QUETZALTENANGO,QUETZALTENANGO,9165,CORPORACIÓN MUNICIPAL,11,2,2,0,1,4,249,249,237,237,3,1,26,1,8,20,5,12,12,32,5,0,15,1,8,1,0,1,3,33,16,19,15
1,0,0,400,406,9,https://resultados2019.blob.core.windows.net/201901/092084.jpg,OK,0,1,QUETZALTENANGO,QUETZALTENANGO,9208,CORPORACIÓN MUNICIPAL,20,2,2,0,1,4,297,297,277,277,2,6,19,2,4,33,5,9,15,64,7,3,15,2,11,4,1,2,6,19,17,16,15
1,1,0,246,246,9,https://resultados2019.blob.core.windows.net/201901/092534.jpg,OK,0,1,QUETZALTENANGO,QUETZALTENANGO,9253,CORPORACIÓN MUNICIPAL,4,2,2,0,1,4,172,172,167,167,0,0,8,0,8,11,3,5,4,53,8,0,6,0,13,1,1,0,6,16,8,7,9
1,3,0,380,380,9,https://resultados2019.blob.core.windows.net/201901/092804.jpg,OK,0,1,QUETZALTENANGO,QUETZALTENANGO,9280,CORPORACIÓN MUNICIPAL,10,2,2,0,1,4,174,174,161,161,2,0,10,1,13,2,0,6,1,82,0,0,3,2,8,4,0,2,3,6,2,7,7
1,1,0,400,401,9,https://resultados2019.blob.core.windows.net/201901/092284.jpg,OK,1,1,QUETZALTENANGO,QUETZALTENANGO,9228,CORPORACIÓN MUNICIPAL,12,2,2,0,1,4,260,260,247,247,3,2,16,3,4,21,2,9,17,54,11,3,17,3,8,3,0,0,2,22,18,14,15
1,14,0,380,380,9,https://resultados2019.blob.core.windows.net/201901/092694.jpg,OK,0,1,QUETZALTENANGO,QUETZALTENANGO,9269,CORPORACIÓN MUNICIPAL,7,2,2,0,1,4,134,134,113,113,0,1,0,1,11,0,1,4,2,54,3,1,0,2,10,6,0,3,0,1,6,0,7
1,0,0,400,400,9,https://resultados2019.blob.core.windows.net/201901/090544.jpg,OK,0,1,QUETZALTENANGO,QUETZALTENANGO,9054,CORPORACIÓN MUNICIPAL,16,2,2,0,1,4,285,285,269,269,7,10,27,1,7,19,3,9,6,59,9,1,9,4,19,1,1,2,0,27,21,12,15
1,6,0,600,600,9,https://resultados2019.blob.core.windows.net/201901/093014.jpg,OK,0,1,QUETZALTENANGO,QUETZALTENANGO,9301,CORPORACIÓN MUNICIPAL,15,2,2,0,1,4,316,316,295,295,5,6,22,4,11,38,6,9,12,56,14,2,17,1,10,3,1,4,7,22,9,20,16
1,0,0,400,400,9,https://resultados2019.blob.core.windows.net/201901/090874.jpg,OK,0,1,QUETZALTENANGO,QUETZALTENANGO,9087,CORPORACIÓN MUNICIPAL,21,2,2,0,1,4,292,292,271,271,2,5,21,0,7,29,11,8,11,52,7,4,9,5,15,0,2,2,6,18,17,11,29
1,4,0,400,400,9,https://resultados2019.blob.core.windows.net/201901/091794.jpg,OK,0,1,QUETZALTENANGO,QUETZALTENANGO,9179,CORPORACIÓN MUNICIPAL,13,2,2,0,1,4,252,252,235,235,3,4,21,4,7,21,2,8,7,66,9,2,8,0,14,5,1,3,7,12,9,8,14
1,3,0,400,401,9,https://resultados2019.blob.core.windows.net/201901/092324.jpg,OK,0,1,QUETZALTENANGO,QUETZALTENANGO,9232,CORPORACIÓN MUNICIPAL,16,2,2,0,1,4,286,286,267,267,5,3,25,2,9,22,5,12,7,45,9,1,25,0,4,5,2,1,2,32,17,24,10
1,0,0,400,0,9,https://resultados2019.blob.core.windows.net/201901/090914.jpg,OK,0,1,QUETZALTENANGO,QUETZALTENANGO,9091,CORPORACIÓN MUNICIPAL,13,2,2,0,1,4,317,317,304,304,7,13,24,1,6,33,2,11,12,52,15,3,20,4,12,3,0,1,7,32,11,17,18
1,1,0,400,400,9,https://resultados2019.blob.core.windows.net/201901/091144.jpg,OK,0,1,QUETZALTENANGO,QUETZALTENANGO,9114,CORPORACIÓN MUNICIPAL,17,2,2,0,1,4,268,268,250,250,3,3,14,4,7,28,6,6,15,61,10,3,10,2,15,4,0,4,3,7,14,16,15
1,3,0,400,403,9,https://resultados2019.blob.core.windows.net/201901/092014.jpg,OK,0,1,QUETZALTENANGO,QUETZALTENANGO,9201,CORPORACIÓN MUNICIPAL,10,2,2,0,1,4,284,284,271,271,1,1,22,1,8,25,3,9,20,54,13,0,11,3,14,5,0,1,5,31,16,12,16
1,5,0,352,352,9,https://resultados2019.blob.core.windows.net/201901/092844.jpg,OK,0,1,QUETZALTENANGO,QUETZALTENANGO,9284,CORPORACIÓN MUNICIPAL,6,2,2,0,1,4,143,143,132,132,1,1,8,2,12,4,1,10,2,45,0,0,0,2,13,6,1,0,1,14,5,0,4
1,3,0,400,401,9,https://resultados2019.blob.core.windows.net/201901/091884.jpg,OK,0,1,QUETZALTENANGO,QUETZALTENANGO,9188,CORPORACIÓN MUNICIPAL,12,2,2,0,1,4,238,238,223,223,4,3,19,1,6,23,2,10,10,40,5,3,10,0,14,9,1,0,6,20,11,17,9
1,0,0,400,400,9,https://resultados2019.blob.core.windows.net/201901/090724.jpg,OK,0,1,QUETZALTENANGO,QUETZALTENANGO,9072,CORPORACIÓN MUNICIPAL,19,2,2,0,1,4,276,276,257,257,2,4,24,1,5,28,0,10,12,41,9,1,11,6,13,0,0,5,7,25,17,17,19
1,1,0,400,400,9,https://resultados2019.blob.core.windows.net/201901/091164.jpg,OK,0,1,QUETZALTENANGO,QUETZALTENANGO,9116,CORPORACIÓN MUNICIPAL,12,2,2,0,1,4,274,274,261,261,6,0,21,1,7,31,3,6,19,61,6,6,9,0,19,0,0,1,2,30,9,11,13
1,2,0,315,315,9,https://resultados2019.blob.core.windows.net/201901/092204.jpg,OK,0,1,QUETZALTENANGO,QUETZALTENANGO,9220,CORPORACIÓN MUNICIPAL,8,2,2,0,1,4,244,244,234,234,3,3,18,3,3,25,3,11,11,20,15,2,13,2,10,0,1,1,2,47,15,14,12
0,2,0,400,400,9,https://resultados2019.blob.core.windows.net/201901/090574.jpg,OK,0,1,QUETZALTENANGO,QUETZALTENANGO,9057,CORPORACIÓN MUNICIPAL,14,2,2,0,1,4,289,284,268,273,3,5,19,2,6,15,3,9,11,63,13,4,13,4,13,1,0,2,4,23,14,18,23
0,3,0,400,400,9,https://resultados2019.blob.core.windows.net/201901/091314.jpg,OK,0,1,QUETZALTENANGO,QUETZALTENANGO,9131,CORPORACIÓN MUNICIPAL,16,2,2,0,1,4,307,277,258,288,3,5,20,0,4,32,2,14,17,15,4,2,28,4,13,3,1,4,5,32,18,24,8
1,7,0,380,400,9,https://resultados2019.blob.core.windows.net/201901/092624.jpg,OK,1,1,QUETZALTENANGO,QUETZALTENANGO,9262,CORPORACIÓN MUNICIPAL,14,2,2,0,1,4,139,139,118,118,1,1,1,0,12,2,1,5,3,52,1,1,2,1,6,10,1,2,4,3,4,1,4
1,0,0,400,400,9,https://resultados2019.blob.core.windows.net/201901/091974.jpg,OK,0,1,QUETZALTENANGO,QUETZALTENANGO,9197,CORPORACIÓN MUNICIPAL,13,2,2,0,1,4,268,268,255,255,2,2,14,4,9,25,8,11,17,49,6,2,9,2,12,5,3,2,3,13,13,26,18
1,2,0,400,400,9,https://resultados2019.blob.core.windows.net/201901/092224.jpg,OK,0,1,QUETZALTENANGO,QUETZALTENANGO,9222,CORPORACIÓN MUNICIPAL,16,2,2,0,1,4,278,278,260,260,3,4,20,4,7,10,3,10,17,47,17,3,14,1,14,3,1,5,5,18,17,18,19
1,2,0,400,0,9,https://resultados2019.blob.core.windows.net/201901/092584.jpg,OK,0,1,QUETZALTENANGO,QUETZALTENANGO,9258,CORPORACIÓN MUNICIPAL,11,2,2,0,1,4,238,238,225,225,0,7,14,6,0,19,6,5,13,41,6,3,4,4,23,6,2,5,5,20,14,12,10
0,3,0,400,400,9,https://resultados2019.blob.core.windows.net/201901/092254.jpg,OK,0,1,QUETZALTENANGO,QUETZALTENANGO,9225,CORPORACIÓN MUNICIPAL,14,2,2,0,1,4,265,264,247,248,4,3,18,4,3,23,0,10,20,48,6,2,15,6,12,4,0,0,3,23,10,23,10
0,3,0,400,399,9,https://resultados2019.blob.core.windows.net/201901/091494.jpg,OK,0,1,QUETZALTENANGO,QUETZALTENANGO,9149,CORPORACIÓN MUNICIPAL,12,2,2,0,1,4,278,272,257,278,2,3,24,3,8,18,7,3,16,34,10,3,21,7,11,1,0,0,2,41,15,13,15
1,1,0,301,301,9,https://resultados2019.blob.core.windows.net/201901/091734.jpg,OK,0,1,QUETZALTENANGO,QUETZALTENANGO,9173,CORPORACIÓN MUNICIPAL,5,2,2,0,1,4,226,226,220,220,2,4,13,2,4,37,3,4,8,39,7,3,12,2,18,1,0,0,2,28,8,13,10
1,0,0,400,275,9,https://resultados2019.blob.core.windows.net/201901/092184.jpg,OK,0,1,QUETZALTENANGO,QUETZALTENANGO,9218,CORPORACIÓN MUNICIPAL,8,2,2,0,1,4,275,275,267,267,3,4,18,1,12,30,6,12,18,29,10,0,19,6,6,4,0,2,9,27,21,21,9
1,9,0,380,380,9,https://resultados2019.blob.core.windows.net/201901/092744.jpg,OK,2,1,QUETZALTENANGO,QUETZALTENANGO,9274,CORPORACIÓN MUNICIPAL,18,2,2,0,1,4,228,228,201,201,4,3,9,3,0,4,5,7,2,96,3,0,2,0,7,9,0,1,7,6,21,3,9
1,0,0,400,400,9,https://resultados2019.blob.core.windows.net/201901/092314.jpg,OK,0,1,QUETZALTENANGO,QUETZALTENANGO,9231,CORPORACIÓN MUNICIPAL,10,2,2,0,1,4,286,286,276,276,6,2,23,4,9,25,7,10,19,38,10,3,14,2,17,3,1,2,5,28,16,15,17
1,6,0,380,380,9,https://resultados2019.blob.core.windows.net/201901/092734.jpg,OK,0,1,QUETZALTENANGO,QUETZALTENANGO,9273,CORPORACIÓN MUNICIPAL,19,2,2,0,1,4,219,219,194,194,5,3,4,3,3,2,3,6,4,92,3,2,2,1,6,11,0,0,3,12,19,7,3
1,1,0,400,400,9,https://resultados2019.blob.core.windows.net/201901/090804.jpg,OK,0,1,QUETZALTENANGO,QUETZALTENANGO,9080,CORPORACIÓN MUNICIPAL,17,2,2,0,1,4,263,263,245,245,3,5,13,2,5,27,2,10,12,48,11,1,15,3,10,3,2,3,6,29,12,9,14
0,2,0,400,400,9,https://resultados2019.blob.core.windows.net/201901/092154.jpg,OK,0,1,QUETZALTENANGO,QUETZALTENANGO,9215,CORPORACIÓN MUNICIPAL,6,2,2,0,1,4,295,301,293,287,9,2,18,2,3,31,8,10,13,47,20,0,17,1,12,4,1,4,3,35,15,24,14
1,0,0,400,400,9,https://resultados2019.blob.core.windows.net/201901/090784.jpg,OK,0,1,QUETZALTENANGO,QUETZALTENANGO,9078,CORPORACIÓN MUNICIPAL,10,2,2,0,1,4,285,285,275,275,4,5,20,4,9,23,3,17,10,63,7,3,8,1,9,0,1,3,4,25,12,21,23
1,0,0,400,400,9,https://resultados2019.blob.core.windows.net/201901/091534.jpg,OK,0,1,QUETZALTENANGO,QUETZALTENANGO,9153,CORPORACIÓN MUNICIPAL,13,2,2,0,1,4,285,285,272,272,3,0,25,0,16,22,6,16,16,50,11,0,19,1,12,3,2,5,5,22,10,12,16
1,3,0,400,400,9,https://resultados2019.blob.core.windows.net/201901/090634.jpg,OK,0,1,QUETZALTENANGO,QUETZALTENANGO,9063,CORPORACIÓN MUNICIPAL,18,2,2,0,1,4,284,284,263,263,1,7,14,5,5,25,7,10,13,43,10,6,15,1,14,2,1,0,6,29,20,14,15
1,0,0,400,400,9,https://resultados2019.blob.core.windows.net/201901/091984.jpg,OK,0,1,QUETZALTENANGO,QUETZALTENANGO,9198,CORPORACIÓN MUNICIPAL,11,2,2,0,1,4,268,268,257,257,2,3,16,4,11,21,9,5,17,55,5,2,14,2,15,2,1,1,5,27,10,19,11
1,0,0,400,0,9,https://resultados2019.blob.core.windows.net/201901/091814.jpg,OK,0,1,QUETZALTENANGO,QUETZALTENANGO,9181,CORPORACIÓN MUNICIPAL,11,2,2,0,1,4,255,255,244,244,5,5,12,1,5,26,7,10,19,41,4,2,9,2,13,5,1,1,5,34,9,13,15
1,1,1,400,403,9,https://resultados2019.blob.core.windows.net/201901/092574.jpg,OK,0,1,QUETZALTENANGO,QUETZALTENANGO,9257,CORPORACIÓN MUNICIPAL,8,2,2,0,1,4,191,191,182,182,3,0,7,5,5,17,3,12,11,30,3,1,7,3,20,6,1,1,3,16,11,12,5
1,3,0,400,401,9,https://resultados2019.blob.core.windows.net/201901/092114.jpg,OK,0,1,QUETZALTENANGO,QUETZALTENANGO,9211,CORPORACIÓN MUNICIPAL,19,2,2,0,1,4,302,302,280,280,1,6,23,2,5,35,5,15,19,34,13,3,15,7,9,2,2,5,3,25,20,16,15
1,1,0,352,352,9,https://resultados2019.blob.core.windows.net/201901/092854.jpg,OK,0,1,QUETZALTENANGO,QUETZALTENANGO,9285,CORPORACIÓN MUNICIPAL,4,2,2,0,1,4,151,151,146,146,3,1,4,3,20,2,0,5,3,60,2,1,2,1,10,3,0,1,1,9,4,5,6
1,4,0,400,401,9,https://resultados2019.blob.core.windows.net/201901/091214.jpg,OK,0,1,QUETZALTENANGO,QUETZALTENANGO,9121,CORPORACIÓN MUNICIPAL,18,2,2,0,1,4,275,275,253,253,6,3,22,0,10,24,6,9,23,46,8,0,12,0,15,4,0,2,3,19,12,19,10
1,1,0,400,400,9,https://resultados2019.blob.core.windows.net/201901/091754.jpg,OK,1,1,QUETZALTENANGO,QUETZALTENANGO,9175,CORPORACIÓN MUNICIPAL,10,2,2,0,1,4,272,272,261,261,1,4,25,2,3,24,4,12,15,59,13,2,13,3,12,2,4,4,6,14,17,14,8
1,3,0,600,601,9,https://resultados2019.blob.core.windows.net/201901/092894.jpg,OK,0,1,QUETZALTENANGO,QUETZALTENANGO,9289,CORPORACIÓN MUNICIPAL,17,2,2,0,1,4,257,257,237,237,3,5,17,4,5,20,4,14,12,52,7,3,3,2,13,3,0,3,10,11,16,9,21
1,2,0,400,400,9,https://resultados2019.blob.core.windows.net/201901/090714.jpg,OK,0,1,QUETZALTENANGO,QUETZALTENANGO,9071,CORPORACIÓN MUNICIPAL,12,2,2,0,1,4,313,313,299,299,5,5,34,4,8,29,4,14,11,66,10,4,14,0,8,0,0,1,2,24,18,23,15
1,7,0,400,400,9,https://resultados2019.blob.core.windows.net/201901/092404.jpg,OK,0,1,QUETZALTENANGO,QUETZALTENANGO,9240,CORPORACIÓN MUNICIPAL,17,2,2,0,1,4,259,259,235,235,1,4,10,6,3,9,2,7,11,100,6,2,4,0,12,3,4,4,5,17,12,3,10
1,5,0,600,600,9,https://resultados2019.blob.core.windows.net/201901/092904.jpg,OK,0,1,QUETZALTENANGO,QUETZALTENANGO,9290,CORPORACIÓN MUNICIPAL,10,2,2,0,1,4,261,261,246,246,5,5,11,3,4,25,1,9,9,72,9,0,5,1,16,2,1,2,5,16,18,11,16
0,2,0,400,400,9,https://resultados2019.blob.core.windows.net/201901/090594.jpg,OK,3,1,QUETZALTENANGO,QUETZALTENANGO,9059,CORPORACIÓN MUNICIPAL,11,2,2,0,1,4,294,291,278,281,4,9,30,2,11,27,11,9,12,62,5,1,8,2,10,3,1,0,1,25,10,18,17
1,0,0,247,248,9,https://resultados2019.blob.core.windows.net/201901/092524.jpg,OK,0,1,QUETZALTENANGO,QUETZALTENANGO,9252,CORPORACIÓN MUNICIPAL,5,2,2,0,1,4,207,207,202,202,0,3,11,2,2,13,2,4,14,60,8,2,13,0,15,0,2,1,6,17,6,8,13
1,2,0,400,400,9,https://resultados2019.blob.core.windows.net/201901/092164.jpg,OK,0,1,QUETZALTENANGO,QUETZALTENANGO,9216,CORPORACIÓN MUNICIPAL,10,2,2,0,1,4,309,309,297,297,3,2,22,2,7,30,6,22,16,48,12,1,16,2,9,2,1,2,3,28,24,20,19
0,1,0,400,402,9,https://resultados2019.blob.core.windows.net/201901/091404.jpg,OK,0,1,QUETZALTENANGO,QUETZALTENANGO,9140,CORPORACIÓN MUNICIPAL,15,2,2,0,1,4,276,278,262,260,3,3,31,0,13,23,6,6,10,35,5,5,21,3,19,2,3,5,2,21,20,19,7
1,3,0,400,400,9,https://resultados2019.blob.core.windows.net/201901/090964.jpg,OK,0,1,QUETZALTENANGO,QUETZALTENANGO,9096,CORPORACIÓN MUNICIPAL,15,2,2,0,1,4,277,277,259,259,3,5,23,3,3,32,4,10,3,59,10,2,12,2,13,2,1,1,4,26,15,12,14
1,3,0,400,402,9,https://resultados2019.blob.core.windows.net/201901/092024.jpg,OK,0,1,QUETZALTENANGO,QUETZALTENANGO,9202,CORPORACIÓN MUNICIPAL,16,2,2,0,1,4,304,304,285,285,7,3,22,1,7,29,3,11,24,54,10,4,9,1,12,1,1,1,3,25,16,19,22
1,3,0,400,400,9,https://resultados2019.blob.core.windows.net/201901/092344.jpg,OK,0,1,QUETZALTENANGO,QUETZALTENANGO,9234,CORPORACIÓN MUNICIPAL,15,2,1,0,1,4,252,252,234,234,1,5,19,1,2,13,4,13,12,50,8,0,16,3,10,1,1,2,0,28,18,20,7
1,3,0,400,400,9,https://resultados2019.blob.core.windows.net/201901/091744.jpg,OK,0,1,QUETZALTENANGO,QUETZALTENANGO,9174,CORPORACIÓN MUNICIPAL,13,2,2,0,1,4,269,269,253,253,2,4,22,2,8,32,8,11,15,38,5,2,10,1,11,4,0,5,4,17,20,18,14
1,1,0,400,400,9,https://resultados2019.blob.core.windows.net/201901/091634.jpg,OK,0,1,QUETZALTENANGO,QUETZALTENANGO,9163,CORPORACIÓN MUNICIPAL,20,2,2,0,1,4,258,258,237,237,3,4,17,2,12,11,3,12,18,39,8,1,5,1,14,2,0,2,1,32,13,19,18
1,1,0,337,337,9,https://resultados2019.blob.core.windows.net/201901/092074.jpg,OK,2,1,QUETZALTENANGO,QUETZALTENANGO,9207,CORPORACIÓN MUNICIPAL,5,2,2,0,1,4,195,195,189,189,2,0,11,0,2,15,3,5,16,37,7,0,13,2,14,0,0,2,2,22,11,9,16
1,0,0,246,246,9,https://resultados2019.blob.core.windows.net/201901/091664.jpg,OK,0,1,QUETZALTENANGO,QUETZALTENANGO,9166,CORPORACIÓN MUNICIPAL,0,2,2,0,1,4,161,161,161,161,1,1,21,0,3,14,3,6,10,28,2,0,10,1,8,0,1,2,2,19,13,7,9
1,6,0,400,400,9,https://resultados2019.blob.core.windows.net/201901/092464.jpg,OK,0,1,QUETZALTENANGO,QUETZALTENANGO,9246,CORPORACIÓN MUNICIPAL,10,2,2,0,1,4,250,250,234,234,0,4,11,2,3,12,6,7,16,93,3,1,12,2,10,4,0,1,2,13,9,9,14
1,1,0,400,400,9,https://resultados2019.blob.core.windows.net/201901/091454.jpg,OK,0,1,QUETZALTENANGO,QUETZALTENANGO,9145,CORPORACIÓN MUNICIPAL,16,2,2,0,1,4,303,303,286,286,1,7,28,3,9,36,6,23,21,40,6,1,13,3,13,0,1,1,1,36,14,12,11
1,6,0,600,602,9,https://resultados2019.blob.core.windows.net/201901/092864.jpg,OK,0,1,QUETZALTENANGO,QUETZALTENANGO,9286,CORPORACIÓN MUNICIPAL,20,2,2,0,1,4,292,292,266,266,4,7,18,2,11,28,4,7,24,65,1,4,11,0,15,7,0,4,4,13,12,12,13
1,3,0,400,399,9,https://resultados2019.blob.core.windows.net/201901/091434.jpg,OK,0,1,QUETZALTENANGO,QUETZALTENANGO,9143,CORPORACIÓN MUNICIPAL,15,2,2,0,1,4,288,288,270,270,6,4,33,3,6,29,7,11,11,41,15,2,17,1,8,1,0,1,6,19,15,18,16
1,6,0,600,600,9,https://resultados2019.blob.core.windows.net/201901/092924.jpg,OK,0,1,QUETZALTENANGO,QUETZALTENANGO,9292,CORPORACIÓN MUNICIPAL,18,2,2,0,1,4,244,244,220,220,3,6,15,3,5,25,1,9,5,73,3,1,13,0,12,1,2,2,0,17,3,8,13
1,0,0,356,356,9,https://resultados2019.blob.core.windows.net/201901/091924.jpg,OK,0,1,QUETZALTENANGO,QUETZALTENANGO,9192,CORPORACIÓN MUNICIPAL,8,2,2,0,1,4,227,227,219,219,5,1,17,4,7,25,5,2,7,51,5,0,9,2,15,2,1,1,2,29,12,9,8
1,2,0,400,398,9,https://resultados2019.blob.core.windows.net/201901/092264.jpg,OK,0,1,QUETZALTENANGO,QUETZALTENANGO,9226,CORPORACIÓN MUNICIPAL,13,2,2,0,1,4,285,285,270,270,2,1,22,4,6,20,4,6,18,58,9,0,12,4,12,1,0,3,2,30,16,20,20
