ACTACUADRA,BLANCOS,CNTIMPUGNA,CNTINSCRITOS,CNTPAPELETAS,DEP,IMGSRC,IMGSTATUS,INVALIDOS,MUN,NDEP,NMUN,NROMESA,NTE,NULOS,STACTA,STESCAN,STFISIC,STTRANS,TIPOELECCION,TOTALACTA,TOTALVOTOS,VOTOSVALIDOS,VOTOSVALIDOSACTA,voto_AVANZA,voto_FCN-NACION,voto_PHG,voto_UNE,voto_VALOR,voto_VAMOS
1,1,0,400,396,9,https://resultados2019.blob.core.windows.net/201901/095874.jpg,OK,2,10,QUETZALTENANGO,SAN MATEO,9587,CORPORACIÓN MUNICIPAL,11,2,2,0,1,4,324,324,312,312,37,10,21,143,36,65
1,1,1,285,291,9,https://resultados2019.blob.core.windows.net/201901/095914.jpg,OK,1,10,QUETZALTENANGO,SAN MATEO,9591,CORPORACIÓN MUNICIPAL,3,2,2,0,1,4,213,213,209,209,45,6,14,81,30,33
1,4,0,400,399,9,https://resultados2019.blob.core.windows.net/201901/095864.jpg,OK,0,10,QUETZALTENANGO,SAN MATEO,9586,CORPORACIÓN MUNICIPAL,3,2,2,0,1,4,309,309,302,302,43,6,25,137,37,54
1,4,0,400,396,9,https://resultados2019.blob.core.windows.net/201901/095804.jpg,OK,0,10,QUETZALTENANGO,SAN MATEO,9580,CORPORACIÓN MUNICIPAL,10,2,2,0,1,4,306,306,292,292,49,9,19,135,41,39
1,1,0,400,400,9,https://resultados2019.blob.core.windows.net/201901/095844.jpg,OK,0,10,QUETZALTENANGO,SAN MATEO,9584,CORPORACIÓN MUNICIPAL,5,2,2,0,1,4,285,285,279,279,49,3,21,107,45,54
1,6,0,400,400,9,https://resultados2019.blob.core.windows.net/201901/095824.jpg,OK,0,10,QUETZALTENANGO,SAN MATEO,9582,CORPORACIÓN MUNICIPAL,10,2,2,0,1,4,317,317,301,301,38,7,14,143,44,55
1,1,0,286,293,9,https://resultados2019.blob.core.windows.net/201901/095904.jpg,OK,0,10,QUETZALTENANGO,SAN MATEO,9590,CORPORACIÓN MUNICIPAL,2,2,2,0,1,4,235,235,232,232,24,2,18,117,31,40
1,1,0,400,400,9,https://resultados2019.blob.core.windows.net/201901/095854.jpg,OK,0,10,QUETZALTENANGO,SAN MATEO,9585,CORPORACIÓN MUNICIPAL,7,2,2,0,1,4,277,277,269,269,42,5,17,112,40,53
1,7,1,400,400,9,https://resultados2019.blob.core.windows.net/201901/095884.jpg,OK,0,10,QUETZALTENANGO,SAN MATEO,9588,CORPORACIÓN MUNICIPAL,9,2,2,0,1,4,309,309,293,293,36,9,20,128,36,64
1,4,0,400,400,9,https://resultados2019.blob.core.windows.net/201901/095834.jpg,OK,0,10,QUETZALTENANGO,SAN MATEO,9583,CORPORACIÓN MUNICIPAL,8,2,2,0,1,4,337,337,325,325,41,10,22,148,50,54
1,4,0,400,400,9,https://resultados2019.blob.core.windows.net/201901/095814.jpg,OK,1,10,QUETZALTENANGO,SAN MATEO,9581,CORPORACIÓN MUNICIPAL,13,2,2,0,1,4,312,312,295,295,51,11,26,132,32,43
1,1,0,400,400,9,https://resultados2019.blob.core.windows.net/201901/095894.jpg,OK,0,10,QUETZALTENANGO,SAN MATEO,9589,CORPORACIÓN MUNICIPAL,6,2,2,0,1,4,309,309,302,302,43,4,26,143,33,53
