ACTACUADRA,BLANCOS,CNTIMPUGNA,CNTINSCRITOS,CNTPAPELETAS,DEP,IMGSRC,IMGSTATUS,INVALIDOS,MUN,NDEP,NMUN,NROMESA,NTE,NULOS,STACTA,STESCAN,STFISIC,STTRANS,TIPOELECCION,TOTALACTA,TOTALVOTOS,VOTOSVALIDOS,VOTOSVALIDOSACTA,voto_CREO,voto_D.C.,voto_FUERZA,voto_PAPA,voto_PHG,voto_SEMILLA,voto_UNE,voto_UNIONISTA,voto_URNG_MAIZ,voto_VALOR
1,6,0,400,400,9,https://resultados2019.blob.core.windows.net/201901/095964.jpg,OK,0,11,QUETZALTENANGO,CONCEPCIÓN CHIQUIRICHAPA,9596,CORPORACIÓN MUNICIPAL,7,2,2,0,1,4,234,234,221,221,14,47,8,93,3,4,22,4,21,5
1,6,0,400,396,9,https://resultados2019.blob.core.windows.net/201901/096044.jpg,OK,1,11,QUETZALTENANGO,CONCEPCIÓN CHIQUIRICHAPA,9604,CORPORACIÓN MUNICIPAL,3,2,2,0,1,4,223,223,214,214,29,52,7,48,7,3,22,3,37,6
1,3,0,400,400,9,https://resultados2019.blob.core.windows.net/201901/096034.jpg,OK,0,11,QUETZALTENANGO,CONCEPCIÓN CHIQUIRICHAPA,9603,CORPORACIÓN MUNICIPAL,1,2,2,0,1,4,244,244,240,240,17,62,7,46,9,7,41,7,33,11
1,5,0,400,400,9,https://resultados2019.blob.core.windows.net/201901/096004.jpg,OK,0,11,QUETZALTENANGO,CONCEPCIÓN CHIQUIRICHAPA,9600,CORPORACIÓN MUNICIPAL,4,2,2,0,1,4,267,267,258,258,7,56,1,68,9,11,42,6,54,4
1,8,0,400,396,9,https://resultados2019.blob.core.windows.net/201901/095954.jpg,OK,0,11,QUETZALTENANGO,CONCEPCIÓN CHIQUIRICHAPA,9595,CORPORACIÓN MUNICIPAL,5,2,2,0,1,4,229,229,216,216,9,45,9,67,4,6,37,21,16,2
1,22,0,380,378,9,https://resultados2019.blob.core.windows.net/201901/096084.jpg,OK,1,11,QUETZALTENANGO,CONCEPCIÓN CHIQUIRICHAPA,9608,CORPORACIÓN MUNICIPAL,4,2,2,0,1,4,192,192,166,166,28,24,6,49,9,1,33,9,4,3
1,5,0,400,400,9,https://resultados2019.blob.core.windows.net/201901/096054.jpg,OK,2,11,QUETZALTENANGO,CONCEPCIÓN CHIQUIRICHAPA,9605,CORPORACIÓN MUNICIPAL,6,2,2,0,1,4,221,221,210,210,12,48,2,50,11,8,33,8,35,3
1,5,0,400,400,9,https://resultados2019.blob.core.windows.net/201901/095944.jpg,OK,0,11,QUETZALTENANGO,CONCEPCIÓN CHIQUIRICHAPA,9594,CORPORACIÓN MUNICIPAL,9,2,2,0,1,4,245,245,231,231,11,66,4,57,4,11,40,6,27,5
1,12,0,380,376,9,https://resultados2019.blob.core.windows.net/201901/096104.jpg,OK,0,11,QUETZALTENANGO,CONCEPCIÓN CHIQUIRICHAPA,9610,CORPORACIÓN MUNICIPAL,5,2,2,0,1,4,206,206,189,189,39,15,4,51,9,1,41,7,18,4
1,2,0,380,380,9,https://resultados2019.blob.core.windows.net/201901/096114.jpg,OK,0,11,QUETZALTENANGO,CONCEPCIÓN CHIQUIRICHAPA,9611,CORPORACIÓN MUNICIPAL,6,2,2,0,1,4,177,177,169,169,40,25,6,40,7,2,23,18,6,2
1,2,0,400,396,9,https://resultados2019.blob.core.windows.net/201901/095984.jpg,OK,1,11,QUETZALTENANGO,CONCEPCIÓN CHIQUIRICHAPA,9598,CORPORACIÓN MUNICIPAL,4,2,2,0,1,4,152,152,146,146,13,29,11,49,2,3,22,3,11,3
1,4,0,467,467,9,https://resultados2019.blob.core.windows.net/201901/096144.jpg,OK,0,11,QUETZALTENANGO,CONCEPCIÓN CHIQUIRICHAPA,9614,CORPORACIÓN MUNICIPAL,8,2,2,0,1,4,170,170,158,158,11,40,3,47,5,2,22,8,17,3
1,6,0,400,400,9,https://resultados2019.blob.core.windows.net/201901/095924.jpg,OK,0,11,QUETZALTENANGO,CONCEPCIÓN CHIQUIRICHAPA,9592,CORPORACIÓN MUNICIPAL,3,2,2,0,1,4,252,252,243,243,14,74,5,60,6,8,37,5,32,2
1,2,0,312,312,9,https://resultados2019.blob.core.windows.net/201901/096124.jpg,OK,0,11,QUETZALTENANGO,CONCEPCIÓN CHIQUIRICHAPA,9612,CORPORACIÓN MUNICIPAL,1,2,2,0,1,4,148,148,145,145,39,16,2,26,9,0,38,5,9,1
1,2,0,400,396,9,https://resultados2019.blob.core.windows.net/201901/095974.jpg,OK,0,11,QUETZALTENANGO,CONCEPCIÓN CHIQUIRICHAPA,9597,CORPORACIÓN MUNICIPAL,5,2,2,0,1,4,219,219,212,212,13,39,7,75,10,4,38,6,16,4
1,1,0,223,223,9,https://resultados2019.blob.core.windows.net/201901/096064.jpg,OK,0,11,QUETZALTENANGO,CONCEPCIÓN CHIQUIRICHAPA,9606,CORPORACIÓN MUNICIPAL,1,2,2,0,1,4,132,132,130,130,6,35,2,37,4,5,21,1,17,2
1,0,0,400,400,9,https://resultados2019.blob.core.windows.net/201901/096014.jpg,OK,0,11,QUETZALTENANGO,CONCEPCIÓN CHIQUIRICHAPA,9601,CORPORACIÓN MUNICIPAL,4,2,2,0,1,4,171,171,167,167,16,52,5,46,6,3,21,4,12,2
1,3,0,400,400,9,https://resultados2019.blob.core.windows.net/201901/096024.jpg,OK,0,11,QUETZALTENANGO,CONCEPCIÓN CHIQUIRICHAPA,9602,CORPORACIÓN MUNICIPAL,3,2,2,0,1,4,213,213,207,207,11,55,7,61,7,9,21,6,26,4
1,11,0,380,380,9,https://resultados2019.blob.core.windows.net/201901/096094.jpg,OK,0,11,QUETZALTENANGO,CONCEPCIÓN CHIQUIRICHAPA,9609,CORPORACIÓN MUNICIPAL,5,2,2,0,1,4,202,202,186,186,49,9,6,20,4,3,84,2,6,3
1,6,0,467,466,9,https://resultados2019.blob.core.windows.net/201901/096154.jpg,OK,1,11,QUETZALTENANGO,CONCEPCIÓN CHIQUIRICHAPA,9615,CORPORACIÓN MUNICIPAL,3,2,2,0,1,4,169,169,160,160,19,46,2,36,4,8,15,5,20,5
1,4,0,400,380,9,https://resultados2019.blob.core.windows.net/201901/095994.jpg,OK,0,11,QUETZALTENANGO,CONCEPCIÓN CHIQUIRICHAPA,9599,CORPORACIÓN MUNICIPAL,3,2,2,0,1,4,240,240,233,233,18,58,6,55,4,4,41,17,24,6
1,5,0,222,222,9,https://resultados2019.blob.core.windows.net/201901/096074.jpg,OK,0,11,QUETZALTENANGO,CONCEPCIÓN CHIQUIRICHAPA,9607,CORPORACIÓN MUNICIPAL,0,2,2,0,1,4,135,135,130,130,6,28,3,34,4,8,16,2,24,5
1,6,0,311,311,9,https://resultados2019.blob.core.windows.net/201901/096134.jpg,OK,0,11,QUETZALTENANGO,CONCEPCIÓN CHIQUIRICHAPA,9613,CORPORACIÓN MUNICIPAL,4,2,2,0,1,4,160,160,150,150,32,14,7,28,6,2,35,13,12,1
1,5,0,400,396,9,https://resultados2019.blob.core.windows.net/201901/095934.jpg,OK,0,11,QUETZALTENANGO,CONCEPCIÓN CHIQUIRICHAPA,9593,CORPORACIÓN MUNICIPAL,11,2,2,0,1,4,239,239,223,223,14,65,6,52,3,7,37,6,29,4
