ACTACUADRA,BLANCOS,CNTIMPUGNA,CNTINSCRITOS,CNTPAPELETAS,DEP,IMGSRC,IMGSTATUS,INVALIDOS,MUN,NDEP,NMUN,NROMESA,NTE,NULOS,STACTA,STESCAN,STFISIC,STTRANS,TIPOELECCION,TOTALACTA,TOTALVOTOS,VOTOSVALIDOS,VOTOSVALIDOSACTA,voto_C.C.M.T.,voto_FUERZA,voto_LIBRE,voto_TODOS,voto_VAMOS,voto_VIVA
1,11,0,380,380,9,https://resultados2019.blob.core.windows.net/201901/096414.jpg,OK,0,12,QUETZALTENANGO,SAN MARTÍN SACATEPÉQUEZ,9641,CORPORACIÓN MUNICIPAL,9,2,2,0,1,4,263,263,243,243,9,12,2,34,104,82
1,6,0,380,380,9,https://resultados2019.blob.core.windows.net/201901/096434.jpg,OK,0,12,QUETZALTENANGO,SAN MARTÍN SACATEPÉQUEZ,9643,CORPORACIÓN MUNICIPAL,4,2,2,0,1,4,290,290,280,280,6,6,0,49,118,101
1,14,0,574,574,9,https://resultados2019.blob.core.windows.net/201901/096524.jpg,OK,0,12,QUETZALTENANGO,SAN MARTÍN SACATEPÉQUEZ,9652,CORPORACIÓN MUNICIPAL,11,2,2,0,1,4,203,203,178,178,10,21,2,14,42,89
1,6,0,380,380,9,https://resultados2019.blob.core.windows.net/201901/096334.jpg,OK,0,12,QUETZALTENANGO,SAN MARTÍN SACATEPÉQUEZ,9633,CORPORACIÓN MUNICIPAL,9,2,2,0,1,4,285,285,270,270,18,14,6,51,60,121
1,1,0,287,287,9,https://resultados2019.blob.core.windows.net/201901/096294.jpg,OK,0,12,QUETZALTENANGO,SAN MARTÍN SACATEPÉQUEZ,9629,CORPORACIÓN MUNICIPAL,0,2,2,0,1,4,221,221,220,220,24,26,2,27,56,85
1,14,0,573,585,9,https://resultados2019.blob.core.windows.net/201901/096534.jpg,OK,0,12,QUETZALTENANGO,SAN MARTÍN SACATEPÉQUEZ,9653,CORPORACIÓN MUNICIPAL,2,2,2,0,1,4,186,186,170,170,11,17,1,6,64,71
1,3,0,248,248,9,https://resultados2019.blob.core.windows.net/201901/096394.jpg,OK,0,12,QUETZALTENANGO,SAN MARTÍN SACATEPÉQUEZ,9639,CORPORACIÓN MUNICIPAL,3,2,2,0,1,4,186,186,180,180,7,17,7,58,39,52
1,17,0,380,380,9,https://resultados2019.blob.core.windows.net/201901/096324.jpg,OK,0,12,QUETZALTENANGO,SAN MARTÍN SACATEPÉQUEZ,9632,CORPORACIÓN MUNICIPAL,12,2,2,0,1,4,286,286,257,257,13,21,14,37,94,78
1,3,0,400,400,9,https://resultados2019.blob.core.windows.net/201901/096284.jpg,OK,0,12,QUETZALTENANGO,SAN MARTÍN SACATEPÉQUEZ,9628,CORPORACIÓN MUNICIPAL,1,2,2,0,1,4,283,283,279,279,19,43,3,27,70,117
1,4,0,400,400,9,https://resultados2019.blob.core.windows.net/201901/096234.jpg,OK,0,12,QUETZALTENANGO,SAN MARTÍN SACATEPÉQUEZ,9623,CORPORACIÓN MUNICIPAL,2,2,2,0,1,4,297,297,291,291,51,87,2,12,61,78
1,0,0,287,287,9,https://resultados2019.blob.core.windows.net/201901/096304.jpg,OK,0,12,QUETZALTENANGO,SAN MARTÍN SACATEPÉQUEZ,9630,CORPORACIÓN MUNICIPAL,0,2,2,0,1,4,208,208,208,208,12,24,3,17,55,97
1,4,0,380,378,9,https://resultados2019.blob.core.windows.net/201901/096484.jpg,OK,0,12,QUETZALTENANGO,SAN MARTÍN SACATEPÉQUEZ,9648,CORPORACIÓN MUNICIPAL,1,2,2,0,1,4,277,277,272,272,6,17,3,30,107,109
1,3,0,400,400,9,https://resultados2019.blob.core.windows.net/201901/096274.jpg,OK,0,12,QUETZALTENANGO,SAN MARTÍN SACATEPÉQUEZ,9627,CORPORACIÓN MUNICIPAL,5,2,2,0,1,4,299,299,291,291,28,43,5,22,83,110
1,9,0,380,380,9,https://resultados2019.blob.core.windows.net/201901/096444.jpg,OK,0,12,QUETZALTENANGO,SAN MARTÍN SACATEPÉQUEZ,9644,CORPORACIÓN MUNICIPAL,8,2,2,0,1,4,295,295,278,278,10,11,2,17,168,70
0,66,0,400,400,9,https://resultados2019.blob.core.windows.net/201901/096244.jpg,OK,1,12,QUETZALTENANGO,SAN MARTÍN SACATEPÉQUEZ,9624,CORPORACIÓN MUNICIPAL,6,2,2,0,1,4,281,341,269,269,21,7,2,19,154,66
1,2,0,380,378,9,https://resultados2019.blob.core.windows.net/201901/096494.jpg,OK,0,12,QUETZALTENANGO,SAN MARTÍN SACATEPÉQUEZ,9649,CORPORACIÓN MUNICIPAL,6,2,2,0,1,4,277,277,269,269,5,7,3,30,118,106
1,5,0,380,380,9,https://resultados2019.blob.core.windows.net/201901/096364.jpg,OK,1,12,QUETZALTENANGO,SAN MARTÍN SACATEPÉQUEZ,9636,CORPORACIÓN MUNICIPAL,5,2,2,0,1,4,241,241,231,231,6,15,17,50,64,79
1,6,0,380,380,9,https://resultados2019.blob.core.windows.net/201901/096454.jpg,OK,0,12,QUETZALTENANGO,SAN MARTÍN SACATEPÉQUEZ,9645,CORPORACIÓN MUNICIPAL,3,2,2,0,1,4,312,312,303,303,3,5,3,15,118,159
1,1,0,203,203,9,https://resultados2019.blob.core.windows.net/201901/096514.jpg,OK,0,12,QUETZALTENANGO,SAN MARTÍN SACATEPÉQUEZ,9651,CORPORACIÓN MUNICIPAL,1,2,2,0,1,4,160,160,158,158,2,4,1,23,59,69
1,11,0,400,400,9,https://resultados2019.blob.core.windows.net/201901/096174.jpg,OK,0,12,QUETZALTENANGO,SAN MARTÍN SACATEPÉQUEZ,9617,CORPORACIÓN MUNICIPAL,7,2,2,0,1,4,319,319,301,301,25,24,4,27,86,135
1,6,0,380,380,9,https://resultados2019.blob.core.windows.net/201901/096384.jpg,OK,1,12,QUETZALTENANGO,SAN MARTÍN SACATEPÉQUEZ,9638,CORPORACIÓN MUNICIPAL,7,2,2,0,1,4,233,233,220,220,9,12,11,55,67,66
1,3,0,400,400,9,https://resultados2019.blob.core.windows.net/201901/096264.jpg,OK,0,12,QUETZALTENANGO,SAN MARTÍN SACATEPÉQUEZ,9626,CORPORACIÓN MUNICIPAL,0,2,2,0,1,4,264,264,261,261,19,34,1,24,72,111
1,19,0,400,400,9,https://resultados2019.blob.core.windows.net/201901/096204.jpg,OK,0,12,QUETZALTENANGO,SAN MARTÍN SACATEPÉQUEZ,9620,CORPORACIÓN MUNICIPAL,4,2,2,0,1,4,333,333,310,310,20,15,1,33,110,131
1,12,0,380,380,9,https://resultados2019.blob.core.windows.net/201901/096354.jpg,OK,0,12,QUETZALTENANGO,SAN MARTÍN SACATEPÉQUEZ,9635,CORPORACIÓN MUNICIPAL,9,2,2,0,1,4,253,253,232,232,7,13,8,44,86,74
1,10,0,380,380,9,https://resultados2019.blob.core.windows.net/201901/096314.jpg,OK,0,12,QUETZALTENANGO,SAN MARTÍN SACATEPÉQUEZ,9631,CORPORACIÓN MUNICIPAL,15,2,2,0,1,4,254,254,229,229,12,11,23,30,68,85
1,5,0,380,380,9,https://resultados2019.blob.core.windows.net/201901/096474.jpg,OK,0,12,QUETZALTENANGO,SAN MARTÍN SACATEPÉQUEZ,9647,CORPORACIÓN MUNICIPAL,6,2,2,0,1,4,260,260,249,249,5,11,2,32,89,110
1,9,0,400,400,9,https://resultados2019.blob.core.windows.net/201901/096194.jpg,OK,0,12,QUETZALTENANGO,SAN MARTÍN SACATEPÉQUEZ,9619,CORPORACIÓN MUNICIPAL,2,2,2,0,1,4,330,330,319,319,16,16,4,54,121,108
1,3,0,247,247,9,https://resultados2019.blob.core.windows.net/201901/096404.jpg,OK,0,12,QUETZALTENANGO,SAN MARTÍN SACATEPÉQUEZ,9640,CORPORACIÓN MUNICIPAL,1,2,2,0,1,4,170,170,166,166,3,13,4,55,37,54
1,1,0,204,204,9,https://resultados2019.blob.core.windows.net/201901/096504.jpg,OK,0,12,QUETZALTENANGO,SAN MARTÍN SACATEPÉQUEZ,9650,CORPORACIÓN MUNICIPAL,1,2,2,0,1,4,156,156,154,154,1,6,1,22,65,59
0,11,0,380,380,9,https://resultados2019.blob.core.windows.net/201901/096374.jpg,OK,0,12,QUETZALTENANGO,SAN MARTÍN SACATEPÉQUEZ,9637,CORPORACIÓN MUNICIPAL,7,2,2,0,1,4,230,231,213,212,10,10,9,54,45,85
1,13,0,400,400,9,https://resultados2019.blob.core.windows.net/201901/096184.jpg,OK,0,12,QUETZALTENANGO,SAN MARTÍN SACATEPÉQUEZ,9618,CORPORACIÓN MUNICIPAL,3,2,2,0,1,4,325,325,309,309,19,29,2,43,74,142
1,5,0,400,400,9,https://resultados2019.blob.core.windows.net/201901/096254.jpg,OK,0,12,QUETZALTENANGO,SAN MARTÍN SACATEPÉQUEZ,9625,CORPORACIÓN MUNICIPAL,2,2,2,0,1,4,274,274,267,267,20,26,1,20,84,116
1,13,0,400,400,9,https://resultados2019.blob.core.windows.net/201901/096164.jpg,OK,0,12,QUETZALTENANGO,SAN MARTÍN SACATEPÉQUEZ,9616,CORPORACIÓN MUNICIPAL,5,2,2,0,1,4,308,308,290,290,17,31,2,28,91,121
1,13,0,380,380,9,https://resultados2019.blob.core.windows.net/201901/096424.jpg,OK,0,12,QUETZALTENANGO,SAN MARTÍN SACATEPÉQUEZ,9642,CORPORACIÓN MUNICIPAL,1,2,2,0,1,4,254,254,240,240,4,11,2,38,78,107
1,5,0,400,400,9,https://resultados2019.blob.core.windows.net/201901/096224.jpg,OK,0,12,QUETZALTENANGO,SAN MARTÍN SACATEPÉQUEZ,9622,CORPORACIÓN MUNICIPAL,1,2,2,0,1,4,314,314,308,308,49,73,1,20,60,105
0,9,1,380,380,9,https://resultados2019.blob.core.windows.net/201901/096464.jpg,OK,0,12,QUETZALTENANGO,SAN MARTÍN SACATEPÉQUEZ,9646,CORPORACIÓN MUNICIPAL,8,2,2,0,1,4,318,317,300,300,3,6,2,24,75,190
1,10,0,400,380,9,https://resultados2019.blob.core.windows.net/201901/096214.jpg,OK,0,12,QUETZALTENANGO,SAN MARTÍN SACATEPÉQUEZ,9621,CORPORACIÓN MUNICIPAL,5,2,2,0,1,4,330,330,315,315,57,40,2,15,61,140
1,14,0,380,380,9,https://resultados2019.blob.core.windows.net/201901/096344.jpg,OK,0,12,QUETZALTENANGO,SAN MARTÍN SACATEPÉQUEZ,9634,CORPORACIÓN MUNICIPAL,6,2,2,0,1,4,292,292,272,272,1,7,0,106,56,102
