ACTACUADRA,BLANCOS,CNTIMPUGNA,CNTINSCRITOS,CNTPAPELETAS,DEP,IMGSRC,IMGSTATUS,INVALIDOS,MUN,NDEP,NMUN,NROMESA,NTE,NULOS,STACTA,STESCAN,STFISIC,STTRANS,TIPOELECCION,TOTALACTA,TOTALVOTOS,VOTOSVALIDOS,VOTOSVALIDOSACTA,voto_BIEN,voto_CREO,voto_FCN-NACION,voto_FUERZA,voto_PODEMOS,voto_PPT,voto_SEMILLA,voto_TODOS,voto_URNG_MAIZ,voto_VALOR,voto_VAMOS,voto_VIVA
1,4,0,380,380,9,https://resultados2019.blob.core.windows.net/201901/097144.jpg,OK,0,14,QUETZALTENANGO,CANTEL,9714,CORPORACIÓN MUNICIPAL,3,2,2,0,1,4,283,283,276,276,65,36,4,13,0,16,17,51,5,4,60,5
1,5,0,400,399,9,https://resultados2019.blob.core.windows.net/201901/097274.jpg,OK,0,14,QUETZALTENANGO,CANTEL,9727,CORPORACIÓN MUNICIPAL,7,2,2,0,1,4,262,262,250,250,37,25,1,18,2,2,15,83,15,13,9,30
1,7,0,380,378,9,https://resultados2019.blob.core.windows.net/201901/097014.jpg,OK,0,14,QUETZALTENANGO,CANTEL,9701,CORPORACIÓN MUNICIPAL,5,2,2,0,1,4,263,263,251,251,45,13,2,11,6,2,28,61,20,7,39,17
1,5,0,400,398,9,https://resultados2019.blob.core.windows.net/201901/097244.jpg,OK,0,14,QUETZALTENANGO,CANTEL,9724,CORPORACIÓN MUNICIPAL,8,2,2,0,1,4,322,322,309,309,78,23,5,21,3,2,22,77,18,8,18,34
1,1,0,400,396,9,https://resultados2019.blob.core.windows.net/201901/097204.jpg,OK,0,14,QUETZALTENANGO,CANTEL,9720,CORPORACIÓN MUNICIPAL,3,2,2,0,1,4,261,261,257,257,45,27,1,15,0,3,21,70,21,17,7,30
1,5,0,380,380,9,https://resultados2019.blob.core.windows.net/201901/096974.jpg,OK,0,14,QUETZALTENANGO,CANTEL,9697,CORPORACIÓN MUNICIPAL,10,2,2,0,1,4,255,255,240,240,55,19,3,12,2,0,27,54,18,3,38,9
1,0,0,290,290,9,https://resultados2019.blob.core.windows.net/201901/097194.jpg,OK,0,14,QUETZALTENANGO,CANTEL,9719,CORPORACIÓN MUNICIPAL,1,2,2,0,1,4,219,219,218,218,30,19,0,18,3,20,14,41,5,14,49,5
1,7,0,400,398,9,https://resultados2019.blob.core.windows.net/201901/097234.jpg,OK,0,14,QUETZALTENANGO,CANTEL,9723,CORPORACIÓN MUNICIPAL,7,2,2,0,1,4,323,323,309,309,72,33,0,21,0,2,16,105,7,9,13,31
1,7,0,360,360,9,https://resultados2019.blob.core.windows.net/201901/097344.jpg,OK,0,14,QUETZALTENANGO,CANTEL,9734,CORPORACIÓN MUNICIPAL,2,2,2,0,1,4,103,103,94,94,14,6,2,4,0,4,8,21,6,5,10,14
1,2,0,380,380,9,https://resultados2019.blob.core.windows.net/201901/097044.jpg,OK,0,14,QUETZALTENANGO,CANTEL,9704,CORPORACIÓN MUNICIPAL,6,2,2,0,1,4,281,281,273,273,48,21,1,20,1,2,32,78,18,11,26,15
1,3,0,400,400,9,https://resultados2019.blob.core.windows.net/201901/097294.jpg,OK,0,14,QUETZALTENANGO,CANTEL,9729,CORPORACIÓN MUNICIPAL,7,2,2,0,1,4,250,250,240,240,45,18,6,10,3,0,20,75,13,12,16,22
1,7,0,380,378,9,https://resultados2019.blob.core.windows.net/201901/097114.jpg,OK,0,14,QUETZALTENANGO,CANTEL,9711,CORPORACIÓN MUNICIPAL,6,2,2,0,1,4,276,276,263,263,38,39,1,17,3,21,17,43,10,4,56,14
1,4,0,400,400,9,https://resultados2019.blob.core.windows.net/201901/096874.jpg,OK,0,14,QUETZALTENANGO,CANTEL,9687,CORPORACIÓN MUNICIPAL,12,2,2,0,1,4,288,288,272,272,38,25,6,10,2,2,29,52,24,14,15,55
1,8,0,380,380,9,https://resultados2019.blob.core.windows.net/201901/097024.jpg,OK,0,14,QUETZALTENANGO,CANTEL,9702,CORPORACIÓN MUNICIPAL,8,2,2,0,1,4,280,280,264,264,48,15,2,12,4,3,30,72,19,5,40,14
1,3,0,380,380,9,https://resultados2019.blob.core.windows.net/201901/096964.jpg,OK,0,14,QUETZALTENANGO,CANTEL,9696,CORPORACIÓN MUNICIPAL,10,2,2,0,1,4,276,276,263,263,48,17,3,17,1,0,22,69,25,15,38,8
1,6,0,400,400,9,https://resultados2019.blob.core.windows.net/201901/096924.jpg,OK,0,14,QUETZALTENANGO,CANTEL,9692,CORPORACIÓN MUNICIPAL,10,2,2,0,1,4,256,256,240,240,24,29,1,12,2,2,20,49,28,14,15,44
1,6,0,400,397,9,https://resultados2019.blob.core.windows.net/201901/096854.jpg,OK,0,14,QUETZALTENANGO,CANTEL,9685,CORPORACIÓN MUNICIPAL,12,2,2,0,1,4,271,271,253,253,38,29,0,9,0,3,20,70,15,17,10,42
1,4,0,400,380,9,https://resultados2019.blob.core.windows.net/201901/096844.jpg,OK,0,14,QUETZALTENANGO,CANTEL,9684,CORPORACIÓN MUNICIPAL,11,2,2,0,1,4,258,258,243,243,36,25,3,9,1,0,17,48,31,10,14,49
1,0,0,400,396,9,https://resultados2019.blob.core.windows.net/201901/097224.jpg,OK,0,14,QUETZALTENANGO,CANTEL,9722,CORPORACIÓN MUNICIPAL,13,2,2,0,1,4,302,302,289,289,59,25,1,12,0,7,23,107,14,8,10,23
1,2,0,380,380,9,https://resultados2019.blob.core.windows.net/201901/097064.jpg,OK,0,14,QUETZALTENANGO,CANTEL,9706,CORPORACIÓN MUNICIPAL,3,2,2,0,1,4,252,252,247,247,44,12,1,11,1,4,23,61,24,4,50,12
1,4,0,380,380,9,https://resultados2019.blob.core.windows.net/201901/096994.jpg,OK,0,14,QUETZALTENANGO,CANTEL,9699,CORPORACIÓN MUNICIPAL,8,2,2,0,1,4,276,276,264,264,54,27,6,11,5,0,33,61,25,2,35,5
1,0,0,266,266,9,https://resultados2019.blob.core.windows.net/201901/097304.jpg,OK,0,14,QUETZALTENANGO,CANTEL,9730,CORPORACIÓN MUNICIPAL,0,2,2,0,1,4,209,209,209,209,33,17,5,12,3,1,12,77,10,10,7,22
1,3,0,400,394,9,https://resultados2019.blob.core.windows.net/201901/096894.jpg,OK,0,14,QUETZALTENANGO,CANTEL,9689,CORPORACIÓN MUNICIPAL,9,2,2,0,1,4,281,281,269,269,45,30,1,15,2,1,15,69,22,10,15,44
1,5,0,400,396,9,https://resultados2019.blob.core.windows.net/201901/096884.jpg,OK,0,14,QUETZALTENANGO,CANTEL,9688,CORPORACIÓN MUNICIPAL,9,2,2,0,1,4,282,282,268,268,45,22,5,12,2,1,26,68,19,14,9,45
1,5,0,380,378,9,https://resultados2019.blob.core.windows.net/201901/097074.jpg,OK,0,14,QUETZALTENANGO,CANTEL,9707,CORPORACIÓN MUNICIPAL,4,2,2,0,1,4,277,277,268,268,53,18,2,14,5,1,24,56,24,10,35,26
1,4,0,380,376,9,https://resultados2019.blob.core.windows.net/201901/097004.jpg,OK,0,14,QUETZALTENANGO,CANTEL,9700,CORPORACIÓN MUNICIPAL,8,2,2,0,1,4,276,276,264,264,42,12,1,20,2,2,22,75,16,12,36,24
1,0,0,380,380,9,https://resultados2019.blob.core.windows.net/201901/096984.jpg,OK,0,14,QUETZALTENANGO,CANTEL,9698,CORPORACIÓN MUNICIPAL,10,2,2,0,1,4,265,265,255,255,47,19,2,21,2,4,22,63,13,7,46,9
1,3,0,380,380,9,https://resultados2019.blob.core.windows.net/201901/097054.jpg,OK,0,14,QUETZALTENANGO,CANTEL,9705,CORPORACIÓN MUNICIPAL,4,2,2,0,1,4,276,276,269,269,39,17,3,13,0,1,32,85,11,10,42,16
1,2,0,359,359,9,https://resultados2019.blob.core.windows.net/201901/097354.jpg,OK,0,14,QUETZALTENANGO,CANTEL,9735,CORPORACIÓN MUNICIPAL,2,2,2,0,1,4,77,77,73,73,10,6,0,3,0,1,10,20,5,1,6,11
1,4,0,400,398,9,https://resultados2019.blob.core.windows.net/201901/097284.jpg,OK,0,14,QUETZALTENANGO,CANTEL,9728,CORPORACIÓN MUNICIPAL,12,2,2,0,1,4,284,284,268,268,51,13,3,14,2,3,13,94,14,20,9,32
1,2,0,291,183,9,https://resultados2019.blob.core.windows.net/201901/097184.jpg,OK,0,14,QUETZALTENANGO,CANTEL,9718,CORPORACIÓN MUNICIPAL,5,2,2,0,1,4,183,183,176,176,25,25,0,6,2,9,12,37,9,5,38,8
1,5,0,400,398,9,https://resultados2019.blob.core.windows.net/201901/096904.jpg,OK,0,14,QUETZALTENANGO,CANTEL,9690,CORPORACIÓN MUNICIPAL,6,2,2,0,1,4,242,242,231,231,34,20,3,12,2,1,22,52,12,14,15,44
1,4,0,400,400,9,https://resultados2019.blob.core.windows.net/201901/096864.jpg,OK,0,14,QUETZALTENANGO,CANTEL,9686,CORPORACIÓN MUNICIPAL,5,2,2,0,1,4,284,284,275,275,56,22,3,6,0,3,21,78,18,18,16,34
1,0,0,265,277,9,https://resultados2019.blob.core.windows.net/201901/097314.jpg,OK,0,14,QUETZALTENANGO,CANTEL,9731,CORPORACIÓN MUNICIPAL,1,2,2,0,1,4,177,177,176,176,31,21,2,6,0,1,13,60,8,7,6,21
1,4,0,380,376,9,https://resultados2019.blob.core.windows.net/201901/097134.jpg,OK,0,14,QUETZALTENANGO,CANTEL,9713,CORPORACIÓN MUNICIPAL,5,2,2,0,1,4,273,273,264,264,45,50,2,12,1,11,17,44,11,8,56,7
1,14,0,380,376,9,https://resultados2019.blob.core.windows.net/201901/097124.jpg,OK,0,14,QUETZALTENANGO,CANTEL,9712,CORPORACIÓN MUNICIPAL,13,2,2,0,1,4,295,295,268,268,40,36,5,20,5,10,23,35,12,4,70,8
1,3,0,600,600,9,https://resultados2019.blob.core.windows.net/201901/097324.jpg,OK,0,14,QUETZALTENANGO,CANTEL,9732,CORPORACIÓN MUNICIPAL,3,2,2,0,1,4,234,234,228,228,33,9,4,19,4,4,17,56,21,15,17,29
1,3,0,307,307,9,https://resultados2019.blob.core.windows.net/201901/096944.jpg,OK,0,14,QUETZALTENANGO,CANTEL,9694,CORPORACIÓN MUNICIPAL,3,2,2,0,1,4,223,223,217,217,29,27,7,9,1,1,19,28,18,15,12,51
1,3,0,380,381,9,https://resultados2019.blob.core.windows.net/201901/097084.jpg,OK,0,14,QUETZALTENANGO,CANTEL,9708,CORPORACIÓN MUNICIPAL,6,2,2,0,1,4,246,246,237,237,35,13,0,15,2,1,27,70,17,7,38,12
1,3,0,400,400,9,https://resultados2019.blob.core.windows.net/201901/097214.jpg,OK,0,14,QUETZALTENANGO,CANTEL,9721,CORPORACIÓN MUNICIPAL,12,2,2,0,1,4,290,290,275,275,53,28,2,15,2,2,14,93,22,7,13,24
1,2,0,264,264,9,https://resultados2019.blob.core.windows.net/201901/097104.jpg,OK,0,14,QUETZALTENANGO,CANTEL,9710,CORPORACIÓN MUNICIPAL,2,2,2,0,1,4,187,187,183,183,42,13,1,13,2,1,19,42,11,6,23,10
1,4,0,380,380,9,https://resultados2019.blob.core.windows.net/201901/097154.jpg,OK,0,14,QUETZALTENANGO,CANTEL,9715,CORPORACIÓN MUNICIPAL,3,2,2,0,1,4,256,256,249,249,35,25,1,15,3,22,16,60,10,10,43,9
1,2,0,265,265,9,https://resultados2019.blob.core.windows.net/201901/097094.jpg,OK,0,14,QUETZALTENANGO,CANTEL,9709,CORPORACIÓN MUNICIPAL,1,2,2,0,1,4,203,203,200,200,35,9,0,10,2,1,22,54,17,2,34,14
1,4,0,400,400,9,https://resultados2019.blob.core.windows.net/201901/097264.jpg,OK,0,14,QUETZALTENANGO,CANTEL,9726,CORPORACIÓN MUNICIPAL,8,2,2,0,1,4,264,264,252,252,47,26,1,8,1,3,24,70,11,20,9,32
1,9,0,600,596,9,https://resultados2019.blob.core.windows.net/201901/097334.jpg,OK,0,14,QUETZALTENANGO,CANTEL,9733,CORPORACIÓN MUNICIPAL,8,2,2,0,1,4,240,240,223,223,35,12,3,20,1,4,14,65,18,9,21,21
1,7,0,380,377,9,https://resultados2019.blob.core.windows.net/201901/097034.jpg,OK,0,14,QUETZALTENANGO,CANTEL,9703,CORPORACIÓN MUNICIPAL,5,2,2,0,1,4,300,300,288,288,70,19,4,22,1,2,20,64,16,8,44,18
1,4,0,380,380,9,https://resultados2019.blob.core.windows.net/201901/096954.jpg,OK,0,14,QUETZALTENANGO,CANTEL,9695,CORPORACIÓN MUNICIPAL,12,2,2,0,1,4,251,251,235,235,30,10,1,17,1,2,36,72,18,7,37,4
1,5,0,380,376,9,https://resultados2019.blob.core.windows.net/201901/097174.jpg,OK,0,14,QUETZALTENANGO,CANTEL,9717,CORPORACIÓN MUNICIPAL,9,2,2,0,1,4,249,249,235,235,30,30,3,16,0,12,17,41,8,4,57,17
1,1,1,307,307,9,https://resultados2019.blob.core.windows.net/201901/096934.jpg,OK,0,14,QUETZALTENANGO,CANTEL,9693,CORPORACIÓN MUNICIPAL,5,2,2,0,1,4,193,193,187,187,26,20,4,6,0,3,15,35,16,7,11,44
1,8,0,380,373,9,https://resultados2019.blob.core.windows.net/201901/097164.jpg,OK,0,14,QUETZALTENANGO,CANTEL,9716,CORPORACIÓN MUNICIPAL,3,2,2,0,1,4,249,249,238,238,31,45,1,14,4,14,30,30,12,3,41,13
1,4,0,400,400,9,https://resultados2019.blob.core.windows.net/201901/096914.jpg,OK,0,14,QUETZALTENANGO,CANTEL,9691,CORPORACIÓN MUNICIPAL,11,2,2,0,1,4,254,254,239,239,34,23,8,22,0,5,12,39,16,16,14,50
1,3,0,400,399,9,https://resultados2019.blob.core.windows.net/201901/097254.jpg,OK,0,14,QUETZALTENANGO,CANTEL,9725,CORPORACIÓN MUNICIPAL,5,2,2,0,1,4,302,302,294,294,46,29,1,14,1,4,23,111,15,10,13,27
