ACTACUADRA,BLANCOS,CNTIMPUGNA,CNTINSCRITOS,CNTPAPELETAS,DEP,IMGSRC,IMGSTATUS,INVALIDOS,MUN,NDEP,NMUN,NROMESA,NTE,NULOS,STACTA,STESCAN,STFISIC,STTRANS,TIPOELECCION,TOTALACTA,TOTALVOTOS,VOTOSVALIDOS,VOTOSVALIDOSACTA,voto_C.I.P.,voto_CONVERGENCIA,voto_FCN-NACION,voto_FUERZA,voto_LIBRE,voto_PODEMOS,voto_PPT,voto_UCN,voto_UNE,voto_VALOR,voto_VIVA
1,3,0,299,299,9,https://resultados2019.blob.core.windows.net/201901/098494.jpg,OK,0,17,QUETZALTENANGO,COLOMBA,9849,CORPORACIÓN MUNICIPAL,2,2,2,0,1,4,126,126,121,121,28,0,9,0,7,1,1,1,69,5,0
1,6,0,400,400,9,https://resultados2019.blob.core.windows.net/201901/097764.jpg,OK,0,17,QUETZALTENANGO,COLOMBA,9776,CORPORACIÓN MUNICIPAL,7,2,2,0,1,4,227,227,214,214,37,0,19,2,2,1,2,2,120,23,6
1,2,0,400,400,9,https://resultados2019.blob.core.windows.net/201901/097844.jpg,OK,0,17,QUETZALTENANGO,COLOMBA,9784,CORPORACIÓN MUNICIPAL,2,2,2,0,1,4,212,212,208,208,28,0,11,3,3,0,0,2,131,25,5
1,2,0,400,396,9,https://resultados2019.blob.core.windows.net/201901/097944.jpg,OK,0,17,QUETZALTENANGO,COLOMBA,9794,CORPORACIÓN MUNICIPAL,1,2,2,0,1,4,239,239,236,236,31,1,10,0,2,2,1,1,150,34,4
1,5,0,259,259,9,https://resultados2019.blob.core.windows.net/201901/098284.jpg,OK,0,17,QUETZALTENANGO,COLOMBA,9828,CORPORACIÓN MUNICIPAL,5,2,2,0,1,4,150,150,140,140,37,3,4,2,0,0,2,5,39,23,25
1,5,0,380,377,9,https://resultados2019.blob.core.windows.net/201901/098234.jpg,OK,0,17,QUETZALTENANGO,COLOMBA,9823,CORPORACIÓN MUNICIPAL,2,2,2,0,1,4,220,220,213,213,37,4,6,3,0,0,3,12,76,31,41
1,7,0,380,380,9,https://resultados2019.blob.core.windows.net/201901/098374.jpg,OK,0,17,QUETZALTENANGO,COLOMBA,9837,CORPORACIÓN MUNICIPAL,13,2,2,0,1,4,201,201,181,181,8,0,35,0,2,1,3,0,95,30,7
1,9,0,380,376,9,https://resultados2019.blob.core.windows.net/201901/098454.jpg,OK,0,17,QUETZALTENANGO,COLOMBA,9845,CORPORACIÓN MUNICIPAL,20,2,2,0,1,4,192,192,163,163,33,0,3,0,2,1,1,0,113,8,2
1,1,0,400,396,9,https://resultados2019.blob.core.windows.net/201901/097834.jpg,OK,0,17,QUETZALTENANGO,COLOMBA,9783,CORPORACIÓN MUNICIPAL,4,2,2,0,1,4,271,271,266,266,46,2,13,1,0,2,2,1,157,36,6
1,3,0,380,377,9,https://resultados2019.blob.core.windows.net/201901/098194.jpg,OK,0,17,QUETZALTENANGO,COLOMBA,9819,CORPORACIÓN MUNICIPAL,5,2,2,0,1,4,231,231,223,223,35,3,4,3,0,0,1,11,72,42,52
1,9,0,380,380,9,https://resultados2019.blob.core.windows.net/201901/098364.jpg,OK,0,17,QUETZALTENANGO,COLOMBA,9836,CORPORACIÓN MUNICIPAL,13,2,2,0,1,4,204,204,182,182,9,2,24,3,2,2,0,1,93,34,12
1,3,0,194,194,9,https://resultados2019.blob.core.windows.net/201901/098094.jpg,OK,0,17,QUETZALTENANGO,COLOMBA,9809,CORPORACIÓN MUNICIPAL,8,2,2,0,1,4,76,76,65,65,3,1,18,1,0,0,0,1,27,12,2
1,6,0,600,600,9,https://resultados2019.blob.core.windows.net/201901/098514.jpg,OK,0,17,QUETZALTENANGO,COLOMBA,9851,CORPORACIÓN MUNICIPAL,6,2,2,0,1,4,147,147,135,135,20,0,3,4,0,3,1,2,74,19,9
1,3,0,380,376,9,https://resultados2019.blob.core.windows.net/201901/098024.jpg,OK,0,17,QUETZALTENANGO,COLOMBA,9802,CORPORACIÓN MUNICIPAL,16,2,2,0,1,4,198,198,179,179,47,0,5,14,1,3,6,1,70,22,10
1,5,0,380,380,9,https://resultados2019.blob.core.windows.net/201901/098334.jpg,OK,0,17,QUETZALTENANGO,COLOMBA,9833,CORPORACIÓN MUNICIPAL,11,2,2,0,1,4,180,180,164,164,52,0,13,6,1,0,0,8,66,16,2
1,6,0,400,400,9,https://resultados2019.blob.core.windows.net/201901/097884.jpg,OK,0,17,QUETZALTENANGO,COLOMBA,9788,CORPORACIÓN MUNICIPAL,4,2,2,0,1,4,240,240,230,230,50,1,9,3,2,0,2,2,129,26,6
1,5,0,380,376,9,https://resultados2019.blob.core.windows.net/201901/098294.jpg,OK,0,17,QUETZALTENANGO,COLOMBA,9829,CORPORACIÓN MUNICIPAL,19,2,2,0,1,4,209,209,185,185,34,1,31,7,0,0,2,3,67,32,8
1,5,0,380,376,9,https://resultados2019.blob.core.windows.net/201901/098304.jpg,OK,0,17,QUETZALTENANGO,COLOMBA,9830,CORPORACIÓN MUNICIPAL,24,2,2,0,1,4,227,227,198,198,36,2,36,7,0,1,0,5,66,34,11
1,4,0,400,396,9,https://resultados2019.blob.core.windows.net/201901/097874.jpg,OK,0,17,QUETZALTENANGO,COLOMBA,9787,CORPORACIÓN MUNICIPAL,3,2,2,0,1,4,229,229,222,222,26,1,15,1,5,1,2,1,134,32,4
1,6,0,380,380,9,https://resultados2019.blob.core.windows.net/201901/098464.jpg,OK,0,17,QUETZALTENANGO,COLOMBA,9846,CORPORACIÓN MUNICIPAL,16,2,2,0,1,4,205,205,183,183,33,3,17,2,7,0,2,2,107,9,1
1,5,0,284,284,9,https://resultados2019.blob.core.windows.net/201901/098444.jpg,OK,0,17,QUETZALTENANGO,COLOMBA,9844,CORPORACIÓN MUNICIPAL,4,2,2,0,1,4,103,103,94,94,3,1,19,2,0,1,0,0,45,22,1
1,14,0,380,380,9,https://resultados2019.blob.core.windows.net/201901/098074.jpg,OK,0,17,QUETZALTENANGO,COLOMBA,9807,CORPORACIÓN MUNICIPAL,18,2,2,0,1,4,186,186,154,154,30,0,14,4,1,4,1,4,57,33,6
1,0,0,226,226,9,https://resultados2019.blob.core.windows.net/201901/097954.jpg,OK,0,17,QUETZALTENANGO,COLOMBA,9795,CORPORACIÓN MUNICIPAL,1,2,2,0,1,4,168,168,167,167,23,0,9,0,1,0,0,0,115,17,2
1,7,0,380,380,9,https://resultados2019.blob.core.windows.net/201901/098134.jpg,OK,0,17,QUETZALTENANGO,COLOMBA,9813,CORPORACIÓN MUNICIPAL,12,2,2,0,1,4,231,231,212,212,40,0,9,1,1,1,2,3,70,48,37
1,5,0,600,600,9,https://resultados2019.blob.core.windows.net/201901/098524.jpg,OK,0,17,QUETZALTENANGO,COLOMBA,9852,CORPORACIÓN MUNICIPAL,8,2,2,0,1,4,160,160,147,147,27,4,9,2,1,0,1,2,69,14,18
1,15,0,380,380,9,https://resultados2019.blob.core.windows.net/201901/098084.jpg,OK,0,17,QUETZALTENANGO,COLOMBA,9808,CORPORACIÓN MUNICIPAL,17,2,2,0,1,4,178,178,146,146,12,1,30,6,0,1,7,1,49,33,6
1,2,0,226,227,9,https://resultados2019.blob.core.windows.net/201901/097964.jpg,OK,0,17,QUETZALTENANGO,COLOMBA,9796,CORPORACIÓN MUNICIPAL,2,2,2,0,1,4,118,118,114,114,16,1,9,0,0,1,0,1,65,13,8
1,7,0,380,380,9,https://resultados2019.blob.core.windows.net/201901/098154.jpg,OK,0,17,QUETZALTENANGO,COLOMBA,9815,CORPORACIÓN MUNICIPAL,19,2,2,0,1,4,242,242,216,216,51,0,7,1,0,1,5,7,70,50,24
1,7,0,380,380,9,https://resultados2019.blob.core.windows.net/201901/097974.jpg,OK,0,17,QUETZALTENANGO,COLOMBA,9797,CORPORACIÓN MUNICIPAL,12,2,2,0,1,4,226,226,207,207,38,0,12,34,0,1,19,6,78,15,4
1,2,0,400,400,9,https://resultados2019.blob.core.windows.net/201901/097854.jpg,OK,0,17,QUETZALTENANGO,COLOMBA,9785,CORPORACIÓN MUNICIPAL,7,2,2,0,1,4,249,249,240,240,51,1,14,1,0,0,2,2,135,27,7
1,6,0,380,380,9,https://resultados2019.blob.core.windows.net/201901/098014.jpg,OK,0,17,QUETZALTENANGO,COLOMBA,9801,CORPORACIÓN MUNICIPAL,8,2,2,0,1,4,194,194,180,180,52,0,5,19,0,3,11,0,71,15,4
1,7,0,400,400,9,https://resultados2019.blob.core.windows.net/201901/097914.jpg,OK,0,17,QUETZALTENANGO,COLOMBA,9791,CORPORACIÓN MUNICIPAL,2,2,2,0,1,4,189,189,180,180,29,1,9,2,0,1,2,0,106,25,5
1,2,0,400,400,9,https://resultados2019.blob.core.windows.net/201901/097904.jpg,OK,0,17,QUETZALTENANGO,COLOMBA,9790,CORPORACIÓN MUNICIPAL,6,2,2,0,1,4,219,219,211,211,26,2,10,2,4,3,1,1,123,29,10
1,9,0,380,380,9,https://resultados2019.blob.core.windows.net/201901/098424.jpg,OK,0,17,QUETZALTENANGO,COLOMBA,9842,CORPORACIÓN MUNICIPAL,11,2,2,0,1,4,165,165,145,145,15,0,22,4,2,1,1,0,65,33,2
1,1,0,380,375,9,https://resultados2019.blob.core.windows.net/201901/098144.jpg,OK,0,17,QUETZALTENANGO,COLOMBA,9814,CORPORACIÓN MUNICIPAL,11,2,2,0,1,4,273,273,261,261,62,1,15,4,1,0,4,4,102,27,41
1,2,0,380,380,9,https://resultados2019.blob.core.windows.net/201901/098474.jpg,OK,0,17,QUETZALTENANGO,COLOMBA,9847,CORPORACIÓN MUNICIPAL,12,2,2,0,1,4,197,197,183,183,44,3,5,3,3,0,0,1,106,12,6
1,13,0,380,380,9,https://resultados2019.blob.core.windows.net/201901/097984.jpg,OK,0,17,QUETZALTENANGO,COLOMBA,9798,CORPORACIÓN MUNICIPAL,13,2,2,0,1,4,213,213,187,187,36,0,6,15,0,2,24,2,77,15,10
1,0,0,245,245,9,https://resultados2019.blob.core.windows.net/201901/098354.jpg,OK,0,17,QUETZALTENANGO,COLOMBA,9835,CORPORACIÓN MUNICIPAL,1,2,2,0,1,4,104,104,103,103,31,0,16,1,0,0,1,1,35,14,4
1,5,0,380,380,9,https://resultados2019.blob.core.windows.net/201901/098044.jpg,OK,0,17,QUETZALTENANGO,COLOMBA,9804,CORPORACIÓN MUNICIPAL,12,2,2,0,1,4,153,153,136,136,38,0,7,12,1,0,8,0,62,5,3
1,6,0,400,400,9,https://resultados2019.blob.core.windows.net/201901/097824.jpg,OK,0,17,QUETZALTENANGO,COLOMBA,9782,CORPORACIÓN MUNICIPAL,6,2,2,0,1,4,247,247,235,235,36,0,10,2,0,0,0,0,152,27,8
1,0,0,191,191,9,https://resultados2019.blob.core.windows.net/201901/098064.jpg,OK,0,17,QUETZALTENANGO,COLOMBA,9806,CORPORACIÓN MUNICIPAL,4,2,2,0,1,4,98,98,94,94,21,0,2,14,0,0,9,0,35,10,3
1,3,0,400,400,9,https://resultados2019.blob.core.windows.net/201901/097794.jpg,OK,0,17,QUETZALTENANGO,COLOMBA,9779,CORPORACIÓN MUNICIPAL,6,2,2,0,1,4,236,236,227,227,32,1,11,3,1,1,1,1,139,31,6
1,4,0,400,396,9,https://resultados2019.blob.core.windows.net/201901/097864.jpg,OK,0,17,QUETZALTENANGO,COLOMBA,9786,CORPORACIÓN MUNICIPAL,5,2,2,0,1,4,248,248,239,239,19,2,16,4,1,2,1,0,154,31,9
1,6,0,380,376,9,https://resultados2019.blob.core.windows.net/201901/098174.jpg,OK,0,17,QUETZALTENANGO,COLOMBA,9817,CORPORACIÓN MUNICIPAL,15,2,2,0,1,4,229,229,208,208,45,3,10,1,3,2,6,6,68,31,33
1,5,0,400,397,9,https://resultados2019.blob.core.windows.net/201901/097784.jpg,OK,0,17,QUETZALTENANGO,COLOMBA,9778,CORPORACIÓN MUNICIPAL,8,2,2,0,1,4,252,252,239,239,50,0,14,1,1,1,0,1,129,36,6
1,0,0,260,260,9,https://resultados2019.blob.core.windows.net/201901/098274.jpg,OK,0,17,QUETZALTENANGO,COLOMBA,9827,CORPORACIÓN MUNICIPAL,0,2,2,0,1,4,188,188,188,188,30,7,5,1,0,0,5,10,70,29,31
1,7,0,380,377,9,https://resultados2019.blob.core.windows.net/201901/098254.jpg,OK,0,17,QUETZALTENANGO,COLOMBA,9825,CORPORACIÓN MUNICIPAL,11,2,2,0,1,4,212,212,194,194,34,2,2,2,1,0,2,11,73,29,38
1,5,0,380,378,9,https://resultados2019.blob.core.windows.net/201901/097994.jpg,OK,0,17,QUETZALTENANGO,COLOMBA,9799,CORPORACIÓN MUNICIPAL,17,2,2,0,1,4,214,214,192,192,44,1,9,25,0,0,7,2,87,13,4
1,5,0,285,285,9,https://resultados2019.blob.core.windows.net/201901/098434.jpg,OK,0,17,QUETZALTENANGO,COLOMBA,9843,CORPORACIÓN MUNICIPAL,5,2,2,0,1,4,117,117,107,107,4,0,23,1,0,0,1,4,48,24,2
1,1,0,600,600,9,https://resultados2019.blob.core.windows.net/201901/098544.jpg,OK,0,17,QUETZALTENANGO,COLOMBA,9854,CORPORACIÓN MUNICIPAL,9,2,2,0,1,4,114,114,104,104,15,0,6,1,0,1,6,2,45,21,7
1,1,0,380,381,9,https://resultados2019.blob.core.windows.net/201901/098244.jpg,OK,0,17,QUETZALTENANGO,COLOMBA,9824,CORPORACIÓN MUNICIPAL,15,2,2,0,1,4,216,216,200,200,43,1,1,4,0,0,3,5,70,37,36
1,2,0,380,380,9,https://resultados2019.blob.core.windows.net/201901/098214.jpg,OK,0,17,QUETZALTENANGO,COLOMBA,9821,CORPORACIÓN MUNICIPAL,6,2,2,0,1,4,241,241,233,233,44,3,10,1,2,0,7,8,82,33,43
1,2,0,548,548,9,https://resultados2019.blob.core.windows.net/201901/098564.jpg,OK,0,17,QUETZALTENANGO,COLOMBA,9856,CORPORACIÓN MUNICIPAL,4,2,2,0,1,4,63,63,57,57,11,1,5,0,1,0,1,1,26,5,6
1,6,0,300,300,9,https://resultados2019.blob.core.windows.net/201901/098484.jpg,OK,0,17,QUETZALTENANGO,COLOMBA,9848,CORPORACIÓN MUNICIPAL,7,2,2,0,1,4,153,153,140,140,30,2,2,1,3,0,0,1,91,10,0
1,5,0,380,380,9,https://resultados2019.blob.core.windows.net/201901/098404.jpg,OK,0,17,QUETZALTENANGO,COLOMBA,9840,CORPORACIÓN MUNICIPAL,9,2,2,0,1,4,152,152,138,138,10,0,20,1,0,0,3,3,59,40,2
1,7,0,380,380,9,https://resultados2019.blob.core.windows.net/201901/098034.jpg,OK,0,17,QUETZALTENANGO,COLOMBA,9803,CORPORACIÓN MUNICIPAL,12,2,2,0,1,4,168,168,149,149,31,0,7,30,0,0,12,2,55,10,2
1,3,0,246,246,9,https://resultados2019.blob.core.windows.net/201901/098344.jpg,OK,0,17,QUETZALTENANGO,COLOMBA,9834,CORPORACIÓN MUNICIPAL,9,2,2,0,1,4,113,113,101,101,22,2,11,8,0,0,1,2,38,15,2
1,4,0,380,380,9,https://resultados2019.blob.core.windows.net/201901/098124.jpg,OK,0,17,QUETZALTENANGO,COLOMBA,9812,CORPORACIÓN MUNICIPAL,15,2,2,0,1,4,257,257,238,238,61,0,9,1,2,0,2,13,69,29,52
1,7,0,380,380,9,https://resultados2019.blob.core.windows.net/201901/098314.jpg,OK,0,17,QUETZALTENANGO,COLOMBA,9831,CORPORACIÓN MUNICIPAL,20,2,2,0,1,4,215,215,188,188,55,0,25,5,1,0,1,2,67,25,7
1,7,0,380,380,9,https://resultados2019.blob.core.windows.net/201901/098004.jpg,OK,0,17,QUETZALTENANGO,COLOMBA,9800,CORPORACIÓN MUNICIPAL,19,2,2,0,1,4,224,224,198,198,43,0,6,26,0,1,15,4,75,17,11
1,2,0,600,596,9,https://resultados2019.blob.core.windows.net/201901/098534.jpg,OK,0,17,QUETZALTENANGO,COLOMBA,9853,CORPORACIÓN MUNICIPAL,5,2,2,0,1,4,105,105,98,98,17,1,5,1,0,1,2,1,49,11,10
1,4,0,400,396,9,https://resultados2019.blob.core.windows.net/201901/097804.jpg,OK,0,17,QUETZALTENANGO,COLOMBA,9780,CORPORACIÓN MUNICIPAL,12,2,2,0,1,4,268,268,252,252,31,1,11,1,2,1,4,1,159,27,14
1,5,0,380,380,9,https://resultados2019.blob.core.windows.net/201901/098204.jpg,OK,0,17,QUETZALTENANGO,COLOMBA,9820,CORPORACIÓN MUNICIPAL,6,2,2,0,1,4,234,234,223,223,48,2,8,2,1,0,5,8,76,34,39
1,12,0,380,380,9,https://resultados2019.blob.core.windows.net/201901/098384.jpg,OK,0,17,QUETZALTENANGO,COLOMBA,9838,CORPORACIÓN MUNICIPAL,14,2,2,0,1,4,191,191,165,165,18,0,49,2,2,0,1,2,66,18,7
1,4,0,380,376,9,https://resultados2019.blob.core.windows.net/201901/098114.jpg,OK,0,17,QUETZALTENANGO,COLOMBA,9811,CORPORACIÓN MUNICIPAL,12,2,2,0,1,4,222,222,206,206,34,1,6,5,3,3,4,6,78,27,39
1,1,0,380,380,9,https://resultados2019.blob.core.windows.net/201901/098264.jpg,OK,0,17,QUETZALTENANGO,COLOMBA,9826,CORPORACIÓN MUNICIPAL,7,2,2,0,1,4,197,197,189,189,46,2,7,1,1,0,6,2,65,38,21
1,2,0,400,400,9,https://resultados2019.blob.core.windows.net/201901/097934.jpg,OK,0,17,QUETZALTENANGO,COLOMBA,9793,CORPORACIÓN MUNICIPAL,1,2,2,0,1,4,196,196,193,193,31,2,11,2,4,2,1,2,105,30,3
1,3,0,400,398,9,https://resultados2019.blob.core.windows.net/201901/097924.jpg,OK,0,17,QUETZALTENANGO,COLOMBA,9792,CORPORACIÓN MUNICIPAL,12,2,2,0,1,4,201,201,186,186,27,1,11,1,3,3,0,1,109,25,5
1,3,0,192,192,9,https://resultados2019.blob.core.windows.net/201901/098054.jpg,OK,0,17,QUETZALTENANGO,COLOMBA,9805,CORPORACIÓN MUNICIPAL,3,2,2,0,1,4,101,101,95,95,21,0,2,11,0,1,9,1,38,10,2
1,2,0,193,193,9,https://resultados2019.blob.core.windows.net/201901/098104.jpg,OK,0,17,QUETZALTENANGO,COLOMBA,9810,CORPORACIÓN MUNICIPAL,4,2,2,0,1,4,61,61,55,55,7,2,10,1,0,0,0,0,23,8,4
1,10,0,380,380,9,https://resultados2019.blob.core.windows.net/201901/098164.jpg,OK,0,17,QUETZALTENANGO,COLOMBA,9816,CORPORACIÓN MUNICIPAL,12,2,2,0,1,4,251,251,229,229,48,3,7,1,0,0,4,5,77,54,30
1,4,0,380,376,9,https://resultados2019.blob.core.windows.net/201901/098324.jpg,OK,0,17,QUETZALTENANGO,COLOMBA,9832,CORPORACIÓN MUNICIPAL,11,2,2,0,1,4,187,187,172,172,63,0,21,7,1,0,2,4,53,18,3
1,9,0,380,380,9,https://resultados2019.blob.core.windows.net/201901/098414.jpg,OK,0,17,QUETZALTENANGO,COLOMBA,9841,CORPORACIÓN MUNICIPAL,12,2,2,0,1,4,179,179,158,158,6,0,22,4,0,0,0,2,85,34,5
1,8,0,548,548,9,https://resultados2019.blob.core.windows.net/201901/098554.jpg,OK,0,17,QUETZALTENANGO,COLOMBA,9855,CORPORACIÓN MUNICIPAL,2,2,2,0,1,4,89,89,79,79,11,2,2,0,0,1,0,0,44,12,7
1,2,0,380,380,9,https://resultados2019.blob.core.windows.net/201901/098184.jpg,OK,0,17,QUETZALTENANGO,COLOMBA,9818,CORPORACIÓN MUNICIPAL,3,2,2,0,1,4,195,195,190,190,37,1,5,1,0,0,2,7,64,39,34
1,4,0,400,396,9,https://resultados2019.blob.core.windows.net/201901/097774.jpg,OK,0,17,QUETZALTENANGO,COLOMBA,9777,CORPORACIÓN MUNICIPAL,9,2,2,0,1,4,244,244,231,231,32,1,12,3,1,2,0,0,134,34,12
1,4,0,380,380,9,https://resultados2019.blob.core.windows.net/201901/098224.jpg,OK,0,17,QUETZALTENANGO,COLOMBA,9822,CORPORACIÓN MUNICIPAL,8,2,2,0,1,4,228,228,216,216,40,1,4,1,2,0,10,8,73,33,44
1,10,0,600,600,9,https://resultados2019.blob.core.windows.net/201901/098504.jpg,OK,0,17,QUETZALTENANGO,COLOMBA,9850,CORPORACIÓN MUNICIPAL,2,2,2,0,1,4,111,111,99,99,10,0,5,3,0,0,2,1,61,12,5
1,3,0,400,400,9,https://resultados2019.blob.core.windows.net/201901/097894.jpg,OK,0,17,QUETZALTENANGO,COLOMBA,9789,CORPORACIÓN MUNICIPAL,4,2,2,0,1,4,213,213,206,206,16,6,14,1,2,3,1,0,130,24,9
1,8,0,380,380,9,https://resultados2019.blob.core.windows.net/201901/098394.jpg,OK,0,17,QUETZALTENANGO,COLOMBA,9839,CORPORACIÓN MUNICIPAL,17,2,2,0,1,4,204,204,179,179,16,0,23,2,0,1,0,1,88,44,4
1,4,0,400,396,9,https://resultados2019.blob.core.windows.net/201901/097814.jpg,OK,0,17,QUETZALTENANGO,COLOMBA,9781,CORPORACIÓN MUNICIPAL,12,2,2,0,1,4,250,250,234,234,31,1,8,2,1,0,0,3,160,20,8
