ACTACUADRA,BLANCOS,CNTIMPUGNA,CNTINSCRITOS,CNTPAPELETAS,DEP,IMGSRC,IMGSTATUS,INVALIDOS,MUN,NDEP,NMUN,NROMESA,NTE,NULOS,STACTA,STESCAN,STFISIC,STTRANS,TIPOELECCION,TOTALACTA,TOTALVOTOS,VOTOSVALIDOS,VOTOSVALIDOSACTA,voto_AVANZA,voto_BIEN,voto_C.C.L.M.,voto_FCN-NACION,voto_MLP,voto_PODEMOS,voto_UNE,voto_VALOR,voto_VAMOS,voto_VICTORIA
1,3,0,400,396,9,https://resultados2019.blob.core.windows.net/201901/100654.jpg,OK,0,21,QUETZALTENANGO,GÉNOVA,10065,CORPORACIÓN MUNICIPAL,7,2,2,0,1,4,269,269,259,259,0,6,7,78,2,1,72,79,13,1
1,6,0,400,400,9,https://resultados2019.blob.core.windows.net/201901/100694.jpg,OK,0,21,QUETZALTENANGO,GÉNOVA,10069,CORPORACIÓN MUNICIPAL,7,2,2,0,1,4,322,322,309,309,2,1,3,123,3,0,85,75,15,2
1,1,0,400,400,9,https://resultados2019.blob.core.windows.net/201901/100804.jpg,OK,0,21,QUETZALTENANGO,GÉNOVA,10080,CORPORACIÓN MUNICIPAL,0,2,2,0,1,4,269,269,268,268,0,3,1,67,1,0,75,95,23,3
1,7,0,380,380,9,https://resultados2019.blob.core.windows.net/201901/101024.jpg,OK,0,21,QUETZALTENANGO,GÉNOVA,10102,CORPORACIÓN MUNICIPAL,15,2,2,0,1,4,254,254,232,232,0,2,11,71,12,0,58,62,12,4
1,15,0,400,396,9,https://resultados2019.blob.core.windows.net/201901/100684.jpg,OK,0,21,QUETZALTENANGO,GÉNOVA,10068,CORPORACIÓN MUNICIPAL,13,2,2,0,1,4,319,319,291,291,1,2,2,90,3,0,96,85,12,0
1,10,0,380,377,9,https://resultados2019.blob.core.windows.net/201901/101084.jpg,OK,0,21,QUETZALTENANGO,GÉNOVA,10108,CORPORACIÓN MUNICIPAL,13,2,2,0,1,4,261,261,238,238,0,2,33,63,15,1,43,64,16,1
1,14,0,380,380,9,https://resultados2019.blob.core.windows.net/201901/101054.jpg,OK,0,21,QUETZALTENANGO,GÉNOVA,10105,CORPORACIÓN MUNICIPAL,13,2,2,0,1,4,300,300,273,273,0,1,5,73,14,1,53,110,14,2
1,7,0,600,594,9,https://resultados2019.blob.core.windows.net/201901/101164.jpg,OK,0,21,QUETZALTENANGO,GÉNOVA,10116,CORPORACIÓN MUNICIPAL,6,2,2,0,1,4,153,153,140,140,0,0,5,25,4,0,51,37,17,1
1,6,0,380,380,9,https://resultados2019.blob.core.windows.net/201901/101114.jpg,OK,0,21,QUETZALTENANGO,GÉNOVA,10111,CORPORACIÓN MUNICIPAL,10,2,2,0,1,4,253,253,237,237,0,1,23,79,5,2,53,57,16,1
1,11,0,380,376,9,https://resultados2019.blob.core.windows.net/201901/101044.jpg,OK,0,21,QUETZALTENANGO,GÉNOVA,10104,CORPORACIÓN MUNICIPAL,13,2,2,0,1,4,272,272,248,248,0,0,4,67,8,0,63,96,9,1
1,3,0,380,379,9,https://resultados2019.blob.core.windows.net/201901/101074.jpg,OK,8,21,QUETZALTENANGO,GÉNOVA,10107,CORPORACIÓN MUNICIPAL,0,2,2,0,1,4,197,197,194,194,1,1,15,57,6,1,45,55,12,1
1,6,0,400,400,9,https://resultados2019.blob.core.windows.net/201901/100734.jpg,OK,0,21,QUETZALTENANGO,GÉNOVA,10073,CORPORACIÓN MUNICIPAL,5,2,2,0,1,4,269,269,258,258,0,4,4,68,2,0,74,89,15,2
1,7,0,380,376,9,https://resultados2019.blob.core.windows.net/201901/101064.jpg,OK,0,21,QUETZALTENANGO,GÉNOVA,10106,CORPORACIÓN MUNICIPAL,10,2,2,0,1,4,263,263,246,246,1,3,10,53,18,0,52,90,19,0
1,9,0,380,374,9,https://resultados2019.blob.core.windows.net/201901/100994.jpg,OK,0,21,QUETZALTENANGO,GÉNOVA,10099,CORPORACIÓN MUNICIPAL,13,2,2,0,1,4,207,207,185,185,1,5,11,17,1,1,56,75,18,0
1,8,0,400,400,9,https://resultados2019.blob.core.windows.net/201901/100624.jpg,OK,0,21,QUETZALTENANGO,GÉNOVA,10062,CORPORACIÓN MUNICIPAL,5,2,2,0,1,4,281,281,268,268,2,5,4,58,6,1,81,103,7,1
1,8,0,380,380,9,https://resultados2019.blob.core.windows.net/201901/100854.jpg,OK,0,21,QUETZALTENANGO,GÉNOVA,10085,CORPORACIÓN MUNICIPAL,14,2,2,0,1,4,264,264,242,242,0,4,4,58,7,0,79,77,12,1
0,9,0,380,377,9,https://resultados2019.blob.core.windows.net/201901/100964.jpg,OK,0,21,QUETZALTENANGO,GÉNOVA,10096,CORPORACIÓN MUNICIPAL,13,2,2,0,1,4,0,241,219,219,1,2,7,27,7,2,68,85,20,0
1,3,0,380,383,9,https://resultados2019.blob.core.windows.net/201901/100944.jpg,OK,0,21,QUETZALTENANGO,GÉNOVA,10094,CORPORACIÓN MUNICIPAL,16,2,2,0,1,4,234,234,215,215,9,1,9,27,2,3,56,90,16,2
1,9,0,380,0,9,https://resultados2019.blob.core.windows.net/201901/101124.jpg,OK,0,21,QUETZALTENANGO,GÉNOVA,10112,CORPORACIÓN MUNICIPAL,15,2,2,0,1,4,255,255,231,231,0,2,23,78,13,0,48,52,15,0
1,4,0,400,400,9,https://resultados2019.blob.core.windows.net/201901/100764.jpg,OK,0,21,QUETZALTENANGO,GÉNOVA,10076,CORPORACIÓN MUNICIPAL,8,2,2,0,1,4,283,283,271,271,0,5,6,62,3,0,75,96,21,3
1,4,0,380,378,9,https://resultados2019.blob.core.windows.net/201901/101104.jpg,OK,0,21,QUETZALTENANGO,GÉNOVA,10110,CORPORACIÓN MUNICIPAL,2,2,2,0,1,4,260,260,254,254,0,1,18,85,12,1,52,68,17,0
1,2,0,268,268,9,https://resultados2019.blob.core.windows.net/201901/100814.jpg,OK,0,21,QUETZALTENANGO,GÉNOVA,10081,CORPORACIÓN MUNICIPAL,0,2,2,0,1,4,199,199,197,197,0,2,3,57,1,1,53,69,10,1
1,0,0,400,396,9,https://resultados2019.blob.core.windows.net/201901/100784.jpg,OK,0,21,QUETZALTENANGO,GÉNOVA,10078,CORPORACIÓN MUNICIPAL,16,2,2,0,1,4,263,263,247,247,0,2,3,51,0,2,81,87,18,3
1,13,0,380,371,9,https://resultados2019.blob.core.windows.net/201901/100904.jpg,OK,0,21,QUETZALTENANGO,GÉNOVA,10090,CORPORACIÓN MUNICIPAL,14,2,2,0,1,4,265,265,238,238,1,3,3,32,11,0,62,111,14,1
1,4,0,400,400,9,https://resultados2019.blob.core.windows.net/201901/100774.jpg,OK,0,21,QUETZALTENANGO,GÉNOVA,10077,CORPORACIÓN MUNICIPAL,3,2,2,0,1,4,264,264,257,257,1,6,4,57,3,1,85,91,9,0
1,6,0,600,596,9,https://resultados2019.blob.core.windows.net/201901/101174.jpg,OK,0,21,QUETZALTENANGO,GÉNOVA,10117,CORPORACIÓN MUNICIPAL,1,2,2,0,1,4,117,117,110,110,0,2,4,10,8,0,42,39,5,0
1,2,0,380,380,9,https://resultados2019.blob.core.windows.net/201901/100864.jpg,OK,0,21,QUETZALTENANGO,GÉNOVA,10086,CORPORACIÓN MUNICIPAL,4,2,2,0,1,4,249,249,243,243,0,3,6,57,9,1,66,81,20,0
0,2,0,400,396,9,https://resultados2019.blob.core.windows.net/201901/100754.jpg,OK,0,21,QUETZALTENANGO,GÉNOVA,10075,CORPORACIÓN MUNICIPAL,4,2,2,0,1,4,157,257,251,151,1,4,0,42,8,0,77,104,14,1
1,12,0,380,376,9,https://resultados2019.blob.core.windows.net/201901/100984.jpg,OK,0,21,QUETZALTENANGO,GÉNOVA,10098,CORPORACIÓN MUNICIPAL,13,2,2,0,1,4,214,214,189,189,1,1,8,22,2,7,58,75,14,1
1,9,0,400,400,9,https://resultados2019.blob.core.windows.net/201901/100634.jpg,OK,0,21,QUETZALTENANGO,GÉNOVA,10063,CORPORACIÓN MUNICIPAL,10,2,2,0,1,4,287,287,268,268,0,5,9,45,5,0,97,100,7,0
1,6,0,343,340,9,https://resultados2019.blob.core.windows.net/201901/101004.jpg,OK,0,21,QUETZALTENANGO,GÉNOVA,10100,CORPORACIÓN MUNICIPAL,12,2,2,0,1,4,196,196,178,178,0,3,8,23,1,5,48,70,18,2
1,0,0,380,378,9,https://resultados2019.blob.core.windows.net/201901/100914.jpg,OK,0,21,QUETZALTENANGO,GÉNOVA,10091,CORPORACIÓN MUNICIPAL,4,2,2,0,1,4,241,241,237,237,0,3,2,34,9,3,97,65,20,4
1,4,0,342,342,9,https://resultados2019.blob.core.windows.net/201901/101014.jpg,OK,0,21,QUETZALTENANGO,GÉNOVA,10101,CORPORACIÓN MUNICIPAL,8,2,2,0,1,4,182,182,170,170,0,4,7,17,0,4,47,78,13,0
1,4,0,380,380,9,https://resultados2019.blob.core.windows.net/201901/100834.jpg,OK,0,21,QUETZALTENANGO,GÉNOVA,10083,CORPORACIÓN MUNICIPAL,10,2,2,0,1,4,260,260,246,246,3,2,4,57,30,1,77,51,21,0
1,1,0,293,294,9,https://resultados2019.blob.core.windows.net/201901/100884.jpg,OK,0,21,QUETZALTENANGO,GÉNOVA,10088,CORPORACIÓN MUNICIPAL,0,2,2,0,1,4,189,189,188,188,0,3,6,47,9,0,56,51,16,0
1,2,0,268,268,9,https://resultados2019.blob.core.windows.net/201901/100824.jpg,OK,0,21,QUETZALTENANGO,GÉNOVA,10082,CORPORACIÓN MUNICIPAL,0,2,2,0,1,4,154,154,152,152,0,0,2,32,0,0,44,61,13,0
1,4,0,400,400,9,https://resultados2019.blob.core.windows.net/201901/100714.jpg,OK,0,21,QUETZALTENANGO,GÉNOVA,10071,CORPORACIÓN MUNICIPAL,10,2,2,0,1,4,285,285,271,271,0,1,3,73,1,0,105,66,18,4
1,2,0,294,294,9,https://resultados2019.blob.core.windows.net/201901/100874.jpg,OK,0,21,QUETZALTENANGO,GÉNOVA,10087,CORPORACIÓN MUNICIPAL,2,2,2,0,1,4,187,187,183,183,0,1,3,45,6,0,54,59,15,0
1,8,0,380,376,9,https://resultados2019.blob.core.windows.net/201901/100894.jpg,OK,0,21,QUETZALTENANGO,GÉNOVA,10089,CORPORACIÓN MUNICIPAL,10,2,2,0,1,4,263,263,245,245,1,3,3,31,19,0,86,81,21,0
1,6,0,380,379,9,https://resultados2019.blob.core.windows.net/201901/100954.jpg,OK,0,21,QUETZALTENANGO,GÉNOVA,10095,CORPORACIÓN MUNICIPAL,13,2,2,0,1,4,231,231,212,212,0,2,9,30,6,2,74,81,8,0
1,11,0,380,376,9,https://resultados2019.blob.core.windows.net/201901/101034.jpg,OK,0,21,QUETZALTENANGO,GÉNOVA,10103,CORPORACIÓN MUNICIPAL,16,2,2,0,1,4,260,260,233,233,2,4,8,64,8,1,55,73,16,2
1,5,0,400,396,9,https://resultados2019.blob.core.windows.net/201901/100794.jpg,OK,0,21,QUETZALTENANGO,GÉNOVA,10079,CORPORACIÓN MUNICIPAL,3,2,2,0,1,4,250,250,242,242,0,5,3,69,3,1,62,82,15,2
1,4,0,380,377,9,https://resultados2019.blob.core.windows.net/201901/100974.jpg,OK,0,21,QUETZALTENANGO,GÉNOVA,10097,CORPORACIÓN MUNICIPAL,3,2,2,0,1,4,192,192,185,185,1,0,8,31,2,4,50,78,11,0
1,5,0,380,376,9,https://resultados2019.blob.core.windows.net/201901/101134.jpg,OK,0,21,QUETZALTENANGO,GÉNOVA,10113,CORPORACIÓN MUNICIPAL,9,2,2,0,1,4,217,217,203,203,1,0,19,50,6,2,39,73,12,1
1,3,0,219,219,9,https://resultados2019.blob.core.windows.net/201901/100934.jpg,OK,0,21,QUETZALTENANGO,GÉNOVA,10093,CORPORACIÓN MUNICIPAL,2,2,2,0,1,4,139,139,134,134,2,2,3,16,8,3,35,50,13,2
1,3,3,219,219,9,https://resultados2019.blob.core.windows.net/201901/100924.jpg,OK,0,21,QUETZALTENANGO,GÉNOVA,10092,CORPORACIÓN MUNICIPAL,0,2,2,0,1,4,146,146,143,143,1,4,4,21,10,0,42,43,14,4
1,9,0,380,380,9,https://resultados2019.blob.core.windows.net/201901/100844.jpg,OK,0,21,QUETZALTENANGO,GÉNOVA,10084,CORPORACIÓN MUNICIPAL,11,2,2,0,1,4,253,253,233,233,0,3,5,49,9,0,67,76,22,2
1,13,0,380,380,9,https://resultados2019.blob.core.windows.net/201901/101094.jpg,OK,0,21,QUETZALTENANGO,GÉNOVA,10109,CORPORACIÓN MUNICIPAL,13,2,2,0,1,4,277,277,251,251,1,3,26,75,8,0,41,83,12,2
0,5,0,400,400,9,https://resultados2019.blob.core.windows.net/201901/100744.jpg,OK,0,21,QUETZALTENANGO,GÉNOVA,10074,CORPORACIÓN MUNICIPAL,4,2,2,0,1,4,266,265,256,257,1,6,0,63,1,0,75,102,8,0
1,5,1,279,279,9,https://resultados2019.blob.core.windows.net/201901/101154.jpg,OK,0,21,QUETZALTENANGO,GÉNOVA,10115,CORPORACIÓN MUNICIPAL,7,2,2,0,1,4,196,196,184,184,0,0,18,49,14,1,35,51,14,2
1,4,0,400,400,9,https://resultados2019.blob.core.windows.net/201901/100674.jpg,OK,0,21,QUETZALTENANGO,GÉNOVA,10067,CORPORACIÓN MUNICIPAL,15,2,2,0,1,4,305,305,286,286,0,0,8,93,2,0,63,101,17,2
1,6,0,400,400,9,https://resultados2019.blob.core.windows.net/201901/100644.jpg,OK,0,21,QUETZALTENANGO,GÉNOVA,10064,CORPORACIÓN MUNICIPAL,9,2,2,0,1,4,277,277,262,262,1,4,4,50,5,0,102,78,16,2
1,8,0,400,400,9,https://resultados2019.blob.core.windows.net/201901/100704.jpg,OK,0,21,QUETZALTENANGO,GÉNOVA,10070,CORPORACIÓN MUNICIPAL,11,2,2,0,1,4,312,312,293,293,1,1,3,86,1,1,85,90,23,2
1,4,0,548,548,9,https://resultados2019.blob.core.windows.net/201901/101184.jpg,OK,0,21,QUETZALTENANGO,GÉNOVA,10118,CORPORACIÓN MUNICIPAL,5,2,2,0,1,4,92,92,83,83,0,1,5,19,1,0,28,21,6,2
1,3,0,548,545,9,https://resultados2019.blob.core.windows.net/201901/101194.jpg,OK,0,21,QUETZALTENANGO,GÉNOVA,10119,CORPORACIÓN MUNICIPAL,0,2,2,0,1,4,47,47,44,44,0,0,3,9,1,0,16,13,2,0
1,0,0,279,279,9,https://resultados2019.blob.core.windows.net/201901/101144.jpg,OK,0,21,QUETZALTENANGO,GÉNOVA,10114,CORPORACIÓN MUNICIPAL,3,2,2,0,1,4,180,180,177,177,0,1,27,51,4,2,39,46,6,1
0,6,0,400,400,9,https://resultados2019.blob.core.windows.net/201901/100724.jpg,OK,0,21,QUETZALTENANGO,GÉNOVA,10072,CORPORACIÓN MUNICIPAL,3,2,2,0,1,4,246,246,237,246,0,3,4,53,1,1,81,79,14,1
1,2,0,400,399,9,https://resultados2019.blob.core.windows.net/201901/100664.jpg,OK,0,21,QUETZALTENANGO,GÉNOVA,10066,CORPORACIÓN MUNICIPAL,8,2,2,0,1,4,301,301,291,291,0,2,4,69,2,0,79,120,11,4
