ACTACUADRA,BLANCOS,CNTIMPUGNA,CNTINSCRITOS,CNTPAPELETAS,DEP,IMGSRC,IMGSTATUS,INVALIDOS,MUN,NDEP,NMUN,NROMESA,NTE,NULOS,STACTA,STESCAN,STFISIC,STTRANS,TIPOELECCION,TOTALACTA,TOTALVOTOS,VOTOSVALIDOS,VOTOSVALIDOSACTA,voto_CCLE,voto_CONVERGENCIA,voto_CREO,voto_FUERZA,voto_LIBRE,voto_PHG,voto_PODEMOS,voto_SEMILLA,voto_TODOS,voto_UNIONISTA,voto_VALOR,voto_VAMOS
1,0,0,205,205,9,https://resultados2019.blob.core.windows.net/201901/101804.jpg,OK,0,23,QUETZALTENANGO,LA ESPERANZA,10180,CORPORACIÓN MUNICIPAL,4,2,2,0,1,4,128,128,124,124,15,0,10,0,27,25,3,2,22,2,9,9
1,2,0,400,403,9,https://resultados2019.blob.core.windows.net/201901/101664.jpg,OK,0,23,QUETZALTENANGO,LA ESPERANZA,10166,CORPORACIÓN MUNICIPAL,5,2,2,0,1,4,263,263,256,256,41,3,29,1,31,48,3,12,60,2,10,16
1,0,0,400,391,9,https://resultados2019.blob.core.windows.net/201901/101644.jpg,OK,0,23,QUETZALTENANGO,LA ESPERANZA,10164,CORPORACIÓN MUNICIPAL,6,2,2,0,1,4,308,308,302,302,47,2,28,1,45,53,3,13,56,6,14,34
1,4,0,400,394,9,https://resultados2019.blob.core.windows.net/201901/101634.jpg,OK,0,23,QUETZALTENANGO,LA ESPERANZA,10163,CORPORACIÓN MUNICIPAL,4,2,2,0,1,4,271,271,263,263,34,1,21,3,32,64,3,7,55,3,18,22
1,3,0,400,398,9,https://resultados2019.blob.core.windows.net/201901/101654.jpg,OK,0,23,QUETZALTENANGO,LA ESPERANZA,10165,CORPORACIÓN MUNICIPAL,8,2,2,0,1,4,261,261,250,250,34,5,26,3,30,39,5,10,55,3,10,30
1,1,0,400,394,9,https://resultados2019.blob.core.windows.net/201901/101564.jpg,OK,0,23,QUETZALTENANGO,LA ESPERANZA,10156,CORPORACIÓN MUNICIPAL,9,2,2,0,1,4,296,296,286,286,39,1,29,2,45,64,4,8,65,4,11,14
1,1,0,400,396,9,https://resultados2019.blob.core.windows.net/201901/101754.jpg,OK,0,23,QUETZALTENANGO,LA ESPERANZA,10175,CORPORACIÓN MUNICIPAL,3,2,2,0,1,4,272,272,268,268,43,3,20,2,60,28,6,9,57,5,11,24
1,3,0,400,400,9,https://resultados2019.blob.core.windows.net/201901/101624.jpg,OK,0,23,QUETZALTENANGO,LA ESPERANZA,10162,CORPORACIÓN MUNICIPAL,9,2,2,0,1,4,295,295,283,283,36,2,24,5,45,56,5,19,53,3,15,20
1,3,0,209,210,9,https://resultados2019.blob.core.windows.net/201901/101684.jpg,OK,0,23,QUETZALTENANGO,LA ESPERANZA,10168,CORPORACIÓN MUNICIPAL,1,2,2,0,1,4,137,137,133,133,9,1,9,1,20,29,2,7,25,8,2,20
1,4,0,405,406,9,https://resultados2019.blob.core.windows.net/201901/101824.jpg,OK,0,23,QUETZALTENANGO,LA ESPERANZA,10182,CORPORACIÓN MUNICIPAL,5,2,2,0,1,4,127,127,118,118,16,0,10,2,21,24,2,5,21,1,9,7
1,0,0,400,396,9,https://resultados2019.blob.core.windows.net/201901/101784.jpg,OK,0,23,QUETZALTENANGO,LA ESPERANZA,10178,CORPORACIÓN MUNICIPAL,9,2,2,0,1,4,240,240,231,231,23,3,15,1,50,31,5,4,54,3,23,19
1,2,0,400,394,9,https://resultados2019.blob.core.windows.net/201901/101614.jpg,OK,0,23,QUETZALTENANGO,LA ESPERANZA,10161,CORPORACIÓN MUNICIPAL,8,2,2,0,1,4,282,282,272,272,41,2,15,1,35,40,2,17,73,4,15,27
1,16,0,400,400,9,https://resultados2019.blob.core.windows.net/201901/101714.jpg,OK,0,23,QUETZALTENANGO,LA ESPERANZA,10171,CORPORACIÓN MUNICIPAL,6,2,2,0,1,4,300,300,278,278,27,1,27,2,58,42,4,6,61,7,14,29
1,2,0,206,207,9,https://resultados2019.blob.core.windows.net/201901/101794.jpg,OK,0,23,QUETZALTENANGO,LA ESPERANZA,10179,CORPORACIÓN MUNICIPAL,3,2,2,0,1,4,152,152,147,147,17,1,9,1,32,34,4,10,27,2,5,5
1,8,0,406,407,9,https://resultados2019.blob.core.windows.net/201901/101814.jpg,OK,0,23,QUETZALTENANGO,LA ESPERANZA,10181,CORPORACIÓN MUNICIPAL,12,2,2,0,1,4,167,167,147,147,28,1,17,0,28,14,6,6,26,5,8,8
1,6,0,400,400,9,https://resultados2019.blob.core.windows.net/201901/101704.jpg,OK,0,23,QUETZALTENANGO,LA ESPERANZA,10170,CORPORACIÓN MUNICIPAL,9,2,2,0,1,4,292,292,277,277,39,3,14,6,59,38,7,7,70,3,12,19
1,2,0,400,400,9,https://resultados2019.blob.core.windows.net/201901/101744.jpg,OK,0,23,QUETZALTENANGO,LA ESPERANZA,10174,CORPORACIÓN MUNICIPAL,7,2,2,0,1,4,269,269,260,260,27,3,21,0,67,30,4,11,62,4,13,18
1,2,0,400,400,9,https://resultados2019.blob.core.windows.net/201901/101774.jpg,OK,0,23,QUETZALTENANGO,LA ESPERANZA,10177,CORPORACIÓN MUNICIPAL,5,2,2,0,1,4,274,274,267,267,31,3,21,5,76,32,2,6,48,3,29,11
1,2,0,400,398,9,https://resultados2019.blob.core.windows.net/201901/101584.jpg,OK,0,23,QUETZALTENANGO,LA ESPERANZA,10158,CORPORACIÓN MUNICIPAL,10,2,2,0,1,4,311,311,299,299,47,5,10,7,45,59,4,17,52,5,12,36
1,8,0,400,394,9,https://resultados2019.blob.core.windows.net/201901/101694.jpg,OK,0,23,QUETZALTENANGO,LA ESPERANZA,10169,CORPORACIÓN MUNICIPAL,10,2,2,0,1,4,278,278,260,260,32,1,31,3,70,25,3,11,52,4,15,13
1,2,0,400,396,9,https://resultados2019.blob.core.windows.net/201901/101604.jpg,OK,0,23,QUETZALTENANGO,LA ESPERANZA,10160,CORPORACIÓN MUNICIPAL,7,2,2,0,1,4,277,277,268,268,51,4,17,3,44,38,5,19,52,1,10,24
1,2,0,400,398,9,https://resultados2019.blob.core.windows.net/201901/101764.jpg,OK,0,23,QUETZALTENANGO,LA ESPERANZA,10176,CORPORACIÓN MUNICIPAL,5,2,2,0,1,4,279,279,272,272,29,6,18,5,70,31,3,13,51,6,15,25
1,4,0,400,396,9,https://resultados2019.blob.core.windows.net/201901/101544.jpg,OK,0,23,QUETZALTENANGO,LA ESPERANZA,10154,CORPORACIÓN MUNICIPAL,13,2,2,0,1,4,292,292,275,275,38,3,30,2,44,51,3,6,60,2,7,29
1,9,0,400,396,9,https://resultados2019.blob.core.windows.net/201901/101724.jpg,OK,0,23,QUETZALTENANGO,LA ESPERANZA,10172,CORPORACIÓN MUNICIPAL,7,2,2,0,1,4,287,287,271,271,47,2,27,1,69,22,7,1,52,7,11,25
1,8,0,400,400,9,https://resultados2019.blob.core.windows.net/201901/101574.jpg,OK,0,23,QUETZALTENANGO,LA ESPERANZA,10157,CORPORACIÓN MUNICIPAL,10,2,2,0,1,4,316,316,298,298,34,4,27,5,31,58,3,10,93,3,9,21
1,7,0,400,394,9,https://resultados2019.blob.core.windows.net/201901/101554.jpg,OK,0,23,QUETZALTENANGO,LA ESPERANZA,10155,CORPORACIÓN MUNICIPAL,11,2,2,0,1,4,306,306,288,288,34,1,26,2,37,49,1,14,79,8,6,31
1,2,0,400,394,9,https://resultados2019.blob.core.windows.net/201901/101594.jpg,OK,0,23,QUETZALTENANGO,LA ESPERANZA,10159,CORPORACIÓN MUNICIPAL,10,2,2,0,1,4,280,280,268,268,34,4,19,0,38,56,5,9,58,10,11,24
1,0,0,210,211,9,https://resultados2019.blob.core.windows.net/201901/101674.jpg,OK,0,23,QUETZALTENANGO,LA ESPERANZA,10167,CORPORACIÓN MUNICIPAL,5,2,2,0,1,4,160,160,155,155,28,0,12,0,30,27,3,3,32,2,2,16
1,3,0,400,400,9,https://resultados2019.blob.core.windows.net/201901/101734.jpg,OK,0,23,QUETZALTENANGO,LA ESPERANZA,10173,CORPORACIÓN MUNICIPAL,9,2,2,0,1,4,286,286,274,274,47,4,17,6,59,31,6,7,64,3,9,21
