ACTACUADRA,BLANCOS,CNTIMPUGNA,CNTINSCRITOS,CNTPAPELETAS,DEP,IMGSRC,IMGSTATUS,INVALIDOS,MUN,NDEP,NMUN,NROMESA,NTE,NULOS,STACTA,STESCAN,STFISIC,STTRANS,TIPOELECCION,TOTALACTA,TOTALVOTOS,VOTOSVALIDOS,VOTOSVALIDOSACTA,voto_BIEN,voto_CREO,voto_MLP,voto_SEMILLA,voto_TODOS,voto_UNE,voto_VAMOS
1,7,0,464,436,9,https://resultados2019.blob.core.windows.net/201901/102054.jpg,OK,0,24,QUETZALTENANGO,PALESTINA DE LOS ALTOS,10205,CORPORACIÓN MUNICIPAL,3,2,2,0,1,4,81,81,71,71,13,11,2,4,23,13,5
1,8,0,380,380,9,https://resultados2019.blob.core.windows.net/201901/101974.jpg,OK,0,24,QUETZALTENANGO,PALESTINA DE LOS ALTOS,10197,CORPORACIÓN MUNICIPAL,14,2,2,0,1,4,247,247,225,225,62,22,18,1,21,67,34
1,14,0,380,375,9,https://resultados2019.blob.core.windows.net/201901/101944.jpg,OK,0,24,QUETZALTENANGO,PALESTINA DE LOS ALTOS,10194,CORPORACIÓN MUNICIPAL,11,2,2,0,1,4,249,249,224,224,67,25,15,3,24,55,35
1,2,0,271,271,9,https://resultados2019.blob.core.windows.net/201901/101934.jpg,OK,0,24,QUETZALTENANGO,PALESTINA DE LOS ALTOS,10193,CORPORACIÓN MUNICIPAL,1,2,2,0,1,4,171,171,168,168,2,58,3,4,43,52,6
1,6,0,400,400,9,https://resultados2019.blob.core.windows.net/201901/101854.jpg,OK,0,24,QUETZALTENANGO,PALESTINA DE LOS ALTOS,10185,CORPORACIÓN MUNICIPAL,11,2,2,0,1,4,251,251,234,234,23,58,5,16,51,57,24
1,14,0,372,372,9,https://resultados2019.blob.core.windows.net/201901/101984.jpg,OK,0,24,QUETZALTENANGO,PALESTINA DE LOS ALTOS,10198,CORPORACIÓN MUNICIPAL,1,2,2,0,1,4,211,211,196,196,51,23,14,1,21,56,30
1,4,0,272,272,9,https://resultados2019.blob.core.windows.net/201901/101924.jpg,OK,0,24,QUETZALTENANGO,PALESTINA DE LOS ALTOS,10192,CORPORACIÓN MUNICIPAL,5,2,2,0,1,4,159,159,150,150,1,64,1,4,25,54,1
1,9,0,380,379,9,https://resultados2019.blob.core.windows.net/201901/101914.jpg,OK,0,24,QUETZALTENANGO,PALESTINA DE LOS ALTOS,10191,CORPORACIÓN MUNICIPAL,6,2,2,0,1,4,230,230,215,215,3,81,3,8,49,68,3
1,11,0,380,377,9,https://resultados2019.blob.core.windows.net/201901/101954.jpg,OK,0,24,QUETZALTENANGO,PALESTINA DE LOS ALTOS,10195,CORPORACIÓN MUNICIPAL,9,2,2,0,1,4,265,265,245,245,79,29,22,1,19,61,34
1,16,0,400,0,9,https://resultados2019.blob.core.windows.net/201901/102014.jpg,OK,0,24,QUETZALTENANGO,PALESTINA DE LOS ALTOS,10201,CORPORACIÓN MUNICIPAL,13,2,2,0,1,4,251,251,222,222,22,56,5,6,84,42,7
1,1,0,400,394,9,https://resultados2019.blob.core.windows.net/201901/101904.jpg,OK,1,24,QUETZALTENANGO,PALESTINA DE LOS ALTOS,10190,CORPORACIÓN MUNICIPAL,2,2,2,0,1,4,266,266,263,263,36,46,5,13,47,102,14
1,7,0,372,372,9,https://resultados2019.blob.core.windows.net/201901/101994.jpg,OK,0,24,QUETZALTENANGO,PALESTINA DE LOS ALTOS,10199,CORPORACIÓN MUNICIPAL,2,2,2,0,1,4,225,225,216,216,48,28,10,2,31,69,28
1,9,1,400,400,9,https://resultados2019.blob.core.windows.net/201901/101834.jpg,OK,0,24,QUETZALTENANGO,PALESTINA DE LOS ALTOS,10183,CORPORACIÓN MUNICIPAL,9,2,2,0,1,4,269,269,251,251,29,41,8,13,56,76,28
1,3,0,277,277,9,https://resultados2019.blob.core.windows.net/201901/102034.jpg,OK,0,24,QUETZALTENANGO,PALESTINA DE LOS ALTOS,10203,CORPORACIÓN MUNICIPAL,2,2,2,0,1,4,140,140,135,135,7,29,6,3,56,29,5
1,5,0,400,400,9,https://resultados2019.blob.core.windows.net/201901/101894.jpg,OK,0,24,QUETZALTENANGO,PALESTINA DE LOS ALTOS,10189,CORPORACIÓN MUNICIPAL,6,2,2,0,1,4,240,240,229,229,22,35,8,20,38,71,35
1,6,0,400,398,9,https://resultados2019.blob.core.windows.net/201901/101874.jpg,OK,0,24,QUETZALTENANGO,PALESTINA DE LOS ALTOS,10187,CORPORACIÓN MUNICIPAL,12,2,2,0,1,4,261,261,243,243,43,42,11,4,57,57,29
1,2,0,277,277,9,https://resultados2019.blob.core.windows.net/201901/102024.jpg,OK,0,24,QUETZALTENANGO,PALESTINA DE LOS ALTOS,10202,CORPORACIÓN MUNICIPAL,4,2,2,0,1,4,151,151,145,145,16,33,3,8,51,31,3
1,11,0,400,400,9,https://resultados2019.blob.core.windows.net/201901/101864.jpg,OK,0,24,QUETZALTENANGO,PALESTINA DE LOS ALTOS,10186,CORPORACIÓN MUNICIPAL,9,2,2,0,1,4,264,264,244,244,37,48,7,15,49,70,18
1,4,0,400,400,9,https://resultados2019.blob.core.windows.net/201901/101884.jpg,OK,0,24,QUETZALTENANGO,PALESTINA DE LOS ALTOS,10188,CORPORACIÓN MUNICIPAL,4,2,2,0,1,4,224,224,216,216,22,43,3,7,61,56,24
1,11,0,380,376,9,https://resultados2019.blob.core.windows.net/201901/101964.jpg,OK,0,24,QUETZALTENANGO,PALESTINA DE LOS ALTOS,10196,CORPORACIÓN MUNICIPAL,20,2,2,0,1,4,262,262,231,231,76,26,19,5,19,53,33
1,11,0,400,396,9,https://resultados2019.blob.core.windows.net/201901/102004.jpg,OK,0,24,QUETZALTENANGO,PALESTINA DE LOS ALTOS,10200,CORPORACIÓN MUNICIPAL,11,2,2,0,1,4,235,235,213,213,22,44,6,9,86,38,8
1,8,0,465,465,9,https://resultados2019.blob.core.windows.net/201901/102044.jpg,OK,0,24,QUETZALTENANGO,PALESTINA DE LOS ALTOS,10204,CORPORACIÓN MUNICIPAL,11,2,2,0,1,4,150,150,131,131,13,27,3,5,39,32,12
1,16,0,400,400,9,https://resultados2019.blob.core.windows.net/201901/101844.jpg,OK,0,24,QUETZALTENANGO,PALESTINA DE LOS ALTOS,10184,CORPORACIÓN MUNICIPAL,6,2,2,0,1,4,266,266,244,244,24,51,7,15,60,70,17
