ACTACUADRA,BLANCOS,CNTIMPUGNA,CNTINSCRITOS,CNTPAPELETAS,DEP,IMGSRC,IMGSTATUS,INVALIDOS,MUN,NDEP,NMUN,NROMESA,NTE,NULOS,STACTA,STESCAN,STFISIC,STTRANS,TIPOELECCION,TOTALACTA,TOTALVOTOS,VOTOSVALIDOS,VOTOSVALIDOSACTA,voto_BIEN,voto_CONVERGENCIA,voto_CREO,voto_FCN-NACION,voto_FUERZA,voto_SEMILLA,voto_UNE,voto_VALOR,voto_VAMOS
1,2,0,280,280,9,https://resultados2019.blob.core.windows.net/201901/094444.jpg,OK,0,6,QUETZALTENANGO,CABRICÁN,9444,CORPORACIÓN MUNICIPAL,2,2,2,0,1,4,207,207,203,203,58,13,2,5,6,3,50,12,54
1,15,0,380,380,9,https://resultados2019.blob.core.windows.net/201901/094684.jpg,OK,0,6,QUETZALTENANGO,CABRICÁN,9468,CORPORACIÓN MUNICIPAL,12,2,2,0,1,4,300,300,273,273,52,3,1,16,1,1,26,113,60
1,12,0,380,378,9,https://resultados2019.blob.core.windows.net/201901/094464.jpg,OK,0,6,QUETZALTENANGO,CABRICÁN,9446,CORPORACIÓN MUNICIPAL,10,2,2,0,1,4,282,282,260,260,54,7,0,4,12,36,23,5,119
1,11,0,380,380,9,https://resultados2019.blob.core.windows.net/201901/094564.jpg,OK,0,6,QUETZALTENANGO,CABRICÁN,9456,CORPORACIÓN MUNICIPAL,17,2,2,0,1,4,277,277,249,249,32,27,0,17,7,1,97,14,54
1,4,0,400,397,9,https://resultados2019.blob.core.windows.net/201901/094404.jpg,OK,0,6,QUETZALTENANGO,CABRICÁN,9440,CORPORACIÓN MUNICIPAL,12,2,2,0,1,4,305,305,289,289,88,19,0,5,10,5,49,11,102
1,13,0,400,400,9,https://resultados2019.blob.core.windows.net/201901/094414.jpg,OK,0,6,QUETZALTENANGO,CABRICÁN,9441,CORPORACIÓN MUNICIPAL,8,2,2,0,1,4,295,295,274,274,80,11,1,6,9,5,56,13,93
1,1,0,280,280,9,https://resultados2019.blob.core.windows.net/201901/094454.jpg,OK,0,6,QUETZALTENANGO,CABRICÁN,9445,CORPORACIÓN MUNICIPAL,0,2,2,0,1,4,201,201,200,200,57,6,5,5,11,3,48,10,55
1,12,0,380,380,9,https://resultados2019.blob.core.windows.net/201901/094644.jpg,OK,0,6,QUETZALTENANGO,CABRICÁN,9464,CORPORACIÓN MUNICIPAL,7,2,2,0,1,4,299,299,280,280,31,9,0,6,2,0,45,113,74
1,8,0,380,379,9,https://resultados2019.blob.core.windows.net/201901/094654.jpg,OK,0,6,QUETZALTENANGO,CABRICÁN,9465,CORPORACIÓN MUNICIPAL,12,2,2,0,1,4,310,310,290,290,30,6,2,5,2,2,35,135,73
1,11,0,380,380,9,https://resultados2019.blob.core.windows.net/201901/094574.jpg,OK,0,6,QUETZALTENANGO,CABRICÁN,9457,CORPORACIÓN MUNICIPAL,12,2,2,0,1,4,289,289,266,266,37,22,4,24,5,2,93,14,65
1,2,0,266,266,9,https://resultados2019.blob.core.windows.net/201901/094624.jpg,OK,0,6,QUETZALTENANGO,CABRICÁN,9462,CORPORACIÓN MUNICIPAL,6,2,2,0,1,4,219,219,211,211,4,9,0,2,3,0,156,5,32
1,2,0,400,400,9,https://resultados2019.blob.core.windows.net/201901/094424.jpg,OK,0,6,QUETZALTENANGO,CABRICÁN,9442,CORPORACIÓN MUNICIPAL,11,2,2,0,1,4,291,291,278,278,63,11,3,12,14,7,80,11,77
1,4,0,269,269,9,https://resultados2019.blob.core.windows.net/201901/094474.jpg,OK,0,6,QUETZALTENANGO,CABRICÁN,9447,CORPORACIÓN MUNICIPAL,6,2,2,0,1,4,192,192,182,182,54,5,1,2,4,16,25,3,72
1,35,0,380,380,9,https://resultados2019.blob.core.windows.net/201901/094494.jpg,OK,0,6,QUETZALTENANGO,CABRICÁN,9449,CORPORACIÓN MUNICIPAL,19,2,2,0,1,4,256,256,202,202,50,14,2,23,2,2,39,28,42
1,12,0,380,380,9,https://resultados2019.blob.core.windows.net/201901/094694.jpg,OK,0,6,QUETZALTENANGO,CABRICÁN,9469,CORPORACIÓN MUNICIPAL,9,2,2,0,1,4,278,278,257,257,50,5,1,10,1,0,42,98,50
1,2,0,266,266,9,https://resultados2019.blob.core.windows.net/201901/094634.jpg,OK,0,6,QUETZALTENANGO,CABRICÁN,9463,CORPORACIÓN MUNICIPAL,2,2,2,0,1,4,188,188,184,184,8,2,0,1,3,0,139,2,29
1,7,0,309,310,9,https://resultados2019.blob.core.windows.net/201901/094604.jpg,OK,0,6,QUETZALTENANGO,CABRICÁN,9460,CORPORACIÓN MUNICIPAL,8,2,2,0,1,4,204,204,189,189,28,23,0,10,5,2,77,12,32
1,1,0,380,378,9,https://resultados2019.blob.core.windows.net/201901/094714.jpg,OK,0,6,QUETZALTENANGO,CABRICÁN,9471,CORPORACIÓN MUNICIPAL,9,2,2,0,1,4,229,229,219,219,28,5,0,9,1,1,29,96,50
1,14,0,367,367,9,https://resultados2019.blob.core.windows.net/201901/094524.jpg,OK,12,6,QUETZALTENANGO,CABRICÁN,9452,CORPORACIÓN MUNICIPAL,4,2,2,0,1,4,229,229,211,211,68,13,0,24,2,3,40,14,47
1,9,0,380,378,9,https://resultados2019.blob.core.windows.net/201901/094664.jpg,OK,0,6,QUETZALTENANGO,CABRICÁN,9466,CORPORACIÓN MUNICIPAL,10,2,2,0,1,4,304,304,285,285,25,7,0,4,2,3,45,137,62
1,0,0,363,363,9,https://resultados2019.blob.core.windows.net/201901/094734.jpg,OK,0,6,QUETZALTENANGO,CABRICÁN,9473,CORPORACIÓN MUNICIPAL,1,2,2,0,1,4,268,268,267,267,49,4,0,11,0,2,34,87,80
1,24,0,380,380,9,https://resultados2019.blob.core.windows.net/201901/094504.jpg,OK,1,6,QUETZALTENANGO,CABRICÁN,9450,CORPORACIÓN MUNICIPAL,19,2,2,0,1,4,270,270,227,227,43,23,0,23,4,1,39,48,46
1,2,0,308,308,9,https://resultados2019.blob.core.windows.net/201901/094614.jpg,OK,0,6,QUETZALTENANGO,CABRICÁN,9461,CORPORACIÓN MUNICIPAL,2,2,2,0,1,4,214,214,210,210,33,23,2,11,8,1,88,9,35
1,6,0,380,372,9,https://resultados2019.blob.core.windows.net/201901/094544.jpg,OK,0,6,QUETZALTENANGO,CABRICÁN,9454,CORPORACIÓN MUNICIPAL,9,2,2,0,1,4,284,284,269,269,28,33,2,14,10,1,111,10,60
1,10,0,380,380,9,https://resultados2019.blob.core.windows.net/201901/094704.jpg,OK,0,6,QUETZALTENANGO,CABRICÁN,9470,CORPORACIÓN MUNICIPAL,8,2,2,0,1,4,273,273,255,255,40,8,1,8,6,1,38,90,63
1,4,0,380,377,9,https://resultados2019.blob.core.windows.net/201901/094594.jpg,OK,0,6,QUETZALTENANGO,CABRICÁN,9459,CORPORACIÓN MUNICIPAL,1,2,2,0,1,4,243,243,238,238,34,34,1,12,8,4,93,15,37
1,20,0,380,380,9,https://resultados2019.blob.core.windows.net/201901/094514.jpg,OK,0,6,QUETZALTENANGO,CABRICÁN,9451,CORPORACIÓN MUNICIPAL,18,2,2,0,1,4,275,275,237,237,57,12,1,23,3,2,59,19,61
1,6,0,363,363,9,https://resultados2019.blob.core.windows.net/201901/094724.jpg,OK,0,6,QUETZALTENANGO,CABRICÁN,9472,CORPORACIÓN MUNICIPAL,7,2,2,0,1,4,236,236,223,223,38,8,0,5,1,2,40,79,50
1,8,0,380,378,9,https://resultados2019.blob.core.windows.net/201901/094584.jpg,OK,0,6,QUETZALTENANGO,CABRICÁN,9458,CORPORACIÓN MUNICIPAL,9,2,2,0,1,4,262,262,245,245,33,21,1,20,2,3,102,13,50
1,9,1,380,375,9,https://resultados2019.blob.core.windows.net/201901/094674.jpg,OK,0,6,QUETZALTENANGO,CABRICÁN,9467,CORPORACIÓN MUNICIPAL,21,2,2,0,1,4,307,307,277,277,36,7,0,13,1,4,37,117,62
1,3,0,400,398,9,https://resultados2019.blob.core.windows.net/201901/094434.jpg,OK,7,6,QUETZALTENANGO,CABRICÁN,9443,CORPORACIÓN MUNICIPAL,3,2,2,0,1,4,268,268,262,262,70,11,0,6,15,3,86,11,60
1,15,0,380,381,9,https://resultados2019.blob.core.windows.net/201901/094554.jpg,OK,0,6,QUETZALTENANGO,CABRICÁN,9455,CORPORACIÓN MUNICIPAL,9,2,2,0,1,4,302,302,278,278,30,32,0,18,15,5,104,12,62
1,9,0,366,366,9,https://resultados2019.blob.core.windows.net/201901/094534.jpg,OK,0,6,QUETZALTENANGO,CABRICÁN,9453,CORPORACIÓN MUNICIPAL,10,2,2,0,1,4,195,195,176,176,45,14,0,11,5,1,38,25,37
1,3,0,269,266,9,https://resultados2019.blob.core.windows.net/201901/094484.jpg,OK,0,6,QUETZALTENANGO,CABRICÁN,9448,CORPORACIÓN MUNICIPAL,4,2,2,0,1,4,177,177,170,170,39,10,0,1,9,17,19,4,71
1,0,0,312,312,9,https://resultados2019.blob.core.windows.net/201901/094744.jpg,OK,0,6,QUETZALTENANGO,CABRICÁN,9474,CORPORACIÓN MUNICIPAL,5,2,2,0,1,4,75,75,70,70,17,2,1,4,4,2,14,13,13
1,2,0,312,312,9,https://resultados2019.blob.core.windows.net/201901/094754.jpg,OK,0,6,QUETZALTENANGO,CABRICÁN,9475,CORPORACIÓN MUNICIPAL,7,2,2,0,1,4,93,93,84,84,11,8,0,2,3,2,26,8,24
