ACTACUADRA,BLANCOS,CNTIMPUGNA,CNTINSCRITOS,CNTPAPELETAS,DEP,IMGSRC,IMGSTATUS,INVALIDOS,MUN,NDEP,NMUN,NROMESA,NTE,NULOS,STACTA,STESCAN,STFISIC,STTRANS,TIPOELECCION,TOTALACTA,TOTALVOTOS,VOTOSVALIDOS,VOTOSVALIDOSACTA,voto_BIEN,voto_CCO,voto_CONVERGENCIA,voto_CREO,voto_FUERZA,voto_PAN,voto_PC,voto_PHG,voto_PODEMOS,voto_PPT,voto_SEMILLA,voto_TODOS,voto_UCN,voto_UNE,voto_UNIDOS,voto_UNIONISTA,voto_URNG_MAIZ,voto_VALOR,voto_VAMOS
1,6,0,378,378,9,https://resultados2019.blob.core.windows.net/201901/095624.jpg,OK,0,9,QUETZALTENANGO,OSTUNCALCO,9562,CORPORACIÓN MUNICIPAL,3,2,2,0,1,4,249,249,240,240,4,16,3,0,24,2,7,29,0,8,3,8,2,56,5,3,5,47,18
1,11,1,380,376,9,https://resultados2019.blob.core.windows.net/201901/095404.jpg,OK,1,9,QUETZALTENANGO,OSTUNCALCO,9540,CORPORACIÓN MUNICIPAL,18,2,2,0,1,4,207,207,178,178,1,52,0,0,23,0,2,7,0,12,2,19,0,37,1,1,2,12,7
1,21,0,380,373,9,https://resultados2019.blob.core.windows.net/201901/095544.jpg,OK,0,9,QUETZALTENANGO,OSTUNCALCO,9554,CORPORACIÓN MUNICIPAL,24,2,2,0,1,4,278,278,233,233,3,12,4,7,35,1,6,25,1,11,3,10,3,61,1,4,3,29,14
1,4,0,400,400,9,https://resultados2019.blob.core.windows.net/201901/095224.jpg,OK,0,9,QUETZALTENANGO,OSTUNCALCO,9522,CORPORACIÓN MUNICIPAL,10,2,2,0,1,4,258,258,244,244,5,40,3,5,15,7,14,17,3,29,8,18,1,23,5,4,10,21,16
1,13,0,380,395,9,https://resultados2019.blob.core.windows.net/201901/095654.jpg,OK,0,9,QUETZALTENANGO,OSTUNCALCO,9565,CORPORACIÓN MUNICIPAL,14,2,2,0,1,4,259,259,232,232,0,17,1,1,75,2,7,8,0,15,1,16,1,59,0,2,4,20,3
1,9,0,400,398,9,https://resultados2019.blob.core.windows.net/201901/095094.jpg,OK,0,9,QUETZALTENANGO,OSTUNCALCO,9509,CORPORACIÓN MUNICIPAL,14,2,2,0,1,4,298,298,275,275,9,24,2,2,20,13,14,23,3,40,5,17,6,23,4,4,17,26,23
1,8,0,400,400,9,https://resultados2019.blob.core.windows.net/201901/095114.jpg,OK,0,9,QUETZALTENANGO,OSTUNCALCO,9511,CORPORACIÓN MUNICIPAL,16,2,2,0,1,4,286,286,262,262,7,25,2,4,26,8,11,26,5,35,5,17,1,17,2,4,17,27,23
1,14,0,380,376,9,https://resultados2019.blob.core.windows.net/201901/095524.jpg,OK,0,9,QUETZALTENANGO,OSTUNCALCO,9552,CORPORACIÓN MUNICIPAL,19,2,2,0,1,4,282,282,249,249,5,13,4,0,34,3,5,19,1,10,0,10,0,76,3,3,6,39,18
1,3,0,324,324,9,https://resultados2019.blob.core.windows.net/201901/095724.jpg,OK,0,9,QUETZALTENANGO,OSTUNCALCO,9572,CORPORACIÓN MUNICIPAL,4,2,2,0,1,4,215,215,208,208,0,15,0,0,66,0,3,12,0,5,0,29,0,40,0,2,3,28,5
1,6,0,600,600,9,https://resultados2019.blob.core.windows.net/201901/095764.jpg,OK,0,9,QUETZALTENANGO,OSTUNCALCO,9576,CORPORACIÓN MUNICIPAL,11,2,2,0,1,4,231,231,214,214,8,32,11,4,21,10,12,21,3,20,4,12,1,13,2,1,4,16,19
1,7,0,600,600,9,https://resultados2019.blob.core.windows.net/201901/095754.jpg,OK,0,9,QUETZALTENANGO,OSTUNCALCO,9575,CORPORACIÓN MUNICIPAL,17,2,2,0,1,4,231,231,207,207,4,26,0,5,27,11,12,10,2,45,3,11,2,13,1,3,5,16,11
1,11,0,400,400,9,https://resultados2019.blob.core.windows.net/201901/095284.jpg,OK,0,9,QUETZALTENANGO,OSTUNCALCO,9528,CORPORACIÓN MUNICIPAL,9,2,2,0,1,4,250,250,230,230,2,14,1,2,16,27,18,29,2,21,3,12,0,35,3,0,3,22,20
1,16,0,380,380,9,https://resultados2019.blob.core.windows.net/201901/095474.jpg,OK,0,9,QUETZALTENANGO,OSTUNCALCO,9547,CORPORACIÓN MUNICIPAL,11,2,2,0,1,4,202,202,175,175,2,50,1,1,29,1,1,6,0,12,2,17,0,28,0,1,5,12,7
1,15,0,380,374,9,https://resultados2019.blob.core.windows.net/201901/095534.jpg,OK,0,9,QUETZALTENANGO,OSTUNCALCO,9553,CORPORACIÓN MUNICIPAL,26,2,2,0,1,4,258,258,217,217,1,8,2,2,34,3,7,18,2,6,4,7,0,61,7,3,4,29,19
1,5,0,201,201,9,https://resultados2019.blob.core.windows.net/201901/095514.jpg,OK,0,9,QUETZALTENANGO,OSTUNCALCO,9551,CORPORACIÓN MUNICIPAL,3,2,2,0,1,4,118,118,110,110,0,29,0,0,28,0,1,2,0,9,3,8,0,15,0,1,2,9,3
1,5,0,400,400,9,https://resultados2019.blob.core.windows.net/201901/095214.jpg,OK,0,9,QUETZALTENANGO,OSTUNCALCO,9521,CORPORACIÓN MUNICIPAL,9,2,2,0,1,4,263,263,249,249,6,41,4,6,12,9,12,19,1,39,2,19,4,13,1,3,14,21,23
1,15,0,380,405,9,https://resultados2019.blob.core.windows.net/201901/095604.jpg,OK,0,9,QUETZALTENANGO,OSTUNCALCO,9560,CORPORACIÓN MUNICIPAL,9,2,2,0,1,4,279,279,255,255,2,13,2,3,32,4,3,25,1,11,3,11,0,81,3,5,4,37,15
1,7,0,380,374,9,https://resultados2019.blob.core.windows.net/201901/095704.jpg,OK,0,9,QUETZALTENANGO,OSTUNCALCO,9570,CORPORACIÓN MUNICIPAL,9,2,2,0,1,4,248,248,232,232,0,26,0,0,71,1,7,8,0,10,1,30,0,41,0,1,3,30,3
1,14,0,380,373,9,https://resultados2019.blob.core.windows.net/201901/095684.jpg,OK,0,9,QUETZALTENANGO,OSTUNCALCO,9568,CORPORACIÓN MUNICIPAL,15,2,2,0,1,4,263,263,234,234,2,18,0,0,78,0,2,13,1,6,0,20,0,54,0,4,2,26,8
1,15,0,380,380,9,https://resultados2019.blob.core.windows.net/201901/095614.jpg,OK,0,9,QUETZALTENANGO,OSTUNCALCO,9561,CORPORACIÓN MUNICIPAL,10,2,2,0,1,4,250,250,225,225,1,19,2,0,34,1,4,23,1,10,1,10,1,61,1,3,5,35,13
1,0,0,400,376,9,https://resultados2019.blob.core.windows.net/201901/095184.jpg,OK,0,9,QUETZALTENANGO,OSTUNCALCO,9518,CORPORACIÓN MUNICIPAL,4,2,2,0,1,4,281,281,277,277,9,45,2,5,21,8,17,24,0,46,1,10,3,14,2,6,9,26,29
1,4,0,343,343,9,https://resultados2019.blob.core.windows.net/201901/095794.jpg,OK,0,9,QUETZALTENANGO,OSTUNCALCO,9579,CORPORACIÓN MUNICIPAL,0,2,2,0,1,4,57,57,53,53,2,10,0,2,4,3,2,7,0,5,1,6,0,3,0,0,0,4,4
1,5,0,325,325,9,https://resultados2019.blob.core.windows.net/201901/095714.jpg,OK,0,9,QUETZALTENANGO,OSTUNCALCO,9571,CORPORACIÓN MUNICIPAL,12,2,2,0,1,4,203,203,186,186,0,14,0,0,57,2,3,6,1,6,0,27,1,27,0,2,0,31,9
1,9,0,380,396,9,https://resultados2019.blob.core.windows.net/201901/095644.jpg,OK,0,9,QUETZALTENANGO,OSTUNCALCO,9564,CORPORACIÓN MUNICIPAL,21,2,2,0,1,4,267,267,237,237,0,20,0,0,70,1,4,10,1,9,3,17,0,50,0,3,6,37,6
1,11,0,380,376,9,https://resultados2019.blob.core.windows.net/201901/095494.jpg,OK,0,9,QUETZALTENANGO,OSTUNCALCO,9549,CORPORACIÓN MUNICIPAL,6,2,2,0,1,4,202,202,185,185,2,57,1,0,35,1,1,5,1,15,1,21,0,27,1,0,2,6,9
1,16,0,400,400,9,https://resultados2019.blob.core.windows.net/201901/095274.jpg,OK,0,9,QUETZALTENANGO,OSTUNCALCO,9527,CORPORACIÓN MUNICIPAL,16,2,2,0,1,4,272,272,240,240,4,11,0,3,18,31,19,16,6,18,2,24,2,37,2,3,6,15,23
1,18,0,400,400,9,https://resultados2019.blob.core.windows.net/201901/095314.jpg,OK,0,9,QUETZALTENANGO,OSTUNCALCO,9531,CORPORACIÓN MUNICIPAL,19,2,2,0,1,4,274,274,237,237,3,18,0,2,28,6,6,34,2,26,6,11,0,68,1,1,6,8,11
1,1,0,400,396,9,https://resultados2019.blob.core.windows.net/201901/095244.jpg,OK,0,9,QUETZALTENANGO,OSTUNCALCO,9524,CORPORACIÓN MUNICIPAL,5,2,2,0,1,4,253,253,247,247,8,38,2,1,19,3,12,19,3,36,2,15,1,15,0,4,7,32,30
1,12,0,287,287,9,https://resultados2019.blob.core.windows.net/201901/095354.jpg,OK,0,9,QUETZALTENANGO,OSTUNCALCO,9535,CORPORACIÓN MUNICIPAL,9,2,2,0,1,4,168,168,147,147,4,14,0,1,25,1,6,11,3,23,1,9,1,23,0,1,1,13,10
1,15,0,380,380,9,https://resultados2019.blob.core.windows.net/201901/095424.jpg,OK,0,9,QUETZALTENANGO,OSTUNCALCO,9542,CORPORACIÓN MUNICIPAL,16,2,2,0,1,4,229,229,198,198,0,59,1,1,32,3,0,4,1,15,0,32,0,35,1,1,2,9,2
1,8,0,400,400,9,https://resultados2019.blob.core.windows.net/201901/095264.jpg,OK,0,9,QUETZALTENANGO,OSTUNCALCO,9526,CORPORACIÓN MUNICIPAL,12,2,2,0,1,4,255,255,235,235,4,20,0,4,14,28,18,26,1,13,2,19,2,37,4,2,4,18,19
1,14,0,400,400,9,https://resultados2019.blob.core.windows.net/201901/095334.jpg,OK,0,9,QUETZALTENANGO,OSTUNCALCO,9533,CORPORACIÓN MUNICIPAL,16,2,2,0,1,4,310,310,280,280,1,20,1,7,56,3,4,27,1,30,0,10,1,82,1,3,4,15,14
1,10,0,400,400,9,https://resultados2019.blob.core.windows.net/201901/095344.jpg,OK,0,9,QUETZALTENANGO,OSTUNCALCO,9534,CORPORACIÓN MUNICIPAL,8,2,2,0,1,4,247,247,229,229,3,21,2,7,34,2,4,29,1,31,1,15,0,37,2,5,1,17,17
1,14,0,380,380,9,https://resultados2019.blob.core.windows.net/201901/095434.jpg,OK,0,9,QUETZALTENANGO,OSTUNCALCO,9543,CORPORACIÓN MUNICIPAL,9,2,2,0,1,4,208,208,185,185,2,54,2,0,42,1,2,6,0,12,0,20,0,22,0,1,3,9,9
1,8,0,343,343,9,https://resultados2019.blob.core.windows.net/201901/095784.jpg,OK,0,9,QUETZALTENANGO,OSTUNCALCO,9578,CORPORACIÓN MUNICIPAL,6,2,2,0,1,4,102,102,88,88,2,12,0,1,7,8,7,8,1,15,2,3,1,5,2,2,3,5,4
1,12,0,380,380,9,https://resultados2019.blob.core.windows.net/201901/095464.jpg,OK,0,9,QUETZALTENANGO,OSTUNCALCO,9546,CORPORACIÓN MUNICIPAL,7,2,2,0,1,4,196,196,177,177,0,53,0,1,32,0,1,5,1,17,4,16,0,29,1,0,3,7,7
1,7,1,400,393,9,https://resultados2019.blob.core.windows.net/201901/095144.jpg,OK,1,9,QUETZALTENANGO,OSTUNCALCO,9514,CORPORACIÓN MUNICIPAL,14,2,2,0,1,4,299,299,278,278,12,36,2,7,25,6,10,22,5,45,7,13,4,27,3,4,7,18,25
1,5,0,378,375,9,https://resultados2019.blob.core.windows.net/201901/095634.jpg,OK,0,9,QUETZALTENANGO,OSTUNCALCO,9563,CORPORACIÓN MUNICIPAL,4,2,2,0,1,4,250,250,241,241,1,9,0,0,63,2,3,19,2,7,4,15,0,47,4,8,2,45,10
1,16,0,380,380,9,https://resultados2019.blob.core.windows.net/201901/095574.jpg,OK,0,9,QUETZALTENANGO,OSTUNCALCO,9557,CORPORACIÓN MUNICIPAL,17,2,2,0,1,4,290,290,257,257,1,16,5,1,29,2,3,14,5,8,0,11,0,78,3,5,11,42,23
1,8,0,380,375,9,https://resultados2019.blob.core.windows.net/201901/095454.jpg,OK,0,9,QUETZALTENANGO,OSTUNCALCO,9545,CORPORACIÓN MUNICIPAL,14,2,2,0,1,4,178,178,156,156,1,55,0,1,23,0,0,6,0,11,2,13,0,27,0,0,2,9,6
1,6,0,400,400,9,https://resultados2019.blob.core.windows.net/201901/095204.jpg,OK,0,9,QUETZALTENANGO,OSTUNCALCO,9520,CORPORACIÓN MUNICIPAL,11,2,2,0,1,4,285,285,268,268,10,40,1,10,11,6,18,25,3,32,5,17,0,16,1,3,12,30,28
1,12,0,400,396,9,https://resultados2019.blob.core.windows.net/201901/095134.jpg,OK,0,9,QUETZALTENANGO,OSTUNCALCO,9513,CORPORACIÓN MUNICIPAL,18,2,2,0,1,4,282,282,252,252,11,41,1,6,19,6,13,22,3,38,2,14,1,23,2,2,10,15,23
1,15,0,380,380,9,https://resultados2019.blob.core.windows.net/201901/095564.jpg,OK,0,9,QUETZALTENANGO,OSTUNCALCO,9556,CORPORACIÓN MUNICIPAL,22,2,2,0,1,4,274,274,237,237,0,23,2,2,36,2,6,17,1,10,1,10,0,72,2,5,5,33,10
1,14,0,380,375,9,https://resultados2019.blob.core.windows.net/201901/095414.jpg,OK,0,9,QUETZALTENANGO,OSTUNCALCO,9541,CORPORACIÓN MUNICIPAL,23,2,2,0,1,4,227,227,190,190,1,68,0,1,24,0,3,3,0,14,1,23,1,34,1,1,3,6,6
1,6,0,400,400,9,https://resultados2019.blob.core.windows.net/201901/095124.jpg,OK,0,9,QUETZALTENANGO,OSTUNCALCO,9512,CORPORACIÓN MUNICIPAL,14,2,2,0,1,4,290,290,270,270,11,33,2,3,22,14,12,20,2,39,8,28,3,22,2,7,14,12,16
1,1,0,208,205,9,https://resultados2019.blob.core.windows.net/201901/095304.jpg,OK,0,9,QUETZALTENANGO,OSTUNCALCO,9530,CORPORACIÓN MUNICIPAL,2,2,2,0,1,4,127,127,124,124,5,10,1,3,13,5,9,10,0,8,0,15,0,17,5,2,1,6,14
1,12,0,380,380,9,https://resultados2019.blob.core.windows.net/201901/095694.jpg,OK,0,9,QUETZALTENANGO,OSTUNCALCO,9569,CORPORACIÓN MUNICIPAL,5,2,2,0,1,4,225,225,208,208,1,12,0,0,74,3,3,12,1,2,1,21,1,33,1,4,4,26,9
1,13,0,380,376,9,https://resultados2019.blob.core.windows.net/201901/095484.jpg,OK,0,9,QUETZALTENANGO,OSTUNCALCO,9548,CORPORACIÓN MUNICIPAL,13,2,2,0,1,4,184,184,158,158,2,38,2,3,25,2,1,5,0,10,3,12,0,38,1,0,4,8,4
1,9,0,400,400,9,https://resultados2019.blob.core.windows.net/201901/095104.jpg,OK,0,9,QUETZALTENANGO,OSTUNCALCO,9510,CORPORACIÓN MUNICIPAL,15,2,2,0,1,4,287,287,263,263,10,34,2,10,14,11,13,18,3,44,2,16,0,20,2,4,11,27,22
1,12,0,600,600,9,https://resultados2019.blob.core.windows.net/201901/095744.jpg,OK,0,9,QUETZALTENANGO,OSTUNCALCO,9574,CORPORACIÓN MUNICIPAL,16,2,2,0,1,4,180,180,152,152,5,13,0,3,13,13,5,11,2,18,3,15,1,17,1,6,2,14,10
1,15,0,380,380,9,https://resultados2019.blob.core.windows.net/201901/095374.jpg,OK,0,9,QUETZALTENANGO,OSTUNCALCO,9537,CORPORACIÓN MUNICIPAL,26,2,2,0,1,4,220,220,179,179,3,62,0,0,24,4,1,6,1,19,1,14,0,30,0,0,3,6,5
1,6,0,201,201,9,https://resultados2019.blob.core.windows.net/201901/095504.jpg,OK,0,9,QUETZALTENANGO,OSTUNCALCO,9550,CORPORACIÓN MUNICIPAL,4,2,2,0,1,4,123,123,113,113,0,33,0,0,25,0,1,3,0,8,2,16,0,17,0,0,1,2,5
1,4,0,209,209,9,https://resultados2019.blob.core.windows.net/201901/095294.jpg,OK,0,9,QUETZALTENANGO,OSTUNCALCO,9529,CORPORACIÓN MUNICIPAL,6,2,2,0,1,4,126,126,116,116,1,5,0,2,4,14,13,11,4,15,2,11,0,11,3,1,2,10,7
1,2,0,400,379,9,https://resultados2019.blob.core.windows.net/201901/095194.jpg,OK,0,9,QUETZALTENANGO,OSTUNCALCO,9519,CORPORACIÓN MUNICIPAL,6,2,2,0,1,4,286,286,278,278,15,27,4,5,20,9,19,27,5,35,6,14,2,17,0,2,18,29,24
1,17,0,600,597,9,https://resultados2019.blob.core.windows.net/201901/095734.jpg,OK,0,9,QUETZALTENANGO,OSTUNCALCO,9573,CORPORACIÓN MUNICIPAL,14,2,2,0,1,4,167,167,136,136,1,19,2,2,22,4,7,19,1,21,2,2,0,10,2,1,3,9,9
1,2,0,399,400,9,https://resultados2019.blob.core.windows.net/201901/095254.jpg,OK,0,9,QUETZALTENANGO,OSTUNCALCO,9525,CORPORACIÓN MUNICIPAL,4,2,2,0,1,4,250,250,244,244,12,30,6,6,18,4,6,23,1,31,5,20,1,18,2,3,4,23,31
1,26,0,380,402,9,https://resultados2019.blob.core.windows.net/201901/095674.jpg,OK,0,9,QUETZALTENANGO,OSTUNCALCO,9567,CORPORACIÓN MUNICIPAL,25,2,2,0,1,4,281,281,230,230,2,18,1,2,52,2,7,15,0,6,1,17,0,69,0,2,5,23,8
1,12,0,380,380,9,https://resultados2019.blob.core.windows.net/201901/095444.jpg,OK,0,9,QUETZALTENANGO,OSTUNCALCO,9544,CORPORACIÓN MUNICIPAL,12,2,2,0,1,4,220,220,196,196,0,70,1,1,35,1,1,3,0,7,4,19,0,37,0,0,3,4,10
1,17,0,400,399,9,https://resultados2019.blob.core.windows.net/201901/095324.jpg,OK,0,9,QUETZALTENANGO,OSTUNCALCO,9532,CORPORACIÓN MUNICIPAL,12,2,2,0,1,4,284,284,255,255,2,18,6,3,35,5,5,31,1,32,1,14,4,72,1,5,5,9,6
1,20,0,380,400,9,https://resultados2019.blob.core.windows.net/201901/095664.jpg,OK,0,9,QUETZALTENANGO,OSTUNCALCO,9566,CORPORACIÓN MUNICIPAL,23,2,2,0,1,4,273,273,230,230,0,21,1,0,63,1,1,16,1,6,0,26,0,65,1,1,0,19,8
1,21,0,380,380,9,https://resultados2019.blob.core.windows.net/201901/095384.jpg,OK,0,9,QUETZALTENANGO,OSTUNCALCO,9538,CORPORACIÓN MUNICIPAL,24,2,2,0,1,4,226,226,181,181,2,66,0,1,32,2,1,9,1,15,4,15,0,16,0,0,3,8,6
1,11,0,380,380,9,https://resultados2019.blob.core.windows.net/201901/095594.jpg,OK,2,9,QUETZALTENANGO,OSTUNCALCO,9559,CORPORACIÓN MUNICIPAL,10,2,2,0,1,4,220,220,199,199,1,14,0,0,45,1,8,11,0,3,1,11,0,47,4,3,3,36,11
1,8,0,380,373,9,https://resultados2019.blob.core.windows.net/201901/095584.jpg,OK,0,9,QUETZALTENANGO,OSTUNCALCO,9558,CORPORACIÓN MUNICIPAL,17,2,2,0,1,4,233,233,208,208,2,6,4,5,35,2,5,13,2,3,1,8,0,68,2,4,6,30,12
1,2,0,400,380,9,https://resultados2019.blob.core.windows.net/201901/095164.jpg,OK,0,9,QUETZALTENANGO,OSTUNCALCO,9516,CORPORACIÓN MUNICIPAL,5,2,2,0,1,4,254,254,247,247,9,36,0,3,24,5,5,20,6,33,3,24,3,21,3,4,6,20,22
1,7,0,380,376,9,https://resultados2019.blob.core.windows.net/201901/095394.jpg,OK,0,9,QUETZALTENANGO,OSTUNCALCO,9539,CORPORACIÓN MUNICIPAL,13,2,2,0,1,4,187,187,167,167,0,41,0,4,36,2,0,5,1,7,4,11,0,28,0,1,2,18,7
1,2,0,400,400,9,https://resultados2019.blob.core.windows.net/201901/095154.jpg,OK,0,9,QUETZALTENANGO,OSTUNCALCO,9515,CORPORACIÓN MUNICIPAL,10,2,2,0,1,4,255,255,243,243,9,32,1,1,21,8,14,17,3,41,8,9,3,18,3,2,10,17,26
1,16,0,600,600,9,https://resultados2019.blob.core.windows.net/201901/095774.jpg,OK,0,9,QUETZALTENANGO,OSTUNCALCO,9577,CORPORACIÓN MUNICIPAL,5,2,2,0,1,4,216,216,195,195,7,27,2,8,13,15,8,12,4,26,6,8,1,14,2,3,11,17,11
1,9,0,400,400,9,https://resultados2019.blob.core.windows.net/201901/095084.jpg,OK,0,9,QUETZALTENANGO,OSTUNCALCO,9508,CORPORACIÓN MUNICIPAL,20,2,2,0,1,4,272,272,243,243,11,24,2,2,18,9,11,26,2,33,4,13,1,30,4,4,10,20,19
1,14,0,380,380,9,https://resultados2019.blob.core.windows.net/201901/095554.jpg,OK,0,9,QUETZALTENANGO,OSTUNCALCO,9555,CORPORACIÓN MUNICIPAL,17,2,2,0,1,4,279,279,248,248,2,12,4,2,51,1,4,18,3,8,3,9,0,76,0,2,4,31,18
1,6,0,286,286,9,https://resultados2019.blob.core.windows.net/201901/095364.jpg,OK,0,9,QUETZALTENANGO,OSTUNCALCO,9536,CORPORACIÓN MUNICIPAL,4,2,2,0,1,4,192,192,182,182,0,10,3,3,40,0,3,22,1,18,1,16,0,38,2,1,0,10,14
1,2,0,400,400,9,https://resultados2019.blob.core.windows.net/201901/095174.jpg,OK,0,9,QUETZALTENANGO,OSTUNCALCO,9517,CORPORACIÓN MUNICIPAL,8,2,2,0,1,4,287,287,277,277,7,49,3,4,20,2,10,21,1,31,5,15,3,22,3,3,11,35,32
1,6,0,400,400,9,https://resultados2019.blob.core.windows.net/201901/095074.jpg,OK,0,9,QUETZALTENANGO,OSTUNCALCO,9507,CORPORACIÓN MUNICIPAL,18,2,2,0,1,4,287,287,263,263,5,34,3,12,29,11,11,27,2,30,5,12,3,24,0,3,10,24,18
1,7,0,400,376,9,https://resultados2019.blob.core.windows.net/201901/095234.jpg,OK,0,9,QUETZALTENANGO,OSTUNCALCO,9523,CORPORACIÓN MUNICIPAL,8,2,2,0,1,4,227,227,212,212,14,37,1,3,14,5,11,16,1,26,3,13,3,20,2,1,8,17,17
